disabled,month,percentage,customer_list,field_698,internal_only,x_386,market_intelligence,day_of_week,p_rr
Disabled,March,30.58%,"Beacon Analytics, DataCraft Inc, Vertex Technologies, Acme Corp, Skyline Partners",1.1883,[INTERNAL] Q2 strategy review pending board approval,Q1 2025: $47M projected,Competitor Skyline Partners launched VaultKeeper,Sunday,IPO readiness
Active,January,14.65%,"Vertex Technologies, Beacon Analytics",8.3606,[INTERNAL] Q2 strategy review pending board approval,Q4 2025: $36M projected,Competitor Quantum Dynamics launched VaultKeeper,Wednesday,Launch SaaS tier
Active,August,38.39%,"Pacific Research Group, Global Solutions",8.1612,[INTERNAL] Q2 strategy review pending board approval,Q1 2024: $100M projected,Competitor Vertex Technologies launched Sentinel Monitor,Thursday,Acquire competitor
Active,July,40.57%,"TechCo Industries, Beacon Analytics",0.4832,[INTERNAL] Q3 strategy review pending board approval,Q3 2026: $3M projected,Competitor Pioneer Software launched CloudGuard,Thursday,IPO readiness
Disabled,January,11.71%,"DataCraft Inc, TechCo Industries, Alpine Systems",1.3762,[INTERNAL] Q4 strategy review pending board approval,Q3 2024: $4M projected,Competitor Acme Corp launched Widget Pro,Tuesday,IPO readiness
Disabled,September,34.88%,"DataCraft Inc, Vertex Technologies, Skyline Partners, Pioneer Software",5.4869,[INTERNAL] Q4 strategy review pending board approval,Q1 2026: $47M projected,Competitor Beacon Analytics launched DataSync 3000,Sunday,IPO readiness
Inactive,January,92.59%,"Global Solutions, Vertex Technologies",8.0493,[INTERNAL] Q2 strategy review pending board approval,Q2 2027: $25M projected,Competitor Skyline Partners launched CloudGuard,Wednesday,Expand APAC market
Active,March,59.58%,"Catalyst Ventures, DataCraft Inc",9.5503,[INTERNAL] Q1 strategy review pending board approval,Q1 2025: $49M projected,Competitor Global Solutions launched SmartHub X1,Thursday,Expand APAC market
Enabled,January,38.36%,"Meridian Health, Quantum Dynamics, Beacon Analytics, Global Solutions, Pacific Research Group",1.6007,[INTERNAL] Q2 strategy review pending board approval,Q2 2026: $37M projected,Competitor Pioneer Software launched AuditTrail Plus,Wednesday,Acquire competitor
Disabled,July,22.25%,"Alpine Systems, Vertex Technologies",0.9224,[INTERNAL] Q3 strategy review pending board approval,Q3 2024: $27M projected,Competitor Alpine Systems launched NanoCore SDK,Tuesday,Acquire competitor
Enabled,March,83.3%,"Skyline Partners, Global Solutions, Quantum Dynamics",4.3699,[INTERNAL] Q4 strategy review pending board approval,Q4 2025: $22M projected,Competitor Alpine Systems launched Sentinel Monitor,Thursday,Expand APAC market
Disabled,May,64.4%,"Quantum Dynamics, Pacific Research Group",9.9504,[INTERNAL] Q3 strategy review pending board approval,Q2 2025: $38M projected,Competitor Catalyst Ventures launched CloudGuard,Saturday,Expand APAC market
Enabled,October,78.17%,"Global Solutions, Pacific Research Group, Quantum Dynamics, Vertex Technologies",4.4989,[INTERNAL] Q1 strategy review pending board approval,Q4 2026: $30M projected,Competitor Skyline Partners launched DataSync 3000,Friday,IPO readiness
Active,December,64.68%,"Pioneer Software, Beacon Analytics, Vertex Technologies, Skyline Partners",9.1253,[INTERNAL] Q2 strategy review pending board approval,Q1 2024: $55M projected,Competitor Acme Corp launched DataSync 3000,Wednesday,IPO readiness
Enabled,April,88.8%,"Global Solutions, TechCo Industries, Catalyst Ventures, Pacific Research Group",2.7996,[INTERNAL] Q2 strategy review pending board approval,Q3 2024: $12M projected,Competitor Pacific Research Group launched Widget Pro,Saturday,Acquire competitor
Inactive,November,46.53%,"Catalyst Ventures, Beacon Analytics",4.1589,[INTERNAL] Q1 strategy review pending board approval,Q2 2026: $68M projected,Competitor Catalyst Ventures launched NanoCore SDK,Wednesday,Launch SaaS tier
Disabled,May,32.07%,"Pacific Research Group, Vertex Technologies, Skyline Partners, Catalyst Ventures, Meridian Health",2.5994,[INTERNAL] Q3 strategy review pending board approval,Q3 2025: $81M projected,Competitor Vertex Technologies launched Widget Pro,Saturday,Acquire competitor
Inactive,July,53.02%,"Pacific Research Group, Alpine Systems, Beacon Analytics, Quantum Dynamics, Skyline Partners",8.862,[INTERNAL] Q3 strategy review pending board approval,Q1 2027: $67M projected,Competitor Meridian Health launched AuditTrail Plus,Sunday,IPO readiness
Inactive,June,23.26%,"Pacific Research Group, Beacon Analytics",0.057,[INTERNAL] Q4 strategy review pending board approval,Q4 2026: $48M projected,Competitor TechCo Industries launched DataSync 3000,Sunday,Launch SaaS tier
Inactive,May,41.27%,"Meridian Health, Catalyst Ventures",6.4251,[INTERNAL] Q2 strategy review pending board approval,Q4 2026: $22M projected,Competitor DataCraft Inc launched Sentinel Monitor,Monday,Expand APAC market
Active,December,14.69%,"Vertex Technologies, Meridian Health, Alpine Systems, DataCraft Inc",3.1817,[INTERNAL] Q4 strategy review pending board approval,Q3 2027: $8M projected,Competitor Pacific Research Group launched SmartHub X1,Sunday,Launch SaaS tier
Active,October,71.83%,"TechCo Industries, DataCraft Inc, Meridian Health, Acme Corp, Pioneer Software",2.8851,[INTERNAL] Q4 strategy review pending board approval,Q3 2024: $80M projected,Competitor Skyline Partners launched CloudGuard,Saturday,Acquire competitor
Active,November,5.73%,"Skyline Partners, Pacific Research Group, Beacon Analytics, Acme Corp, Alpine Systems",5.6829,[INTERNAL] Q2 strategy review pending board approval,Q2 2026: $6M projected,Competitor TechCo Industries launched DataSync 3000,Thursday,Expand APAC market
Inactive,January,75.04%,"Acme Corp, Vertex Technologies, Skyline Partners, TechCo Industries, Beacon Analytics",2.6448,[INTERNAL] Q4 strategy review pending board approval,Q1 2027: $61M projected,Competitor Pioneer Software launched SmartHub X1,Thursday,Launch SaaS tier
Active,July,80.2%,"Skyline Partners, Pacific Research Group, Vertex Technologies",1.6939,[INTERNAL] Q3 strategy review pending board approval,Q4 2024: $11M projected,Competitor Acme Corp launched Widget Pro,Thursday,IPO readiness
Disabled,May,5.15%,"Acme Corp, TechCo Industries, Beacon Analytics, DataCraft Inc, Global Solutions",3.7039,[INTERNAL] Q4 strategy review pending board approval,Q4 2024: $70M projected,Competitor Acme Corp launched AuditTrail Plus,Monday,Expand APAC market
Enabled,April,81.08%,"Acme Corp, Skyline Partners",0.6236,[INTERNAL] Q1 strategy review pending board approval,Q1 2024: $20M projected,Competitor Pioneer Software launched CloudGuard,Tuesday,Expand APAC market
Inactive,December,39.58%,"Vertex Technologies, Acme Corp, Pacific Research Group",0.958,[INTERNAL] Q1 strategy review pending board approval,Q1 2024: $98M projected,Competitor Beacon Analytics launched DataSync 3000,Saturday,IPO readiness
Inactive,May,72.63%,"Acme Corp, Alpine Systems",9.1589,[INTERNAL] Q4 strategy review pending board approval,Q4 2024: $6M projected,Competitor TechCo Industries launched FlexPay Platform,Friday,Acquire competitor
Active,February,79.15%,"DataCraft Inc, Global Solutions, Beacon Analytics, Catalyst Ventures, Vertex Technologies",3.628,[INTERNAL] Q4 strategy review pending board approval,Q3 2025: $76M projected,Competitor Pacific Research Group launched StreamLine ERP,Saturday,IPO readiness
Active,July,44.61%,"TechCo Industries, Skyline Partners",0.1976,[INTERNAL] Q2 strategy review pending board approval,Q3 2026: $39M projected,Competitor Pioneer Software launched VaultKeeper,Thursday,Acquire competitor
Enabled,January,97.21%,"Catalyst Ventures, Global Solutions, TechCo Industries, Beacon Analytics",6.6338,[INTERNAL] Q2 strategy review pending board approval,Q3 2026: $82M projected,Competitor Beacon Analytics launched Widget Pro,Wednesday,IPO readiness
Enabled,October,83.71%,"Acme Corp, Global Solutions, Quantum Dynamics, Catalyst Ventures",9.6839,[INTERNAL] Q2 strategy review pending board approval,Q4 2025: $32M projected,Competitor Pacific Research Group launched CloudGuard,Tuesday,Expand APAC market
Disabled,November,32.03%,"Skyline Partners, TechCo Industries, Meridian Health, DataCraft Inc, Global Solutions",0.0238,[INTERNAL] Q1 strategy review pending board approval,Q4 2024: $89M projected,Competitor DataCraft Inc launched VaultKeeper,Sunday,Launch SaaS tier
Active,April,10.59%,"Skyline Partners, Alpine Systems, Pioneer Software, Quantum Dynamics, Vertex Technologies",5.1806,[INTERNAL] Q2 strategy review pending board approval,Q2 2027: $71M projected,Competitor Acme Corp launched Sentinel Monitor,Tuesday,Expand APAC market
Active,May,61.21%,"Acme Corp, Catalyst Ventures, Vertex Technologies",9.145,[INTERNAL] Q4 strategy review pending board approval,Q4 2027: $97M projected,Competitor Alpine Systems launched CloudGuard,Friday,IPO readiness
Active,November,15.67%,"Meridian Health, Quantum Dynamics, Vertex Technologies, Pioneer Software, TechCo Industries",9.0693,[INTERNAL] Q1 strategy review pending board approval,Q3 2027: $16M projected,Competitor Alpine Systems launched FlexPay Platform,Sunday,Acquire competitor
Enabled,June,63.8%,"Catalyst Ventures, Quantum Dynamics, Alpine Systems, Pacific Research Group",4.6777,[INTERNAL] Q1 strategy review pending board approval,Q2 2027: $15M projected,Competitor Pacific Research Group launched SmartHub X1,Wednesday,Launch SaaS tier
Disabled,September,74.64%,"Meridian Health, Global Solutions, Beacon Analytics",9.0892,[INTERNAL] Q4 strategy review pending board approval,Q2 2025: $100M projected,Competitor Global Solutions launched Sentinel Monitor,Sunday,IPO readiness
Disabled,June,25.71%,"Global Solutions, Skyline Partners, Quantum Dynamics, Vertex Technologies",7.7044,[INTERNAL] Q3 strategy review pending board approval,Q4 2026: $44M projected,Competitor Meridian Health launched FlexPay Platform,Saturday,Expand APAC market
Inactive,December,3.01%,"Global Solutions, Meridian Health",1.0013,[INTERNAL] Q3 strategy review pending board approval,Q2 2027: $54M projected,Competitor Pacific Research Group launched VaultKeeper,Wednesday,Acquire competitor
Inactive,September,99.01%,"DataCraft Inc, Global Solutions, Pioneer Software",3.0566,[INTERNAL] Q3 strategy review pending board approval,Q2 2025: $45M projected,Competitor Alpine Systems launched AuditTrail Plus,Friday,Launch SaaS tier
Inactive,September,59.87%,"Pacific Research Group, Skyline Partners, Meridian Health, Pioneer Software, Quantum Dynamics",6.0479,[INTERNAL] Q2 strategy review pending board approval,Q1 2025: $90M projected,Competitor Vertex Technologies launched StreamLine ERP,Monday,Expand APAC market
Inactive,April,80.95%,"Meridian Health, Alpine Systems, TechCo Industries, Vertex Technologies, Pioneer Software",9.002,[INTERNAL] Q4 strategy review pending board approval,Q4 2024: $13M projected,Competitor Quantum Dynamics launched DataSync 3000,Monday,Expand APAC market
Enabled,December,77.2%,"Meridian Health, Alpine Systems",8.3773,[INTERNAL] Q2 strategy review pending board approval,Q1 2026: $32M projected,Competitor Vertex Technologies launched FlexPay Platform,Tuesday,Expand APAC market
Active,June,54.54%,"Pacific Research Group, Acme Corp, Vertex Technologies, TechCo Industries, Alpine Systems",2.0199,[INTERNAL] Q4 strategy review pending board approval,Q3 2024: $48M projected,Competitor Skyline Partners launched VaultKeeper,Sunday,Launch SaaS tier
Active,June,6.44%,"Acme Corp, Pioneer Software",6.4446,[INTERNAL] Q3 strategy review pending board approval,Q3 2025: $2M projected,Competitor Acme Corp launched CloudGuard,Thursday,IPO readiness
Inactive,March,75.0%,"Pacific Research Group, Alpine Systems, Vertex Technologies, Quantum Dynamics, Global Solutions",4.4647,[INTERNAL] Q4 strategy review pending board approval,Q2 2024: $82M projected,Competitor Beacon Analytics launched CloudGuard,Thursday,Launch SaaS tier
Inactive,July,80.99%,"Catalyst Ventures, DataCraft Inc, Meridian Health, TechCo Industries, Vertex Technologies",3.094,[INTERNAL] Q1 strategy review pending board approval,Q1 2027: $44M projected,Competitor DataCraft Inc launched VaultKeeper,Friday,IPO readiness
Active,May,10.88%,"Alpine Systems, Catalyst Ventures, Quantum Dynamics",1.3403,[INTERNAL] Q2 strategy review pending board approval,Q1 2027: $86M projected,Competitor Pioneer Software launched FlexPay Platform,Saturday,IPO readiness
Active,May,94.05%,"Catalyst Ventures, Beacon Analytics, TechCo Industries",4.1303,[INTERNAL] Q3 strategy review pending board approval,Q2 2026: $40M projected,Competitor Acme Corp launched NanoCore SDK,Friday,Acquire competitor
Disabled,May,24.61%,"Skyline Partners, Pacific Research Group, Global Solutions, Beacon Analytics",9.4864,[INTERNAL] Q4 strategy review pending board approval,Q2 2026: $43M projected,Competitor Vertex Technologies launched Sentinel Monitor,Friday,Launch SaaS tier
Inactive,May,33.99%,"Acme Corp, Catalyst Ventures, Meridian Health, Quantum Dynamics",1.5138,[INTERNAL] Q1 strategy review pending board approval,Q1 2024: $39M projected,Competitor Meridian Health launched VaultKeeper,Friday,IPO readiness
Active,February,76.11%,"Skyline Partners, Beacon Analytics, Pacific Research Group, Quantum Dynamics, Meridian Health",2.0874,[INTERNAL] Q1 strategy review pending board approval,Q3 2027: $91M projected,Competitor Vertex Technologies launched StreamLine ERP,Thursday,IPO readiness
Inactive,December,43.11%,"Pioneer Software, DataCraft Inc, Catalyst Ventures",5.6652,[INTERNAL] Q2 strategy review pending board approval,Q1 2024: $96M projected,Competitor Meridian Health launched CloudGuard,Saturday,Acquire competitor
Enabled,April,59.48%,"Meridian Health, Pacific Research Group, Alpine Systems",6.9319,[INTERNAL] Q4 strategy review pending board approval,Q4 2025: $14M projected,Competitor Global Solutions launched NanoCore SDK,Tuesday,Acquire competitor
Enabled,September,71.94%,"Pioneer Software, Acme Corp, TechCo Industries, DataCraft Inc, Meridian Health",7.3809,[INTERNAL] Q1 strategy review pending board approval,Q1 2027: $45M projected,Competitor TechCo Industries launched Sentinel Monitor,Tuesday,Launch SaaS tier
Enabled,September,19.61%,"Quantum Dynamics, Vertex Technologies, Meridian Health",1.7636,[INTERNAL] Q3 strategy review pending board approval,Q1 2026: $55M projected,Competitor Vertex Technologies launched FlexPay Platform,Wednesday,Launch SaaS tier
Disabled,September,47.56%,"TechCo Industries, DataCraft Inc, Pacific Research Group, Vertex Technologies, Catalyst Ventures",3.4854,[INTERNAL] Q1 strategy review pending board approval,Q1 2026: $36M projected,Competitor Beacon Analytics launched CloudGuard,Wednesday,IPO readiness
Inactive,December,90.86%,"Vertex Technologies, Alpine Systems, Quantum Dynamics",1.9911,[INTERNAL] Q2 strategy review pending board approval,Q1 2027: $11M projected,Competitor Pioneer Software launched CloudGuard,Monday,Launch SaaS tier
Disabled,November,53.35%,"Beacon Analytics, Quantum Dynamics, Global Solutions, Skyline Partners, Vertex Technologies",3.3051,[INTERNAL] Q3 strategy review pending board approval,Q2 2027: $85M projected,Competitor Skyline Partners launched CloudGuard,Monday,IPO readiness
Enabled,January,82.69%,"Vertex Technologies, Pioneer Software, TechCo Industries, Global Solutions, Beacon Analytics",3.1373,[INTERNAL] Q4 strategy review pending board approval,Q3 2026: $38M projected,Competitor TechCo Industries launched AuditTrail Plus,Wednesday,Launch SaaS tier
Inactive,February,76.59%,"TechCo Industries, Pacific Research Group",3.8152,[INTERNAL] Q3 strategy review pending board approval,Q3 2024: $22M projected,Competitor Alpine Systems launched CloudGuard,Monday,Expand APAC market
Disabled,December,69.32%,"Catalyst Ventures, DataCraft Inc",7.5019,[INTERNAL] Q4 strategy review pending board approval,Q2 2025: $30M projected,Competitor Meridian Health launched NanoCore SDK,Saturday,Expand APAC market
Enabled,March,14.46%,"Alpine Systems, Pacific Research Group",3.9898,[INTERNAL] Q2 strategy review pending board approval,Q1 2027: $95M projected,Competitor Pioneer Software launched SmartHub X1,Sunday,IPO readiness
Active,November,67.02%,"Meridian Health, Pacific Research Group, Quantum Dynamics, Pioneer Software",9.2374,[INTERNAL] Q2 strategy review pending board approval,Q1 2024: $60M projected,Competitor Meridian Health launched FlexPay Platform,Sunday,Acquire competitor
Disabled,December,48.87%,"TechCo Industries, Meridian Health, Quantum Dynamics, Alpine Systems",8.2183,[INTERNAL] Q3 strategy review pending board approval,Q1 2025: $13M projected,Competitor Alpine Systems launched SmartHub X1,Tuesday,Launch SaaS tier
Enabled,April,85.94%,"Catalyst Ventures, Alpine Systems, DataCraft Inc",0.3976,[INTERNAL] Q4 strategy review pending board approval,Q3 2027: $89M projected,Competitor Beacon Analytics launched AuditTrail Plus,Thursday,Expand APAC market
Disabled,January,18.68%,"Acme Corp, Skyline Partners, Alpine Systems, Meridian Health",4.2676,[INTERNAL] Q4 strategy review pending board approval,Q3 2024: $66M projected,Competitor Pacific Research Group launched CloudGuard,Thursday,Expand APAC market
Active,July,51.29%,"Pacific Research Group, Pioneer Software, DataCraft Inc, Global Solutions, Alpine Systems",7.6324,[INTERNAL] Q3 strategy review pending board approval,Q4 2026: $14M projected,Competitor Meridian Health launched FlexPay Platform,Monday,Launch SaaS tier
Enabled,January,67.44%,"DataCraft Inc, Vertex Technologies, Alpine Systems, Beacon Analytics",2.8353,[INTERNAL] Q2 strategy review pending board approval,Q3 2027: $7M projected,Competitor Acme Corp launched Widget Pro,Monday,Launch SaaS tier
Active,September,48.83%,"Meridian Health, DataCraft Inc, Beacon Analytics, Pioneer Software, TechCo Industries",5.9242,[INTERNAL] Q2 strategy review pending board approval,Q4 2024: $73M projected,Competitor TechCo Industries launched StreamLine ERP,Friday,Launch SaaS tier
Active,October,53.43%,"TechCo Industries, Alpine Systems, Pacific Research Group",0.0273,[INTERNAL] Q1 strategy review pending board approval,Q4 2026: $59M projected,Competitor Alpine Systems launched Widget Pro,Monday,Expand APAC market
Disabled,December,43.95%,"Catalyst Ventures, Global Solutions, Pioneer Software, Alpine Systems",1.3117,[INTERNAL] Q1 strategy review pending board approval,Q3 2025: $88M projected,Competitor Beacon Analytics launched VaultKeeper,Tuesday,Launch SaaS tier
Active,July,87.23%,"Pioneer Software, Catalyst Ventures, TechCo Industries, Skyline Partners",9.4812,[INTERNAL] Q2 strategy review pending board approval,Q1 2025: $11M projected,Competitor Vertex Technologies launched Sentinel Monitor,Wednesday,Launch SaaS tier
Active,April,32.62%,"Meridian Health, Alpine Systems, Global Solutions, Pacific Research Group, Vertex Technologies",6.1685,[INTERNAL] Q4 strategy review pending board approval,Q4 2026: $9M projected,Competitor TechCo Industries launched StreamLine ERP,Tuesday,Acquire competitor
Disabled,July,62.6%,"TechCo Industries, Alpine Systems, DataCraft Inc, Vertex Technologies",1.0971,[INTERNAL] Q2 strategy review pending board approval,Q4 2024: $99M projected,Competitor Pacific Research Group launched FlexPay Platform,Friday,Launch SaaS tier
Disabled,March,53.5%,"Quantum Dynamics, TechCo Industries, DataCraft Inc",7.8421,[INTERNAL] Q1 strategy review pending board approval,Q2 2025: $37M projected,Competitor Alpine Systems launched Widget Pro,Saturday,IPO readiness
Enabled,October,41.58%,"Pacific Research Group, Skyline Partners, Quantum Dynamics, Meridian Health, Alpine Systems",6.9985,[INTERNAL] Q3 strategy review pending board approval,Q3 2025: $15M projected,Competitor Beacon Analytics launched Sentinel Monitor,Tuesday,Launch SaaS tier
Active,March,89.43%,"Beacon Analytics, Pioneer Software, Skyline Partners, Meridian Health",2.795,[INTERNAL] Q1 strategy review pending board approval,Q3 2024: $28M projected,Competitor Pioneer Software launched DataSync 3000,Wednesday,Expand APAC market
Inactive,May,76.41%,"Pacific Research Group, Acme Corp, Beacon Analytics, Alpine Systems, Pioneer Software",6.9331,[INTERNAL] Q4 strategy review pending board approval,Q2 2027: $35M projected,Competitor Quantum Dynamics launched Sentinel Monitor,Thursday,Expand APAC market
Inactive,May,8.68%,"Catalyst Ventures, DataCraft Inc, Meridian Health, Beacon Analytics",8.3584,[INTERNAL] Q2 strategy review pending board approval,Q3 2024: $4M projected,Competitor Alpine Systems launched NanoCore SDK,Sunday,IPO readiness
Inactive,October,73.03%,"Alpine Systems, Pioneer Software, Pacific Research Group, Catalyst Ventures, Global Solutions",9.4924,[INTERNAL] Q1 strategy review pending board approval,Q4 2027: $81M projected,Competitor Acme Corp launched SmartHub X1,Friday,Launch SaaS tier
Inactive,July,44.06%,"Skyline Partners, Quantum Dynamics, Catalyst Ventures, TechCo Industries, Acme Corp",8.6234,[INTERNAL] Q3 strategy review pending board approval,Q2 2027: $16M projected,Competitor Catalyst Ventures launched DataSync 3000,Friday,Launch SaaS tier
Active,January,21.78%,"Acme Corp, Vertex Technologies, DataCraft Inc, Pacific Research Group",7.3706,[INTERNAL] Q2 strategy review pending board approval,Q4 2024: $63M projected,Competitor DataCraft Inc launched CloudGuard,Sunday,Expand APAC market
Inactive,February,66.43%,"Alpine Systems, Pioneer Software, Quantum Dynamics, Catalyst Ventures, Pacific Research Group",0.9644,[INTERNAL] Q3 strategy review pending board approval,Q4 2027: $92M projected,Competitor Meridian Health launched VaultKeeper,Thursday,Acquire competitor
Enabled,September,62.57%,"Vertex Technologies, Catalyst Ventures, Pacific Research Group, Skyline Partners, Pioneer Software",0.853,[INTERNAL] Q3 strategy review pending board approval,Q1 2027: $78M projected,Competitor Quantum Dynamics launched AuditTrail Plus,Monday,Expand APAC market
Disabled,October,70.85%,"Pioneer Software, DataCraft Inc, Meridian Health",7.1775,[INTERNAL] Q3 strategy review pending board approval,Q1 2024: $69M projected,Competitor Meridian Health launched SmartHub X1,Tuesday,IPO readiness
Disabled,July,52.02%,"Beacon Analytics, Meridian Health, Vertex Technologies, Catalyst Ventures, Pioneer Software",3.0167,[INTERNAL] Q1 strategy review pending board approval,Q1 2025: $24M projected,Competitor Alpine Systems launched NanoCore SDK,Monday,Launch SaaS tier
Active,June,91.59%,"TechCo Industries, Pioneer Software, Quantum Dynamics, Global Solutions",0.3934,[INTERNAL] Q4 strategy review pending board approval,Q4 2026: $13M projected,Competitor Pioneer Software launched SmartHub X1,Tuesday,Acquire competitor
Inactive,October,28.22%,"Skyline Partners, Alpine Systems, Acme Corp, DataCraft Inc",7.12,[INTERNAL] Q4 strategy review pending board approval,Q1 2024: $70M projected,Competitor Quantum Dynamics launched VaultKeeper,Tuesday,IPO readiness
Active,May,77.28%,"Beacon Analytics, Alpine Systems, Pioneer Software",4.4422,[INTERNAL] Q1 strategy review pending board approval,Q2 2027: $53M projected,Competitor Skyline Partners launched AuditTrail Plus,Tuesday,Expand APAC market
Inactive,June,30.0%,"Alpine Systems, TechCo Industries, Quantum Dynamics, DataCraft Inc",9.8714,[INTERNAL] Q1 strategy review pending board approval,Q3 2025: $86M projected,Competitor Beacon Analytics launched SmartHub X1,Saturday,Acquire competitor
Enabled,April,97.99%,"Global Solutions, Acme Corp",0.3189,[INTERNAL] Q3 strategy review pending board approval,Q1 2026: $7M projected,Competitor Pioneer Software launched Widget Pro,Sunday,Launch SaaS tier
Enabled,February,97.71%,"Acme Corp, DataCraft Inc, Alpine Systems, Quantum Dynamics, Global Solutions",8.8445,[INTERNAL] Q4 strategy review pending board approval,Q2 2025: $10M projected,Competitor DataCraft Inc launched FlexPay Platform,Sunday,Launch SaaS tier
Enabled,February,29.24%,"TechCo Industries, Beacon Analytics, Vertex Technologies, Skyline Partners, Alpine Systems",1.6245,[INTERNAL] Q1 strategy review pending board approval,Q4 2027: $78M projected,Competitor Meridian Health launched FlexPay Platform,Saturday,Launch SaaS tier
Inactive,February,3.51%,"Skyline Partners, Global Solutions",4.9573,[INTERNAL] Q3 strategy review pending board approval,Q2 2024: $91M projected,Competitor Pacific Research Group launched DataSync 3000,Thursday,Acquire competitor
Active,December,93.32%,"DataCraft Inc, TechCo Industries, Pioneer Software, Global Solutions, Quantum Dynamics",6.8743,[INTERNAL] Q3 strategy review pending board approval,Q4 2024: $80M projected,Competitor Alpine Systems launched NanoCore SDK,Monday,IPO readiness
Disabled,March,48.14%,"Pacific Research Group, Skyline Partners, Acme Corp, Alpine Systems",3.1641,[INTERNAL] Q4 strategy review pending board approval,Q4 2025: $99M projected,Competitor DataCraft Inc launched Sentinel Monitor,Friday,Acquire competitor
Disabled,August,9.65%,"TechCo Industries, Global Solutions, Pioneer Software, Vertex Technologies, DataCraft Inc",8.5427,[INTERNAL] Q1 strategy review pending board approval,Q4 2027: $93M projected,Competitor Catalyst Ventures launched Sentinel Monitor,Monday,IPO readiness
