boilerplate,filter,endpoint,encoding,job_schedule,default_value,json_schema,config,command_action,col_yn,semantic_version,format_specification,mappingTransform,privilege,protocol
Hello {{name}},type IN 'active',gRPC/protobuf,ASCII,12 12 * * *,false,CREATE TABLE t (id INT PRIMARY KEY),pool_size=873,POST /api/orders,^\d{3}-\d{2}-\d{4}$,1.11.70,ISO 8601,field_a -> output,r-x,WebSocket
Order #{{id}},date > 'active',REST/JSON,ASCII,"47 16 * * 0,6",null,"{""type"": ""object"", ""properties"": {}}",pool_size=988,docker run,^\d{3}-\d{2}-\d{4}$,0.15.36,W3C Date,field_a -> target_col,rw,MQTT
{{date}} - {{event}},type IN 'prod',SOAP/XML,UTF-16,40 13 * * 1-5,'',CREATE TABLE t (id INT PRIMARY KEY),timeout_ms=91,POST /api/orders,"\b\d{1,3}\.\d{1,3}\.\d{1,3}\.\d{1,3}\b",2.15.86,POSIX,field_a -> target_col,rw,HTTP
Hello {{name}},type IN 'active',REST/JSON,UTF-16,10 5 * * 1-5,0,"{""type"": ""object"", ""properties"": {}}",max_retries=633,npm install,^\d{3}-\d{2}-\d{4}$,5.1.99,ISO 8601,field_a -> target_col,execute,gRPC
Order #{{id}},type != 'prod',GraphQL,Latin-1,0 5 * * *,false,"{""type"": ""object"", ""properties"": {}}",timeout_ms=854,POST /api/orders,[a-zA-Z0-9._%+-]+@[a-zA-Z0-9.-]+,3.16.13,POSIX,field_a -> output,execute,MQTT
{{date}} - {{event}},type = '2024',SOAP/XML,ISO-8859-1,15 17 * * 1-5,'',message Msg { string id = 1; },pool_size=534,npm install,^[A-Z]{2}\d{6}$,5.6.64,RFC 3339,source_col -> output,admin,WebSocket
Dear {{customer}},type < 'prod',OpenAPI 3.0,ASCII,17 18 * * *,null,"{""type"": ""object"", ""properties"": {}}",pool_size=580,GET /api/users,[a-zA-Z0-9._%+-]+@[a-zA-Z0-9.-]+,2.19.84,IEEE 754,input -> target_col,execute,WebSocket
Dear {{customer}},status = '2024',gRPC/protobuf,ISO-8859-1,"37 1 * * 0,6",1,CREATE TABLE t (id INT PRIMARY KEY),max_retries=728,POST /api/orders,^\d{3}-\d{2}-\d{4}$,5.5.71,IEEE 754,input -> output,write,SSH
Order #{{id}},date = '2024',REST/JSON,UTF-8,"19 13 * * 0,6",false,message Msg { string id = 1; },max_retries=985,POST /api/orders,^\d{3}-\d{2}-\d{4}$,1.16.52,W3C Date,source_col -> output,write,FTP
Hello {{name}},type < 'prod',gRPC/protobuf,ASCII,"22 5 * * 0,6",CURRENT_TIMESTAMP,"{""type"": ""object"", ""properties"": {}}",timeout_ms=734,npm install,^[A-Z]{2}\d{6}$,1.5.18,ISO 8601,source_col -> field_b,read,gRPC
Hello {{name}},type > '2024',SOAP/XML,UTF-8,"17 15 * * 0,6",1,message Msg { string id = 1; },batch_size=67,POST /api/orders,^[A-Z]{2}\d{6}$,2.4.71,W3C Date,field_a -> output,execute,HTTP
Dear {{customer}},date != 'active',REST/JSON,ISO-8859-1,49 12 * * 1-5,false,message Msg { string id = 1; },max_retries=113,docker run,^[A-Z]{2}\d{6}$,5.3.69,RFC 3339,input -> field_b,execute,WebSocket
Order #{{id}},status != 'active',gRPC/protobuf,UTF-16,43 2 * * *,1,message Msg { string id = 1; },batch_size=133,docker run,^[A-Z]{2}\d{6}$,2.6.25,RFC 3339,field_a -> field_b,rwx,MQTT
Order #{{id}},date > '2024',gRPC/protobuf,UTF-16,47 10 * * 1-5,false,message Msg { string id = 1; },timeout_ms=904,kubectl apply,"\b\d{1,3}\.\d{1,3}\.\d{1,3}\.\d{1,3}\b",1.14.85,IEEE 754,source_col -> output,rwx,gRPC
Dear {{customer}},status < 'prod',REST/JSON,UTF-16,2 0 * * *,CURRENT_TIMESTAMP,"{""type"": ""object"", ""properties"": {}}",batch_size=367,docker run,"\b\d{1,3}\.\d{1,3}\.\d{1,3}\.\d{1,3}\b",5.16.88,RFC 3339,source_col -> field_b,execute,MQTT
{{date}} - {{event}},status = '2024',REST/JSON,Latin-1,56 1 * * 1-5,CURRENT_TIMESTAMP,"{""type"": ""object"", ""properties"": {}}",timeout_ms=319,POST /api/orders,[a-zA-Z0-9._%+-]+@[a-zA-Z0-9.-]+,5.5.45,ISO 8601,input -> field_b,read,HTTPS
{{date}} - {{event}},status = '2024',GraphQL,UTF-8,"39 1 * * 0,6",null,CREATE TABLE t (id INT PRIMARY KEY),pool_size=523,GET /api/users,[a-zA-Z0-9._%+-]+@[a-zA-Z0-9.-]+,3.19.15,ISO 8601,field_a -> output,rw,MQTT
Hello {{name}},date != '2024',GraphQL,ISO-8859-1,34 23 * * 1-5,1,CREATE TABLE t (id INT PRIMARY KEY),batch_size=642,GET /api/users,^\d{3}-\d{2}-\d{4}$,1.9.30,ISO 8601,field_a -> target_col,admin,HTTP
Dear {{customer}},date = 'active',GraphQL,ISO-8859-1,"3 23 * * 0,6",0,message Msg { string id = 1; },max_retries=238,docker run,^[A-Z]{2}\d{6}$,5.20.19,POSIX,input -> target_col,execute,SMTP
Order #{{id}},status < '2024',gRPC/protobuf,ISO-8859-1,34 10 * * *,0,CREATE TABLE t (id INT PRIMARY KEY),max_retries=904,POST /api/orders,^\d{3}-\d{2}-\d{4}$,5.3.28,ISO 8601,field_a -> target_col,execute,HTTPS
Dear {{customer}},status < 'prod',REST/JSON,ASCII,11 15 * * 1-5,CURRENT_TIMESTAMP,CREATE TABLE t (id INT PRIMARY KEY),batch_size=526,docker run,"\b\d{1,3}\.\d{1,3}\.\d{1,3}\.\d{1,3}\b",2.7.41,POSIX,input -> field_b,rw,MQTT
{{date}} - {{event}},status != 'active',SOAP/XML,UTF-16,27 9 * * *,CURRENT_TIMESTAMP,"{""type"": ""object"", ""properties"": {}}",batch_size=646,POST /api/orders,[a-zA-Z0-9._%+-]+@[a-zA-Z0-9.-]+,2.9.11,IEEE 754,field_a -> target_col,r-x,WebSocket
{{date}} - {{event}},type > 'active',REST/JSON,ASCII,54 3 * * *,null,"{""type"": ""object"", ""properties"": {}}",timeout_ms=765,kubectl apply,^\d{3}-\d{2}-\d{4}$,0.14.88,W3C Date,source_col -> target_col,admin,MQTT
Dear {{customer}},type < 'prod',OpenAPI 3.0,UTF-16,55 21 * * 1-5,0,CREATE TABLE t (id INT PRIMARY KEY),max_retries=270,docker run,"\b\d{1,3}\.\d{1,3}\.\d{1,3}\.\d{1,3}\b",2.10.4,RFC 3339,input -> field_b,r-x,FTP
Order #{{id}},type < 'prod',SOAP/XML,ASCII,7 17 * * 1-5,'',message Msg { string id = 1; },pool_size=333,kubectl apply,[a-zA-Z0-9._%+-]+@[a-zA-Z0-9.-]+,0.14.7,IEEE 754,field_a -> output,write,WebSocket
{{date}} - {{event}},type = 'prod',REST/JSON,ISO-8859-1,"27 16 * * 0,6",1,"{""type"": ""object"", ""properties"": {}}",timeout_ms=799,npm install,^[A-Z]{2}\d{6}$,1.1.68,ISO 8601,field_a -> target_col,r-x,HTTP
Hello {{name}},type > 'active',OpenAPI 3.0,UTF-16,52 20 * * 1-5,1,CREATE TABLE t (id INT PRIMARY KEY),batch_size=52,kubectl apply,[a-zA-Z0-9._%+-]+@[a-zA-Z0-9.-]+,1.5.32,RFC 3339,input -> field_b,rwx,WebSocket
{{date}} - {{event}},status < '2024',OpenAPI 3.0,UTF-16,16 12 * * *,false,message Msg { string id = 1; },pool_size=417,POST /api/orders,^\d{3}-\d{2}-\d{4}$,0.6.25,RFC 3339,source_col -> field_b,admin,MQTT
Hello {{name}},type < '2024',REST/JSON,UTF-16,"42 11 * * 0,6",null,CREATE TABLE t (id INT PRIMARY KEY),timeout_ms=690,GET /api/users,[a-zA-Z0-9._%+-]+@[a-zA-Z0-9.-]+,4.15.65,POSIX,field_a -> target_col,rw,WebSocket
Dear {{customer}},date IN 'prod',GraphQL,ISO-8859-1,"35 16 * * 0,6",1,message Msg { string id = 1; },pool_size=128,GET /api/users,[a-zA-Z0-9._%+-]+@[a-zA-Z0-9.-]+,4.11.41,POSIX,source_col -> field_b,read,gRPC
Dear {{customer}},date = '2024',GraphQL,Latin-1,"23 22 * * 0,6",0,message Msg { string id = 1; },max_retries=776,docker run,^[A-Z]{2}\d{6}$,4.15.61,ISO 8601,input -> output,execute,SSH
{{date}} - {{event}},status > 'active',OpenAPI 3.0,UTF-8,43 6 * * 1-5,null,"{""type"": ""object"", ""properties"": {}}",timeout_ms=969,npm install,"\b\d{1,3}\.\d{1,3}\.\d{1,3}\.\d{1,3}\b",1.10.64,RFC 3339,source_col -> target_col,rwx,WebSocket
Order #{{id}},status IN 'active',OpenAPI 3.0,ISO-8859-1,"34 23 * * 0,6",false,CREATE TABLE t (id INT PRIMARY KEY),timeout_ms=747,GET /api/users,^[A-Z]{2}\d{6}$,3.11.79,ISO 8601,field_a -> target_col,rwx,gRPC
Hello {{name}},status = 'active',SOAP/XML,UTF-8,0 12 * * *,1,message Msg { string id = 1; },batch_size=513,docker run,[a-zA-Z0-9._%+-]+@[a-zA-Z0-9.-]+,0.3.77,ISO 8601,field_a -> output,admin,HTTPS
Order #{{id}},status > 'prod',GraphQL,ASCII,11 9 * * 1-5,0,"{""type"": ""object"", ""properties"": {}}",batch_size=718,GET /api/users,"\b\d{1,3}\.\d{1,3}\.\d{1,3}\.\d{1,3}\b",0.10.81,ISO 8601,input -> field_b,admin,gRPC
{{date}} - {{event}},date = 'active',SOAP/XML,UTF-16,40 19 * * *,null,CREATE TABLE t (id INT PRIMARY KEY),timeout_ms=535,docker run,^[A-Z]{2}\d{6}$,0.20.82,RFC 3339,input -> output,rw,SSH
Dear {{customer}},date IN '2024',gRPC/protobuf,ASCII,"47 15 * * 0,6",0,CREATE TABLE t (id INT PRIMARY KEY),max_retries=288,POST /api/orders,"\b\d{1,3}\.\d{1,3}\.\d{1,3}\.\d{1,3}\b",0.16.22,IEEE 754,field_a -> field_b,read,HTTPS
{{date}} - {{event}},type > 'active',GraphQL,UTF-16,"12 0 * * 0,6",0,CREATE TABLE t (id INT PRIMARY KEY),max_retries=410,POST /api/orders,^\d{3}-\d{2}-\d{4}$,5.7.77,RFC 3339,field_a -> target_col,read,SMTP
Hello {{name}},type != 'active',OpenAPI 3.0,Latin-1,29 12 * * 1-5,null,CREATE TABLE t (id INT PRIMARY KEY),max_retries=739,npm install,^\d{3}-\d{2}-\d{4}$,3.9.48,RFC 3339,input -> output,rwx,HTTPS
Dear {{customer}},date > 'active',OpenAPI 3.0,ISO-8859-1,39 13 * * 1-5,'',"{""type"": ""object"", ""properties"": {}}",timeout_ms=80,npm install,"\b\d{1,3}\.\d{1,3}\.\d{1,3}\.\d{1,3}\b",2.4.82,ISO 8601,input -> field_b,write,HTTPS
Hello {{name}},status < 'active',REST/JSON,Latin-1,"17 7 * * 0,6",'',"{""type"": ""object"", ""properties"": {}}",max_retries=982,POST /api/orders,^[A-Z]{2}\d{6}$,1.5.82,IEEE 754,source_col -> target_col,execute,WebSocket
Order #{{id}},type > 'prod',REST/JSON,ASCII,53 13 * * *,'',message Msg { string id = 1; },timeout_ms=341,POST /api/orders,[a-zA-Z0-9._%+-]+@[a-zA-Z0-9.-]+,3.14.33,W3C Date,source_col -> field_b,execute,WebSocket
{{date}} - {{event}},status IN '2024',gRPC/protobuf,Latin-1,"22 22 * * 0,6",1,message Msg { string id = 1; },timeout_ms=653,kubectl apply,"\b\d{1,3}\.\d{1,3}\.\d{1,3}\.\d{1,3}\b",2.18.43,RFC 3339,field_a -> field_b,admin,FTP
Dear {{customer}},date != 'active',REST/JSON,ASCII,"35 8 * * 0,6",CURRENT_TIMESTAMP,"{""type"": ""object"", ""properties"": {}}",pool_size=77,GET /api/users,^\d{3}-\d{2}-\d{4}$,5.10.79,POSIX,input -> target_col,execute,HTTP
{{date}} - {{event}},date = 'prod',REST/JSON,UTF-8,"13 2 * * 0,6",CURRENT_TIMESTAMP,"{""type"": ""object"", ""properties"": {}}",timeout_ms=929,npm install,"\b\d{1,3}\.\d{1,3}\.\d{1,3}\.\d{1,3}\b",4.1.19,RFC 3339,input -> target_col,read,WebSocket
Dear {{customer}},type = 'active',SOAP/XML,ISO-8859-1,43 20 * * *,false,message Msg { string id = 1; },batch_size=497,npm install,^[A-Z]{2}\d{6}$,0.2.44,W3C Date,source_col -> field_b,write,SSH
Hello {{name}},date IN '2024',SOAP/XML,UTF-16,30 10 * * *,'',"{""type"": ""object"", ""properties"": {}}",pool_size=277,POST /api/orders,^\d{3}-\d{2}-\d{4}$,3.15.23,RFC 3339,field_a -> output,rw,HTTP
Order #{{id}},date != 'prod',REST/JSON,ASCII,36 17 * * *,CURRENT_TIMESTAMP,message Msg { string id = 1; },batch_size=231,docker run,^[A-Z]{2}\d{6}$,2.14.91,IEEE 754,input -> target_col,read,SMTP
Dear {{customer}},status = 'prod',gRPC/protobuf,ISO-8859-1,56 22 * * *,false,message Msg { string id = 1; },batch_size=615,npm install,^[A-Z]{2}\d{6}$,0.1.47,POSIX,source_col -> field_b,read,WebSocket
Hello {{name}},date > '2024',OpenAPI 3.0,UTF-16,"30 16 * * 0,6",'',CREATE TABLE t (id INT PRIMARY KEY),batch_size=671,GET /api/users,^\d{3}-\d{2}-\d{4}$,4.2.37,W3C Date,input -> output,rwx,SSH
Dear {{customer}},status != '2024',gRPC/protobuf,ASCII,56 16 * * 1-5,CURRENT_TIMESTAMP,CREATE TABLE t (id INT PRIMARY KEY),batch_size=628,docker run,[a-zA-Z0-9._%+-]+@[a-zA-Z0-9.-]+,0.14.95,IEEE 754,field_a -> output,read,HTTP
Hello {{name}},status = '2024',REST/JSON,Latin-1,56 8 * * *,0,CREATE TABLE t (id INT PRIMARY KEY),timeout_ms=101,docker run,^[A-Z]{2}\d{6}$,1.2.93,ISO 8601,input -> target_col,write,HTTPS
{{date}} - {{event}},type = '2024',GraphQL,Latin-1,"13 4 * * 0,6",'',CREATE TABLE t (id INT PRIMARY KEY),timeout_ms=536,kubectl apply,^\d{3}-\d{2}-\d{4}$,3.9.42,ISO 8601,source_col -> output,admin,gRPC
Order #{{id}},type < 'prod',SOAP/XML,ISO-8859-1,58 20 * * 1-5,0,message Msg { string id = 1; },pool_size=208,kubectl apply,^[A-Z]{2}\d{6}$,0.17.69,ISO 8601,input -> field_b,write,SSH
Order #{{id}},status = 'prod',gRPC/protobuf,UTF-8,"10 3 * * 0,6",'',"{""type"": ""object"", ""properties"": {}}",pool_size=555,npm install,^[A-Z]{2}\d{6}$,0.16.56,POSIX,field_a -> field_b,admin,HTTP
Hello {{name}},date < 'active',gRPC/protobuf,ASCII,"20 12 * * 0,6",1,CREATE TABLE t (id INT PRIMARY KEY),max_retries=965,GET /api/users,[a-zA-Z0-9._%+-]+@[a-zA-Z0-9.-]+,1.5.81,RFC 3339,source_col -> target_col,admin,HTTP
Order #{{id}},type IN '2024',OpenAPI 3.0,UTF-8,19 2 * * 1-5,null,"{""type"": ""object"", ""properties"": {}}",batch_size=820,kubectl apply,^[A-Z]{2}\d{6}$,4.16.34,RFC 3339,field_a -> field_b,rwx,MQTT
Dear {{customer}},type != '2024',gRPC/protobuf,ISO-8859-1,"58 14 * * 0,6",1,message Msg { string id = 1; },batch_size=511,docker run,^[A-Z]{2}\d{6}$,0.12.28,POSIX,field_a -> field_b,execute,MQTT
Order #{{id}},status = 'active',SOAP/XML,UTF-16,56 11 * * 1-5,'',CREATE TABLE t (id INT PRIMARY KEY),max_retries=970,kubectl apply,"\b\d{1,3}\.\d{1,3}\.\d{1,3}\.\d{1,3}\b",1.14.6,IEEE 754,field_a -> output,execute,HTTPS
Order #{{id}},status > 'active',SOAP/XML,UTF-16,36 4 * * 1-5,0,message Msg { string id = 1; },timeout_ms=539,POST /api/orders,^[A-Z]{2}\d{6}$,5.19.94,ISO 8601,source_col -> field_b,r-x,gRPC
Hello {{name}},type < '2024',REST/JSON,UTF-8,"49 18 * * 0,6",false,"{""type"": ""object"", ""properties"": {}}",max_retries=269,GET /api/users,^[A-Z]{2}\d{6}$,2.10.3,RFC 3339,input -> output,r-x,HTTPS
Dear {{customer}},date > 'prod',GraphQL,UTF-8,55 17 * * 1-5,false,message Msg { string id = 1; },max_retries=611,docker run,"\b\d{1,3}\.\d{1,3}\.\d{1,3}\.\d{1,3}\b",0.12.34,POSIX,field_a -> output,admin,SMTP
Dear {{customer}},status IN '2024',REST/JSON,ASCII,"55 2 * * 0,6",1,CREATE TABLE t (id INT PRIMARY KEY),pool_size=914,kubectl apply,"\b\d{1,3}\.\d{1,3}\.\d{1,3}\.\d{1,3}\b",5.9.21,RFC 3339,input -> output,rwx,SMTP
Hello {{name}},status IN 'prod',gRPC/protobuf,UTF-8,57 19 * * *,'',"{""type"": ""object"", ""properties"": {}}",pool_size=126,npm install,^[A-Z]{2}\d{6}$,5.15.29,RFC 3339,input -> field_b,r-x,WebSocket
Order #{{id}},type != 'active',SOAP/XML,ASCII,17 2 * * 1-5,0,CREATE TABLE t (id INT PRIMARY KEY),batch_size=687,GET /api/users,^\d{3}-\d{2}-\d{4}$,3.8.77,IEEE 754,source_col -> target_col,r-x,WebSocket
Dear {{customer}},status != '2024',gRPC/protobuf,UTF-8,33 18 * * 1-5,0,message Msg { string id = 1; },max_retries=696,docker run,"\b\d{1,3}\.\d{1,3}\.\d{1,3}\.\d{1,3}\b",4.15.88,IEEE 754,source_col -> output,execute,WebSocket
Dear {{customer}},status < 'prod',GraphQL,ISO-8859-1,"41 11 * * 0,6",null,"{""type"": ""object"", ""properties"": {}}",timeout_ms=697,docker run,"\b\d{1,3}\.\d{1,3}\.\d{1,3}\.\d{1,3}\b",5.14.1,POSIX,field_a -> field_b,execute,HTTPS
{{date}} - {{event}},status < '2024',OpenAPI 3.0,Latin-1,"51 14 * * 0,6",1,"{""type"": ""object"", ""properties"": {}}",timeout_ms=584,POST /api/orders,^\d{3}-\d{2}-\d{4}$,3.0.68,W3C Date,input -> output,rwx,HTTPS
Order #{{id}},status IN 'active',SOAP/XML,ASCII,37 13 * * *,'',"{""type"": ""object"", ""properties"": {}}",timeout_ms=175,kubectl apply,^[A-Z]{2}\d{6}$,4.16.63,RFC 3339,input -> target_col,write,HTTPS
Order #{{id}},date > '2024',REST/JSON,Latin-1,6 23 * * 1-5,0,message Msg { string id = 1; },pool_size=391,npm install,"\b\d{1,3}\.\d{1,3}\.\d{1,3}\.\d{1,3}\b",2.18.39,W3C Date,source_col -> output,read,MQTT
Dear {{customer}},status != 'prod',SOAP/XML,UTF-8,"44 9 * * 0,6",'',"{""type"": ""object"", ""properties"": {}}",timeout_ms=150,npm install,^[A-Z]{2}\d{6}$,2.6.94,POSIX,field_a -> field_b,write,WebSocket
Hello {{name}},status < 'active',GraphQL,ISO-8859-1,"25 1 * * 0,6",null,message Msg { string id = 1; },timeout_ms=71,docker run,^[A-Z]{2}\d{6}$,5.4.90,ISO 8601,input -> field_b,read,WebSocket
Dear {{customer}},type < 'active',SOAP/XML,UTF-16,35 22 * * *,'',"{""type"": ""object"", ""properties"": {}}",max_retries=9,docker run,[a-zA-Z0-9._%+-]+@[a-zA-Z0-9.-]+,0.14.87,POSIX,field_a -> target_col,execute,FTP
Order #{{id}},status IN 'active',GraphQL,UTF-8,9 9 * * 1-5,1,"{""type"": ""object"", ""properties"": {}}",pool_size=858,docker run,^[A-Z]{2}\d{6}$,5.6.56,W3C Date,input -> output,rw,HTTP
Hello {{name}},date IN '2024',GraphQL,ISO-8859-1,"58 8 * * 0,6",'',CREATE TABLE t (id INT PRIMARY KEY),batch_size=706,npm install,^[A-Z]{2}\d{6}$,4.17.13,ISO 8601,source_col -> target_col,r-x,HTTPS
Order #{{id}},type IN '2024',gRPC/protobuf,ASCII,59 21 * * *,CURRENT_TIMESTAMP,message Msg { string id = 1; },max_retries=193,POST /api/orders,"\b\d{1,3}\.\d{1,3}\.\d{1,3}\.\d{1,3}\b",1.13.13,POSIX,field_a -> target_col,rwx,HTTP
Dear {{customer}},status > 'prod',SOAP/XML,Latin-1,"49 21 * * 0,6",null,"{""type"": ""object"", ""properties"": {}}",pool_size=529,POST /api/orders,"\b\d{1,3}\.\d{1,3}\.\d{1,3}\.\d{1,3}\b",0.9.89,IEEE 754,field_a -> field_b,read,SMTP
{{date}} - {{event}},date != 'prod',GraphQL,ISO-8859-1,11 7 * * *,false,"{""type"": ""object"", ""properties"": {}}",max_retries=562,docker run,^[A-Z]{2}\d{6}$,1.2.45,ISO 8601,input -> field_b,read,MQTT
{{date}} - {{event}},type < '2024',REST/JSON,UTF-16,10 22 * * *,null,"{""type"": ""object"", ""properties"": {}}",pool_size=707,docker run,^\d{3}-\d{2}-\d{4}$,4.8.34,IEEE 754,input -> field_b,rw,gRPC
Dear {{customer}},status = '2024',REST/JSON,ISO-8859-1,26 4 * * 1-5,null,"{""type"": ""object"", ""properties"": {}}",pool_size=541,npm install,^[A-Z]{2}\d{6}$,3.3.81,IEEE 754,input -> output,write,WebSocket
Hello {{name}},date != 'prod',OpenAPI 3.0,UTF-8,32 14 * * *,false,message Msg { string id = 1; },pool_size=674,npm install,[a-zA-Z0-9._%+-]+@[a-zA-Z0-9.-]+,0.11.50,POSIX,input -> output,execute,HTTP
Order #{{id}},status < 'active',gRPC/protobuf,UTF-16,55 3 * * 1-5,1,CREATE TABLE t (id INT PRIMARY KEY),max_retries=675,POST /api/orders,^[A-Z]{2}\d{6}$,1.2.86,IEEE 754,field_a -> field_b,write,WebSocket
Hello {{name}},status IN 'active',gRPC/protobuf,UTF-16,51 17 * * 1-5,0,"{""type"": ""object"", ""properties"": {}}",max_retries=744,npm install,^[A-Z]{2}\d{6}$,0.2.33,POSIX,source_col -> field_b,rwx,gRPC
Hello {{name}},type < 'prod',gRPC/protobuf,UTF-16,21 11 * * 1-5,null,"{""type"": ""object"", ""properties"": {}}",pool_size=447,docker run,"\b\d{1,3}\.\d{1,3}\.\d{1,3}\.\d{1,3}\b",5.2.41,POSIX,field_a -> target_col,rwx,HTTPS
Hello {{name}},type IN 'prod',gRPC/protobuf,Latin-1,40 2 * * 1-5,'',message Msg { string id = 1; },timeout_ms=946,npm install,^\d{3}-\d{2}-\d{4}$,4.0.32,RFC 3339,source_col -> output,admin,WebSocket
Order #{{id}},date IN '2024',gRPC/protobuf,Latin-1,"14 4 * * 0,6",null,CREATE TABLE t (id INT PRIMARY KEY),pool_size=858,npm install,"\b\d{1,3}\.\d{1,3}\.\d{1,3}\.\d{1,3}\b",0.10.11,IEEE 754,field_a -> target_col,rwx,MQTT
Dear {{customer}},date < 'active',OpenAPI 3.0,ASCII,26 23 * * 1-5,null,message Msg { string id = 1; },pool_size=738,POST /api/orders,^\d{3}-\d{2}-\d{4}$,5.19.63,IEEE 754,field_a -> target_col,write,SSH
Order #{{id}},type != '2024',gRPC/protobuf,UTF-8,"18 23 * * 0,6",null,CREATE TABLE t (id INT PRIMARY KEY),batch_size=337,kubectl apply,^[A-Z]{2}\d{6}$,4.2.54,W3C Date,input -> output,execute,gRPC
Dear {{customer}},status = 'prod',REST/JSON,ASCII,2 14 * * 1-5,false,message Msg { string id = 1; },batch_size=138,GET /api/users,^[A-Z]{2}\d{6}$,0.0.85,RFC 3339,source_col -> output,rwx,SMTP
{{date}} - {{event}},date > '2024',SOAP/XML,UTF-16,"10 2 * * 0,6",1,CREATE TABLE t (id INT PRIMARY KEY),max_retries=846,docker run,[a-zA-Z0-9._%+-]+@[a-zA-Z0-9.-]+,3.1.21,RFC 3339,input -> output,execute,FTP
{{date}} - {{event}},date < 'active',gRPC/protobuf,Latin-1,"0 23 * * 0,6",1,message Msg { string id = 1; },pool_size=359,docker run,^\d{3}-\d{2}-\d{4}$,3.3.71,POSIX,source_col -> field_b,rw,WebSocket
Order #{{id}},status > 'active',REST/JSON,ISO-8859-1,"32 2 * * 0,6",'',message Msg { string id = 1; },max_retries=303,GET /api/users,^\d{3}-\d{2}-\d{4}$,4.17.23,IEEE 754,field_a -> target_col,r-x,gRPC
{{date}} - {{event}},type < 'prod',OpenAPI 3.0,UTF-16,35 21 * * *,null,message Msg { string id = 1; },batch_size=308,npm install,^\d{3}-\d{2}-\d{4}$,5.8.67,IEEE 754,source_col -> field_b,read,gRPC
{{date}} - {{event}},status < 'prod',SOAP/XML,Latin-1,"29 10 * * 0,6",null,message Msg { string id = 1; },batch_size=413,POST /api/orders,"\b\d{1,3}\.\d{1,3}\.\d{1,3}\.\d{1,3}\b",1.2.47,ISO 8601,source_col -> output,r-x,FTP
Dear {{customer}},date = 'prod',GraphQL,ISO-8859-1,35 4 * * 1-5,0,"{""type"": ""object"", ""properties"": {}}",timeout_ms=548,GET /api/users,^[A-Z]{2}\d{6}$,3.20.23,IEEE 754,input -> field_b,rwx,WebSocket
Dear {{customer}},status = 'active',OpenAPI 3.0,ASCII,"32 7 * * 0,6",'',"{""type"": ""object"", ""properties"": {}}",timeout_ms=64,docker run,[a-zA-Z0-9._%+-]+@[a-zA-Z0-9.-]+,0.0.65,ISO 8601,input -> field_b,rwx,HTTP
Hello {{name}},type != '2024',REST/JSON,ISO-8859-1,"36 22 * * 0,6",'',CREATE TABLE t (id INT PRIMARY KEY),pool_size=368,POST /api/orders,"\b\d{1,3}\.\d{1,3}\.\d{1,3}\.\d{1,3}\b",2.10.36,RFC 3339,field_a -> field_b,r-x,MQTT
{{date}} - {{event}},type IN 'prod',REST/JSON,ISO-8859-1,55 18 * * *,null,CREATE TABLE t (id INT PRIMARY KEY),timeout_ms=955,npm install,"\b\d{1,3}\.\d{1,3}\.\d{1,3}\.\d{1,3}\b",4.3.74,POSIX,source_col -> target_col,read,HTTPS
Dear {{customer}},date IN 'prod',REST/JSON,ISO-8859-1,"51 6 * * 0,6",'',"{""type"": ""object"", ""properties"": {}}",max_retries=601,npm install,[a-zA-Z0-9._%+-]+@[a-zA-Z0-9.-]+,1.1.76,W3C Date,input -> output,write,WebSocket
Dear {{customer}},date > '2024',GraphQL,ASCII,24 13 * * *,false,message Msg { string id = 1; },batch_size=971,POST /api/orders,^[A-Z]{2}\d{6}$,5.14.9,POSIX,field_a -> output,rwx,SSH
