field_872,channel,phoneNumber,email,industry_sector,tenantid,mailingAddress,firstName,field_430,p_full,x_las,date_of_birth,gender_pii,statusCode
2025-06-25 02:00:29,In-Store,302-275-9808,amy.rodriguez@yahoo.com,Healthcare,tenant-024,"4769 Oak Ave, Toronto, GA 49651",Sophia,USR-108203,Liam Wright,Lewis,0003-09-1953,Male,pending
2022-05-20T06:45:21Z,Social Media,470.717.9004,lucas.johnson@example.com,Finance,tenant-003,"158 Maple Dr, Phoenix, OH 44335",David,USR-839945,Jessica C. Thompson,Robinson,09/02/1959,Female,approved
2020-01-10 11:57:59,Chat,240-566-4441,liam_brown@acme.org,Retail,tenant-040,"2632 Oak Ave, Seattle, NY 64040",James,5573148,Logan Jackson,Walker,05-06-1971,Male,approved
2018-08-08T06:52:58Z,Email,433-428-1387,susan_anderson@gmail.com,Finance,tenant-023,"8446 Cedar Ln, Berlin, IL 13617",Michael,TXN-287241,Emma T. Rodriguez,Jackson,12/26/1984,Other,inactive
2024-10-07T08:02:45Z,In-Store,751.903.4228,jessicawilliams@yahoo.com,Energy,tenant-008,"5020 Pine Rd, Portland, OH 63528",Linda,4960272,Anna V. Jones,Thomas,10/19/1962,Other,active
2022-05-07 13:50:37,Email,676-652-8244,amyharris@outlook.com,Finance,tenant-033,"5591 Main St, Boston, OH 50687",Mary,ID-125611,John Davis,Lee,08-14-1949,Female,approved
2025-07-08T04:41:44Z,Chat,988-309-7965,davidking@acme.org,Manufacturing,tenant-016,"2088 Cedar Ln, Phoenix, MA 97500",Amy,USR-432711,Mason White,Walker,07-27-2004,Other,pending
2025-08-09T07:53:40Z,Chat,733.696.4919,sarahwilliams43@yahoo.com,Finance,tenant-035,"1420 Oak Ave, Phoenix, FL 60205",Noah,3589534,Robert Jackson,Thompson,0007-02-1999,Other,approved
2018-10-13T15:00:22Z,Phone,629 751 9947,lucas_davis63@outlook.com,Technology,tenant-025,"5607 Elm St, Atlanta, NC 31632",Aiden,2141240,Sophia M. Thompson,Moore,02/21/1943,Female,rejected
2020-01-09T12:20:13Z,Email,+19795885558,patricia.wright70@company.com,Technology,tenant-023,"3773 Elm St, Chicago, OH 15276",Mason,4148726,Richard E. Wright,Davis,0008-22-1956,Female,rejected
2022-06-06 19:38:47,Chat,367 518 2771,jamesmartinez@example.com,Retail,tenant-026,"3349 Main St, Tokyo, NC 92213",Mary,5059718,Oliver Lewis,Brown,06/18/1945,Non-binary,inactive
2026-11-11 00:54:26,Web,643-570-8532,jessicagarcia@acme.org,Finance,tenant-040,"8917 Park Blvd, London, MA 67091",Aiden,TXN-437960,Oliver Davis,Williams,08/08/1975,Other,cancelled
2018-08-28T10:11:31Z,Chat,464 548 5581,noahrodriguez@gmail.com,Healthcare,tenant-006,"4054 Elm St, San Francisco, MA 82768",Mason,7987517,Olivia Robinson,King,0002-10-1942,Other,completed
2022-11-19 11:30:35,Phone,963.763.6419,noah_white16@yahoo.com,Energy,tenant-013,"5269 Main St, Berlin, NC 34267",Richard,8123505,Patricia Walker,Young,0010-10-2007,Female,failed
2021-06-06 09:00:45,Email,246-255-5786,olivia_young@gmail.com,Manufacturing,tenant-019,"7790 Cedar Ln, Toronto, IL 34164",John,8014966,Michael P. Wright,Williams,03-05-1946,Non-binary,inactive
2021-02-18 13:38:38,Mobile,+19947357232,harper_white@acme.org,Finance,tenant-037,"1086 Pine Rd, Houston, FL 91987",Richard,1362100,David C. Davis,Garcia,07-15-1940,Other,failed
2018-04-10 22:18:44,Web,903 439 5334,liam.king29@company.com,Energy,tenant-010,"4452 Park Blvd, Phoenix, TX 17816",David,USR-885339,Aiden Moore,White,08/23/1955,Other,failed
2026-09-16T14:05:38Z,Phone,(952) 530-5102,robertdavis@acme.org,Technology,tenant-049,"4515 Pine Rd, Los Angeles, NY 71669",Amy,TXN-290305,Emma Jackson,Harris,08/12/1951,Non-binary,cancelled
2019-03-11T13:44:31Z,Phone,+19787631601,robert_anderson99@yahoo.com,Retail,tenant-033,"118 Elm St, Berlin, MA 64165",John,6069651,Sophia Young,White,04-09-1946,Female,failed
2025-12-16 03:01:40,Mobile,926 362 6091,james_thompson15@gmail.com,Retail,tenant-008,"2622 Cedar Ln, Portland, GA 45838",Jessica,ORD-355570,Sarah G. Thompson,Lee,0012-05-2005,Non-binary,approved
2023-09-09T00:18:46Z,In-Store,793-875-9022,sarah_thompson@yahoo.com,Education,tenant-035,"6280 Cedar Ln, Miami, FL 41300",Emma,6891663,John Anderson,Robinson,07-22-1988,Female,rejected
2018-03-17T18:21:55Z,Chat,+16503029617,james.walker@company.com,Healthcare,tenant-005,"7792 Park Blvd, Austin, IL 91691",Noah,1347468,Oliver Anderson,Thompson,06-21-1988,Other,active
2019-04-21 21:58:18,Social Media,(292) 644-2612,sarahgarcia@yahoo.com,Technology,tenant-021,"1019 Maple Dr, Dallas, IL 66450",William,6913082,Emma Lewis,Garcia,02/20/1962,Female,rejected
2020-04-15T20:16:29Z,Web,676-494-9955,robert_white55@acme.org,Energy,tenant-017,"7584 Park Blvd, Portland, FL 60422",Oliver,3979652,Susan Moore,Martinez,01-27-1977,Other,failed
2018-10-28 21:49:47,In-Store,963-708-5689,sophia_king@outlook.com,Manufacturing,tenant-017,"2340 Elm St, Houston, OH 94717",John,7395786,John Moore,Jones,05-11-1951,Other,pending
2021-03-26 17:56:23,Email,368.463.8894,ethan.anderson@company.com,Healthcare,tenant-049,"3796 Park Blvd, Atlanta, GA 57942",Robert,REC-377304,Anna Brown,Lewis,10-13-1973,Non-binary,inactive
2021-08-01T19:56:35Z,In-Store,+14268632035,harper_robinson@example.com,Healthcare,tenant-003,"709 Maple Dr, London, TX 22739",Mary,ID-507524,Sarah Taylor,Walker,07-19-2009,Female,approved
2019-08-20 13:17:02,Mobile,654.655.4868,michael_lewis@acme.org,Energy,tenant-023,"1092 Cedar Ln, Austin, FL 26011",Oliver,REC-794963,Richard Clark,Smith,0006-08-1946,Female,inactive
2026-04-19T06:52:55Z,Chat,351.810.1046,oliver.jones23@acme.org,Technology,tenant-043,"522 Oak Ave, New York, IL 41186",Emma,2923367,Patricia N. Johnson,Martin,12/03/1954,Other,cancelled
2026-10-04 14:32:14,Web,944.874.9543,sarah.clark@gmail.com,Education,tenant-026,"7084 Elm St, Houston, MA 68138",Robert,TXN-737846,William T. Williams,Clark,12/11/2010,Non-binary,rejected
2026-10-14T03:50:44Z,Social Media,+18669874522,sarah_davis@yahoo.com,Retail,tenant-027,"1657 Maple Dr, San Francisco, IL 97177",Patricia,2560857,Liam C. Harris,Williams,02-24-1995,Non-binary,pending
2026-01-19 17:35:21,Phone,(562) 881-7929,jennifer_lee65@yahoo.com,Healthcare,tenant-010,"8000 Oak Ave, Houston, IL 82910",Elizabeth,4673600,Emma Davis,Thompson,10-22-1943,Non-binary,active
2020-05-23T09:58:21Z,Mobile,(346) 779-7566,williamwalker68@gmail.com,Healthcare,tenant-025,"6978 Cedar Ln, Miami, NY 58503",Jennifer,USR-725185,Robert Y. Johnson,Lee,11/03/1946,Other,approved
2025-10-15 13:17:13,Web,553.640.2816,liamlewis@company.com,Finance,tenant-003,"3712 Cedar Ln, Sydney, CA 11007",Richard,3543919,Mason Jones,Martinez,02/01/1981,Other,pending
2020-07-18 22:14:32,Social Media,(562) 273-7505,jessica_smith@gmail.com,Manufacturing,tenant-028,"9494 Cedar Ln, San Francisco, WA 25096",Susan,5448706,David King,White,0002-14-1986,Female,approved
2024-09-03 12:55:19,Mobile,(541) 997-3754,amy.clark@acme.org,Education,tenant-023,"5852 Elm St, Phoenix, FL 23474",William,2910831,Sophia Jones,Clark,03-25-1949,Other,rejected
2025-11-19T20:40:39Z,Social Media,(523) 354-8205,emilywhite@yahoo.com,Manufacturing,tenant-004,"5866 Pine Rd, Chicago, WA 70521",Sarah,6186391,Aiden C. Martinez,Lee,07-15-2004,Male,rejected
2021-06-20 15:32:09,Phone,305 551 2381,olivia.garcia@outlook.com,Retail,tenant-034,"8664 Pine Rd, Seattle, IL 58870",Harper,6858013,Mason Anderson,Johnson,0002-11-1982,Other,failed
2022-12-28 21:58:38,Email,283.796.3317,jenniferclark@example.com,Manufacturing,tenant-046,"1488 Maple Dr, Berlin, CO 94343",Logan,2144024,Liam Robinson,Walker,02-21-2007,Other,cancelled
2018-06-10 05:13:21,Phone,396-431-3253,robert.martinez@acme.org,Education,tenant-048,"8726 Main St, Miami, PA 27176",Sophia,2722057,David Wright,Lee,0012-15-1961,Other,cancelled
2021-08-20 09:48:47,Mobile,+17464446070,lucas.wright@yahoo.com,Manufacturing,tenant-029,"7664 Park Blvd, Portland, CO 75916",Amy,2718885,Aiden Miller,Jones,01/21/1972,Non-binary,inactive
2026-02-10T02:48:10Z,In-Store,350-647-2502,aiden_white@gmail.com,Retail,tenant-033,"6226 Oak Ave, Atlanta, TX 59140",Mary,1662339,Aiden Robinson,King,03/02/1958,Other,pending
2025-08-20T00:57:05Z,Mobile,+13537619647,michael_young@outlook.com,Technology,tenant-016,"6978 Elm St, Sydney, MA 18232",Michael,ORD-725726,Anna Smith,Moore,12/05/1970,Other,active
2023-04-19 13:11:42,In-Store,569 269 9618,amyking61@acme.org,Technology,tenant-041,"6438 Maple Dr, Austin, NC 12128",Elizabeth,TXN-352838,Ethan Lewis,Young,03/02/1982,Non-binary,pending
2025-12-16T20:11:51Z,Social Media,994.668.1605,richard.johnson@gmail.com,Finance,tenant-033,"6624 Park Blvd, Berlin, MA 43202",John,ID-400009,Elizabeth U. Young,Anderson,02/26/1974,Other,approved
2025-07-11T05:31:44Z,Chat,+17314732353,robertjackson@outlook.com,Finance,tenant-007,"1411 Maple Dr, Portland, WA 68447",Sophia,ID-823270,Sarah Taylor,Walker,10/14/1985,Male,inactive
2024-06-17 23:43:10,Mobile,(822) 894-8179,william.williams@example.com,Retail,tenant-037,"630 Pine Rd, Phoenix, OH 68972",Elizabeth,1289924,Emma Jones,Thomas,0011-09-1980,Male,active
2020-08-17T12:58:35Z,Chat,466-920-8311,sophiamartinez18@company.com,Education,tenant-005,"7506 Oak Ave, Toronto, TX 99381",Oliver,TXN-844007,Robert Thompson,Martinez,12-23-1960,Female,cancelled
2026-04-04T06:50:08Z,Phone,+12265697044,logan.thompson@acme.org,Technology,tenant-020,"6623 Elm St, London, GA 63843",Mason,9645231,Robert Jones,Clark,08-15-1949,Non-binary,pending
2026-11-19T05:49:08Z,Chat,256-327-9488,jennifer.garcia@yahoo.com,Healthcare,tenant-023,"8601 Maple Dr, Chicago, WA 35729",Olivia,TXN-231250,Olivia Martinez,Williams,11-06-2004,Female,pending
2023-10-02 00:05:02,Chat,790 471 4453,jessicalee@gmail.com,Energy,tenant-035,"4845 Elm St, Portland, MA 42096",Logan,ORD-411882,Sarah Williams,Garcia,07/16/1996,Female,cancelled
2020-06-28 22:20:46,Email,608 333 7070,anna_brown@outlook.com,Finance,tenant-029,"4161 Oak Ave, Houston, CA 48038",Susan,ORD-360330,Oliver Garcia,Moore,0004-25-1980,Other,rejected
2025-05-16 00:05:25,Mobile,(420) 797-6781,john_martinez@acme.org,Energy,tenant-044,"7810 Maple Dr, Berlin, CA 24089",Jessica,4437119,Ethan Taylor,Taylor,07-02-1945,Female,cancelled
2026-05-03 12:32:28,Email,838-896-2946,michael_thomas@yahoo.com,Finance,tenant-049,"2463 Oak Ave, Sydney, GA 62610",Amy,652869,William Robinson,Harris,08-05-2006,Female,cancelled
2023-03-13T19:47:53Z,Email,+17197219721,noah_moore@company.com,Finance,tenant-022,"1895 Cedar Ln, Tokyo, WA 92478",James,4454862,Olivia King,Moore,12-02-1969,Other,pending
2026-11-24T19:49:53Z,Chat,897 448 1517,noah.brown@gmail.com,Retail,tenant-010,"6865 Elm St, Denver, CO 75774",Mason,ORD-989587,Ethan E. Walker,Martin,09-11-1966,Other,approved
2023-03-15T17:21:34Z,Chat,938 897 5331,emily.miller@yahoo.com,Healthcare,tenant-020,"4835 Elm St, Denver, NC 74094",Linda,9403422,Harper King,Martinez,10-22-1955,Other,approved
2023-03-10T01:18:45Z,Phone,871-462-8849,richardwright@yahoo.com,Energy,tenant-018,"2349 Main St, Sydney, NC 86917",Mary,8909398,Mary Clark,Brown,06/23/1992,Male,pending
2018-09-06 13:41:59,Phone,688.866.4267,lindamartinez@gmail.com,Technology,tenant-042,"9506 Oak Ave, Berlin, NC 14888",Harper,ORD-978292,David Johnson,Thomas,03/24/2003,Male,active
2022-10-20T03:59:21Z,Social Media,756-736-9092,oliver_martin15@yahoo.com,Finance,tenant-011,"7618 Elm St, Austin, NC 34405",James,TXN-695361,Liam T. Young,Clark,07/17/1991,Male,approved
2019-03-05T15:20:59Z,Email,592.441.8319,lindamartinez@example.com,Finance,tenant-042,"5990 Elm St, Boston, CA 97528",Michael,2679604,Susan Lewis,Robinson,12-04-1979,Non-binary,cancelled
2021-04-05 15:09:29,In-Store,+15826259998,masonthompson@outlook.com,Energy,tenant-049,"9861 Park Blvd, Chicago, GA 68556",Amy,REC-691573,Michael Johnson,Martin,0010-18-1965,Female,cancelled
2026-08-04 21:13:45,Web,+17226561911,william_martin@company.com,Manufacturing,tenant-030,"5149 Elm St, New York, CO 43352",Aiden,3655778,Emma L. Williams,Robinson,0009-02-1948,Other,active
2022-07-06 04:49:41,Social Media,+16305837266,oliver_thomas@gmail.com,Energy,tenant-035,"2278 Elm St, Dallas, TX 33392",Anna,2136530,Ethan Davis,Young,05-15-1942,Other,approved
2021-04-15T11:09:17Z,Social Media,+19833151527,sophia.young13@outlook.com,Manufacturing,tenant-003,"7414 Pine Rd, Los Angeles, FL 15798",Susan,9055667,Richard Young,Johnson,0009-10-1957,Non-binary,cancelled
2021-05-05T21:33:14Z,Email,+12627703869,anna.harris@yahoo.com,Energy,tenant-025,"8692 Maple Dr, San Francisco, CO 29558",Jennifer,9024939,Emily Davis,Martinez,08-02-1958,Other,approved
2026-09-05T12:15:16Z,Social Media,(280) 660-7079,anna.walker87@gmail.com,Manufacturing,tenant-039,"747 Park Blvd, Chicago, FL 87015",Ethan,ID-602681,Richard Anderson,Smith,0004-24-1967,Other,completed
2021-07-08T17:20:49Z,Phone,746.864.6886,patriciataylor@company.com,Education,tenant-047,"7792 Park Blvd, Miami, FL 58589",Linda,9437599,Oliver Davis,Smith,09-19-1973,Other,failed
2020-04-11 07:24:36,Phone,763.870.6530,mason_wright@example.com,Retail,tenant-030,"2856 Elm St, Dallas, NY 28344",Ethan,3087810,Harper Thompson,Johnson,0001-27-2007,Male,active
2024-03-27 20:14:04,Web,423.717.8471,johnlee@example.com,Retail,tenant-043,"8093 Main St, New York, GA 82305",Jessica,8882155,Ethan Rodriguez,Martinez,09-27-1942,Other,pending
2019-02-17 04:15:12,Email,(562) 473-7502,elizabeth_thomas90@acme.org,Healthcare,tenant-020,"1420 Elm St, Los Angeles, TX 63120",Susan,7986041,John F. Clark,Williams,07/21/2003,Male,active
2021-04-28T22:56:36Z,Web,276 900 5593,emma.lewis@outlook.com,Finance,tenant-002,"3494 Pine Rd, Phoenix, NC 62205",Harper,2725463,Emma Davis,Thomas,06-13-2009,Female,inactive
2026-12-12T01:06:27Z,Web,548.819.7499,james_clark@company.com,Finance,tenant-036,"6250 Cedar Ln, Seattle, OH 86791",Liam,4955646,Logan Davis,Williams,03-13-1974,Female,approved
2023-06-04T02:00:19Z,Chat,(476) 304-3170,david_jackson@acme.org,Retail,tenant-007,"530 Main St, Dallas, GA 22198",Sophia,5443038,Oliver N. Thomas,Thomas,0012-18-1950,Female,approved
2020-03-09T09:17:31Z,Mobile,645.482.7899,emily.king32@yahoo.com,Energy,tenant-041,"8223 Pine Rd, Sydney, FL 70012",Michael,113538,Susan Anderson,Thomas,08/11/1982,Female,failed
2023-10-23T06:30:20Z,Phone,526 498 9044,logan_davis51@company.com,Finance,tenant-008,"9338 Oak Ave, Tokyo, GA 33583",Liam,REC-862538,Sarah Robinson,King,12/03/1977,Other,pending
2022-04-09T21:09:45Z,Phone,275 659 8851,susanthompson@example.com,Technology,tenant-024,"8896 Pine Rd, Chicago, TX 42536",Liam,ID-778428,Sophia Johnson,Clark,06/26/1991,Male,active
2019-05-08 16:47:33,Social Media,789.426.8303,susanwhite@acme.org,Healthcare,tenant-023,"502 Cedar Ln, Houston, WA 64522",Harper,REC-971699,Ethan Jones,Anderson,04/17/1998,Non-binary,rejected
2019-08-24T22:28:20Z,Web,927.317.1370,oliviabrown@outlook.com,Energy,tenant-016,"8554 Oak Ave, Berlin, NY 53383",Anna,7751983,Mary King,Garcia,11/22/1963,Other,active
2021-08-19 13:24:00,Mobile,485 970 2025,michaelking@outlook.com,Healthcare,tenant-030,"1967 Maple Dr, London, GA 93769",Linda,6585796,Emma Brown,White,11/23/1962,Male,pending
2023-02-08T09:07:11Z,Mobile,723 597 7852,william_moore82@company.com,Manufacturing,tenant-045,"2938 Pine Rd, Seattle, MA 47858",William,7566541,Sophia Johnson,Smith,03/07/2002,Other,approved
2025-07-23T14:31:10Z,Web,(979) 425-5785,patriciadavis59@yahoo.com,Manufacturing,tenant-048,"8215 Pine Rd, Paris, TX 85066",Michael,9111810,Aiden Taylor,Young,12-15-1945,Female,approved
2019-12-27T20:48:15Z,Web,(660) 469-6711,sarah.brown@outlook.com,Manufacturing,tenant-045,"5844 Park Blvd, Sydney, OH 66120",David,ID-953047,Richard L. King,Thompson,0010-18-1975,Non-binary,failed
2022-10-09 16:57:43,Mobile,968.621.1971,oliver.clark@example.com,Healthcare,tenant-010,"5377 Park Blvd, Boston, OH 61472",Emily,4508326,Olivia Jackson,Williams,07-17-1951,Non-binary,cancelled
2025-08-11 18:00:55,Social Media,295.948.8511,oliverwilliams55@company.com,Education,tenant-014,"8205 Maple Dr, Miami, WA 54270",Anna,9498289,Oliver Harris,Lewis,01-04-1946,Other,active
2019-03-15T14:00:27Z,Social Media,335-865-5945,oliver.rodriguez@example.com,Technology,tenant-024,"2811 Main St, Atlanta, OH 50043",Ethan,ID-550081,Olivia Williams,Smith,0008-03-1967,Female,rejected
2018-01-23 10:52:07,Phone,(910) 335-8826,mary.thomas@example.com,Technology,tenant-021,"6122 Maple Dr, Phoenix, CO 27451",Olivia,ID-171734,Amy U. Moore,Garcia,0006-24-1996,Female,approved
2025-04-03T03:08:48Z,Social Media,593.559.8035,logan.jones@yahoo.com,Healthcare,tenant-036,"9946 Pine Rd, Sydney, WA 13515",Oliver,TXN-315425,Amy Lee,Walker,0005-21-1990,Female,rejected
2024-02-08T15:40:38Z,Web,+15695243162,oliverwright@company.com,Energy,tenant-012,"7817 Park Blvd, Chicago, CA 86986",Robert,3619566,John Johnson,Thomas,05-21-2004,Other,approved
2024-02-21T17:34:39Z,Web,517-280-9377,loganjones@yahoo.com,Energy,tenant-049,"1183 Maple Dr, San Francisco, NC 41278",John,7289426,Michael White,Johnson,11-24-1979,Female,inactive
2018-12-05T22:00:10Z,Email,735-729-5247,elizabethjones@yahoo.com,Technology,tenant-050,"580 Maple Dr, San Francisco, WA 78662",Robert,9674610,Olivia Williams,Martin,01-16-1986,Female,cancelled
2020-05-25 03:57:36,Web,(433) 958-9336,john.smith@gmail.com,Retail,tenant-010,"3032 Park Blvd, Los Angeles, GA 95944",Jessica,4165166,Jessica Walker,Wright,0010-12-1949,Male,pending
2021-09-02T12:04:56Z,Email,(992) 518-6362,anna.white73@yahoo.com,Education,tenant-020,"4074 Cedar Ln, Dallas, PA 74665",Mason,USR-897423,Logan N. Davis,Smith,09-12-1969,Male,cancelled
2018-11-13T23:46:19Z,In-Store,(443) 629-9061,william_robinson30@gmail.com,Education,tenant-034,"6867 Elm St, Dallas, MA 21128",Emma,2239991,Olivia Wright,Moore,0007-22-1947,Female,failed
2022-06-26 12:44:53,Email,(663) 478-4827,richardjones22@gmail.com,Retail,tenant-030,"5245 Cedar Ln, Houston, GA 56961",Mason,5172546,Sarah Rodriguez,Williams,11-10-1960,Male,completed
2023-03-03T22:15:22Z,Web,893-506-5262,james_thomas@acme.org,Healthcare,tenant-007,"7670 Main St, Phoenix, TX 11567",John,ID-237064,Richard Wright,Lewis,10/19/1950,Male,active
2019-04-21T14:51:08Z,Chat,+15393251699,johngarcia@company.com,Retail,tenant-032,"583 Cedar Ln, San Francisco, NY 56392",Richard,TXN-393448,Sarah T. Jones,Lee,11/10/1971,Other,rejected
2018-02-09T12:08:26Z,Chat,(738) 455-9907,susanking@yahoo.com,Education,tenant-032,"5736 Pine Rd, Paris, IL 60905",Patricia,5349878,Sophia Z. Davis,Young,01/26/1975,Non-binary,completed
2020-02-08 21:15:17,Chat,954 257 4594,oliver_king@yahoo.com,Education,tenant-012,"2985 Oak Ave, Tokyo, IL 57026",Harper,5900248,Emma G. Moore,Wright,0009-10-2003,Other,active
2019-01-08 19:14:01,Web,539-828-4300,linda.robinson19@yahoo.com,Manufacturing,tenant-046,"2420 Park Blvd, Houston, GA 57826",Robert,6636993,Emma Brown,Anderson,03/24/1957,Other,cancelled
