dim_301,billing_account,var_75,finger_scan,uenqoc46,field_kx,d_511,bonus_variable_pay,magneticStripeData,f_5,screen_name,rank,bdqb9,c_hvcx,project_name,fraudScore,visa,advertiser_id,drivers_license,iin
"258 Oak Ave, Boston",BILL-612200,Oliver Anderson,fp_010de58cc9c65514,EMP35340,2439 shares @ $126.69,8165,"$12,929",%B2894927239967244^THOMAS/JAMES^2405,john.martinez@outlook.com,harperlee801,77,S65807824,Ms.,Project Atlas,1.0,WP-IN-190157,ADV-4RBPWEL6BX,NC8129409,56117
"5955 Park Blvd, Chicago",BILL-924981,Susan Robinson,fp_c74f2c34bc3d8567,EMP11189,3107 shares @ $315.43,0702,"$17,230",%B7854438752611910^DAVIS/LUCAS^2809,sophia.smith@gmail.com,olivia_young100,78,P75750158,Ms.,Project Horizon,56.4,WP-GB-833662,ADV-9XIBE7FGWJ,CO5460874,477839
"2971 Park Blvd, New York",BILL-408509,Noah Wright,fp_1db0e427e1522cb6,EMP74218,2999 shares @ $78.67,6348,"$27,651",%B7803276744475271^WILLIAMS/LIAM^2904,james.miller@outlook.com,sophia_clark334,93,J39425360,Prof.,Project Alpha,11.7,WP-IN-696023,ADV-1TKECC4HM5,CA4629247,413760
"2814 Oak Ave, Houston",BILL-287481,Lucas Walker,fp_06ada3afe9a3dc1b,EMP35279,4848 shares @ $31.39,0077,"$19,674",%B8028183551083227^TAYLOR/AIDEN^3003,david.young@gmail.com,olivermartinez34,82,U45785508,Dr.,Project Beta,84.0,WP-FR-605275,ADV-L647RXD4CD,MA1962661,60119088
"8341 Cedar Ln, Portland",BILL-268541,Sophia Anderson,fp_4ed4ff7f67e622a7,EMP13982,2950 shares @ $413.65,8173,"$8,128",%B3236082119012087^MARTINEZ/ROBERT^2708,amy.thompson@outlook.com,richardthompson119,23,C91790893,Prof.,Project Beta,99.0,WP-CA-772056,ADV-OI6XPWF81M,OH7344645,590529
"6347 Pine Rd, Toronto",BILL-930972,Lucas Young,fp_1aa1bd4eb277b6b8,EMP54731,4716 shares @ $404.48,7625,"$10,017",%B9201836272072179^CLARK/ELIZABETH^2705,william.anderson@outlook.com,emmasmith951,19,Y46566328,Prof.,Project Beta,0.3,WP-DE-338837,ADV-HI11E2YWJ8,NY5686688,3751274
"8533 Elm St, Atlanta",BILL-201518,Ethan King,fp_6fadc6406af3158a,EMP96731,1770 shares @ $363.08,3545,"$10,590",%B3565475978488436^LEE/EMILY^2509,william.lewis@outlook.com,anna.harris397,69,S29563960,Ms.,Project Phoenix,15.1,WP-GB-474474,ADV-Q6HKAJN5KI,CA6061085,449773
"5655 Cedar Ln, Atlanta",BILL-682658,Robert Harris,fp_3cac77563db46b0a,EMP92647,555 shares @ $474.69,2416,"$13,681",%B4345774638181302^ANDERSON/AIDEN^3006,patricia.white@outlook.com,olivia.anderson962,5,G99349050,Mrs.,Project Zenith,30.2,WP-IN-215529,ADV-T5A5UQ45AY,IL5307694,527929
"9287 Cedar Ln, Dallas",BILL-140582,Mary Garcia,fp_b7eef6d9fc888325,EMP90061,170 shares @ $255.34,4562,"$5,592",%B1346121542098444^SMITH/PATRICIA^3012,robert.miller@gmail.com,elizabeth.johnson637,14,W38669048,Hon.,Project Alpha,52.8,WP-JP-867532,ADV-6D5GVSN4VZ,TX9520632,56087
"9885 Pine Rd, Tokyo",BILL-892317,Logan Robinson,fp_683b429821ef9a37,EMP20331,3275 shares @ $329.51,1137,"$26,792",%B9239034905410892^MARTIN/RICHARD^2507,mary.jones@yahoo.com,jamesmartin848,47,R51964397,Ms.,Project Phoenix,80.7,WP-CA-735305,ADV-RD35WV8DPI,NY5432913,601126955
"3101 Oak Ave, Berlin",BILL-414668,Harper Taylor,fp_2c39803408d9a3ba,EMP58698,268 shares @ $131.27,3431,"$21,197",%B3956195987345262^GARCIA/AIDEN^2911,michael.johnson@outlook.com,ethan_williams494,11,I99678188,Hon.,Project Phoenix,30.0,WP-BR-555568,ADV-5OJLYQ42Y2,MA6923335,601126968
"9612 Main St, Los Angeles",BILL-962183,Patricia Miller,fp_c7dfb7710bfea3ba,EMP35306,1461 shares @ $395.23,9286,"$6,344",%B3713436385649316^MILLER/LUCAS^2701,logan.harris@yahoo.com,aiden.lee325,69,G55516509,Rev.,Project Horizon,92.6,WP-CA-206043,ADV-LGB1UHWDCO,CO6346004,3705228
"8532 Pine Rd, Houston",BILL-962238,Elizabeth White,fp_4138f5348d82d4ed,EMP16546,3124 shares @ $232.47,6270,"$11,306",%B2606728338155123^MARTINEZ/PATRICIA^2507,mary.johnson@gmail.com,anna_martin918,22,T54509364,Prof.,Project Alpha,85.5,WP-DE-110688,ADV-0LWAQX63TN,TX5369722,60115892
"7070 Cedar Ln, Los Angeles",BILL-816412,Emma Smith,fp_027a5802801e8cb2,EMP10109,2094 shares @ $416.66,4062,"$19,557",%B7026681031494968^JACKSON/ELIZABETH^2708,mason.johnson@gmail.com,patricia_garcia384,91,R37969668,Dr.,Project Zenith,81.1,WP-DE-905529,ADV-DKVCZHA5S8,GA3222624,43832
"6156 Oak Ave, Houston",BILL-723151,Jessica Anderson,fp_b7331534f8b7f6a0,EMP77087,81 shares @ $127.11,9068,"$10,646",%B2075844421534534^TAYLOR/HARPER^2505,lucas.moore@yahoo.com,oliviathomas209,2,K53623489,Dr.,Project Zenith,7.7,WP-US-988980,ADV-7QQG2KOD13,CA7108810,545628
"3689 Cedar Ln, Boston",BILL-646405,James Thomas,fp_912c4e47a03f6a39,EMP22151,4841 shares @ $49.38,9285,"$16,070",%B2081213153965188^MOORE/SOPHIA^2801,aiden.rodriguez@outlook.com,robert_williams891,2,D46073776,Mr.,Project Atlas,45.8,WP-MX-127559,ADV-SXNMA801V8,NC9243400,43100
"3790 Elm St, Sydney",BILL-808547,Mason Thomas,fp_6e0c3b1f65536a3f,EMP39777,4637 shares @ $454.65,5203,"$33,930",%B3417357820278096^THOMPSON/LIAM^2504,liam.moore@outlook.com,ethanwhite378,93,O75731419,Hon.,Project Beta,24.0,WP-JP-208257,ADV-ZM424OJVA3,MA1337611,60110936
"472 Maple Dr, San Francisco",BILL-192109,Noah Brown,fp_a1afb89dedfe9aaa,EMP42024,2690 shares @ $226.31,2469,"$48,277",%B6957530480041467^JOHNSON/MICHAEL^2410,harper.johnson@yahoo.com,michael.king40,77,H57996982,Mr.,Project Horizon,33.8,WP-BR-664083,ADV-Q7KVLSJRFW,CO2031468,42096
"5728 Oak Ave, Tokyo",BILL-341317,Emma E. White,fp_5cb247747e56fe4f,EMP24617,907 shares @ $138.1,8803,"$18,016",%B0185529795455075^THOMPSON/HARPER^2804,oliver.white@outlook.com,richard_thompson917,41,U22815855,Mr.,Project Zenith,47.0,WP-MX-641270,ADV-AJGJ4VN5ND,TX3393778,3793885
"9972 Cedar Ln, Houston",BILL-834003,David Johnson,fp_737a37d3777256c8,EMP47857,2608 shares @ $263.6,8868,"$27,220",%B3303722182032237^WILLIAMS/LUCAS^2603,oliver.thompson@outlook.com,mason.martinez792,67,Q19325351,Dr.,Project Beta,5.4,WP-US-252754,ADV-YXU5NSM7EC,TX8232837,487643
"7774 Park Blvd, Boston",BILL-691786,Robert Martin,fp_9d69baf8c84ab954,EMP66131,1024 shares @ $251.71,4839,"$31,868",%B0523805636265559^JONES/MARY^2809,lucas.king@gmail.com,mary.anderson639,7,J94794337,Prof.,Project Phoenix,31.3,WP-IN-841174,ADV-RUMFFMD5TW,MA8464596,568984
"1057 Maple Dr, London",BILL-401253,Sarah Garcia,fp_0ddaeef030a97fa6,EMP99679,4553 shares @ $309.16,0516,"$36,428",%B4347662887141862^LEWIS/ETHAN^2711,harper.thomas@gmail.com,logan.thompson708,94,N48137753,Hon.,Project Beta,79.5,WP-US-124491,ADV-7M4I8NP9IV,TX6754264,529077
"3319 Main St, Dallas",BILL-293416,David Williams,fp_ea94e279535c60f3,EMP86371,4312 shares @ $131.36,3615,"$28,827",%B7397878615009182^ANDERSON/SUSAN^2403,amy.jones@yahoo.com,elizabeth.taylor66,20,D63240121,Prof.,Project Horizon,76.7,WP-AU-585673,ADV-IDP6KYW9XA,FL3734580,40718
"2336 Maple Dr, Boston",BILL-394646,Elizabeth Thompson,fp_ce797b68cd60e6d0,EMP73398,1638 shares @ $226.42,9090,"$21,836",%B9618089370465387^DAVIS/JESSICA^2608,jennifer.thompson@yahoo.com,robert.johnson418,63,K54753878,Mrs.,Project Horizon,87.5,WP-FR-821110,ADV-Q9HCBYOA3G,MA3122176,601199019
"2741 Pine Rd, Toronto",BILL-898195,Susan Williams,fp_5d3534b7b6260eb3,EMP45910,4312 shares @ $492.88,5868,"$48,018",%B6624121340454454^TAYLOR/EMILY^2405,noah.walker@gmail.com,masonlewis246,56,R47898383,Rev.,Project Beta,94.8,WP-BR-231502,ADV-FUC6VL4BJ1,WA8768128,60114190
"8856 Oak Ave, San Francisco",BILL-800547,Amy Garcia,fp_85fbc06591cdaebf,EMP96937,4534 shares @ $251.15,1084,"$2,451",%B4820930435213565^MILLER/HARPER^2708,linda.thompson@gmail.com,masonking905,28,T72845129,Hon.,Project Horizon,91.1,WP-DE-968644,ADV-M5N0B05CTM,TX3950088,601113504
"7898 Elm St, Portland",BILL-137362,Amy V. Miller,fp_111be4c11e9c9a75,EMP45185,70 shares @ $255.3,4137,"$24,553",%B4423211432430735^JONES/LUCAS^2805,robert.rodriguez@gmail.com,aiden.miller24,86,P83298173,Rev.,Project Beta,5.6,WP-US-333421,ADV-D3R1D22SCU,WA4699971,601114130
"5682 Cedar Ln, Chicago",BILL-201237,Sarah Robinson,fp_23168bddcea4a47f,EMP31002,3045 shares @ $269.24,8577,"$34,087",%B2689721295802139^ANDERSON/EMMA^3010,john.johnson@outlook.com,aidenking827,58,V61274551,Ms.,Project Beta,0.7,WP-DE-409989,ADV-000LCYRGI1,CA2969577,47618
"7281 Pine Rd, Houston",BILL-750571,Oliver Lee,fp_4666dc13cdd148ad,EMP57202,2875 shares @ $477.73,2557,"$23,537",%B0936926940881251^MARTINEZ/OLIVER^2904,mary.martin@gmail.com,robert_williams45,75,D53915297,Rev.,Project Atlas,12.2,WP-DE-141150,ADV-B3CS7NWL0W,IL2678176,58819
"472 Elm St, London",BILL-559828,Susan L. Johnson,fp_0ed5c01f622b4c6a,EMP25211,1100 shares @ $224.85,6003,"$1,881",%B4874391837067255^RODRIGUEZ/LIAM^2802,jennifer.thompson@gmail.com,james_brown911,23,S82767624,Mr.,Project Phoenix,77.2,WP-IN-138021,ADV-GUBJV9NFX9,GA2916123,562434
"342 Maple Dr, Dallas",BILL-684002,Mason Davis,fp_461fda7857f8d59e,EMP11701,2188 shares @ $256.11,5606,"$44,575",%B4667318819126220^KING/PATRICIA^2603,patricia.taylor@gmail.com,william.rodriguez305,15,T15724800,Prof.,Project Zenith,39.8,WP-AU-466113,ADV-QIE0PAOK4A,CO2596862,471070
"5936 Maple Dr, Seattle",BILL-335885,Ethan Smith,fp_ffa4bcf5cdd1b5f1,EMP19551,3279 shares @ $255.18,7627,"$17,500",%B8218830431786206^KING/SUSAN^2411,mason.robinson@gmail.com,susanyoung859,14,Z21123783,Mrs.,Project Atlas,94.0,WP-BR-347412,ADV-EQVZL723MH,MA7076982,3768590
"1685 Maple Dr, Berlin",BILL-407779,Elizabeth N. Garcia,fp_1fa3f8d8ca2011f1,EMP24527,1475 shares @ $76.2,4864,"$2,670",%B9394251743204763^RODRIGUEZ/ELIZABETH^2608,richard.thompson@outlook.com,jennifer_lewis120,62,Y58292651,Mr.,Project Alpha,84.7,WP-AU-665595,ADV-V3XRWYLUA1,FL5129916,601145641
"2085 Main St, Seattle",BILL-356403,Amy Moore,fp_7c8e7e44a31fce6d,EMP14059,4931 shares @ $382.04,5816,"$1,832",%B6360777348221467^SMITH/JENNIFER^2605,olivia.young@yahoo.com,jennifer.johnson781,69,I81496013,Ms.,Project Atlas,48.2,WP-IN-275637,ADV-0GLI6EK5PX,CO1645384,601197288
"8291 Elm St, Miami",BILL-967962,Sophia White,fp_f8845d8722270390,EMP83643,722 shares @ $424.7,5190,"$27,320",%B9307789057012708^MARTIN/ROBERT^2710,susan.rodriguez@gmail.com,masonyoung129,7,R52712070,Mr.,Project Phoenix,74.1,WP-BR-940739,ADV-2ANX2GSIZD,CA2416519,601122728
"9911 Pine Rd, Berlin",BILL-850520,Lucas Harris,fp_cead977719fa27c3,EMP35860,987 shares @ $151.86,2490,"$19,597",%B2497430770871559^KING/SOPHIA^2604,anna.miller@yahoo.com,lindamoore682,4,B84370382,Dr.,Project Alpha,9.2,WP-JP-172813,ADV-OLBGUW84RW,OH9666674,372110
"9882 Park Blvd, Los Angeles",BILL-701883,Oliver Moore,fp_92c64ed069cedddd,EMP92205,1955 shares @ $331.21,7767,"$18,413",%B7672735107184095^GARCIA/LINDA^2710,james.clark@gmail.com,logan.rodriguez520,51,W19917059,Rev.,Project Phoenix,73.5,WP-JP-880531,ADV-34E75S817M,MA4610054,527869
"1932 Elm St, Atlanta",BILL-345066,Richard Thomas,fp_5a68b3429cf6309a,EMP13669,4913 shares @ $123.59,9587,"$1,108",%B5645662868004086^MARTINEZ/ELIZABETH^2509,mason.martin@gmail.com,olivia_king158,51,E84697764,Hon.,Project Horizon,45.0,WP-DE-511410,ADV-9GWPOPSJVY,NY8041151,42996
"1292 Oak Ave, Sydney",BILL-591725,Mason D. Brown,fp_a6481147f88da63f,EMP34307,3911 shares @ $342.16,3261,"$36,005",%B5936344566182060^MOORE/LIAM^3001,emily.martinez@yahoo.com,susanlee494,8,E97803737,Dr.,Project Atlas,63.5,WP-CA-999125,ADV-L92AY3B338,GA1124724,377406
"8058 Elm St, Dallas",BILL-881955,Susan Martin,fp_ab3ebfc5949b3d34,EMP28430,3985 shares @ $454.81,2030,"$12,365",%B3348077758741123^SMITH/PATRICIA^2711,sarah.thompson@outlook.com,jessica.thomas685,100,T39118877,Hon.,Project Beta,57.8,WP-JP-985844,ADV-J47E3H29MC,NY5449350,378027
"9079 Maple Dr, Tokyo",BILL-256040,Robert Young,fp_369c3d21e1efda9e,EMP22356,2005 shares @ $376.37,8352,"$20,019",%B2098622967167590^DAVIS/LUCAS^2709,harper.harris@yahoo.com,lindathomas31,74,L22214011,Prof.,Project Atlas,21.0,WP-IN-291263,ADV-FVKYGTVWWU,PA5930697,371279
"2647 Main St, Dallas",BILL-415117,Linda N. Johnson,fp_1d734759552f2060,EMP19324,2332 shares @ $338.84,6475,"$6,653",%B6182785732948859^THOMPSON/PATRICIA^3006,ethan.lewis@gmail.com,noahbrown149,89,U13934310,Ms.,Project Zenith,99.6,WP-US-788171,ADV-Z3OC2YUADU,GA2121055,46345
"8578 Elm St, Los Angeles",BILL-366274,Oliver Martinez,fp_52f5a5aa2405fb48,EMP45810,3861 shares @ $118.63,9781,"$27,593",%B5727311493648779^RODRIGUEZ/ETHAN^2708,mary.clark@yahoo.com,elizabeth.brown699,20,Q53046199,Prof.,Project Alpha,12.4,WP-BR-827541,ADV-3J5UCFBY3X,CA1186388,601183366
"1725 Elm St, Seattle",BILL-498392,Elizabeth Brown,fp_abe226a35687736a,EMP51833,4663 shares @ $277.22,3402,"$16,753",%B3607726397365823^HARRIS/OLIVIA^2906,oliver.martinez@outlook.com,mary_white986,33,E49112912,Mrs.,Project Beta,56.4,WP-BR-587283,ADV-T6VEJGVYJE,TX6710705,44043
"668 Main St, Los Angeles",BILL-466909,Michael Young,fp_9af21ec3bd8549f5,EMP65424,1037 shares @ $314.53,5261,"$15,672",%B2531837890462706^YOUNG/LUCAS^3002,noah.walker@gmail.com,ethanwalker913,18,F96329941,Mr.,Project Zenith,25.2,WP-US-567357,ADV-C9LO8MV9QA,CO4222667,58710
"6054 Oak Ave, Atlanta",BILL-154628,Oliver Thomas,fp_14b6543c27afba62,EMP62637,151 shares @ $155.02,0831,"$25,357",%B3307937697685501^JACKSON/LOGAN^2410,susan.lewis@outlook.com,sophiawalker629,71,Y75935556,Mr.,Project Atlas,16.1,WP-US-556020,ADV-2IQ4K3G4AR,IL9557778,443180
"9389 Main St, Boston",BILL-916747,David Davis,fp_43c705736b2fb6af,EMP45510,2336 shares @ $177.34,2241,"$21,070",%B3954055617884592^BROWN/LIAM^2504,oliver.clark@gmail.com,harperrodriguez127,70,Y79072102,Ms.,Project Atlas,27.9,WP-CA-176187,ADV-B1UNSSWWC8,NC3530289,543223
"3993 Main St, Berlin",BILL-781508,Emily O. Young,fp_21fc6b1a765e888a,EMP52304,1632 shares @ $107.68,5509,"$21,168",%B9935727763471696^WALKER/NOAH^3012,john.robinson@gmail.com,john.garcia436,1,P36112984,Ms.,Project Horizon,24.9,WP-FR-226382,ADV-PUW1YJGZ66,MA5334840,50639
"7821 Main St, Berlin",BILL-202945,Amy V. Anderson,fp_8201b53b55cbdfd0,EMP18796,373 shares @ $298.22,0047,"$8,026",%B7558061150385846^MARTIN/PATRICIA^2904,anna.young@gmail.com,robert_smith380,28,L24674757,Hon.,Project Alpha,5.7,WP-JP-502741,ADV-ZP81S4Y5MT,IL5042808,420972
"2781 Cedar Ln, Los Angeles",BILL-632574,Jennifer Jones,fp_520b30fa8cb3bcd3,EMP78240,2005 shares @ $212.39,6504,"$22,375",%B2618228637843548^WHITE/SUSAN^2903,oliver.thomas@gmail.com,sophia.jackson615,85,C76908538,Prof.,Project Alpha,73.2,WP-MX-419426,ADV-CR567R2CF2,MA9684239,53740
"1870 Pine Rd, Boston",BILL-559718,Anna Thomas,fp_3a65ac124654a887,EMP69441,1901 shares @ $210.94,0388,"$49,596",%B9848387038474134^WHITE/RICHARD^2906,john.moore@yahoo.com,amy.brown231,7,Z76650624,Ms.,Project Atlas,65.9,WP-BR-142475,ADV-8GKM6DKOM9,CO5962872,43763
"5666 Elm St, Phoenix",BILL-700566,Ethan Davis,fp_5d95e4ef46072afc,EMP50889,1427 shares @ $204.94,3448,"$14,331",%B8717602799351641^MILLER/ROBERT^3008,liam.williams@gmail.com,robertanderson724,86,W52862758,Rev.,Project Alpha,29.3,WP-AU-342412,ADV-FD5HODIM0X,GA3956742,60119759
"8769 Cedar Ln, Tokyo",BILL-540410,Robert Lee,fp_152495792f6a7c42,EMP10634,700 shares @ $302.3,4954,"$28,218",%B3822136119980041^YOUNG/JENNIFER^3010,emma.lee@gmail.com,logan.king769,61,X82588909,Dr.,Project Alpha,76.6,WP-MX-747173,ADV-UG9CPVLS12,TX5734704,50753
"9224 Elm St, Miami",BILL-595522,Ethan Clark,fp_fe85a525982a7192,EMP27251,1066 shares @ $422.16,6517,"$20,131",%B7894751977352252^WALKER/ANNA^2802,mary.anderson@gmail.com,lucas_miller643,8,A58153782,Ms.,Project Alpha,72.2,WP-FR-227211,ADV-7PGHNTA6XW,NY3874589,455710
"7786 Elm St, San Francisco",BILL-999993,Sophia Wright,fp_e43f17ab6a05f40c,EMP19673,4431 shares @ $227.62,9464,"$46,965",%B1197713448351834^KING/HARPER^2703,james.lee@gmail.com,johngarcia566,24,F49275753,Mr.,Project Phoenix,9.7,WP-FR-976646,ADV-8VY15G8IFG,WA1223420,601157175
"6679 Pine Rd, Toronto",BILL-647436,Olivia White,fp_d9191cce22b29705,EMP20550,3313 shares @ $192.31,1837,"$22,168",%B4007433130369189^KING/AIDEN^3002,elizabeth.lee@outlook.com,masonyoung98,23,S75867758,Prof.,Project Horizon,33.2,WP-BR-698214,ADV-118URKFB4M,NC6272144,45283
"3980 Main St, Houston",BILL-857950,Olivia Jackson,fp_9962afbbcaa0464c,EMP46689,3440 shares @ $426.55,0802,"$38,659",%B9967622625772651^BROWN/AIDEN^2907,elizabeth.robinson@yahoo.com,sarah.johnson34,29,Z50438813,Ms.,Project Phoenix,54.7,WP-CA-749911,ADV-6DM5DTLYAU,PA6108155,601166023
"3732 Elm St, Miami",BILL-121067,Emily Anderson,fp_b7a15f25588d058c,EMP33319,101 shares @ $446.07,1788,"$20,398",%B7507933167641570^ROBINSON/SOPHIA^2501,jessica.jackson@yahoo.com,mason.martin262,42,W75171254,Dr.,Project Alpha,57.2,WP-MX-221374,ADV-PWLO1YUGYI,NC5326421,60119326
"7072 Park Blvd, Los Angeles",BILL-933913,Amy Martinez,fp_5cb4bbb54ae73806,EMP45530,4996 shares @ $436.04,4769,"$15,874",%B0979007392897922^YOUNG/SARAH^2901,james.thompson@outlook.com,jennifer_white171,51,C93060046,Ms.,Project Alpha,42.2,WP-MX-143002,ADV-W7M5NUUL7K,MA5816989,601178631
"2666 Park Blvd, New York",BILL-763187,Liam Lewis,fp_9f685739078c4111,EMP69104,889 shares @ $21.1,7424,"$19,632",%B3558571694528821^JOHNSON/ANNA^2604,emma.davis@yahoo.com,michaeljackson394,16,C18408843,Mr.,Project Alpha,20.4,WP-IN-240713,ADV-GYP2O4SCID,NC2751248,40175
"8563 Maple Dr, Atlanta",BILL-232784,Jessica Miller,fp_04f7856abfa78540,EMP31649,1019 shares @ $393.42,9772,"$38,651",%B4508936989883529^JONES/EMILY^2502,richard.young@gmail.com,lindathompson969,71,S76754532,Mrs.,Project Phoenix,13.3,WP-IN-465960,ADV-TAVJRUG698,FL1964498,370832
"8261 Cedar Ln, Portland",BILL-242641,Robert Rodriguez,fp_36a91e5b3ce02497,EMP60271,219 shares @ $280.87,5340,"$34,244",%B3597750793568481^DAVIS/NOAH^2612,linda.lee@outlook.com,william.wright342,93,E43513737,Hon.,Project Phoenix,21.9,WP-MX-292012,ADV-W2LWHRBGDZ,NY4639518,460692
"4211 Oak Ave, Toronto",BILL-950868,Emma Williams,fp_afd5baef28fd57c0,EMP97587,504 shares @ $22.62,8794,"$4,870",%B1846883536488876^KING/MARY^2501,linda.robinson@yahoo.com,william.martin974,43,W86155242,Rev.,Project Beta,42.6,WP-MX-218268,ADV-I7W5PURPDQ,TX7087201,52041
"5196 Pine Rd, Chicago",BILL-583321,Olivia Lewis,fp_d019761806e23e2d,EMP90657,3933 shares @ $223.44,0520,"$1,334",%B4617766858425518^MOORE/RICHARD^2404,michael.martin@yahoo.com,aiden.brown729,59,R36710692,Mrs.,Project Zenith,82.6,WP-US-922471,ADV-8PECLEEHTK,IL6067841,60119128
"4111 Park Blvd, Berlin",BILL-561017,Amy Harris,fp_818173cff154c109,EMP74771,2135 shares @ $231.57,0772,"$39,089",%B5452418906584181^WHITE/JENNIFER^2511,mason.young@outlook.com,oliver_davis641,74,J49097207,Ms.,Project Beta,14.8,WP-FR-284670,ADV-79C85AFSMC,PA3016035,46170
"3656 Cedar Ln, Dallas",BILL-316375,Oliver Lewis,fp_b7a427db222dd880,EMP71041,150 shares @ $10.69,5204,"$46,240",%B7772169310285738^THOMAS/LOGAN^2905,mary.brown@yahoo.com,noah.moore4,93,R37485767,Dr.,Project Beta,86.8,WP-BR-636474,ADV-5IHZS6WIET,TX6458729,567925
"7792 Pine Rd, London",BILL-899893,Jennifer King,fp_5add9eb261baeae5,EMP61381,4994 shares @ $469.06,5701,"$6,260",%B1165407456381637^LEWIS/JESSICA^2904,david.taylor@outlook.com,susan_moore516,68,I76092117,Prof.,Project Horizon,7.7,WP-US-616961,ADV-PMWMFEKSEN,NY9149724,466697
"1081 Oak Ave, London",BILL-535618,Patricia Thomas,fp_cb91777ff6ed843e,EMP38861,738 shares @ $469.2,1419,"$2,092",%B3671602939553325^BROWN/SARAH^2502,liam.king@gmail.com,jessica.walker40,35,K16772611,Prof.,Project Alpha,34.0,WP-US-552114,ADV-S5U8P8VDDF,TX1448742,48720
"970 Park Blvd, Phoenix",BILL-731132,Sophia Harris,fp_3d69ff6a51f45c9f,EMP20653,914 shares @ $111.85,8954,"$42,544",%B7883654564975776^ANDERSON/MASON^3008,william.king@yahoo.com,mason.walker864,76,H93439179,Ms.,Project Zenith,74.5,WP-BR-751873,ADV-9PKBI0N82E,NC3912968,3723486
"7037 Main St, Portland",BILL-412997,Emily Davis,fp_c1775cd93d99f5e2,EMP49940,200 shares @ $152.58,1197,"$42,248",%B7168006421201240^TAYLOR/ELIZABETH^2407,john.williams@yahoo.com,mason.anderson431,84,C32468997,Dr.,Project Alpha,92.4,WP-IN-918701,ADV-KL5M9USS51,PA4288848,556984
"189 Maple Dr, New York",BILL-392255,Jessica Moore,fp_4b5a3adda1856028,EMP83229,2284 shares @ $315.08,0444,"$1,370",%B3529589774570853^MILLER/HARPER^2402,anna.garcia@yahoo.com,lucas.clark651,89,S52691007,Prof.,Project Atlas,50.1,WP-MX-492899,ADV-VJR67BU5T9,NC9123503,601191027
"4540 Maple Dr, New York",BILL-941033,Susan Taylor,fp_f335e4ebdec71426,EMP91330,2440 shares @ $489.23,9690,"$40,807",%B3002290997949900^SMITH/EMILY^2610,richard.walker@gmail.com,emmadavis317,38,H42763042,Dr.,Project Beta,16.4,WP-FR-800928,ADV-LSEB731FDQ,TX7342025,49634
"2848 Elm St, Paris",BILL-484394,Robert Young,fp_e2e9dac3d79bfd79,EMP55411,2556 shares @ $431.26,6216,"$12,968",%B4483590404448023^WRIGHT/HARPER^2510,oliver.wright@outlook.com,sophiarodriguez95,26,Z16916695,Mr.,Project Phoenix,75.6,WP-BR-632605,ADV-2Q7C9ZVVC1,TX7961750,51555
"3870 Main St, Tokyo",BILL-984170,Jennifer Thomas,fp_0000281a00d7f65f,EMP91831,604 shares @ $466.92,4600,"$4,821",%B3627130837414062^WILLIAMS/ROBERT^2507,elizabeth.johnson@yahoo.com,james.white301,82,M11504076,Dr.,Project Alpha,59.5,WP-BR-268270,ADV-6QD5FG03UY,IL8400082,376089
"1557 Oak Ave, Houston",BILL-669666,Mary White,fp_13c78d2daa0e9aa3,EMP85714,647 shares @ $44.69,2368,"$2,157",%B8686299761574356^JONES/JENNIFER^2411,sophia.lewis@gmail.com,jamestaylor170,15,B98246972,Hon.,Project Phoenix,80.3,WP-JP-164421,ADV-O9R7ZJT4EK,PA5665355,3729275
"8547 Elm St, Seattle",BILL-869905,James Jones,fp_00a3cdd48bcacc1d,EMP92935,319 shares @ $491.7,9369,"$24,558",%B2424113161529983^THOMAS/DAVID^3006,ethan.smith@outlook.com,emily.anderson381,7,G41764485,Ms.,Project Atlas,67.2,WP-MX-366385,ADV-7EH7YL7X01,CA1142550,56029
"279 Park Blvd, Chicago",BILL-439084,Anna Lewis,fp_2ce3ffe90d82de2d,EMP41969,996 shares @ $64.5,0112,"$29,451",%B0322063873720564^LEWIS/EMILY^2610,lucas.garcia@gmail.com,ethan_lee435,10,A95798953,Dr.,Project Atlas,94.5,WP-IN-115855,ADV-1DGMGB6ERC,MA8371317,45772
"8839 Elm St, Seattle",BILL-595721,William Y. Brown,fp_4c909655c7abea8a,EMP19310,3485 shares @ $379.26,9619,"$16,199",%B8078364961281785^MOORE/SARAH^2605,ethan.miller@outlook.com,amyyoung939,1,T30319821,Hon.,Project Horizon,7.9,WP-IN-527337,ADV-JPK59XSG3A,TX8235810,59906
"5892 Elm St, London",BILL-500385,Noah Jones,fp_4176796a78c3567d,EMP31096,3920 shares @ $321.43,7948,"$31,606",%B5989442664252145^YOUNG/OLIVIA^2602,richard.wright@yahoo.com,masonrodriguez573,74,M80349173,Prof.,Project Zenith,74.9,WP-MX-758922,ADV-KOBPQXXR0O,GA3436749,376196
"8887 Cedar Ln, Austin",BILL-641938,Emma Harris,fp_ffded1d34a374408,EMP50479,673 shares @ $89.8,9566,"$30,420",%B6720226599670162^ROBINSON/PATRICIA^2508,noah.jackson@gmail.com,harper.johnson137,88,J47855509,Dr.,Project Horizon,89.5,WP-DE-544838,ADV-O7RJNQLP8B,FL9047739,541125
"5778 Oak Ave, Atlanta",BILL-195280,William F. Davis,fp_636328a674dedcf4,EMP99720,4735 shares @ $360.31,7238,"$49,340",%B2198376946335254^RODRIGUEZ/RICHARD^2410,david.jackson@yahoo.com,patricia.davis689,8,P50770723,Rev.,Project Zenith,96.5,WP-IN-303999,ADV-FJVW54RZYS,PA9090219,43565
"9346 Park Blvd, Sydney",BILL-330380,Sarah Taylor,fp_9e12f4e61c28b13a,EMP64182,2231 shares @ $169.81,7054,"$44,442",%B7365305692342666^THOMAS/ETHAN^2410,logan.taylor@gmail.com,amy_jones861,37,V65255220,Mr.,Project Beta,33.9,WP-IN-446840,ADV-NNXXV8LKFH,IL7166753,579654
"971 Elm St, Paris",BILL-859804,Linda K. King,fp_cd6df2d0c046bfcf,EMP49112,2624 shares @ $381.53,7691,"$48,929",%B1157962350138039^JOHNSON/NOAH^2709,jessica.garcia@outlook.com,liam.moore910,23,R50330067,Dr.,Project Beta,62.6,WP-CA-343674,ADV-1ZWKCATO0Y,NY7379880,60117550
"1877 Main St, Dallas",BILL-412700,Michael Clark,fp_b0da094a52a4d02c,EMP11690,1394 shares @ $273.24,3540,"$41,342",%B2975376133248766^MARTIN/ROBERT^3008,john.smith@outlook.com,harper.lewis48,61,O45495569,Dr.,Project Beta,89.4,WP-BR-174243,ADV-5OZNFMR6WF,NC4529690,463751
"2994 Main St, London",BILL-517883,Robert Thomas,fp_89401e0b035d7b01,EMP90451,3027 shares @ $154.16,6084,"$10,913",%B0410794259865417^MARTIN/LOGAN^2607,olivia.williams@outlook.com,anna.taylor535,55,M85630554,Hon.,Project Beta,60.7,WP-CA-305939,ADV-4SWGAY259B,CO1990518,60112859
"1696 Cedar Ln, San Francisco",BILL-917111,Elizabeth Miller,fp_939332f0aee80ee0,EMP73158,274 shares @ $479.92,1588,"$39,942",%B9259308727461422^RODRIGUEZ/EMILY^2705,jessica.walker@yahoo.com,robert_brown36,7,S73292957,Dr.,Project Atlas,36.1,WP-BR-591613,ADV-LMGTFCWBDG,MA5783585,3717724
"86 Pine Rd, Toronto",BILL-548127,Lucas Walker,fp_680e356906248afd,EMP96959,4722 shares @ $346.5,3715,"$6,178",%B2510509717491970^KING/SARAH^2904,william.johnson@outlook.com,oliviathompson180,22,R42975501,Ms.,Project Horizon,84.9,WP-FR-722876,ADV-V4VV0ASM94,GA2276173,60110771
"8897 Pine Rd, Seattle",BILL-909020,John Garcia,fp_54a760b66e0f9b03,EMP28680,127 shares @ $139.99,0529,"$36,027",%B9639292125331179^LEWIS/MASON^2706,patricia.taylor@outlook.com,noah_anderson751,46,W63799990,Prof.,Project Alpha,23.0,WP-DE-205427,ADV-7T9B0JR9N7,OH4012603,375659
"7526 Oak Ave, Houston",BILL-659393,Liam Thomas,fp_6fa22d49e9ffa7a9,EMP94580,2601 shares @ $423.82,2012,"$6,333",%B6956735078739037^MARTIN/AIDEN^2808,harper.garcia@yahoo.com,noahwhite775,65,W28542486,Mrs.,Project Horizon,72.7,WP-GB-173387,ADV-WP66GK4RWF,OH4177854,44563
"2589 Cedar Ln, Denver",BILL-774285,Harper Miller,fp_c6d55d4dfe97f4ed,EMP31379,1753 shares @ $278.9,9489,"$44,438",%B1502191580596015^MOORE/LIAM^2506,emily.thomas@yahoo.com,jennifer_thompson783,46,N26450146,Rev.,Project Horizon,3.1,WP-CA-801525,ADV-4X5G5B09OA,MA6918929,372230
"3082 Pine Rd, Portland",BILL-551671,Ethan Johnson,fp_ecfa95570135a40a,EMP49839,487 shares @ $330.1,2340,"$17,080",%B3324275461257953^WALKER/OLIVIA^2506,michael.harris@gmail.com,anna.king945,48,I49465142,Ms.,Project Beta,3.1,WP-GB-855189,ADV-F4OWWMDDH6,IL8365729,55009
"541 Maple Dr, Austin",BILL-238740,Elizabeth Taylor,fp_25a5edde2ce2a6f4,EMP77880,2775 shares @ $242.85,1577,"$18,812",%B7239926961167901^THOMPSON/EMMA^2903,liam.lee@gmail.com,jessica.white213,76,H89376003,Mrs.,Project Atlas,87.9,WP-MX-685660,ADV-NVGO2XX7ZL,WA4445454,552330
"594 Main St, Boston",BILL-825875,Susan Brown,fp_65fc70350cc3972f,EMP61129,4007 shares @ $177.12,9474,"$33,122",%B9459934234593141^YOUNG/MARY^2910,aiden.jackson@gmail.com,emma_robinson390,54,C85475946,Mr.,Project Beta,53.8,WP-BR-240210,ADV-HU0CTD532H,PA8434981,371140
"3319 Main St, Denver",BILL-162107,Susan Smith,fp_6a0efa79498f130f,EMP57251,3094 shares @ $438.6,8482,"$40,997",%B4637549557517574^LEWIS/ROBERT^2610,mason.johnson@yahoo.com,loganwilliams76,99,T88997168,Prof.,Project Zenith,63.9,WP-CA-516528,ADV-GTPKYV71AD,GA6378906,53417
"3592 Cedar Ln, New York",BILL-717462,Liam X. Lewis,fp_aca5373a5afb47f7,EMP25227,3235 shares @ $388.16,8205,"$18,954",%B3620588019013863^SMITH/JAMES^2706,lucas.wright@gmail.com,ethan_martinez505,81,R56739243,Mrs.,Project Zenith,48.4,WP-GB-942247,ADV-6UTCD6CXD9,CO3087668,60114066
"1646 Cedar Ln, San Francisco",BILL-932589,Michael Young,fp_8d45904e89c441dd,EMP68330,3845 shares @ $189.75,3211,"$23,262",%B7144033083921359^KING/WILLIAM^2808,robert.young@outlook.com,susan.davis888,9,U23595242,Dr.,Project Alpha,55.5,WP-MX-620985,ADV-WWQ3G5RJ4R,CA9696277,45146
"4243 Oak Ave, Austin",BILL-113724,Susan L. Smith,fp_80000e51ebafc40e,EMP10733,2640 shares @ $57.28,5761,"$46,633",%B1293295597291703^CLARK/ELIZABETH^2510,amy.brown@yahoo.com,lindawilliams715,50,R85873605,Rev.,Project Horizon,79.9,WP-BR-911437,ADV-PO48TEYSL5,FL8880472,447131
"6600 Pine Rd, Toronto",BILL-474434,Aiden Garcia,fp_6aa5b44e22cc17c2,EMP83620,1565 shares @ $243.51,5716,"$10,280",%B8468915558229250^SMITH/LINDA^2603,emily.jackson@outlook.com,john_white839,52,S36699086,Prof.,Project Zenith,69.5,WP-CA-450277,ADV-0BKZUWUVIW,WA7349543,3756570
"6981 Park Blvd, Austin",BILL-928970,Olivia Jones,fp_c2bc023b3604fdb0,EMP73918,3459 shares @ $33.35,7473,"$18,023",%B4804987729552548^KING/SARAH^2801,william.brown@yahoo.com,olivia.martinez287,98,B17623149,Hon.,Project Atlas,66.5,WP-US-953368,ADV-8L62BGHXA3,IL9006954,60113968
"8281 Maple Dr, Houston",BILL-965101,Sophia White,fp_b7729e725e170503,EMP56229,528 shares @ $311.02,8669,"$48,214",%B0021312711838852^BROWN/OLIVIA^3006,anna.white@gmail.com,mason.robinson380,100,P43220004,Mr.,Project Beta,33.1,WP-BR-423862,ADV-0JBD2ZZUAU,NC3774534,52000
