signature,database_connection_string,boolflag,hashIdentifier,voicepr,social_security_number,password_hash
sig_8e93f1e4edbb976a,postgresql://user:****@db-staging.internal:5432/main,yes,6c2098fe3b1e8437dd62c9c8d3cafd197a9766fcc4d1e420b48fe2f78d84bd06,voice_b2f6b0f452875428.wav,799-66-6433,$2b$12$ZCaNOH1xhTLiBgIu62j1dvOWRkzBDcY4yXkKwWHXKdgieBY2Aq2Vf
sig_a3460891d78783cc,postgresql://user:****@db-prod.internal:5432/main,1,0116e991665b0862553efa949868137f9c7dc813e2cfd5d9d7c6d6a6b8f57657,voice_e16d094e28f5cca6.wav,162-42-2633,$2b$12$gVcCPPkmyjI37SbVmpB8ZxISFH5VHwVQuAsGUdQOnWxLGaNpOZz0I
sig_b16fa16df3b393b0,postgresql://user:****@db-staging.internal:5432/main,yes,3917cd748d8ad8743c679f0360b4338bdb970cb1bf98d87428533d8bb0a1bfbf,voice_466ca3bf76311cc2.wav,727-16-3807,$2b$12$SEc36qiqOgFJEu5j29TQIAVh5eAy60fOJIg7NHU9jNAb0EuIegDJj
sig_1e2075a9efd6e4b0,postgresql://user:****@db-staging.internal:5432/analytics,yes,5dad7f33b83dd15c3b1e3f74ff49932b49d00e804809e67b828b25aaefc2bf42,voice_d9de9df13fc40388.wav,744-41-5792,$2b$12$0agdjT3PyBnB8P6eBVj3acS3wHxY5iBmirgYlvB9oJBwpBwovXZqL
sig_287513ae4a591526,postgresql://user:****@db-prod.internal:5432/analytics,false,8ee3d81710ef7de87537a32f303038e102742c7eab71050ab835523a30393e62,voice_d200bd4294478ce3.wav,150-67-3692,$2b$12$CCWZNg71PM1mWpxdJYE7927j8iqxXYM2m75RxJLxJmmlrfVMqqAQp
sig_ac7ed7b948a4f3f0,postgresql://user:****@db-prod.internal:5432/analytics,no,ed5d0a020e17204adbc566968b9532664e9e0c10f821174ad96654b57a27d5b7,voice_3a2c74289064dfa4.wav,103-91-1923,$2b$12$KpKBBJEdFwTxXvsosqsB3ZN8XfjdWFj60X0fQlhE30wul6tsntWki
sig_3d176c14db84a2db,postgresql://user:****@db-staging.internal:5432/analytics,false,f9bda39726d77d2e983ab816757386be89135665287533cc861fe5ad89bbb9dc,voice_4899df327540550c.wav,136-14-4901,$2b$12$8b3qgAUaMdeGBMKXQsOrBxW8zWxcx4yNF1pStsDzcEdtB6KGK5JgE
sig_61587150eb12f2b3,postgresql://user:****@db-prod.internal:5432/analytics,1,df9a1f00f519707b3affa8d1e7b89455a4ea2244c8e95b2f9f420a94a5fd3a93,voice_e787241fce3f8dfc.wav,481-92-9200,$2b$12$CxydKfMAVoVjlGn2dMnPSPWyI7BdpPUoAJuy3JYZcIa2dXS2zgMvD
sig_411139b0ecd10dc6,postgresql://user:****@db-prod.internal:5432/analytics,false,f820c300e3f047273b7f3a65b7a498e5b9173d6653725d41c3660c0494a81e49,voice_e7f8fb468aeb3931.wav,700-58-7510,$2b$12$X1WvgnlvcKW4nJK6wDLDQSxkZWw6pKtY5aXzcZf8XozizZf0UfRqh
sig_c88d94711b600f57,postgresql://user:****@db-staging.internal:5432/analytics,0,4c07917e56a52508c5b6e8e51ceb246f7d18b393dd78d7d0464451e86832afa4,voice_f237451b177a3231.wav,827-66-6869,$2b$12$rIww9NGec2KgLnJoxoo1uSkFvoHNarq3IOgePjdcQkMOM4nKRcmhw
sig_b6fe024049883f42,postgresql://user:****@db-staging.internal:5432/main,false,fd367038e4a6a822cd990be9450562759f81b2e8bba5abf88c97d34f65d76f1b,voice_17c15ebb5beb87ed.wav,800-53-5487,$2b$12$l75tGGV6VVoKNdL2ESSVv5BzdPNI2MRK0AYNwEgy69tbM60NNcOq8
sig_919bb417490f49b5,postgresql://user:****@db-prod.internal:5432/main,no,67ab72c9135ea7f7a0aca3959b1fd38688d8b9384007d6a9fa2d4191aa2d913d,voice_f5b4a05bfd181ee3.wav,XXX-XX-2606,$2b$12$jyoNmMzfT4acMysmLtGbH2g7DsTCVjob68YKyBMeZCGvNrrfDVdAk
sig_1351791ec8fecc6c,postgresql://user:****@db-prod.internal:5432/analytics,false,f76b170411094e89a69b85e4a0914b4ad634063e33c31f84898387a83d41d5c1,voice_e6ef8eadca4b40d1.wav,485-88-9181,$2b$12$20FZy9czZAmpT6VL5M5CYf1BcEObTf7Ibse0Y6aFjNR9nnv1LraIN
sig_2359579d1bdcc8f5,postgresql://user:****@db-prod.internal:5432/analytics,true,3f67371e638ce40c28a733fb449b161358393c55744d2a743c2433f33a14e7eb,voice_f9e3e85365dfb93b.wav,XXX-XX-4449,$2b$12$giO0hWwpUab4AzvY5Yerv6sMZGAsFZZ5q2Rh2uapeql2J1urjFPLX
sig_35c3fa9640415fc3,postgresql://user:****@db-staging.internal:5432/analytics,1,de02fc5c7d75f7a5cb1147cf59b97b1f2d308c807e4961c5e8a9eaa0682992f5,voice_72849af15a5a7442.wav,XXX-XX-9945,$2b$12$SRXZg0nNQYynKLbGSOGrKcmTQ7xgXPuOgPDAGP1P5obIwPGprhjFD
sig_1412876ec2e4b2f8,postgresql://user:****@db-prod.internal:5432/main,1,d803d15097784db4411c4c4dda9df06464900a875e5e449aa1498d0001092b0a,voice_33289191487d3ed6.wav,120-15-3080,$2b$12$YYeehvIpP3ZwhawyEUiGHeG6yWVFSkgkKANEl2p1pldBrlsu0ctBq
sig_ecfea641db7ae836,postgresql://user:****@db-staging.internal:5432/analytics,false,e16c473d0f6c692b2d2dc8faf464e9a74106ff0bfe05a4daafbe2e1ea7c7c333,voice_b17d279b5572ac87.wav,173-18-2834,$2b$12$FIlFkKqwqpsAhqf0rH5FpKUKmooxAcv1UoSTJnHVc2avXd8VqUImb
sig_e3d8408c6186bcfc,postgresql://user:****@db-prod.internal:5432/main,no,ee518db435a16abdbaa218830e5c7e864a2bfdec1da0eca28265b5c8180f8c42,voice_ea31443b44075fbc.wav,194-76-4328,$2b$12$RcPbIJIkiUi4NPatxkt8GLjoyVsPhSByoyzwGZrt8sON1S0nmfp7C
sig_594fa5c815ab154c,postgresql://user:****@db-staging.internal:5432/main,yes,cc1c743a4f2109bcb24d1b9cc42248040df8632ab63707f93a0fee1fdc50ed4d,voice_6a196176ccde74a6.wav,665-47-6104,$2b$12$Q82RwjqgWJqhYT6xV6tkZJa19l8ju0W3l3o8ffl3ni6A5CJD171MI
sig_42e0979f84b54bb0,postgresql://user:****@db-prod.internal:5432/analytics,1,ffb955a957c1a172c1b455e172eeff9a0df529d7e411eeaca0714cc0b6718c2b,voice_8357cdd3616980ca.wav,XXX-XX-2478,$2b$12$03cHzWyeF8LbswoMhfYgQrOc7UD29jATEBqrhGqHfrAlQQSXd1fYa
sig_7490da55fc957d13,postgresql://user:****@db-staging.internal:5432/analytics,yes,b1172cc31bb700a7e5cab9d47dedaa2296ccdd79fed65b026f5d6801fa42a948,voice_cb12a834b0b02cd6.wav,758-12-5512,$2b$12$tD1K8b9TdYLqTzyrsrek9us5576gNBEgwrKXUTC48AySCeE30LPNV
sig_4fa61747bcdf9463,postgresql://user:****@db-prod.internal:5432/analytics,false,96ea0cfd68a01e33c0551ba1c3efefa40fc295595989fe6a045639d05c96a4c3,voice_9e2c42f8275ffb0d.wav,XXX-XX-6698,$2b$12$efgsFMR4Jugxpb0VX7E4hI8Kl0ywizwa9sTcQRyPYTAaqAzUrwhIe
sig_8314dc35e480a9a6,postgresql://user:****@db-prod.internal:5432/analytics,true,3b38958af45e47bbe714d9d3666587cdf656d86b458c90aef0dac323c941abea,voice_4009abab49faf730.wav,265-45-3212,$2b$12$BXWT0UHdUDw6Df5rkyZTByYro49CXGwpVhxWECBbi5cgwFBx8EZLi
sig_0ed17a18e794b3ef,postgresql://user:****@db-prod.internal:5432/main,false,12e0e08f7b348ee77cf34353985683d00268675460f907ecb0bea329e8431a87,voice_c72f4cd1ae665849.wav,894-70-9253,$2b$12$zMsHniTQFwkTnfJZQ108yssbAMF6OZeer4ATfH58I41FeJugXyLba
sig_5fac29e951773b2b,postgresql://user:****@db-prod.internal:5432/main,yes,944cd2bb8aec74a399b2a812369b8e2878d713e3f4395efafd7df3fe7188e63d,voice_864a3c0496c02da6.wav,654-34-8737,$2b$12$UtKTME2SsYHM0ZogWvWh3R2JtJHKI0cp7ITqTGZM9WhYTUFxI2FYs
sig_debc9bc091c11e47,postgresql://user:****@db-staging.internal:5432/analytics,true,cb07cc34346a846e46e2a7f5f04a7e9eec82b1ae465e41e684a618b7ae5ac52e,voice_b12c2aa247a6df0c.wav,XXX-XX-2530,$2b$12$agbxxbtX5TnzsTXBjQlNhclxYs6EuyVKAC6zuvopK6PSa5dF5E5ZC
sig_0739b33c31423b5c,postgresql://user:****@db-staging.internal:5432/main,0,50185d556f82d3600e54f6cd55219b6ebeae2060ae25ee3a7a2c29f0b7cfaf92,voice_60c7e3e99533315a.wav,255-98-7696,$2b$12$OL33FacqjnrwSQ3Rw4OsDYkyjF4MOCoZL0z8LpyW3QOXKCtsqxBWD
sig_315f730bc6d77f71,postgresql://user:****@db-staging.internal:5432/analytics,no,23400f70bfbfeb5d54a9d46a305625f65034f77e633da1573c8227909af9be5a,voice_82bb24d00d12ed3e.wav,XXX-XX-1475,$2b$12$WP4THxpbFGx6KoMVsYt89KmRm5fvwjfTBkuMt5bJ5YiB2wNi6O34F
sig_e4fc38c598033bcc,postgresql://user:****@db-prod.internal:5432/main,yes,05a05167bae1f2a7edc3a69a8c7bc376bdbca990e248183c791bd0972f24a1c4,voice_807cad26b7994864.wav,626-92-8413,$2b$12$qSQLQVhwwM8vM1l13XUbDTMMUKavcG5yaLTAcNXmQGWaXk6thhpNZ
sig_65e354642f54d53b,postgresql://user:****@db-prod.internal:5432/analytics,no,0e2deba65a1c366ece09c745c9e2ed2d5a144056c4de7d294ba970cf67b58d18,voice_13e9d345a1f581bc.wav,689-88-8387,$2b$12$AjlvmiBnq3tpX4aPALAybJoD7cgmHeEPjYfN5l9Fnf62LCD7XXLxR
sig_469a7e307ce60839,postgresql://user:****@db-staging.internal:5432/analytics,false,4446030d541142e5aa61a0cae037913a710a367cec960f09b6c913f6ffb5bced,voice_d74cf1a607f2163e.wav,648-39-6962,$2b$12$8dnFNdue6yGSWjvgjmieobd6Yx9hMZeewJD85R7iEI43evxTS1c4h
sig_a81a1d477aade88b,postgresql://user:****@db-prod.internal:5432/analytics,1,9029059c638c3b24648c2d1baede0af29f695093a0c20a23fff16238c8eb4108,voice_5f3d6d8b180f0fd1.wav,XXX-XX-3323,$2b$12$2oHQAmHsKetxfiJ6iUP3UrcYzZwsk0yx0nAHNbl2VreLQqnCjagTI
sig_0524315809aa81a3,postgresql://user:****@db-staging.internal:5432/main,true,b2a04784394b86f1aea1bdb17898d954fc23a5e3c67a613e94220a6c9dc38505,voice_c7bd84ba2b7840fc.wav,686-58-2098,$2b$12$Bc7asRSl5JAyzyi3FMuu60m822mMIw7EJ7rCaE57igRpYv8HE2XmZ
sig_08bfc6d90cd88a66,postgresql://user:****@db-staging.internal:5432/analytics,false,23965da21c2e523707c002ae7b16bce18f1c47dbdbef153828bdc324e8c16342,voice_89b1237c94a35ba6.wav,135-64-3654,$2b$12$B6DeDRjll58kRc6CNRRxUigmhlpRWzYZi4GldxirWDkqlJ4TjMDXj
sig_758d74b5a3773840,postgresql://user:****@db-prod.internal:5432/analytics,true,ccf8238163148435ed0fd7a337ee9abd4d5c05a6a8db644bb8e885984c5efec8,voice_79ec806c7a9beb9b.wav,XXX-XX-6255,$2b$12$zjACdmTDQn2ROwJc7SUtF8ymeMEtp0g7q2eOeBu8Uni4UZemSoxsx
sig_545007dfdd2039bf,postgresql://user:****@db-staging.internal:5432/analytics,true,839678919b32cf14f1d722808678e83ae8cc4e634aac1466a13de2f64f929f42,voice_b71f52e571f8d0c5.wav,694-24-4736,$2b$12$MaskGJh21zNH6FDxmgBOIBpd0pA8Qfhy41YQid5tKnYhRkR7FTtqY
sig_be65c77ffc8eaefd,postgresql://user:****@db-staging.internal:5432/main,true,bf1bff97fd650ba80e365681b6b030d9ff84816c95ce5663b82533d797fbbcb4,voice_6b6ebf08fc0ab566.wav,XXX-XX-6051,$2b$12$yewQYozYLQA8HWaytgFaSf683o1wNjhNjqdcKkZbA7fPz1Lz3aBkg
sig_3dd712c789f1adcf,postgresql://user:****@db-staging.internal:5432/analytics,true,86980e26d8187ff9b65fc458bad9617b83b116343f196d05a7af994531ffc068,voice_4c71ea88ddf3e788.wav,319-68-9099,$2b$12$lsKgwSt9SaqsumyW6dzCZ4nywv4lifCybjYqCTmCc0We2AJf3rIYA
sig_ffb4734ddc145d3c,postgresql://user:****@db-prod.internal:5432/analytics,false,77711ee11e688d3e01756520bac20e3a4d59013f85a61c08cd797db4ed2d09e0,voice_011b3e7562401abb.wav,366-95-7275,$2b$12$wvvBvCnN7spLIDAes3BmgNWVjRk1IWHK7P32C01ehBD6jWwnmCKne
sig_9430cbcf75aa38f5,postgresql://user:****@db-prod.internal:5432/analytics,0,b3c662794df5c5bad7d05f0eaaa65ea73745a80f5ea26e77859119dc5eaf576e,voice_c157f806364ea95d.wav,158-13-5856,$2b$12$XPCxxRVoYOhCrnmN9ITb3FgIRsi5KAvm0PQAQ0jYM9rF8MGBjW96j
sig_6747a02866afde91,postgresql://user:****@db-prod.internal:5432/main,yes,b09848593385e17946522f398f50dbf658d26d1a223ca9a86aaa13db0d70c268,voice_ef4881f9db9922f2.wav,XXX-XX-9720,$2b$12$g2VBhgj9wszH1f09ACdZP1o4VFql1OZBcxo2ny4g4PDBeGrygiE9p
sig_b885654717214227,postgresql://user:****@db-prod.internal:5432/main,true,bbf2afe70587f939c061a04be8b894febd03c19e033d198781cbe656579ade36,voice_8d9a56d867149946.wav,676-92-1483,$2b$12$QH5HZbRyuLVlgLxeQkdrFQu79Qnm2pfRpoHWPsx27l4Wi078d3h8Q
sig_65f01c6324f649fb,postgresql://user:****@db-staging.internal:5432/main,1,ad491e95c19de71bc78c4ecbbaea538385d425d8781f5c8f00c99e758e072387,voice_2eb58610c0ca7b23.wav,604-63-8507,$2b$12$kmoijmd5xTwSd30c2J7McIf72eb1XKhIV26zuc7Iex21m5gPmOmvR
sig_f27b486068df3d5c,postgresql://user:****@db-staging.internal:5432/analytics,yes,39ed685ca3b4135a6f75f9dbf14d652679bd6de43834b55dcdba0f3a32d568bd,voice_316736e7c8e6bb61.wav,465-15-1068,$2b$12$yE2TGoQy3hk1dTzAJnslvSOybfwvyal4O2yFo8FnBO2T0xYSyy2HW
sig_717f5214a1becad9,postgresql://user:****@db-prod.internal:5432/analytics,0,ee88ba75787ae48dc6d1c5e45c592befcf3d875e520318533655a78ef155db67,voice_c57207df9aefd2cd.wav,463-93-7976,$2b$12$Tki84Cl7ye5XqtaktU19L18G43Ypb23x2NmTL5xIm1WQ709uRjlGN
sig_f16bbedd3093fa0e,postgresql://user:****@db-staging.internal:5432/main,0,03782af6c2d81a8a9bb8e35fa44a953403b787e6f610c44e48b8e6761f4ed969,voice_79d1ece15c1c993e.wav,353-70-8950,$2b$12$QX3X2s4A7TLSamhx3eY0RXChij2Isrr2x0Xc6EKSZWvlrEyZoZliD
sig_8948a336ff8900df,postgresql://user:****@db-staging.internal:5432/analytics,true,cebc62e0a69975d0a9d9bd2080126b11e2929abf8caf57f6c305bb00a7e9eb9c,voice_02ce8090acd5c43b.wav,516-82-7693,$2b$12$d6tV1Csi7iSmsfQo2fje3wchNJkuWTz9eD38jqYWIY0xNV9cGuaP9
sig_d98f349d5d982d24,postgresql://user:****@db-prod.internal:5432/analytics,0,252b7d12ec95ca11cd8e52c3a2210701ecb5b0fa1dccd3e0fb86e17b2f8329f8,voice_c412771915723965.wav,671-47-7359,$2b$12$Nmqy39CD1VRaDGhJmWYiztfhNuGfOqjZd78HPHXBHa9w6QWXb2ow3
sig_4467fb91f49b072b,postgresql://user:****@db-staging.internal:5432/analytics,0,881e59a16c7ece48b994851e3a3fa19f766abab12d6665ed674fc82ad0d2b0ec,voice_2b0ef919e1762abd.wav,110-31-1798,$2b$12$sRWfvMb8Wg2wsflVuBW28VOfEblXDHPhJj6TLSIOddn0dbk8PiGB9
sig_ff5a729f4546e90f,postgresql://user:****@db-prod.internal:5432/analytics,1,a0566a72559352983ed5dae7c7ef88ae3f7a6e4483087a44da7799fd2f877e65,voice_270177e6d4db6bb8.wav,343-56-7777,$2b$12$mcW7BqE9D9pVCbyl2dwglFDs7JPhR0TjNVmy4y4FCU9xXogSkH0WV
sig_34230b8fc1cbd9ea,postgresql://user:****@db-prod.internal:5432/main,true,f3b01c2405098a60b146b4cf9fe687486f52c458c8d8a48e1110b7294abdecb9,voice_6bda4f72503abb16.wav,XXX-XX-9350,$2b$12$CjRct9AhaWzYgIBp3OnW0RX7bh7tCdDiJXlGH6OJSBJLhEp14O1GU
sig_dbf0930eff42721d,postgresql://user:****@db-prod.internal:5432/analytics,no,43481dd146fa9ba007281cf48a7a83a3f02359e5a4278d5f67188a34681fdc5e,voice_831aa5aa0b5ad88f.wav,XXX-XX-9746,$2b$12$0397R9dy3jth5qOal7e36WdbeVxlXjKdp3kWTaQ6gUwlkPbw0nzFw
sig_bc24b01d3d48c0c0,postgresql://user:****@db-prod.internal:5432/main,yes,d999ac794172f3eafb2c896357cc63ceb6f2e173e8df0ffb23d335d48e620977,voice_eda81c0c2c429bec.wav,XXX-XX-3396,$2b$12$flKO1wMaQAI7BL6NjUVfkDQEqWgyT6R03QBHxnxzIl4HyiJ7GVf7g
sig_df90b26052480991,postgresql://user:****@db-prod.internal:5432/analytics,no,266dc5af040cb4e6b4f3d8c26bc84b03ce126fb81b7485ec82bcd0783f5428cd,voice_610757cd5a6c1b03.wav,437-33-5196,$2b$12$zNxSf7b5a2BXN2g6nj4qDxhsG8UUHRWBcNqp5pTwqaN4jooPdUL5k
sig_bbe8928d20505617,postgresql://user:****@db-staging.internal:5432/main,no,8a01f3fc2d8892642864a83a8b7161c0e8ce57b254938d2d6113dee962704eef,voice_24ccc19d3cec63c0.wav,654-99-6939,$2b$12$7u2Vk9y5pdOYMhrIutE9DSjh0jInWHcRowIBq1hkTZ3UqydQIppjq
sig_ec37dcc87b5c1905,postgresql://user:****@db-prod.internal:5432/analytics,no,52e48e77b985b5678146ed9eac94a9fed10153436712b8df0fd1cefd82196c2c,voice_2625f305301c2072.wav,311-75-7737,$2b$12$A4DDcYzDpcRhfPECVmzCKnITYm8w3vHeY3q4uu3Ax0nazGnse2BPj
sig_4fccbdd1336ee8a8,postgresql://user:****@db-staging.internal:5432/main,1,af88addbe239e1f25c34ed6140ad0fba316715a7dfd70e20fd7c684f740df21c,voice_e2f8616723cc78cb.wav,XXX-XX-1048,$2b$12$9MIENMpgc2x3NHTFmTRKpVPIUvKrYBHHPRHphJKe1FAnlLJqa2gog
sig_603f79acfa81e5bc,postgresql://user:****@db-prod.internal:5432/analytics,no,a3b8d7acdfb08942ee6299369a9420696736daf8ee66d3b2681a3789569fbb54,voice_bb211cdc82351b51.wav,XXX-XX-6261,$2b$12$eWZjCEyoim8cVQTao3Sqg8r8aAcxXMk4zb66Sg8bh1wTmMdCi4vQt
sig_adb6eae3399e31f5,postgresql://user:****@db-prod.internal:5432/main,true,56a1bf267b042076881b03718b3abcee4d4df39a9d0da3b0fa17357ecb2cc0d5,voice_f49011afd43ab9da.wav,590-28-7125,$2b$12$Ee4lE2YMJvOC0Z3xub9RyC33TWFGI0Q2LDiF98weFdQQmjHMR8eDd
sig_3cfa4d1ae911c413,postgresql://user:****@db-staging.internal:5432/main,0,77a436272144d646d80a047981ac08c4a0c50a362ea4df067421e6f7285cb73d,voice_dac14765ad9acacb.wav,889-12-2331,$2b$12$qxkiNZPjKpROnSbO8WFJjjP6pQffXj93rexZ7AxODXvpoN6k35dFW
sig_a97205d6ce380df0,postgresql://user:****@db-staging.internal:5432/analytics,true,64318a385c1a9601d98286b05f298abca6f674f05f8a365ed8ae43bf4d8072c8,voice_bbddbfcb3c42f0ac.wav,XXX-XX-2357,$2b$12$5XTkVha1rBLvR6SHk7EH5O9RDTZfJPoe0EExugJcPtsPhjZr7qdjf
sig_f7c81090ec04a606,postgresql://user:****@db-prod.internal:5432/main,0,3915dc066a5813103d769f363d28e61490288ed474984f3c0c54069e7cdee5a5,voice_cc92e900d5444ed5.wav,434-96-4471,$2b$12$yoAtPM5qMTAgyGbXDU0OiQfnhRtbQcl9BVv4XQgzrApGMMNCo0vIM
sig_6b2c49eed33c4000,postgresql://user:****@db-staging.internal:5432/analytics,false,0a8f44cc3d9e9a5443b8bb174a478bf461ae44688626b3de2ad251ea437db0bb,voice_7009a4e45f19c987.wav,XXX-XX-2000,$2b$12$XLZZIIWY1nh8GrLNmA44cg5p9mSykcCYNmRXA4U0Tj10EQPamJ6Pq
sig_eb72ea50a8055525,postgresql://user:****@db-staging.internal:5432/analytics,true,d94fbae6ca1d6d45a225b0edf9f4d2f867ed229b44d2f606a58a8beb6dc22814,voice_f59082ae6fa5edc1.wav,201-69-8916,$2b$12$2VuuYvuxAGj9HanAloLiUkxjhHYa1X2gEfbDx5ToAB8iGGEDDNDVS
sig_6e539e75335e4851,postgresql://user:****@db-prod.internal:5432/main,no,87a61b2bef29b92a1e63abe9d53f987e0980a148fe4a66c2b586972a65da6e90,voice_ae92ae242e8f1290.wav,632-68-3483,$2b$12$n1tQdirIBqwyBMDerQgvFqx6uRND3AIGXFMnvuE6tLVmmKzzB1o8U
sig_94e6bdaff36d1230,postgresql://user:****@db-prod.internal:5432/main,no,d16f55a3cdbab865d2ec57353a92075f27a92cf0e38ba7bc7dc186d8ad55e58c,voice_59a37ec1c7e66d54.wav,415-49-2035,$2b$12$gTAkj12fAvGFQMvXfV4MxZrjb2Txj9CB3QJUFthtHaAYuJOGZfXpc
sig_b6314c2992d9ed62,postgresql://user:****@db-prod.internal:5432/main,false,62552f9d553a78619c661e255a0902a9dd24cc45e194347334fe22ee684a0a1e,voice_33e68a55e78e2ef8.wav,491-19-8346,$2b$12$lQNCEMY8nBAgERhRBxQ89XgXGhWcB0FouEsKx3IjELsA7sQuHvlxA
sig_f1769e17355c39f7,postgresql://user:****@db-staging.internal:5432/analytics,no,674a14959d7d337a83268619e4116c0d82b266e7558c960cb36f43cfb2399e1d,voice_5efd71f26696462d.wav,392-65-5448,$2b$12$HhzGp0w6BKKU9oI0wIvaS4vHtHbhPr8914GZ9AJo2Fyin96eZa9hJ
sig_3fe937057eda8941,postgresql://user:****@db-prod.internal:5432/analytics,no,463eed205b9545079d8909959c1128d9dc0240357f151bea1188f381bfe7f18e,voice_842163b08f5aa22b.wav,488-46-8084,$2b$12$zhD8JZAjqzJQKuSqbT9ET3II034zRameAEV8gzpwqAl7Oe6KQWqTr
sig_081483ff62812aa8,postgresql://user:****@db-staging.internal:5432/main,yes,72286f51161ab066342c26fa9f827a7d9ae03291525f660ad28538d284bc413f,voice_ef65a814edb6489d.wav,547-11-9306,$2b$12$eUsOdDbkjBiKTobaT7OCkRLVtGBoVVnNSeCt5T9QoLFrgWtzZx5ee
sig_912c4d7f3e487cf8,postgresql://user:****@db-prod.internal:5432/analytics,yes,2de7d14aa20bfe0a18c1e7e45263960ec165fca9d829b46cb31b41be0397c250,voice_f50b1c5af1e761ab.wav,XXX-XX-4404,$2b$12$eAzboZOtEZaPHCRoz8TTPGVlJ2hJQaHOShQ7Zc6FobzKGUDsSbTvZ
sig_8bac923374a2eb57,postgresql://user:****@db-staging.internal:5432/analytics,false,2a68498405af77a592ac1919f6a87a7b920e8418e4def6629c5828eda7b5c7c4,voice_df5824e1570818b2.wav,710-58-8005,$2b$12$Ge617b6SkWXIIOhyX7MOtQz54UPjmJCkB9aWpQE7a8XLxccpqLspS
sig_0b82a1e21c3ee8a6,postgresql://user:****@db-prod.internal:5432/main,yes,619989e34dd35018a3f2bacf21e734d2f9f40b1a436851d03601a56f8e7764e9,voice_0dd5c49bd98eea82.wav,216-82-8093,$2b$12$AFqxGs1F8LDl21NCDRMB9vBHUWyF50lDzm6Dq9UTK14lPUt7HyHSg
sig_48d2190136bc05f8,postgresql://user:****@db-prod.internal:5432/analytics,false,371da2124848732c9c2b4ec9b8793f133544c596ad64839b316158e6914e7f08,voice_5d0cad4df8713f3a.wav,407-90-4209,$2b$12$wcaFfwGAPgW45k3QSvDMmWLcNdCruN6Vlnc4KLd1aXEX1aZvuMJVu
sig_7b32af4829aef0c4,postgresql://user:****@db-prod.internal:5432/main,yes,2c7187c6b255c3efc9613de751c80aa711d7452273041f1241469b61d0b661b4,voice_285c4c1e92c5511d.wav,176-90-6480,$2b$12$hmrXXXRqHkAeYbvBqSa6nOOusHuFJ8pbQZrQVc9RahqhcvWcKuLMZ
sig_ac45adb5f9ab1704,postgresql://user:****@db-prod.internal:5432/analytics,true,f7abbe3246d5d35f84965b1a045a62432c99210dff6be2bb7f219e175be7f212,voice_3283f23ca5c08199.wav,695-68-9165,$2b$12$C9agO85w4eTrNLa3TWxeMYSX696wKw0MnezWE4UGou0fSTidypcnI
sig_17c469eb6e1de7d1,postgresql://user:****@db-prod.internal:5432/main,false,91235307a5d963bbb73e1d9a3f2bdba3c8f182b9d324e0ded4488a8fce2c6e13,voice_e481bc8c4e3afeb8.wav,862-68-2328,$2b$12$sjoOpZNkJ4cvndbvOodlV3VOKiJaaWK0BOU9CIA32JFRnjidDVpJf
sig_dba7ff5574ae1a3e,postgresql://user:****@db-staging.internal:5432/main,1,23ecebbf89a0fdd0124e7677b5f5a2ad069cf082e34047ecf9f847c4967a398d,voice_84dd7b83210c888d.wav,XXX-XX-3948,$2b$12$2jn8oVpVJclKHgf9DAaC2OguwndPrfpr4UHf1gcGdGALJ2zNC9UVW
sig_12353c6999a840e0,postgresql://user:****@db-staging.internal:5432/main,yes,c05f8e8324659505292ed292ca30799203a93d3f2b4e3452861876975989617a,voice_dd621747a185538f.wav,583-82-2174,$2b$12$tLECtu8rXko5r69DRwRZxFIAfVZTvvLlesm4RY5DH2heiNLHoVJnd
sig_d3e32a9baad0f444,postgresql://user:****@db-staging.internal:5432/analytics,true,9f578c948ae395975ffb18340bc603f8da04102192edd1fb626a7dddc7b832e3,voice_61fba738f11f3f83.wav,XXX-XX-3996,$2b$12$tzQujalgg8nQNk7MzXYfTVz3hiIBXoTPn057bIZFCSS9zAK4KMhJI
sig_648fc1c97f1b6c87,postgresql://user:****@db-prod.internal:5432/main,false,6a8a700745c07e167c842febdb39114f5038925dee10c408f74910592e677078,voice_65b25e3cd69a64c4.wav,699-78-3155,$2b$12$JGkbhIgwV6OfQYVdZJGSkN37FVsQq1L5sDz3NO3suuM9sdBfie0XL
sig_24023fd5c2efb241,postgresql://user:****@db-prod.internal:5432/main,1,598ac0f70345a949cfefc27ad2e06f0f6f66b1b10165160e683a6f9049ad4419,voice_d7ceb3e7333691c7.wav,XXX-XX-4922,$2b$12$fxAKdizIXOJeJWTq1LH0fuXoHiEl0AMJPzeFv94iqeQxRYyGGnkpC
sig_49aa22d69c38759c,postgresql://user:****@db-staging.internal:5432/main,0,e4446043a124a3ca37f0b19344e32a4fb7f3e9783b98ffe4967b11f015295019,voice_646f3c61f81e3aa4.wav,834-54-6509,$2b$12$3m7tN3lsWxWY46VxldO3dr61UCejc1oqCJtJiTDOZn2NlPXr7MoXu
sig_c2cae65e741e0400,postgresql://user:****@db-staging.internal:5432/analytics,true,b0729bdacc6d7a223b685a62149d656050cd674263b34fa507d41f8ba07ee9f1,voice_d749cb8be60b4aee.wav,XXX-XX-8851,$2b$12$80Ekzo8i5sjicGylFyc4vwcwYt8n5m3Msx15ExMQZrhlLuHRl7XaI
sig_6761b174627fc1e1,postgresql://user:****@db-prod.internal:5432/main,no,42c266094e165b30910a4e6699674bb37847c41b170718b55a339ba0c6ce10d9,voice_55a9e5afc5537247.wav,XXX-XX-1647,$2b$12$bPvDYOUJisFHUB01pJdyMdVtwBOnDFlj0rvFaxsxEaavQfIAG53Nv
sig_8e1bcc5a26112dd6,postgresql://user:****@db-staging.internal:5432/main,1,969eb8b34e3bd7670373784acbc648cbac333edf9597cee16fc366f0ed987ea5,voice_cf8a7a998809d796.wav,450-68-8148,$2b$12$H0UeU2XoBAJRf9B1rMzYoDpfOZubp7Fr7x1opcrW1kIcV5zfBbNYO
sig_2841880413c7dfe0,postgresql://user:****@db-prod.internal:5432/main,0,db1353086e5d4a926545f12b2b0552fc1ccca0373267a6cb712455422b2907e4,voice_1a31bc1e53b8a4e1.wav,144-73-4018,$2b$12$J3ANzg5LRia8CpTYJo7GjB2hz1eJ7KeSePP6EYxoenfYnO8OKa4V8
sig_57c3c421371bf6f9,postgresql://user:****@db-staging.internal:5432/analytics,1,daf9ca8bd65874df14cc985afd3a318d3945d582c9418ab8f3a8d731ef7ac952,voice_af7a9dc33d81c4d1.wav,XXX-XX-9967,$2b$12$PPxofpdhgZ8ZAAGDjEjRRPHf7W9GfWGWc78eIBBgra1uZxsb8br4q
sig_f4b9ca398d8535c2,postgresql://user:****@db-staging.internal:5432/main,no,ac9bffdfe3aecc54188c4e9a26fec9b0e37b81412acc3a4b563ff8d244680230,voice_a0ced737c8024ed4.wav,XXX-XX-2699,$2b$12$oARoqpTJsDNe0OO7CXVQZ9mgpgzHeMliQIhkGnwmIvBwV0smXOp3q
sig_5a7fcf170ec1aa89,postgresql://user:****@db-prod.internal:5432/main,false,6b97fc0c045248cedca615a34131afba59b22a55b9cc5aa3209ec327c1e4308c,voice_2525d928b3454c31.wav,XXX-XX-5984,$2b$12$en3LEjivSIET90OQt78rFtlll1iu15G2Y9nt21Dk4JZFgJhBzQNS4
sig_9a0ad190ccb6d539,postgresql://user:****@db-staging.internal:5432/analytics,yes,8138f92696ccdac1f61fb3f437e0bb4cd19dab815fd39212301cb6f48f0c0a5e,voice_13ab9aab02fec14d.wav,XXX-XX-4775,$2b$12$JIm6AhBKbD6U5TDRZbj8g2VqPJZHzYwffLgfWLn1cgNb2DJtCgPAR
sig_1a7636aefb07d49f,postgresql://user:****@db-prod.internal:5432/main,no,e5c1c73043f51423373a64f2d8cf513bc3c7310f33b8e3adfd8e62a1af0d8a75,voice_f7dda46a6a01dd9f.wav,XXX-XX-9379,$2b$12$aD2WNGEU3LNuDEL5ixe7LwHnowoHOJm2DMJ71EeesWVlsRnTXSY7K
sig_2d31ad8cda4946e4,postgresql://user:****@db-prod.internal:5432/main,true,45ee0ec49e28f2458e1517eead9e0bde150c5871f22eea9075666b72d90f7a0d,voice_8558d28ee01e33b1.wav,XXX-XX-3453,$2b$12$eUfVz2JSkPtjdXzLXNL9honJHaLF8M9b60sVQ1JJD6ozCRqzSCJ5B
sig_f9dc182fcf907b3c,postgresql://user:****@db-prod.internal:5432/main,0,e5f407fdee9c59015c9c7c5f8d43e56a54a875b43addddd3c593a6bfde22e78e,voice_2dd0eedf5809f58c.wav,XXX-XX-8970,$2b$12$IeWFExrZwOG3irpk1P9QRMGEPsPhxXYBf8WGjpeccE4uacmmI8DaZ
sig_0790c31d5ef4205a,postgresql://user:****@db-prod.internal:5432/analytics,0,60d1f304af04225cdab7d48b83cf437544e2b28c31d85caaabf93d37fd4d34f3,voice_443cf9a14f37b07e.wav,383-60-5447,$2b$12$6hgsZrBDpdWwggrsGaPMCFzcx9jh4ONq7dMay6HGTx1LobYV4rymv
sig_2c7a6eed00975913,postgresql://user:****@db-staging.internal:5432/analytics,false,4337d75a112fed4f329b6168fad4932dec838365e04e5e0f23027f3bde179962,voice_42bf4956c7a1d6ef.wav,XXX-XX-6649,$2b$12$XJHjVaGseQUc3Om5k5LTosB8ibUdqiv8kqEC7B0mUL5uc2DPXYjXH
sig_181e29cd2f8bd2bc,postgresql://user:****@db-staging.internal:5432/analytics,0,cc1d242b74c30fbfd4e5f6f7c341d973221df95c81de80071456d8c5e819acf7,voice_1192a60d87ccaf8b.wav,785-27-7403,$2b$12$pCags3VZYX7baKUv4qJCkW11Vh1WtdTc0U4d5NAAbjqX1xFyrajWg
sig_bcfae8c26b525c26,postgresql://user:****@db-prod.internal:5432/main,1,a1673f467e1f6f20811111e44d28c1f0d3399d02a7603e317c4b13d60f67b111,voice_e73f563372b5e2a6.wav,XXX-XX-3958,$2b$12$qcbrkiuxou2pu0jLxoBAsinrPEVJhVQgUsmKOYW0rnY7nFuVjlfBC
sig_4f90aff60ca1bc76,postgresql://user:****@db-prod.internal:5432/main,true,b1be528363a1cc31ab148bb10d4db36be7a9220e1d94cf10cb3c46814ccb4f55,voice_20313d41d5888acb.wav,XXX-XX-3287,$2b$12$PsHwpVhIBz6ky8jq3cZ6TlKxnN2sf68W4AMbak4SnGNo35ySp1g30
sig_dc650d84977c7a4d,postgresql://user:****@db-prod.internal:5432/main,yes,aa58c4ca063a8d8b23effe6fb6b792f46de41fe25380dd944f24c6299781fffa,voice_b4d86d0857840da8.wav,526-90-8611,$2b$12$c7rcAGEbWouT23i7tks7g87CQP3KSYzYuRlaHgfNhWWhxiwMgmd9j
