iata,matname,c_afa,kw,license_plate,measspd,measangle,vehicleIdentificationNumber,flightnum
PBG,Steel,67616.2,27264.3,VQT-1710,51.4,90.78,O1K3HW6QGLR9SA4EJ,FE3326
GCS,Steel,6854.9,29682.9,OJZ-9419,232.5,49.18,QGMDVKOK3NVUFM8HC,NW4312
HIU,Polyethylene,4231.3,25727.4,FKY-9006,29.6,332.99,TSD3QCTPVNBNAFN02,HA7530
CGD,Glass,99136.7,15887.7,GTV-4133,132.7,182.51,Z63WZU2WC65PTNY89,PY9913
CQN,Glass,67598.3,5888.4,WLV-8028,239.4,337.44,ITIR3POPDOLXCOMI9,WW314
YMU,Steel,95206.8,4823.9,YGR-8058,135.6,83.31,8QBE9RKOKFXMXJPDT,OG9001
TTI,Aluminum,1353.4,19639.9,UOB-2082,177.0,46.21,REQJ4AGG3LWP6EDBQ,KY3086
LCD,Titanium,7563.6,13852.1,YNX-7002,120.2,313.25,AVHUCILM1GWLEDNUD,JT7913
UTT,Aluminum,38701.1,33733.7,RNP-5050,248.2,312.57,V9C5WNTJC3W8WDCY0,VI8927
HFR,Steel,86170.6,5864.2,ESW-3997,161.4,269.2,GDM5QXL86HDLZX5G6,HS3106
EZN,Glass,64081.9,40851.8,IXV-5422,219.3,18.95,T0O9F79OID7QSC3HW,JM9806
HIX,Steel,88952.8,15082.2,CHI-4201,238.2,200.02,BS8ZD3AOKV2D578F2,RU6445
CTJ,Polyethylene,46674.7,20329.5,HDM-9220,94.9,163.04,UBWLNF1AIHZWAGGAB,CD2761
UPH,Glass,96099.4,34285.9,XYD-3733,259.2,271.11,NDT6AVU7N2VZIODJC,OC5838
DQZ,Polyethylene,39237.0,20122.8,PUM-6028,78.6,260.35,7JYLEVWXXUOIEBQUC,KR7710
AXJ,Polyethylene,34807.1,37857.5,KTI-2805,190.4,357.81,39P9LAKN16MU797TW,KV5022
TFF,Steel,95975.8,46470.7,ZCC-8613,78.0,184.4,XDF0WN6APOMUU0F9C,MH6239
ZFQ,Aluminum,37200.6,29953.8,ENQ-2503,242.1,223.84,9OTHU52AXTZB8VIPX,AT4181
BAI,Polyethylene,90268.2,27800.6,IHD-1308,153.7,230.62,M3QKSOG16RSD3XNVY,LW4081
ENJ,Titanium,75485.1,29479.8,MOG-1011,156.7,59.35,3SDVEF23NRS1WVPFG,WC7653
NVN,Steel,26315.4,26340.5,MRE-9600,118.6,158.39,FK6M7WRRGUQGTUMP1,II1182
GXP,Polyethylene,22939.1,13430.2,ZPP-6658,68.6,37.0,U4DXNYBXZN2JHISBR,PM2941
JCW,Titanium,62399.5,37266.1,RJX-8770,30.4,318.49,QN0K3BQMN8I95UJQX,PV797
ZHW,Polyethylene,84523.5,31613.6,ATA-1129,289.5,339.64,XVL1IJOLPT8V3KBWT,PT8992
SBZ,Titanium,1645.8,26083.9,AWE-1845,229.7,31.47,CS6WPBNGZCW6J7OA8,WU2866
AAB,Steel,88187.8,47857.1,BRK-1064,206.7,66.63,8EV23U50VU2FFOWOZ,JI685
QGA,Titanium,59184.8,14677.7,DJP-3060,4.6,22.53,IXLEROJYIUFPEX23Y,MD5715
LVH,Steel,63893.0,45754.1,LDS-9430,91.8,235.86,3W6RCXXYP0RLTG4O4,BT2017
YIA,Steel,63489.4,16765.0,LAR-2538,145.5,68.26,IM8DGWZI1SHMQDBPX,QS6163
VHE,Glass,24963.1,37594.7,WGA-5925,46.6,299.65,NWV6XKJTAVLVXS3X2,WP7080
EAG,Glass,69507.5,49915.7,DVC-9876,273.3,82.37,UWMKVCB2ITPVNJWRQ,WH3222
NWE,Glass,72761.3,1509.4,DAN-6253,270.9,174.69,469FRFFM97N5QTC4E,GH9642
VPQ,Aluminum,97771.0,25030.0,TFJ-8953,50.9,138.46,INS0S62TDX4RTQ657,NJ7611
HCI,Carbon Fiber,46256.8,3717.2,NLC-1304,196.1,8.7,H6IX4R8QGOEW2T5Z9,XL712
SBD,Polyethylene,30279.2,32198.7,JJO-9258,21.2,270.8,WQ8G4BUESR9EYYIAV,KO8379
THG,Titanium,58586.0,30489.9,CFY-3128,8.7,306.17,KZB95KMSNU42SR7JZ,XT2342
WBV,Steel,16284.5,2768.1,PAB-4453,213.2,342.58,KC4QIAG5N2GZY4FCN,JG8671
YQX,Aluminum,93299.0,25363.3,ADW-8033,225.1,31.65,VUGFHYZ3K8XL78FPY,AW7485
VKA,Titanium,92884.1,20168.3,HRT-8436,11.3,176.1,IXYWZ6DTVLD008AJH,BC2799
JDU,Carbon Fiber,96616.5,48493.3,XHK-9097,91.6,257.74,MNLCJJMSWX8N1CM27,LV6223
WXR,Titanium,91716.6,42815.3,FVI-3502,294.9,273.65,UXZPGR0061ALVY5TY,FF5746
ECO,Titanium,39460.6,4493.9,BWL-8092,291.9,357.05,FS8P935XI9XC3UT36,QC7359
EGK,Polyethylene,16457.4,11770.6,SJD-6649,30.5,279.72,5IJPISTATAD01ERJA,CD6090
LXK,Glass,12047.6,36856.4,BTX-5383,163.4,122.77,ZXGV254S5JDKOUOTP,VP546
CIX,Titanium,65615.9,5119.3,RTH-2613,278.8,315.93,G45AUCAO5DRMM6WER,LW7125
JHX,Steel,80723.9,48597.0,IIY-6890,80.8,220.3,RT0B41HFU9POT7U4Y,AH2147
TBZ,Titanium,2756.1,34108.9,KHK-8802,119.4,266.97,2MFRG63LHLQTYEG3A,HK3637
IXE,Titanium,71908.7,37776.8,LCY-7613,269.9,344.6,UCKM4IZEJSX0913RE,RN1785
JPI,Carbon Fiber,89062.6,27103.0,UYL-4022,7.0,41.19,SVVJJSLAS5AAR4Z99,GN2188
OYF,Steel,3092.3,28899.5,MGI-3919,253.8,177.83,3ZORCGR42QIERIOVT,JP3714
KVN,Carbon Fiber,23978.4,36159.7,NEP-4083,290.5,148.22,CMDT9AYBNLCTOUY4S,RO5298
XNF,Glass,68327.0,49839.8,COV-4997,201.3,6.54,06DZIWF9THODZZFQK,GC1151
WPV,Steel,87009.8,26033.1,CCE-8029,296.6,200.53,Y0N2CN0V1RUMXX4AY,KZ8709
BFQ,Titanium,71991.9,44705.1,OTO-7657,130.4,64.05,ACQK4THVYXM2R1MYG,SA4594
MRU,Steel,9513.8,6530.6,OAL-9355,292.9,63.59,DTH3MQBYY2VDZIJ7Q,YE8554
OJR,Polyethylene,2577.6,5265.8,UBV-9847,287.5,213.56,OE9TPI9ITJ1FMS898,BD9466
QBK,Titanium,36837.3,5275.7,BGL-3612,72.8,101.33,9PWKWXXW62AIAN1B9,CR7442
UKA,Titanium,3358.8,1847.1,VJS-6620,122.5,239.57,931WOI93GWEJZMRNX,GW9901
PME,Titanium,22040.4,1861.0,DFV-8651,193.6,22.2,ESRTB8CQYONVUHXB4,IM2797
GZV,Aluminum,3478.6,32006.7,LVT-5843,53.5,166.42,17CPM93UPP1JHJT54,CL9896
YWN,Titanium,68966.9,48338.4,BEC-9648,166.8,61.6,D6B16IK49EAGCUCA5,YD8743
WPE,Steel,74146.1,29847.8,QME-7858,73.4,53.47,H9XB4FHTLEJB4ED80,KA4504
UPN,Glass,15767.8,22661.9,LAW-3778,177.6,311.2,GOZU336B8G4611Z9E,OV8145
ETI,Polyethylene,52582.9,34906.7,MIL-1857,22.5,67.11,T1B76MKFA2LW8E9S1,NY7460
PKY,Carbon Fiber,33713.2,11893.7,RTH-4559,251.9,48.84,P7CGNI71YCYH09WWL,UG2521
HRB,Aluminum,41356.7,24588.6,NUP-1202,193.5,276.48,0IWTRNXXVKB363AFZ,LL9225
UPC,Titanium,73798.6,43510.2,VMS-8912,57.2,7.43,YI49CABV4DUB835E8,AW9010
VNN,Carbon Fiber,11454.6,14514.2,MPE-7012,85.6,19.88,C3O05V76NHRU8DXF8,XT940
JRY,Glass,52016.8,23475.5,SYX-6396,93.6,284.54,OG497OCRVSF64ADK2,CB1207
LBL,Steel,73743.2,22957.9,BSA-5473,32.8,345.24,7HMS3N4H1RCET3517,GE8983
QCC,Carbon Fiber,44160.0,43564.6,OWA-4663,139.3,327.57,ZUDM63FZNK4SDETN3,FK4366
GHD,Steel,46314.1,48612.1,QSO-4752,45.6,129.77,L00ML2NYDGA45O345,DO7007
CBY,Carbon Fiber,29713.5,23597.3,ZQZ-9334,251.4,349.41,UYFO7HHZXTV8231L2,NH6627
RJJ,Glass,32177.6,27846.2,WSU-4618,181.2,120.65,H9HH4C0MRMQI3C37W,DX7433
UXC,Carbon Fiber,45186.5,21373.6,JEX-7951,221.2,1.11,EY9086DPT3RY6MXT7,DZ5505
BNI,Steel,4899.7,31648.1,UXW-4189,4.5,247.19,MRCLT8CWD1D1LE9YC,BK6414
ZXA,Aluminum,15193.4,35145.7,MNB-6756,175.2,256.38,YP8CU58XZUDG5GYXV,CU1807
IXR,Titanium,25630.6,38684.9,TJF-1427,251.7,2.3,LMX5B1HA3NT0YT2ID,PF8436
KKG,Carbon Fiber,27433.2,32899.2,YCP-2094,144.9,18.43,FFDTVE10HA16XAWEL,JI2597
NUS,Steel,11017.2,5753.5,IMA-2404,56.0,93.96,KF6OZLR9GGEDIG5VZ,II5117
AFF,Titanium,71614.8,32024.5,OKC-1907,64.5,141.2,O4OUAAWBSRXO5Q5IG,DF4582
VHV,Glass,25112.6,4505.9,EDU-6682,24.2,295.16,VM2K519XDFJL4ODV3,XT6697
TKJ,Aluminum,46787.1,7134.6,KRA-6922,107.2,4.02,SXHA4LVH6KV94YB4R,YK1319
ZMN,Glass,61823.0,49160.7,XBE-7643,264.4,203.55,D5B3G1KAGAHPMR42U,JF4828
NQU,Steel,7414.6,49577.7,UVI-5827,148.6,257.58,41EGJY0GD2UKQOGUF,WS4967
TYZ,Titanium,68549.5,5785.5,WVY-6957,187.3,126.6,BJI4XVKCI5XWWB95W,YB4105
GYF,Steel,77723.4,38977.2,AVF-4447,296.5,187.48,Y4YSLCJNIO8ZICTBU,NA7913
GEC,Polyethylene,96771.0,31267.7,DQB-9020,207.5,99.96,4OQ5Q0LN2R0NZSPA2,MS9481
BSC,Glass,19003.6,39541.5,NOR-8549,279.7,208.27,4DWC9BL4OVD38R3YH,ND9863
GCR,Glass,37389.8,6439.1,RTV-1944,189.6,10.56,0LAEDZ03YPOE6517J,FR4379
BPV,Titanium,50610.3,45481.6,VQF-7220,47.4,6.54,I4MWRU4NLGV1OF6BC,QD6622
AYL,Aluminum,27621.2,49376.4,IBK-3233,253.7,233.49,CQR5UWKYK2C6ES3UG,LX9539
FTZ,Titanium,44983.9,2809.4,RJZ-1634,9.3,59.36,0U16RIV8MNJRCVYRR,PX9148
TDP,Aluminum,4426.3,42377.6,ISG-5660,147.6,168.38,D41PH3KKZWDT9UK3J,ZT7370
GBI,Polyethylene,45800.0,2832.3,KDL-2288,181.4,269.57,WANBB9QS66SZSP271,FD8406
MRQ,Polyethylene,67660.8,34258.3,ZDY-6539,290.8,201.07,TM4GVVSDZAH2244JC,HU6178
BFN,Polyethylene,75452.4,8919.2,PPR-2882,12.2,166.87,JW3E1AUO350TT58VD,DN5008
ZCG,Glass,29633.9,1614.1,UCV-5644,8.7,246.93,97HM84B5QLHW50QCP,NN3362
BLK,Titanium,5333.1,33649.3,TDS-8861,203.4,133.44,QNXWPF3YZVU1LQWUY,XB3779
IAF,Titanium,39342.1,1688.2,VWI-4417,166.6,355.57,Y1C9S3WR17IQ77IC7,DA4840
