license_terms,schedulePlan,deletedAt,modified_at_14,SCHEDULE_PLAN,modified_by,licenseTerms,version_identifier,double,ounces,fact_investment_account,col_check,v_336,service_level_agreement,hash_identifier,d_862,partition_key,col_209,tenant_ident,card_expiry_date_v2,p_23,x_sta,landed_at,createdBy,f_563,pricing_strategy,attr_apf,d_ted,raw_employee_record,partitionKey,employee_rec,f_creat,field_lax,policy_definition_6,internalCommunication,dim_column_field_name,timeToLive,modified_at_val,src_ordinal_position
Apache-2.0,Monthly on 1st,2019-08-08T09:20:19Z,2026-10-15T22:38:37Z,Weekly on Monday,jessica.williams,Proprietary,0.5.3,-292.1521,722.23,INV-866365,4c8b0352c40223af463693295a95d65975131b7b21fdfe74ff3ac07e0a8b462c,GraphQL,99.474% uptime,ad8c636602f092926dd0cf8252e8d4b4e345661046f2c1b77265d24d012772ce,2025-07-15 02:33:29,region=2024-01,WTQNDHTBJ5ICQEDBQ,tenant-045,07/28,2021-04-10T00:00:00Z,failed,2024-11-15T20:19:21Z,james.lee,crit=4048,Market-based,GET /api/users,"Beacon Analytics, Pacific Research Group",EMP-13347,dt=2024-01,EMP-58490,william.thomas,[a-zA-Z0-9._%+-]+@[a-zA-Z0-9.-]+,Data retained for 7 years,[INTERNAL] Q1 strategy review pending board approval,email,179 days,2026-03-02T23:33:56Z,564
MIT,Every 15 minutes,,2019-01-06 10:10:36,Daily at 2am,olivia.johnson,CC BY 4.0,5.15.85,2329.0793,19.06,INV-306031,815f87cbd41fcff0b8161c74aa332dd455b64fd4860cee869a7bd4a63e70d8ec,gRPC/protobuf,99.722% uptime,83c885ff119cdc29e36b1e3561837c1c9f6d597d621fc7ec5d113191e38b84c3,2019-06-08 15:06:45,region=2024-01,8MYWD3COJKB3IC9KT,tenant-020,02/28,2025-10-03T00:00:00Z,inactive,2022-03-22 22:14:25,mary.young,warn=428,Value pricing,docker run,"Quantum Dynamics, Vertex Technologies",EMP-81740,dt=us-east,EMP-60548,liam.jones,"\b\d{1,3}\.\d{1,3}\.\d{1,3}\.\d{1,3}\b",PII encrypted at rest,[INTERNAL] Q3 strategy review pending board approval,email,273 days,2019-07-09 12:22:29,933
BSD-3-Clause,Monthly on 1st,,2022-04-09T06:36:39Z,Weekly on Monday,john.miller,Apache-2.0,3.16.1,6706.8557,152.97,INV-940407,5350afa61fd1b06ccb3f2e5644dd36108fffb1c00dae3653a3b894d26bc232a1,GraphQL,99.854% uptime,c32468a211cb8ff854ec7b6b801b7f57e0f9cbfb19a4fa049e75851593fe0f68,2023-04-19 01:54:42,dt=us-east,KRYD5ANI7MDUO6IVA,tenant-005,09/26,2020-04-05T00:00:00Z,inactive,2025-04-10T08:32:51Z,susan.robinson,warn=5287,Penetration,kubectl apply,"Alpine Systems, Pacific Research Group, Skyline Partners",EMP-60497,tenant=2024-01,EMP-29769,emily.white,^[A-Z]{2}\d{6}$,PII encrypted at rest,[INTERNAL] Q1 strategy review pending board approval,id,117 days,2018-06-10T14:25:39Z,702
GPL-3.0,Daily at 2am,,2020-06-28T04:56:04Z,Daily at 2am,aiden.davis,BSD-3-Clause,4.4.47,1155.8406,848.92,INV-403518,f614c7293e32cbed7bd3a16ee25c5920acd72cf4dee5175ddb4210d71010124d,REST/JSON,99.329% uptime,3108a4f38dbe86892a93a57ebfc8339f975cf118d1a9d10560465e16f45e3350,2024-09-02 18:16:57,region=2024-01,YSEVNLO417QM0Z0A0,tenant-029,11/28,2025-05-08T00:00:00Z,pending,2026-10-25 17:21:46,sarah.martin,max=9917,Premium,docker run,"Global Solutions, Beacon Analytics, Quantum Dynamics",EMP-32448,tenant=2024-01,EMP-56896,mason.martinez,[a-zA-Z0-9._%+-]+@[a-zA-Z0-9.-]+,PII encrypted at rest,[INTERNAL] Q4 strategy review pending board approval,created_at,233 days,2019-12-22 11:14:53,167
Proprietary,Weekly on Monday,,2019-06-27 18:55:36,Every 15 minutes,david.thompson,BSD-3-Clause,0.20.79,3826.3927,85.22,INV-536074,64fd81be0d45f72f0ba539b1b3fc812f68f544ef754051e23c493533ae9237f3,SOAP/XML,99.375% uptime,aa98268dbecebac7bab5c8009cf1cb9d5e75b60c02641c97c7a378e7772adf88,2021-04-06T22:15:50Z,dt=us-east,U00I2A6K51KDJQPF9,tenant-019,03/24,2026-07-06T00:00:00Z,completed,2023-11-26T23:53:33Z,ethan.rodriguez,max=2865,Market-based,npm install,"Alpine Systems, TechCo Industries",EMP-30276,region=2024-01,EMP-88894,olivia.young,[a-zA-Z0-9._%+-]+@[a-zA-Z0-9.-]+,MFA required for admin,[INTERNAL] Q2 strategy review pending board approval,type,122 days,2023-11-25 17:12:53,725
CC BY 4.0,Monthly on 1st,,2018-01-10 03:36:43,Daily at 2am,mason.jackson,GPL-3.0,4.20.45,2209.9346,307.4,INV-757946,29935b7a7d20d95e19d8ab8ddfb06d493786a29fdccffe0550c0a7886a2fb541,gRPC/protobuf,99.216% uptime,664d498e670a629a61d38152e93b97ec15d9c92ab96eecbc27a6ac7906b49e68,2023-06-05 16:10:13,region=2024-01,XHQ4VX8H6ZWONWVXG,tenant-038,10/26,2022-01-05T00:00:00Z,approved,2020-10-25 19:21:17,mason.robinson,warn=3054,Premium,kubectl apply,"Pioneer Software, TechCo Industries",EMP-60068,tenant=2024-01,EMP-40556,lucas.walker,^\d{3}-\d{2}-\d{4}$,Data retained for 7 years,[INTERNAL] Q1 strategy review pending board approval,created_at,233 days,2026-09-28 06:04:14,951
Proprietary,Weekly on Monday,,2021-01-21T01:08:05Z,Monthly on 1st,jennifer.robinson,MIT,2.17.43,9569.4748,867.85,INV-941000,f9bfa4e1c167017b9854121bafe367d4ed26a7e492b9c24cd175573c2385c560,gRPC/protobuf,99.249% uptime,d45c1d707fbe6a1f70a15fb5773d26889c9b4a46763a88e7114e4d0e2de5c1e7,2024-01-17T14:36:04Z,region=us-east,NZUHXXILPXDYAU1LW,tenant-022,09/30,2023-03-01T00:00:00Z,pending,2018-12-08 20:38:55,james.taylor,min=4584,Market-based,GET /api/users,"Catalyst Ventures, Pioneer Software, Global Solutions, Vertex Technologies, Meridian Health",EMP-27185,dt=us-east,EMP-89346,richard.thompson,"\b\d{1,3}\.\d{1,3}\.\d{1,3}\.\d{1,3}\b",PII encrypted at rest,[INTERNAL] Q3 strategy review pending board approval,status,150 days,2020-01-24 02:00:42,956
CC BY 4.0,Monthly on 1st,,2018-01-07 21:40:37,Daily at 2am,mason.young,Proprietary,3.20.75,2186.8476,34.39,INV-491802,9252ea10422855895de39a080a05133e9448422cdb7c545528419d7f932a1fe7,SOAP/XML,99.828% uptime,16862c2cb29ee873559ecb0244274f9258502a9754ec7506cde5c82c0b7b7a80,2024-11-08T20:01:34Z,tenant=2024-01,KCA2F7W2DXO1Y13AA,tenant-027,12/25,2019-10-03T00:00:00Z,completed,2021-02-15T13:01:04Z,aiden.wright,min=9377,Value pricing,POST /api/orders,"TechCo Industries, Meridian Health",EMP-35770,region=2024-01,EMP-52403,jennifer.davis,"\b\d{1,3}\.\d{1,3}\.\d{1,3}\.\d{1,3}\b",MFA required for admin,[INTERNAL] Q4 strategy review pending board approval,amount,171 days,2025-06-14T08:27:18Z,35
BSD-3-Clause,Daily at 2am,,2026-07-07 00:32:41,Monthly on 1st,robert.thomas,BSD-3-Clause,4.0.82,3641.446,74.48,INV-265726,2f1e5d156c77298c34d6dae7180dc623f0e02b64e9d0bcaedbe95f1a588151ce,REST/JSON,99.161% uptime,2a28270962e8d63799c026734b2f8e318045599530e38c509cd760af6c5de7e0,2019-07-10T16:48:32Z,tenant=2024-01,CYT6K1F37DOVODTQP,tenant-001,05/24,2026-03-02T00:00:00Z,inactive,2019-12-26 19:01:29,james.king,min=5106,Value pricing,docker run,"Skyline Partners, Quantum Dynamics",EMP-43690,region=acme,EMP-44474,sarah.white,"\b\d{1,3}\.\d{1,3}\.\d{1,3}\.\d{1,3}\b",Data retained for 7 years,[INTERNAL] Q1 strategy review pending board approval,amount,121 days,2021-12-02T17:50:55Z,964
Apache-2.0,Weekly on Monday,2026-10-23T19:37:41Z,2020-10-05T19:11:58Z,Every 15 minutes,logan.smith,MIT,5.6.6,4772.2497,865.96,INV-782576,c83bf2d6e41a330e8c98265c8982b30e3e1ea65c8170a96a6187b6308aeb97e4,gRPC/protobuf,99.914% uptime,b67c5478b018ea73cb990fa22638cbcb81f5bafbd5638e16df7a10aecf4e6acb,2026-07-08 04:14:38,tenant=us-east,41PQR21N8PA3ZNY6T,tenant-050,12/29,2024-06-01T00:00:00Z,active,2022-05-04T18:17:51Z,linda.anderson,max=1347,Penetration,POST /api/orders,"Pioneer Software, Alpine Systems, Acme Corp",EMP-32561,region=us-east,EMP-86421,james.king,^\d{3}-\d{2}-\d{4}$,Data retained for 7 years,[INTERNAL] Q4 strategy review pending board approval,name,168 days,2022-01-21T17:02:34Z,631
CC BY 4.0,Weekly on Monday,2018-12-18 14:04:06,2021-08-03T01:53:06Z,Daily at 2am,robert.johnson,Proprietary,0.6.56,5956.0942,989.73,INV-944708,debdc1f066274fe2bdb36b5c78588c7ccf198a0feef5aee9d3d2b3bc60f13698,REST/JSON,99.003% uptime,39053218ba3c3a41d85f0ca5594ec7895f20271797c2add52eeb5da3403a67c2,2024-03-10 03:32:09,dt=acme,A4EQOJ62TP0J1HMZA,tenant-002,01/28,2023-09-05T00:00:00Z,active,2020-06-19T12:07:00Z,jennifer.walker,crit=1693,Cost-plus 25%,POST /api/orders,"Global Solutions, Pacific Research Group, Alpine Systems, Skyline Partners, Vertex Technologies",EMP-24123,dt=2024-01,EMP-83914,olivia.jackson,^\d{3}-\d{2}-\d{4}$,PII encrypted at rest,[INTERNAL] Q4 strategy review pending board approval,created_at,32 days,2022-01-01T04:40:52Z,331
Proprietary,Every 15 minutes,,2024-05-07 07:26:10,Weekly on Monday,logan.lewis,Proprietary,4.6.42,9105.7419,566.67,INV-138898,607009a86f19ff26be2ab531a627e2ded75fe9a168258bd521270ce5cc3e79c2,REST/JSON,99.12% uptime,b717944e4077e2258e32a1bfe2abb3b7f84c36de4a76b68aadb6d70d89ab1fdf,2021-01-21T01:55:52Z,region=2024-01,JKOVWNUR91PEOAI62,tenant-038,04/28,2021-02-23T00:00:00Z,active,2024-10-27T00:14:22Z,aiden.johnson,crit=1618,Cost-plus 25%,POST /api/orders,"Pacific Research Group, Global Solutions, Vertex Technologies, Alpine Systems",EMP-52051,region=2024-01,EMP-40028,ethan.robinson,[a-zA-Z0-9._%+-]+@[a-zA-Z0-9.-]+,MFA required for admin,[INTERNAL] Q4 strategy review pending board approval,id,165 days,2025-12-24T11:43:33Z,66
CC BY 4.0,Daily at 2am,,2022-06-28T20:01:34Z,Daily at 2am,jennifer.walker,MIT,1.1.19,-313.3049,495.89,INV-405002,ca92a83877d82c9facf976118a33a83c3fc0c3046aa0bae86a239fac96b8b7d1,REST/JSON,99.536% uptime,d6e691358d0b7453cdb8bd6f8df0830762d99fe7fda83931cb5cce2cf9fa42b6,2019-01-19T13:21:12Z,tenant=us-east,6SGS3OJJECWP0P683,tenant-037,04/27,2023-04-17T00:00:00Z,pending,2023-11-22 09:26:11,emily.walker,warn=2907,Market-based,POST /api/orders,"Pacific Research Group, Alpine Systems",EMP-46166,tenant=2024-01,EMP-26604,lucas.wright,^[A-Z]{2}\d{6}$,Data retained for 7 years,[INTERNAL] Q4 strategy review pending board approval,type,361 days,2026-05-03 07:30:54,960
CC BY 4.0,Daily at 2am,,2018-01-18 07:40:44,Daily at 2am,jessica.jones,GPL-3.0,3.3.53,-947.8553,360.41,INV-478351,749bb9d0a2715a9a0d48baaf6fa4f4886acd01b40c9a2d7db582e01d438fd2e7,OpenAPI 3.0,99.119% uptime,8ac281937209453bc79e2e334924eab209555327db0e0c4ba8c9e32ce04c1ca4,2023-06-16 00:01:33,dt=2024-01,ZMD4942GI8PRU7UF9,tenant-003,03/26,2024-11-17T00:00:00Z,failed,2021-08-05T02:26:48Z,emily.wright,max=3065,Penetration,kubectl apply,"Quantum Dynamics, Meridian Health, Acme Corp, Pacific Research Group, DataCraft Inc",EMP-14117,tenant=us-east,EMP-95556,ethan.miller,"\b\d{1,3}\.\d{1,3}\.\d{1,3}\.\d{1,3}\b",Data retained for 7 years,[INTERNAL] Q4 strategy review pending board approval,id,71 days,2023-03-11T14:01:18Z,191
BSD-3-Clause,Daily at 2am,,2020-10-28 10:58:42,Every 15 minutes,noah.martinez,Proprietary,5.0.89,1567.2688,904.11,INV-761811,bf413c95129a640e7d7bf24114c5a4c555ad83860d0c2e334358abd36e228b6f,gRPC/protobuf,99.36% uptime,7b819e60e81d40dc1c335774d966203797cafce69a96f24ca7e612465ee55fb3,2019-05-02T10:14:09Z,tenant=us-east,86Y09FXFOUFGBUGSG,tenant-019,03/27,2023-05-03T00:00:00Z,failed,2026-12-15 15:14:48,emma.lee,warn=1782,Cost-plus 25%,GET /api/users,"Catalyst Ventures, Meridian Health, Global Solutions, Vertex Technologies",EMP-79387,tenant=us-east,EMP-63809,mason.thomas,"\b\d{1,3}\.\d{1,3}\.\d{1,3}\.\d{1,3}\b",Data retained for 7 years,[INTERNAL] Q3 strategy review pending board approval,status,144 days,2018-03-14T06:20:30Z,201
Apache-2.0,Every 15 minutes,,2021-04-01 16:38:22,Daily at 2am,aiden.walker,GPL-3.0,0.5.8,5750.0483,963.81,INV-769679,d4b0ac7bad906f333d527f5686b59935e2c6e3a667c89d24625b791475a913da,gRPC/protobuf,99.615% uptime,2dd7f618e5973486dea62afb5d1570c1762a3d1360acb3ed706e4c52ab7e64e8,2026-10-24T23:25:44Z,tenant=acme,28VPM4G6AAT6N4Z90,tenant-026,11/27,2026-06-29T00:00:00Z,pending,2026-08-20T19:51:55Z,david.thompson,min=3976,Cost-plus 25%,kubectl apply,"TechCo Industries, Meridian Health, Skyline Partners",EMP-98086,region=acme,EMP-27314,olivia.wright,"\b\d{1,3}\.\d{1,3}\.\d{1,3}\.\d{1,3}\b",PII encrypted at rest,[INTERNAL] Q1 strategy review pending board approval,email,17 days,2019-02-20 23:11:41,672
Proprietary,Every 15 minutes,,2018-07-11 06:30:30,Every 15 minutes,richard.harris,Proprietary,1.7.20,-508.9527,156.45,INV-201792,2c337322cef6bb5b719e99434915abf0bb2ef421834aa2f583809f406325c7fa,gRPC/protobuf,99.239% uptime,33d90c8ec421509fd99bed90ba44607ce6675aa4d1581da23e39eb7ca90e4302,2019-10-04 08:54:28,region=2024-01,BTGTD73N85UJLQEMZ,tenant-013,04/29,2020-09-26T00:00:00Z,rejected,2022-07-27 05:13:15,olivia.moore,min=4348,Value pricing,kubectl apply,"TechCo Industries, Vertex Technologies, Pioneer Software, Beacon Analytics",EMP-19649,tenant=2024-01,EMP-21149,sophia.king,^[A-Z]{2}\d{6}$,PII encrypted at rest,[INTERNAL] Q4 strategy review pending board approval,type,223 days,2026-04-26T04:04:53Z,508
CC BY 4.0,Daily at 2am,,2022-09-12 23:33:20,Every 15 minutes,olivia.martin,MIT,3.14.25,9749.901,135.62,INV-292403,3933c8c7634fe1ec5a0826c551690efcf3fa9f2b0b341e8cc68fa57ab71ea53d,OpenAPI 3.0,99.937% uptime,dc8bcd416ce8848584a8cc63f3f49f39d759a4c84378cec7e362ae16385e2a9b,2026-08-06T06:08:32Z,tenant=acme,25D9KHJ3TZGVTXHV3,tenant-026,07/30,2021-06-26T00:00:00Z,completed,2026-12-07 01:37:07,john.garcia,crit=1858,Cost-plus 25%,GET /api/users,"Skyline Partners, Acme Corp, Alpine Systems",EMP-95292,dt=us-east,EMP-14069,michael.king,[a-zA-Z0-9._%+-]+@[a-zA-Z0-9.-]+,Data retained for 7 years,[INTERNAL] Q3 strategy review pending board approval,id,333 days,2026-10-22 12:40:56,118
Proprietary,Every 15 minutes,,2022-11-13T09:52:46Z,Every 15 minutes,harper.brown,MIT,1.9.78,4904.0103,267.86,INV-591209,1faaab0c3556f0bd8ca00b75c04fed579055660ceacdd298c793f5995568c861,SOAP/XML,99.673% uptime,e1d323b732df890e62273594d7c9e80865c9a162a94ab32c8869182a5a7f711e,2026-02-26T00:44:36Z,region=acme,4LR9736O6URS890H9,tenant-019,09/29,2020-07-14T00:00:00Z,cancelled,2021-06-11T16:09:11Z,emily.moore,min=630,Value pricing,docker run,"Acme Corp, TechCo Industries, Pioneer Software",EMP-76880,region=2024-01,EMP-45786,liam.walker,^\d{3}-\d{2}-\d{4}$,MFA required for admin,[INTERNAL] Q3 strategy review pending board approval,type,151 days,2023-04-24T06:29:40Z,532
BSD-3-Clause,Daily at 2am,,2018-07-26 22:36:42,Monthly on 1st,emma.davis,Apache-2.0,4.10.84,-299.3393,62.14,INV-207201,5300d7dc6276d5c3eac6f4ff063ed99d5049f2b13c03277951875747d979ec54,SOAP/XML,99.257% uptime,9d67916d9869f2b20d3672f213f11c639bdfcaac7f425fad29d0f662d2b93e03,2023-05-22 03:24:08,region=us-east,TBGLOSQLGXBXMFG8Z,tenant-011,07/27,2019-06-05T00:00:00Z,completed,2024-03-12 21:44:58,sophia.jones,max=385,Cost-plus 25%,npm install,"Pioneer Software, Alpine Systems, DataCraft Inc, Beacon Analytics, Skyline Partners",EMP-23265,tenant=acme,EMP-96132,elizabeth.garcia,[a-zA-Z0-9._%+-]+@[a-zA-Z0-9.-]+,MFA required for admin,[INTERNAL] Q1 strategy review pending board approval,name,79 days,2026-08-21 06:12:31,561
Apache-2.0,Daily at 2am,,2025-10-24T03:52:22Z,Weekly on Monday,emma.garcia,Proprietary,1.7.97,5887.7366,966.91,INV-123631,43bb3515a009b866453cd4e1ed9c87b8b0866e7a7b761dbdbaa678ecd3a9cb88,OpenAPI 3.0,99.504% uptime,482a41adcc732d382ca92fa29fbbd90fffb9bad127ab9fc09155f7ce31e92895,2020-01-23 04:24:26,region=acme,Q7H2N4V5RTO8216ER,tenant-022,03/24,2024-10-19T00:00:00Z,active,2026-01-13 03:16:02,sophia.robinson,min=7696,Market-based,POST /api/orders,"Global Solutions, Vertex Technologies, Pioneer Software, Skyline Partners, Catalyst Ventures",EMP-90032,region=acme,EMP-75056,harper.jackson,^[A-Z]{2}\d{6}$,MFA required for admin,[INTERNAL] Q2 strategy review pending board approval,type,17 days,2021-11-16T23:19:56Z,486
MIT,Every 15 minutes,,2022-03-12T15:57:49Z,Weekly on Monday,robert.wright,BSD-3-Clause,5.20.84,-645.5427,294.09,INV-691674,a06fe8eee42cd5d70cf3872670273edb354850f59127cdf9176cca3b29c0c225,GraphQL,99.06% uptime,fe7b7f0996aa3a6caf556c2a23c0b9223c3c82dd63020452c6a74afc742b0f45,2024-03-20T03:59:21Z,dt=2024-01,5UDIH9EJ8SXXF43LU,tenant-010,01/26,2024-01-19T00:00:00Z,rejected,2023-11-11T05:57:08Z,william.williams,warn=538,Premium,GET /api/users,"DataCraft Inc, Quantum Dynamics, Alpine Systems",EMP-53336,dt=acme,EMP-40155,linda.clark,^\d{3}-\d{2}-\d{4}$,MFA required for admin,[INTERNAL] Q3 strategy review pending board approval,type,320 days,2026-06-02 16:54:38,392
Proprietary,Daily at 2am,,2018-07-24T20:17:14Z,Daily at 2am,ethan.martin,CC BY 4.0,4.0.0,1987.0477,191.33,INV-372477,bd7312a464461140ffd59556c9d6db0039d639f70a8242b6e571c7c791e9c84e,REST/JSON,99.421% uptime,68d7edf0cce2190206f4f297374e8941aa0416c01d82dc1cde4b0971a42b1207,2026-06-18T15:08:46Z,dt=acme,J7TZDY4XSK6VOLIV2,tenant-026,11/25,2025-04-17T00:00:00Z,approved,2020-05-14 02:19:33,mason.garcia,warn=9279,Cost-plus 25%,npm install,"Skyline Partners, Global Solutions, Vertex Technologies, Pacific Research Group",EMP-40576,dt=us-east,EMP-96118,olivia.martinez,"\b\d{1,3}\.\d{1,3}\.\d{1,3}\.\d{1,3}\b",Data retained for 7 years,[INTERNAL] Q2 strategy review pending board approval,id,125 days,2025-11-21T20:55:04Z,282
Apache-2.0,Monthly on 1st,,2023-01-06T21:15:55Z,Every 15 minutes,olivia.martin,Apache-2.0,0.3.8,4612.3681,401.2,INV-697336,0a64e54a10b4d7e8cfd4caf214a4b017559a45ad55b2360d715bcdda017dced4,gRPC/protobuf,99.455% uptime,16afd0853893e48f9c26387b4dad21bd39af6a851ca36f217b8fa2eb0bc96caa,2024-03-10 21:59:03,region=acme,LJCBA3WEAY0NET9MN,tenant-038,10/28,2022-09-18T00:00:00Z,rejected,2020-01-19T12:26:18Z,liam.garcia,crit=8100,Market-based,POST /api/orders,"Acme Corp, TechCo Industries",EMP-86890,tenant=us-east,EMP-74170,richard.clark,^\d{3}-\d{2}-\d{4}$,MFA required for admin,[INTERNAL] Q2 strategy review pending board approval,amount,83 days,2020-12-20T03:32:03Z,110
GPL-3.0,Weekly on Monday,,2022-06-17 09:54:43,Weekly on Monday,james.harris,Proprietary,0.7.36,2242.7783,301.98,INV-527452,29994fbeaaa8ce0199f975106d70fbd240e2752ba530841b9135b3b887f331fd,OpenAPI 3.0,99.334% uptime,664450fdf1960cf3a4544e5518a52098ce52a71dbb99fd72f4a5d7f87e9782ad,2019-01-02T17:07:16Z,tenant=us-east,MOGGO40W5PCHZ7FU0,tenant-044,12/24,2024-01-06T00:00:00Z,active,2020-05-23 09:40:29,ethan.moore,crit=6354,Market-based,GET /api/users,"Acme Corp, Skyline Partners, Global Solutions, Alpine Systems",EMP-57600,tenant=us-east,EMP-19960,olivia.harris,^\d{3}-\d{2}-\d{4}$,PII encrypted at rest,[INTERNAL] Q1 strategy review pending board approval,name,315 days,2023-04-21 23:16:46,287
CC BY 4.0,Daily at 2am,,2022-12-07T14:37:12Z,Weekly on Monday,susan.thomas,Proprietary,3.12.53,-889.3942,804.73,INV-459955,48e2cf11565f66cfaf85e41154522cd16b5b0467e8ed2aab3a4f1af99d9fe0ce,SOAP/XML,99.312% uptime,a0f3b7e300211cbe78eb505526e4d9f2725e8306f0c820bd355165cd3151e4ba,2020-03-01T23:26:45Z,tenant=acme,T6VB2O1GMERUEP3VL,tenant-045,10/28,2022-12-19T00:00:00Z,active,2026-09-13T10:01:16Z,noah.moore,crit=1175,Value pricing,GET /api/users,"TechCo Industries, Skyline Partners, Pioneer Software",EMP-18130,tenant=acme,EMP-79691,sophia.martinez,[a-zA-Z0-9._%+-]+@[a-zA-Z0-9.-]+,PII encrypted at rest,[INTERNAL] Q3 strategy review pending board approval,created_at,178 days,2021-03-22T17:39:26Z,370
BSD-3-Clause,Weekly on Monday,2023-10-25 23:22:16,2023-11-09T17:32:25Z,Daily at 2am,emily.harris,MIT,3.11.14,9692.8675,327.2,INV-290350,d2342c4d5b39aa6f0828f9d2ce4870c16ef84618c227142164a717ee20116474,GraphQL,99.722% uptime,5e616815e7474343d4861fe61a816d199c20d70ec9fcd77812206e9cb6ccc4f7,2020-05-04 06:43:08,tenant=2024-01,7225BZ5BRKE9A1DPC,tenant-005,05/30,2018-02-27T00:00:00Z,pending,2023-07-25 18:08:25,anna.lewis,warn=8711,Premium,GET /api/users,"Beacon Analytics, Meridian Health, DataCraft Inc, Vertex Technologies, Acme Corp",EMP-22435,region=acme,EMP-56815,olivia.harris,[a-zA-Z0-9._%+-]+@[a-zA-Z0-9.-]+,PII encrypted at rest,[INTERNAL] Q3 strategy review pending board approval,status,284 days,2018-06-07T11:44:48Z,575
Apache-2.0,Monthly on 1st,,2025-08-11T04:24:54Z,Daily at 2am,jennifer.lewis,Apache-2.0,1.15.16,1041.6837,552.91,INV-501718,84b337696b1d68f381ae079e4600e2a8f1eef615fffbcd637048c99865a23892,gRPC/protobuf,99.353% uptime,01e277abfcb3470025fa9d98c4e841562959afecda79f5a779c4f5415628933f,2019-09-01 20:18:38,dt=us-east,981OVRTVDOA9BRRI6,tenant-019,08/27,2025-11-05T00:00:00Z,inactive,2019-10-08T14:08:41Z,ethan.walker,warn=6017,Penetration,GET /api/users,"TechCo Industries, Meridian Health, Beacon Analytics",EMP-81367,region=acme,EMP-35436,michael.walker,^[A-Z]{2}\d{6}$,MFA required for admin,[INTERNAL] Q3 strategy review pending board approval,amount,140 days,2025-07-10T19:44:32Z,500
GPL-3.0,Every 15 minutes,,2019-02-06T02:16:50Z,Daily at 2am,elizabeth.davis,CC BY 4.0,1.20.4,452.0809,380.06,INV-701664,6106962958e5bde99e29c66160a7742b2a284d730e3d10f3b7418b52c196daa0,SOAP/XML,99.852% uptime,6c102c9ff688a7c1af6cbe561b560fdf9822e8472912619e6e7ef0b65c38692b,2026-04-03T19:36:03Z,tenant=us-east,EE4BUI5SG4HG68402,tenant-002,01/27,2020-01-15T00:00:00Z,completed,2020-02-15T18:54:56Z,liam.brown,warn=3715,Penetration,npm install,"Pioneer Software, Skyline Partners, Alpine Systems",EMP-84719,dt=us-east,EMP-74101,patricia.jackson,^[A-Z]{2}\d{6}$,PII encrypted at rest,[INTERNAL] Q4 strategy review pending board approval,type,124 days,2023-12-28 22:00:25,189
Apache-2.0,Daily at 2am,,2021-04-16T02:39:37Z,Every 15 minutes,william.harris,BSD-3-Clause,5.2.65,3531.6988,925.35,INV-546146,48cb4a475c5b6e2292dabc1816657674bceb97daaff32c3a92c0d6daa2b1a538,OpenAPI 3.0,99.871% uptime,2695babb86a515baa2ee2f30cc8fbe89b052ae09314f9a21f5484a4a1606d49f,2020-07-26T11:51:55Z,region=acme,812DFJEESOX818M6P,tenant-033,12/27,2022-03-11T00:00:00Z,approved,2018-04-24T03:02:45Z,robert.brown,max=2544,Premium,GET /api/users,"Skyline Partners, DataCraft Inc, Pacific Research Group",EMP-22907,region=acme,EMP-23277,susan.young,[a-zA-Z0-9._%+-]+@[a-zA-Z0-9.-]+,Data retained for 7 years,[INTERNAL] Q2 strategy review pending board approval,type,97 days,2019-07-22 15:39:49,931
Proprietary,Weekly on Monday,,2026-10-23 00:48:46,Daily at 2am,mary.jones,Apache-2.0,2.3.1,9191.6006,122.6,INV-316353,1d4de11ffcd24b19ac22e6c17de85227f987ff1dc8d68d5c64033d0b07526e23,gRPC/protobuf,99.279% uptime,5031c3548c7b5bcba07375a016d3f961196ce45bb5f9c776c9ab863f93542b7d,2024-04-23 11:58:19,tenant=2024-01,WYL9GJB92U2ZCSNJF,tenant-049,02/26,2020-06-19T00:00:00Z,cancelled,2026-06-07T20:28:17Z,liam.young,crit=2594,Penetration,kubectl apply,"TechCo Industries, Quantum Dynamics, Alpine Systems",EMP-70041,tenant=us-east,EMP-77516,olivia.moore,[a-zA-Z0-9._%+-]+@[a-zA-Z0-9.-]+,MFA required for admin,[INTERNAL] Q2 strategy review pending board approval,id,365 days,2019-11-16T09:42:24Z,498
MIT,Every 15 minutes,,2024-09-25T21:36:29Z,Every 15 minutes,lucas.clark,BSD-3-Clause,3.18.92,5691.4347,601.94,INV-112943,5aa091139d3d5e172da824b781dc8666e7667af1b71ff3900c05e5823dfb0d4d,GraphQL,99.949% uptime,68368ca12830f8db4457d72296f39161b08c537a07dd57c2b6eb3b683ecc3297,2022-06-07T00:42:42Z,tenant=2024-01,ZAOE7K3D48CDBNS1L,tenant-032,01/30,2021-05-02T00:00:00Z,pending,2024-03-06 11:56:48,logan.jackson,min=1479,Market-based,docker run,"Catalyst Ventures, Alpine Systems, Skyline Partners",EMP-28100,region=2024-01,EMP-71152,jennifer.thomas,"\b\d{1,3}\.\d{1,3}\.\d{1,3}\.\d{1,3}\b",Data retained for 7 years,[INTERNAL] Q3 strategy review pending board approval,id,14 days,2026-05-25T00:15:16Z,432
BSD-3-Clause,Daily at 2am,2019-02-22T23:09:28Z,2019-10-15 01:17:34,Daily at 2am,noah.clark,GPL-3.0,3.12.91,-433.7682,194.93,INV-506489,e37e2f6f24a7e765ac08c4f41be8f47b1570d6ad6c0872be3536789e5d0e97b0,SOAP/XML,99.774% uptime,3d3f4710ec3ad102d0e79e4c6a4d487b26bd3085e33bd201ae40b9e538d26200,2022-04-18 20:16:32,tenant=2024-01,56D8MTAK3X5GOZ1UI,tenant-039,01/29,2023-07-18T00:00:00Z,failed,2020-01-24T22:55:27Z,lucas.jones,max=1450,Value pricing,npm install,"Pacific Research Group, Skyline Partners",EMP-34501,region=2024-01,EMP-99371,linda.smith,[a-zA-Z0-9._%+-]+@[a-zA-Z0-9.-]+,MFA required for admin,[INTERNAL] Q1 strategy review pending board approval,id,221 days,2019-09-18 01:59:30,387
GPL-3.0,Weekly on Monday,,2022-12-27 20:06:05,Every 15 minutes,elizabeth.wright,GPL-3.0,5.9.77,5532.0241,930.57,INV-731515,6c171709b6aa2203ddada4947734fe02954f92cb1e4ae8258c1c4a431ec62883,OpenAPI 3.0,99.593% uptime,71b52eadd7d4fd878ed39f3c22c1cae0698835acd54cc0239e75036b5efcfbd8,2019-01-20T22:01:54Z,tenant=us-east,K1SI77YR2I728DFCS,tenant-012,12/26,2023-05-25T00:00:00Z,cancelled,2018-12-22T22:25:52Z,harper.miller,crit=6087,Premium,POST /api/orders,"Quantum Dynamics, Pioneer Software",EMP-98460,region=2024-01,EMP-63055,jessica.jones,[a-zA-Z0-9._%+-]+@[a-zA-Z0-9.-]+,PII encrypted at rest,[INTERNAL] Q1 strategy review pending board approval,id,135 days,2018-11-03 14:30:05,139
GPL-3.0,Daily at 2am,,2020-06-22 22:43:21,Every 15 minutes,oliver.thompson,GPL-3.0,5.18.75,9882.6872,381.91,INV-530472,526dce5453f9154def5b8a6677547e1da5accf17f235cb5676d99c1133fe2672,GraphQL,99.016% uptime,73fe313e275725e631950f03b22b9531869ee5ce7c7909d7908323c475c188ec,2026-05-21T11:29:21Z,dt=2024-01,CWUMC1Y9Z497PMDEF,tenant-039,08/27,2020-04-29T00:00:00Z,failed,2019-09-16T13:22:30Z,amy.williams,max=4375,Penetration,POST /api/orders,"DataCraft Inc, Pacific Research Group, Skyline Partners, Catalyst Ventures, Meridian Health",EMP-14919,region=2024-01,EMP-93377,susan.taylor,^\d{3}-\d{2}-\d{4}$,Data retained for 7 years,[INTERNAL] Q2 strategy review pending board approval,created_at,319 days,2024-11-03 20:17:59,718
Proprietary,Every 15 minutes,,2024-04-07 18:54:35,Every 15 minutes,mason.lee,BSD-3-Clause,2.15.41,5547.8054,588.22,INV-881516,046a780f9143cd18af527bec1ed3185e80e8eb90a55404c9d38dbb9450092a6c,REST/JSON,99.358% uptime,317a47b14ff9be18e63fbb297931eef88e0a327f79f82ab62a87c1b8b8f9ffea,2024-02-04T20:29:07Z,tenant=us-east,X3R6SAOYFRJ7UJQVF,tenant-047,09/28,2021-11-02T00:00:00Z,failed,2019-10-08 17:46:24,james.walker,min=514,Cost-plus 25%,npm install,"Vertex Technologies, Pacific Research Group",EMP-10218,tenant=2024-01,EMP-68579,patricia.thomas,"\b\d{1,3}\.\d{1,3}\.\d{1,3}\.\d{1,3}\b",MFA required for admin,[INTERNAL] Q3 strategy review pending board approval,type,351 days,2022-01-23T23:41:33Z,527
GPL-3.0,Weekly on Monday,,2024-03-23 09:24:35,Weekly on Monday,richard.williams,CC BY 4.0,0.5.85,8992.6635,829.06,INV-166747,f6e3936aa84fac0bc4ebe0083e8d7050171f6fe950455b76f2c1287af6bcc20a,SOAP/XML,99.005% uptime,606aed7ef56106dbb4f02fe6ee6bc37027544004e57e72975322add3a3316710,2021-02-27T03:58:59Z,tenant=acme,I2XSIUR4DMXPWPVYN,tenant-031,02/25,2020-04-18T00:00:00Z,pending,2019-03-18 21:00:23,linda.rodriguez,max=2009,Premium,GET /api/users,"DataCraft Inc, Pioneer Software, Pacific Research Group, TechCo Industries",EMP-75661,region=2024-01,EMP-78877,william.johnson,[a-zA-Z0-9._%+-]+@[a-zA-Z0-9.-]+,MFA required for admin,[INTERNAL] Q2 strategy review pending board approval,name,241 days,2025-02-10T18:40:18Z,174
CC BY 4.0,Daily at 2am,,2023-01-23 13:51:04,Monthly on 1st,noah.rodriguez,BSD-3-Clause,0.11.64,4856.9766,309.79,INV-945348,f61d049aa8eec27936722175587476e4fe696884aab43dac6fb1f34130cf1fdc,REST/JSON,99.212% uptime,6a8bb1c031a208e27620c15e00a04d33d57bc4b383c64fc1faef19534ba48f59,2018-05-19 16:06:24,dt=acme,AKZN64H8MFJ5SS8X7,tenant-019,11/30,2023-09-11T00:00:00Z,failed,2018-12-11 05:52:55,john.johnson,crit=845,Penetration,POST /api/orders,"Alpine Systems, Pacific Research Group, Skyline Partners, Meridian Health, Pioneer Software",EMP-64196,region=us-east,EMP-47483,mary.martin,"\b\d{1,3}\.\d{1,3}\.\d{1,3}\.\d{1,3}\b",MFA required for admin,[INTERNAL] Q2 strategy review pending board approval,email,332 days,2024-06-22T17:43:20Z,737
Apache-2.0,Daily at 2am,,2018-06-28 04:24:22,Monthly on 1st,emma.white,Proprietary,1.4.6,-162.8638,903.74,INV-812855,03315c285f96b73c8790c382099019b618131522162ec0fd461076fc4c1d492f,gRPC/protobuf,99.439% uptime,2f9a7c03d25cf9d9c4cdafe45a6b8b184343df9d882bee37a86af1842dbeee20,2022-11-06 13:08:27,region=2024-01,4THQPZRQLTTFITRTU,tenant-004,04/26,2018-10-24T00:00:00Z,completed,2020-07-25T00:29:51Z,emily.king,crit=5896,Market-based,GET /api/users,"Quantum Dynamics, Pacific Research Group, DataCraft Inc, Meridian Health, Catalyst Ventures",EMP-11607,region=2024-01,EMP-17819,robert.martinez,^[A-Z]{2}\d{6}$,MFA required for admin,[INTERNAL] Q1 strategy review pending board approval,type,284 days,2026-05-02 19:04:33,22
Proprietary,Monthly on 1st,,2018-03-24 15:52:04,Weekly on Monday,mary.lewis,Apache-2.0,2.1.16,2611.5889,364.26,INV-723792,06ade46785cc35f372ba78c1822d4a8f24a16aa4e015cfa54c685dff105db028,gRPC/protobuf,99.935% uptime,050f3433e212c1206cd5940a64fab8316f8ece4b1162af7d51cfbf6c1021ab5f,2022-05-02T23:56:24Z,dt=acme,ZW4LX0YP6OLVH1QOW,tenant-044,11/28,2025-07-31T00:00:00Z,active,2026-09-27T03:17:00Z,ethan.martin,min=7823,Premium,npm install,"Meridian Health, Pioneer Software, Skyline Partners, Pacific Research Group, Acme Corp",EMP-51220,dt=acme,EMP-63248,jessica.moore,[a-zA-Z0-9._%+-]+@[a-zA-Z0-9.-]+,Data retained for 7 years,[INTERNAL] Q2 strategy review pending board approval,name,344 days,2018-04-05 00:59:05,558
BSD-3-Clause,Weekly on Monday,,2021-07-16 08:06:15,Monthly on 1st,mason.taylor,Apache-2.0,0.11.85,6266.1443,782.74,INV-689819,c8e5e10c39048a9dc43e8140c3a7cf23c28ab3373917fcbd2ee6d42f27b5a95d,GraphQL,99.883% uptime,880ca9a7b3c064ed5032704942e823f3ba0f850c76a883190c59afdc3bf5c43a,2020-06-27T03:47:58Z,dt=us-east,8WTT5YDA01OI3HWE3,tenant-041,11/30,2023-03-19T00:00:00Z,rejected,2025-08-28T20:41:03Z,ethan.garcia,max=4222,Premium,GET /api/users,"Beacon Analytics, Catalyst Ventures, Acme Corp, Alpine Systems",EMP-97482,tenant=2024-01,EMP-74716,david.harris,[a-zA-Z0-9._%+-]+@[a-zA-Z0-9.-]+,PII encrypted at rest,[INTERNAL] Q4 strategy review pending board approval,id,116 days,2025-03-03T06:32:51Z,282
Proprietary,Weekly on Monday,,2021-09-06T08:59:16Z,Monthly on 1st,jessica.anderson,Apache-2.0,3.0.85,4126.7483,906.54,INV-983252,8a2cb03f356531fbdfec3fa3a6bc8079b72b925d9f207c1f9bfb2b3cf4513ac1,REST/JSON,99.352% uptime,5a6e8126638ef39475ccc2886c6bb0f4d38a08f3c3cbed624e01bc0e7e510e75,2021-09-18 17:16:12,region=acme,D1AL2H7KV4O18PQ5C,tenant-029,10/25,2021-02-02T00:00:00Z,rejected,2025-02-20T12:22:37Z,jessica.clark,max=3332,Premium,kubectl apply,"DataCraft Inc, Pioneer Software, Alpine Systems",EMP-12746,region=2024-01,EMP-79584,sophia.anderson,[a-zA-Z0-9._%+-]+@[a-zA-Z0-9.-]+,MFA required for admin,[INTERNAL] Q2 strategy review pending board approval,amount,100 days,2020-08-08T15:31:16Z,177
MIT,Weekly on Monday,,2022-07-23 13:09:08,Daily at 2am,robert.martinez,Apache-2.0,3.1.92,9753.9435,779.85,INV-697459,d4ca1b97456cc55b3cffd31a5f1793254739cdca0f45be31b39f126da4530c38,REST/JSON,99.038% uptime,af8f6435e0a97c36cb40d8e3834fb822bc5784f6f30e5fcea9a2e85c35a7330e,2024-01-20T22:01:10Z,dt=acme,AWM3NCZJJN87CNP34,tenant-022,08/27,2019-05-21T00:00:00Z,active,2024-09-04T12:31:10Z,michael.brown,min=5807,Premium,POST /api/orders,"Pioneer Software, Catalyst Ventures, TechCo Industries, Global Solutions, Quantum Dynamics",EMP-22673,dt=us-east,EMP-29420,robert.white,^\d{3}-\d{2}-\d{4}$,MFA required for admin,[INTERNAL] Q1 strategy review pending board approval,email,277 days,2025-07-10 07:40:31,352
BSD-3-Clause,Monthly on 1st,,2021-06-03T01:34:19Z,Weekly on Monday,olivia.smith,Proprietary,5.7.20,9408.3087,709.31,INV-739466,a78d1fb825db3906663cbda84f7cdfcd2d9aea31bd6f15a5ac6417495cd9282a,REST/JSON,99.468% uptime,59c819e193aab8a5e6c2183dc3c07ad3ce2ce579bc88ab22f72f2047901bd057,2025-01-06 02:35:10,dt=2024-01,NJE0JRKBN4ZB20LZ9,tenant-033,05/24,2022-07-21T00:00:00Z,rejected,2018-04-06T07:55:07Z,mary.king,min=7593,Penetration,GET /api/users,"Alpine Systems, Skyline Partners, Acme Corp, TechCo Industries, Meridian Health",EMP-28859,dt=acme,EMP-81218,mason.lee,"\b\d{1,3}\.\d{1,3}\.\d{1,3}\.\d{1,3}\b",Data retained for 7 years,[INTERNAL] Q1 strategy review pending board approval,created_at,282 days,2026-12-04T11:20:55Z,877
Proprietary,Daily at 2am,,2018-03-28T03:16:54Z,Every 15 minutes,david.garcia,MIT,1.20.52,7073.5383,740.55,INV-568389,a96300d1d7627edfff0b009c5147059ee40e1904ebe1126f0d95dfeb3094f257,gRPC/protobuf,99.721% uptime,4e422bdfa913c12041d1e90dae8d7517ca803d50b5c273a9238a6137796e42f8,2023-09-17 11:57:10,tenant=acme,BSUZ1XSTI8BGLUR37,tenant-028,10/28,2018-05-04T00:00:00Z,completed,2020-09-26T04:31:37Z,jennifer.harris,warn=1392,Market-based,kubectl apply,"DataCraft Inc, Alpine Systems",EMP-62153,dt=us-east,EMP-78868,robert.jackson,^[A-Z]{2}\d{6}$,Data retained for 7 years,[INTERNAL] Q2 strategy review pending board approval,id,219 days,2026-10-26T06:44:50Z,65
Proprietary,Monthly on 1st,,2019-03-12 22:07:23,Daily at 2am,elizabeth.taylor,Proprietary,1.9.80,2332.3158,504.84,INV-369701,451fa178fa0b795275205dff9766d6e6c60e24ca50665341614dddc7deb70631,gRPC/protobuf,99.707% uptime,b5df5b5062a512cd999d89761638926892f064a259ecefefe8c565227d7d595c,2018-10-20T08:59:47Z,region=acme,R0EW2E2HY9CV3HR7Z,tenant-002,08/24,2022-03-27T00:00:00Z,completed,2025-11-26 17:15:59,oliver.brown,max=2984,Cost-plus 25%,npm install,"DataCraft Inc, Meridian Health, Quantum Dynamics, Acme Corp",EMP-28328,tenant=us-east,EMP-61670,robert.davis,[a-zA-Z0-9._%+-]+@[a-zA-Z0-9.-]+,MFA required for admin,[INTERNAL] Q2 strategy review pending board approval,created_at,36 days,2018-06-09T10:00:31Z,257
CC BY 4.0,Weekly on Monday,,2025-11-08T14:29:11Z,Every 15 minutes,mary.walker,Proprietary,1.15.41,448.5641,476.84,INV-618421,b5d2e8512ad006190b918e8b2bcad22e6c4cd521ed87bca054a2f1018c40e2d2,REST/JSON,99.897% uptime,49ae0767c219a8e37ff17cbda2150335d60cd6b828d90820e3fc79ad45cf38af,2020-04-15T12:04:13Z,dt=us-east,GLOU1YNX2VQ7E9AH3,tenant-018,09/24,2025-10-01T00:00:00Z,active,2018-04-14T06:47:11Z,ethan.robinson,warn=1231,Value pricing,docker run,"Alpine Systems, Quantum Dynamics, Acme Corp, Vertex Technologies, Catalyst Ventures",EMP-24132,region=us-east,EMP-56301,john.white,[a-zA-Z0-9._%+-]+@[a-zA-Z0-9.-]+,MFA required for admin,[INTERNAL] Q2 strategy review pending board approval,id,201 days,2018-02-17 08:42:47,539
Proprietary,Monthly on 1st,,2022-07-21T00:48:51Z,Monthly on 1st,sophia.clark,CC BY 4.0,1.16.43,4574.3463,313.34,INV-347632,820196222b57c7be9fa54dedbb4325553fb329650cbc5188ee1347a0c6cfdafe,gRPC/protobuf,99.39% uptime,c785aa9423763b5001aab90f6cb87120a66300d954609ef4a2961c7b9a52401f,2024-03-15 09:33:07,region=2024-01,MXFFJ0ZF3WJSARZUH,tenant-023,09/28,2023-05-21T00:00:00Z,rejected,2022-08-17T14:23:42Z,john.williams,max=5635,Premium,kubectl apply,"Catalyst Ventures, Vertex Technologies",EMP-61772,dt=us-east,EMP-10240,jessica.moore,^[A-Z]{2}\d{6}$,Data retained for 7 years,[INTERNAL] Q1 strategy review pending board approval,created_at,308 days,2022-06-08T12:16:57Z,978
GPL-3.0,Every 15 minutes,,2024-06-26 16:34:55,Daily at 2am,michael.rodriguez,GPL-3.0,2.7.90,3637.3346,91.97,INV-152012,df3e065063b9b1a92c9d6ed34f0f52d42666a3133bb4ed20f40e99782e7c5bb6,OpenAPI 3.0,99.134% uptime,9f36ac48e7955c27ffc4552d841705babd90f3738798ae56bfc5e3b45978189c,2022-07-22T16:35:46Z,region=acme,EC0KKUDW11AL4WBWE,tenant-044,02/26,2018-02-28T00:00:00Z,cancelled,2019-12-01 15:21:52,sarah.smith,warn=1769,Premium,GET /api/users,"DataCraft Inc, Meridian Health, Catalyst Ventures, Alpine Systems, TechCo Industries",EMP-67107,tenant=us-east,EMP-54745,logan.smith,"\b\d{1,3}\.\d{1,3}\.\d{1,3}\.\d{1,3}\b",Data retained for 7 years,[INTERNAL] Q4 strategy review pending board approval,amount,139 days,2025-11-20T21:01:25Z,722
Proprietary,Daily at 2am,,2019-01-05T12:59:42Z,Weekly on Monday,liam.jackson,CC BY 4.0,0.8.55,8801.7033,725.39,INV-943777,f768110fdec543e1713c1d6263a5a5a1d6ceb2ec8e5295b95f1807918039e52c,GraphQL,99.305% uptime,b8e3c3f96390af9a720841c4c945256c2adebaaa2b4880dc1ff3d7e0db4305fa,2022-02-05T15:09:24Z,dt=acme,K4KBT9NZK21VRCXPX,tenant-041,11/25,2024-07-10T00:00:00Z,completed,2020-05-23 03:42:46,anna.clark,crit=2349,Premium,GET /api/users,"TechCo Industries, DataCraft Inc, Pioneer Software, Pacific Research Group, Meridian Health",EMP-60245,region=us-east,EMP-40306,amy.anderson,"\b\d{1,3}\.\d{1,3}\.\d{1,3}\.\d{1,3}\b",MFA required for admin,[INTERNAL] Q4 strategy review pending board approval,name,297 days,2025-05-01T20:09:45Z,354
GPL-3.0,Weekly on Monday,,2019-10-16T22:32:54Z,Weekly on Monday,olivia.miller,Apache-2.0,3.0.94,-904.914,70.42,INV-579843,1d3b0656c512918cb880939718c58c1dae3f86cf5f56759dc04bb3c5885e6c06,OpenAPI 3.0,99.206% uptime,b7015719f35ecf624522868dc7945b79a61a24e541e79a40723558ab9b5f483a,2021-11-26T06:23:32Z,dt=acme,A9LES7LG1U983F32V,tenant-003,06/27,2024-02-18T00:00:00Z,pending,2022-08-16 08:20:27,patricia.anderson,max=6515,Cost-plus 25%,npm install,"Vertex Technologies, Meridian Health, Skyline Partners",EMP-27008,tenant=us-east,EMP-63600,logan.rodriguez,^\d{3}-\d{2}-\d{4}$,PII encrypted at rest,[INTERNAL] Q4 strategy review pending board approval,email,359 days,2019-03-10T02:54:50Z,218
Apache-2.0,Daily at 2am,,2025-08-19 03:55:58,Daily at 2am,emily.young,BSD-3-Clause,4.10.57,3990.2247,860.3,INV-345131,d9614c39dd0ac3bb6c3c8dc998ecbe7020929088166e05e37841b84223a02251,OpenAPI 3.0,99.915% uptime,358d6f9bae998681016e7866a83620e7e4d42800b748fbcd258be8508b491f95,2024-03-02 18:06:07,tenant=us-east,0G4S93PEHXIEKMUPE,tenant-025,08/29,2018-01-14T00:00:00Z,failed,2024-06-04T15:33:44Z,mary.lewis,max=6265,Penetration,docker run,"Skyline Partners, DataCraft Inc, Quantum Dynamics, Acme Corp",EMP-30502,dt=acme,EMP-10160,susan.thompson,^[A-Z]{2}\d{6}$,Data retained for 7 years,[INTERNAL] Q2 strategy review pending board approval,name,37 days,2022-01-12T15:44:39Z,184
MIT,Every 15 minutes,,2022-01-18T10:56:36Z,Every 15 minutes,emma.harris,Apache-2.0,3.19.27,7640.2129,8.14,INV-623886,35f24992d2f2b9f91e231c3b72c50286b1566979899ce3f265f52e4cff2421f3,GraphQL,99.84% uptime,ac645ffdcc215372ddf294db574fb882f2dedd172d29c795ca1b85d21d113ecc,2021-05-16 13:58:54,dt=us-east,43EOJ35ZA68HHL4CK,tenant-035,03/30,2021-07-30T00:00:00Z,active,2019-02-02T02:28:39Z,robert.white,warn=6688,Market-based,kubectl apply,"Alpine Systems, Vertex Technologies, Pioneer Software",EMP-25115,region=2024-01,EMP-69654,sarah.garcia,[a-zA-Z0-9._%+-]+@[a-zA-Z0-9.-]+,MFA required for admin,[INTERNAL] Q1 strategy review pending board approval,type,199 days,2023-02-23 11:10:37,109
BSD-3-Clause,Daily at 2am,,2022-02-05 21:43:40,Monthly on 1st,liam.walker,CC BY 4.0,1.15.41,5127.8171,988.16,INV-642360,461f06817533db9cbf33800411031344e265295937b8400213f26d387d09014d,OpenAPI 3.0,99.351% uptime,07ab601bbb80aa431597d6f8a44b1052f384d3d98e124318327e4eb24ade8741,2026-08-07T13:50:29Z,region=acme,P1X7CE9ICQ10I364L,tenant-009,08/28,2024-01-24T00:00:00Z,pending,2018-03-15 11:40:59,elizabeth.lewis,crit=1362,Penetration,npm install,"Quantum Dynamics, Skyline Partners",EMP-82977,tenant=2024-01,EMP-63014,linda.clark,^\d{3}-\d{2}-\d{4}$,Data retained for 7 years,[INTERNAL] Q4 strategy review pending board approval,status,217 days,2025-08-09 15:54:58,802
Apache-2.0,Daily at 2am,,2019-12-16T12:53:16Z,Every 15 minutes,lucas.young,CC BY 4.0,5.16.91,7433.2635,500.26,INV-889328,eef0b591d07e0eaae6700604aa547c70d37e09cf932cad379b1e756775454bd8,gRPC/protobuf,99.883% uptime,0887aed0b4289ef1cac5081f94ad8d0c9669af35a3322ad6db471474e8b9b156,2025-07-03T18:20:17Z,region=us-east,PG65ZOC14B3QKFZXS,tenant-036,06/24,2026-08-11T00:00:00Z,pending,2021-08-16T01:33:47Z,lucas.miller,max=3378,Cost-plus 25%,kubectl apply,"Skyline Partners, Beacon Analytics, DataCraft Inc, Global Solutions",EMP-56051,dt=2024-01,EMP-99197,linda.harris,^\d{3}-\d{2}-\d{4}$,PII encrypted at rest,[INTERNAL] Q3 strategy review pending board approval,created_at,228 days,2023-12-02 06:13:58,1
Proprietary,Weekly on Monday,2022-03-12T17:55:23Z,2023-08-11 02:46:07,Every 15 minutes,elizabeth.king,BSD-3-Clause,2.9.82,1351.5256,949.45,INV-749390,dd41b7ade15d39d3032260d2315972742cb8778eac928a9baf056d0b5c623004,gRPC/protobuf,99.477% uptime,82ae3319c177db0c14b994221f06338fa39e81db9d6588c3c4d3625508028d8a,2023-11-08 17:25:07,dt=acme,3PWJZKFSP7SLQTFYZ,tenant-038,03/24,2026-02-15T00:00:00Z,cancelled,2022-09-04 04:43:08,logan.garcia,crit=9154,Premium,POST /api/orders,"Global Solutions, Vertex Technologies, Quantum Dynamics",EMP-38469,dt=2024-01,EMP-67493,oliver.jones,^\d{3}-\d{2}-\d{4}$,Data retained for 7 years,[INTERNAL] Q1 strategy review pending board approval,id,354 days,2024-10-04 11:18:29,560
GPL-3.0,Monthly on 1st,2018-12-14 00:35:09,2020-04-19 07:45:35,Every 15 minutes,amy.thompson,MIT,2.12.68,7022.0572,664.81,INV-554175,edee1fd11d7dec1832e92b128ee52a2429f760670c9b4d8c0dd6acc5565e8a28,REST/JSON,99.1% uptime,c51f9cb75e2f6adb48402cb0e59be7f3932c3f3c082d1636ed178cdcbed6f378,2021-03-21T20:53:02Z,dt=us-east,J2OGO7G6ZJV8VFFA5,tenant-031,12/24,2024-12-18T00:00:00Z,inactive,2026-03-17 07:58:06,amy.moore,warn=1498,Value pricing,kubectl apply,"Alpine Systems, Global Solutions, Beacon Analytics, Vertex Technologies, Acme Corp",EMP-38204,dt=acme,EMP-23375,james.lee,[a-zA-Z0-9._%+-]+@[a-zA-Z0-9.-]+,PII encrypted at rest,[INTERNAL] Q2 strategy review pending board approval,type,143 days,2026-01-17T03:21:55Z,772
Proprietary,Monthly on 1st,,2018-12-09 09:00:39,Daily at 2am,john.moore,Apache-2.0,2.13.74,1920.745,235.38,INV-909387,29e456848199753dd18d782fc38f4781428c28f14e377bed321739b92cae2269,REST/JSON,99.452% uptime,29674ed5f5adce045a3ff7792b551ab188a1988067f939841c72c87af106d29b,2019-12-12T21:00:59Z,dt=us-east,5594MIE3BDWNPBRP3,tenant-020,08/29,2018-03-13T00:00:00Z,cancelled,2023-04-19T04:10:47Z,jessica.robinson,min=1527,Premium,POST /api/orders,"Catalyst Ventures, Pioneer Software, Acme Corp",EMP-15915,region=2024-01,EMP-65546,amy.jones,^[A-Z]{2}\d{6}$,MFA required for admin,[INTERNAL] Q2 strategy review pending board approval,amount,300 days,2020-03-18T15:52:01Z,226
Proprietary,Daily at 2am,,2022-07-01 05:16:21,Weekly on Monday,robert.king,BSD-3-Clause,4.18.96,1377.9055,362.79,INV-401235,20731f6eecdab8d40bcd848ff5f4e1b68497e2375a73850b1911cb0c3581dbfe,OpenAPI 3.0,99.522% uptime,b91e0b5cfd4aa4456a62fafd8dc5af5f24ed21ab28ff2afdf55f9fcee0b658f5,2025-09-09T17:11:01Z,region=us-east,TFG2MQHM4IFBY7QFE,tenant-026,03/24,2023-12-10T00:00:00Z,cancelled,2023-03-23 00:23:30,jessica.walker,min=8465,Penetration,GET /api/users,"Quantum Dynamics, Acme Corp, Pacific Research Group, Meridian Health",EMP-47530,dt=2024-01,EMP-19390,mason.smith,^\d{3}-\d{2}-\d{4}$,PII encrypted at rest,[INTERNAL] Q2 strategy review pending board approval,name,161 days,2026-09-12 11:25:29,434
BSD-3-Clause,Daily at 2am,,2022-04-18T23:32:30Z,Daily at 2am,john.wright,BSD-3-Clause,5.2.98,9695.4135,761.51,INV-634288,2978d0ba5ec5bf6dec05cae71d18213a3a6ee047bae64742c06298a28c44d25a,SOAP/XML,99.041% uptime,86203ca017844f7eaf835b961a49a8ff8bf8fd36c7176aef431fdc3434d91587,2022-07-02T22:25:08Z,dt=us-east,M251J0220L7J1YWHN,tenant-006,04/25,2026-11-20T00:00:00Z,pending,2025-03-14 22:13:19,logan.white,min=8077,Penetration,npm install,"Vertex Technologies, DataCraft Inc, Skyline Partners",EMP-65070,region=us-east,EMP-45117,aiden.jackson,"\b\d{1,3}\.\d{1,3}\.\d{1,3}\.\d{1,3}\b",MFA required for admin,[INTERNAL] Q4 strategy review pending board approval,amount,225 days,2022-11-08 14:08:29,874
Apache-2.0,Every 15 minutes,2023-11-02T01:45:22Z,2022-10-06 15:14:24,Weekly on Monday,emma.smith,Apache-2.0,4.16.51,3669.1576,366.94,INV-356009,9a7efb3cd65b22ee63864bbac0722efd3c36a942c8d0dc1b991f1d56a3d49212,OpenAPI 3.0,99.855% uptime,40d68334238613da7d1f114215e28293cfdc065f96f416eb12e9ddaa1e3309b9,2018-09-21T05:48:03Z,dt=acme,4W1UX00ZWZVXM20IL,tenant-032,07/30,2026-03-10T00:00:00Z,approved,2021-01-23 18:20:43,logan.wright,warn=8006,Premium,docker run,"Meridian Health, Pioneer Software, Vertex Technologies, Beacon Analytics, Skyline Partners",EMP-19890,dt=us-east,EMP-20583,aiden.jackson,^\d{3}-\d{2}-\d{4}$,MFA required for admin,[INTERNAL] Q4 strategy review pending board approval,name,13 days,2021-01-27T11:19:48Z,370
BSD-3-Clause,Daily at 2am,,2024-12-06 07:04:32,Monthly on 1st,john.williams,Apache-2.0,3.13.77,4723.5906,418.49,INV-139321,29bfb352cdeff1cf81843bdccaf7b6faa114b8f24a6ebea203bf16e4cf152a0f,SOAP/XML,99.713% uptime,236718c36d938612cfd23567c1d41b951f735a6029b136102d1859ed82d0eccf,2019-04-27T02:41:09Z,region=acme,TNPS83MKVF2GFF9DZ,tenant-047,06/28,2022-01-10T00:00:00Z,approved,2025-09-28T02:30:41Z,william.taylor,crit=8401,Market-based,GET /api/users,"Pioneer Software, Quantum Dynamics, Beacon Analytics, Global Solutions",EMP-28172,dt=us-east,EMP-19739,robert.lee,"\b\d{1,3}\.\d{1,3}\.\d{1,3}\.\d{1,3}\b",MFA required for admin,[INTERNAL] Q4 strategy review pending board approval,email,264 days,2022-11-19 19:54:56,294
GPL-3.0,Every 15 minutes,,2021-10-13T12:19:32Z,Every 15 minutes,david.garcia,Apache-2.0,2.14.67,681.7027,797.07,INV-834880,84c0f97eb6e463aa1ca26392d7407847594a20da548a2685a029b64f7926a166,OpenAPI 3.0,99.537% uptime,4a98414493fcf853e03983da9bd73a436087c913b8e5f94ab12622b285442854,2022-12-21T14:36:32Z,tenant=us-east,A1J2B71VE8ABH9567,tenant-045,11/28,2018-03-02T00:00:00Z,active,2018-10-04 00:57:43,ethan.young,max=1076,Penetration,POST /api/orders,"Skyline Partners, Quantum Dynamics",EMP-10146,tenant=acme,EMP-54162,elizabeth.thompson,^\d{3}-\d{2}-\d{4}$,PII encrypted at rest,[INTERNAL] Q1 strategy review pending board approval,id,98 days,2018-03-15 01:30:47,330
Proprietary,Monthly on 1st,,2026-01-13 19:47:10,Monthly on 1st,noah.thompson,MIT,1.13.14,7544.7133,5.08,INV-558271,aa0a781fc2a650173dc4bc482846cb3f2d1b4b8cb82635c9f6a606792f4c55b5,REST/JSON,99.073% uptime,434707980de0b805b981cf3dee7dcc3c1333546ac62271e32e430c40f8464af5,2025-04-18 00:43:48,tenant=acme,GKDWSKLZN2KBGJVA5,tenant-020,12/25,2022-06-23T00:00:00Z,cancelled,2019-03-26T05:43:21Z,jennifer.thomas,crit=9893,Market-based,POST /api/orders,"Beacon Analytics, Global Solutions, Alpine Systems, Meridian Health",EMP-61053,dt=2024-01,EMP-45362,ethan.miller,^\d{3}-\d{2}-\d{4}$,Data retained for 7 years,[INTERNAL] Q1 strategy review pending board approval,name,173 days,2025-08-04 06:55:36,133
Apache-2.0,Daily at 2am,,2025-03-19 00:11:31,Daily at 2am,emma.clark,CC BY 4.0,1.16.75,1862.5981,30.51,INV-561950,c4444c69042e692ad1f613f3815215e54d9d16cff57375505f8ff60e2dfd9011,REST/JSON,99.395% uptime,b68ae0f9f95c6afb6bd9745ba38ce5c27264bcffb94a4d7a067dc54b5b5781b6,2018-02-16T07:44:28Z,region=acme,5662TKFOXUI3H6XUC,tenant-011,04/26,2024-12-18T00:00:00Z,completed,2024-06-11 08:10:00,david.smith,max=6562,Value pricing,kubectl apply,"Acme Corp, Pacific Research Group",EMP-56575,tenant=us-east,EMP-40947,mary.anderson,^[A-Z]{2}\d{6}$,Data retained for 7 years,[INTERNAL] Q2 strategy review pending board approval,status,187 days,2018-04-02T13:57:29Z,197
MIT,Monthly on 1st,,2020-03-04 08:06:49,Daily at 2am,william.rodriguez,MIT,4.11.79,8242.8134,472.54,INV-512758,516f2c140d206a88b4f3afbea3a0911ed61c1c70971c2d96e3bedac4df1f1413,SOAP/XML,99.356% uptime,5b11b4edc229234ffdccbaa256161daea25a7f2eb3720cafa2ca43f89e623891,2019-09-14 11:18:12,region=us-east,C2SMS5A73SL72V77Y,tenant-004,09/28,2019-02-11T00:00:00Z,active,2019-06-17 02:02:49,michael.robinson,min=7744,Value pricing,npm install,"Acme Corp, Pacific Research Group, Pioneer Software",EMP-89637,region=us-east,EMP-38091,jennifer.walker,"\b\d{1,3}\.\d{1,3}\.\d{1,3}\.\d{1,3}\b",PII encrypted at rest,[INTERNAL] Q2 strategy review pending board approval,name,210 days,2023-03-23T03:18:44Z,98
BSD-3-Clause,Monthly on 1st,,2022-06-05T23:41:28Z,Daily at 2am,patricia.brown,Proprietary,4.12.8,6758.4837,733.88,INV-717003,0215f83213bb88005502ea7e9a3305994bd9b16b80bac1eda2a59bd921c1124f,SOAP/XML,99.771% uptime,2cd3f81a1c81f01b08434ada17579403a92cdabe3263dbeac35b512ecd8f8afb,2019-03-02T20:44:23Z,dt=2024-01,O8M3CI57NT46TP41X,tenant-029,10/27,2023-07-28T00:00:00Z,completed,2021-07-01T17:42:25Z,richard.garcia,crit=7288,Premium,POST /api/orders,"Pioneer Software, Quantum Dynamics, Vertex Technologies, DataCraft Inc, Alpine Systems",EMP-71498,dt=us-east,EMP-41465,mason.martinez,^[A-Z]{2}\d{6}$,Data retained for 7 years,[INTERNAL] Q4 strategy review pending board approval,type,5 days,2022-09-19T01:15:40Z,120
Apache-2.0,Every 15 minutes,,2018-08-02T06:51:39Z,Every 15 minutes,oliver.rodriguez,BSD-3-Clause,5.5.63,9921.2122,538.56,INV-312013,9bb4efc1bad192c2aa07a375238077291ceefb46056cd4b9dba60d6cc8f8974c,GraphQL,99.802% uptime,52a7173f46915e452dc2639b18d5dc3944a1d26fcb937a7c5dd75d3f42efda3e,2025-07-14 08:58:20,dt=2024-01,UILTNPCC74BAIBPP8,tenant-003,11/27,2026-12-21T00:00:00Z,approved,2025-02-16 09:16:24,michael.taylor,crit=9819,Penetration,npm install,"Global Solutions, Catalyst Ventures, Vertex Technologies, Beacon Analytics, TechCo Industries",EMP-49247,region=2024-01,EMP-76574,mary.martin,"\b\d{1,3}\.\d{1,3}\.\d{1,3}\.\d{1,3}\b",Data retained for 7 years,[INTERNAL] Q1 strategy review pending board approval,amount,151 days,2019-11-14T18:44:40Z,464
Apache-2.0,Monthly on 1st,,2020-09-03 03:50:57,Monthly on 1st,linda.thompson,CC BY 4.0,0.14.43,9729.1606,219.27,INV-315730,fddfc7466e845fd3e60e3273cc51684dc5a8d801e1f71612a485c059dba7ed79,SOAP/XML,99.325% uptime,525da7736da6d8399226d6b811538398bc21bd23fa85160a4c75885277c0510f,2021-05-11T19:17:25Z,tenant=acme,7BU1LFMLZE4UCNMDH,tenant-023,10/26,2024-12-25T00:00:00Z,completed,2020-05-12T22:36:41Z,oliver.martinez,min=3923,Cost-plus 25%,npm install,"Catalyst Ventures, Alpine Systems, Quantum Dynamics",EMP-24509,dt=acme,EMP-68654,sophia.lee,^\d{3}-\d{2}-\d{4}$,Data retained for 7 years,[INTERNAL] Q1 strategy review pending board approval,email,341 days,2018-03-07 01:03:23,215
MIT,Monthly on 1st,,2023-04-21T19:05:07Z,Daily at 2am,oliver.williams,BSD-3-Clause,3.3.20,4422.309,926.05,INV-408772,7b63417715b648c19f0c8d826301efabe5d8b2c4d071159297e285d17f332be4,SOAP/XML,99.64% uptime,b5524fea51c04369c2474800ca4bfb3e6c43d591c60597a50e91eefe3adb6128,2019-07-09T13:35:13Z,region=acme,8EPIOFXOQBPKM9LR7,tenant-009,05/26,2018-11-15T00:00:00Z,rejected,2026-06-13T12:24:12Z,james.anderson,warn=6300,Premium,npm install,"Quantum Dynamics, Alpine Systems, Vertex Technologies, Acme Corp",EMP-86819,tenant=us-east,EMP-10864,logan.anderson,^\d{3}-\d{2}-\d{4}$,MFA required for admin,[INTERNAL] Q3 strategy review pending board approval,type,342 days,2024-01-21T01:28:18Z,817
Apache-2.0,Monthly on 1st,,2023-06-18T20:53:43Z,Every 15 minutes,aiden.lee,GPL-3.0,1.9.9,9223.7095,783.0,INV-273742,731e332ae6509f09bd43c253ee0607249656c45910a1562b3f966d8771b2a533,gRPC/protobuf,99.025% uptime,6b19b67cdb9e6ded6bfc32c7fe84a167853fababa295b110378c3224a852a0e0,2021-02-07 20:37:04,region=2024-01,ZVNHINLUXWEZEX2KN,tenant-041,04/24,2021-05-30T00:00:00Z,failed,2018-10-25 07:47:32,noah.harris,crit=6952,Cost-plus 25%,kubectl apply,"DataCraft Inc, Catalyst Ventures",EMP-14398,tenant=2024-01,EMP-80051,logan.wright,^[A-Z]{2}\d{6}$,Data retained for 7 years,[INTERNAL] Q4 strategy review pending board approval,name,256 days,2019-12-08 10:18:02,277
GPL-3.0,Every 15 minutes,,2023-10-25T23:01:29Z,Weekly on Monday,anna.clark,BSD-3-Clause,0.20.47,8272.5645,654.08,INV-266961,60c2b1c89ee1ec7ceacc4fa7833f619a3cf76a1f331b61fe0cecdc66dd7b7375,OpenAPI 3.0,99.748% uptime,689fa8351dba14744191c084648d74505bef19bacb807ad2251298a6dd9ad159,2020-09-25 18:23:51,dt=acme,C6XBJENIO3P8PWZGY,tenant-030,07/26,2018-04-23T00:00:00Z,cancelled,2021-06-21 21:03:31,oliver.thompson,warn=4571,Penetration,POST /api/orders,"Alpine Systems, Vertex Technologies",EMP-15374,dt=us-east,EMP-20080,emma.thomas,[a-zA-Z0-9._%+-]+@[a-zA-Z0-9.-]+,MFA required for admin,[INTERNAL] Q4 strategy review pending board approval,amount,165 days,2021-05-13 13:40:00,225
Proprietary,Daily at 2am,2019-03-01T21:54:23Z,2025-10-13 21:30:21,Every 15 minutes,jennifer.brown,Proprietary,0.3.57,8160.7485,918.22,INV-181455,c8bd42bcaad4e3cdea2fbb3424121b7778fe780e98dfe3690232b9cfa973aea4,GraphQL,99.44% uptime,703a934b90c2d7b553de7904a2084cdd5ed9bdc5ec9ba50939daf245a06d02d2,2019-08-17T14:56:46Z,tenant=acme,NWX13O675AQFJH1SH,tenant-045,06/25,2022-11-25T00:00:00Z,active,2019-08-19T19:17:39Z,noah.jackson,min=4406,Penetration,npm install,"TechCo Industries, Alpine Systems, Meridian Health, Skyline Partners",EMP-51774,dt=2024-01,EMP-74628,mary.martin,^\d{3}-\d{2}-\d{4}$,Data retained for 7 years,[INTERNAL] Q2 strategy review pending board approval,name,132 days,2025-08-28T04:54:48Z,370
BSD-3-Clause,Monthly on 1st,,2024-04-09 15:48:28,Weekly on Monday,liam.williams,Apache-2.0,5.16.64,-928.2254,117.36,INV-307868,04ed448d0d9a6d1922a92d204d62201ebdeeed171e1db8c344879bef5e2fce1c,OpenAPI 3.0,99.591% uptime,5397d5b644b78f109483ece15ef27d655200c0f32694a703c385183fefce9a65,2021-09-25 04:20:32,region=2024-01,UEVAK9MX6V67FCCHH,tenant-043,07/28,2019-07-09T00:00:00Z,inactive,2022-01-09T01:16:31Z,emma.williams,max=7032,Cost-plus 25%,kubectl apply,"Pacific Research Group, Acme Corp, DataCraft Inc, Quantum Dynamics",EMP-11057,dt=2024-01,EMP-80045,oliver.lewis,^\d{3}-\d{2}-\d{4}$,MFA required for admin,[INTERNAL] Q3 strategy review pending board approval,created_at,202 days,2019-03-20 14:00:57,819
GPL-3.0,Every 15 minutes,,2020-04-26 19:50:19,Every 15 minutes,john.martinez,BSD-3-Clause,1.0.20,8049.2345,713.46,INV-868555,50dd76fc616fbd539497a127b60c2c7544f1fb6f302b0a43e0115bbf9dbf93b2,REST/JSON,99.872% uptime,f0e928441776218408dfbb98d23bbbf2d337d8e0de5b5a7870ccee265917063b,2025-07-26T23:18:10Z,region=acme,GSF0OP1HL674I0REB,tenant-001,06/26,2020-02-07T00:00:00Z,cancelled,2022-08-06T11:52:18Z,james.taylor,warn=5767,Premium,POST /api/orders,"TechCo Industries, Global Solutions, Meridian Health, Beacon Analytics",EMP-84128,dt=2024-01,EMP-16334,oliver.martin,^\d{3}-\d{2}-\d{4}$,Data retained for 7 years,[INTERNAL] Q3 strategy review pending board approval,email,125 days,2021-10-10 12:03:51,31
BSD-3-Clause,Every 15 minutes,,2020-05-12T15:07:48Z,Weekly on Monday,elizabeth.king,MIT,4.2.80,2747.6875,26.14,INV-959360,a6aca96f273ce8d20b17d9a9e29b64a28da31ebf9f5b3df92519ce7b314c5273,OpenAPI 3.0,99.052% uptime,084d1bc043e3e9cd8c948f0a2399c2040dbd120307989674026864c532fa830a,2018-03-28 05:21:10,tenant=2024-01,OGFZ4XLKPJYO3YPWK,tenant-012,01/27,2025-01-31T00:00:00Z,rejected,2019-01-17 21:50:00,emily.wright,crit=828,Market-based,POST /api/orders,"Alpine Systems, Beacon Analytics, Skyline Partners, DataCraft Inc",EMP-83263,region=acme,EMP-83828,linda.brown,[a-zA-Z0-9._%+-]+@[a-zA-Z0-9.-]+,MFA required for admin,[INTERNAL] Q3 strategy review pending board approval,id,239 days,2018-03-13T22:48:59Z,543
MIT,Monthly on 1st,2022-10-09 10:59:37,2023-04-25 10:57:03,Monthly on 1st,mary.thomas,BSD-3-Clause,4.6.81,844.0047,510.59,INV-941735,537692b1afdc13a9cef0aa47b73a1a250364a1c534d6b8a462c605af1833c898,REST/JSON,99.116% uptime,c10642f910a6366c597fce81be63540363c08864591bce69a5e81fd0f3d58c3b,2020-08-10T14:13:01Z,region=2024-01,SJUT39VDUFWTZQ9SO,tenant-034,06/30,2024-05-29T00:00:00Z,pending,2023-09-07 22:37:31,susan.jones,crit=8744,Penetration,POST /api/orders,"Alpine Systems, Vertex Technologies",EMP-98474,tenant=us-east,EMP-53370,susan.thomas,"\b\d{1,3}\.\d{1,3}\.\d{1,3}\.\d{1,3}\b",PII encrypted at rest,[INTERNAL] Q3 strategy review pending board approval,amount,41 days,2021-02-15T15:54:50Z,660
BSD-3-Clause,Daily at 2am,,2020-05-27 10:03:44,Monthly on 1st,david.clark,BSD-3-Clause,3.4.27,4524.6905,940.7,INV-160290,138499a2535dcea32782f2e5ac04f514c75be99399aee2f9d31cbb16d0dbe708,GraphQL,99.76% uptime,e7501a6b2687bc3346c8b7d4ff7177e7b99ea929706a12aea54058a5024071d3,2023-05-20 18:47:49,region=acme,UOH5XPW0R16ZE5RHW,tenant-013,02/29,2023-07-07T00:00:00Z,pending,2018-08-11T16:08:07Z,david.walker,crit=6125,Premium,npm install,"Quantum Dynamics, Skyline Partners",EMP-94410,dt=2024-01,EMP-48196,logan.garcia,"\b\d{1,3}\.\d{1,3}\.\d{1,3}\.\d{1,3}\b",Data retained for 7 years,[INTERNAL] Q2 strategy review pending board approval,type,47 days,2022-08-27T19:32:18Z,893
CC BY 4.0,Monthly on 1st,2025-09-17T18:01:43Z,2024-08-23T23:27:41Z,Every 15 minutes,elizabeth.lewis,Proprietary,2.12.79,-313.6404,800.1,INV-661773,2a998ebb00f45de76d4e792803642f9b7ffa1725efef945bbdb274f20cb44910,gRPC/protobuf,99.934% uptime,15cc9ea214aefb13db0f3e26f1ccacdff738c844a1fb96ede326ec1a49593df3,2022-07-05T17:59:49Z,tenant=us-east,EFEGLEGB8458VP1PF,tenant-038,02/30,2019-04-30T00:00:00Z,inactive,2023-10-10T20:19:34Z,elizabeth.davis,max=310,Penetration,GET /api/users,"Alpine Systems, TechCo Industries, Beacon Analytics",EMP-17846,dt=acme,EMP-36112,ethan.lee,^[A-Z]{2}\d{6}$,Data retained for 7 years,[INTERNAL] Q1 strategy review pending board approval,id,223 days,2023-12-08 16:49:01,146
BSD-3-Clause,Weekly on Monday,,2022-04-12 16:46:04,Every 15 minutes,michael.king,Proprietary,3.11.65,2173.5981,139.64,INV-426199,d2e5ab009aede7b96593ee3760fad0e258a5552b605c2ec34b0e53f8a5187f45,OpenAPI 3.0,99.036% uptime,5939b34d6c3ab589a015b3da8af576196e340aecd4257fdbba20a8ddb4189f23,2024-06-26T19:40:18Z,dt=acme,PQOOI24BWZX963P5Q,tenant-020,11/24,2025-08-29T00:00:00Z,rejected,2025-05-21T21:21:21Z,oliver.williams,max=7993,Value pricing,npm install,"Skyline Partners, TechCo Industries, Acme Corp, Meridian Health",EMP-41016,tenant=acme,EMP-91296,aiden.davis,^\d{3}-\d{2}-\d{4}$,Data retained for 7 years,[INTERNAL] Q3 strategy review pending board approval,type,213 days,2021-12-04 01:06:32,983
MIT,Monthly on 1st,,2022-12-09T13:42:30Z,Daily at 2am,amy.miller,Proprietary,5.11.87,7589.5362,798.56,INV-113351,ac3d1bdbf1788d81689e4e636a9649f8dc1d73ab85aeaeb9751aabd656107084,SOAP/XML,99.241% uptime,29ed927fadbcecc9b1dc5fb54f9f7a344e9641ae6ce623d01b9be8fc0232b461,2020-05-17T06:49:53Z,region=us-east,Q11NYN7HOQHR7QR6V,tenant-005,06/25,2021-03-16T00:00:00Z,pending,2023-08-28 02:14:33,james.anderson,min=3115,Market-based,POST /api/orders,"Pacific Research Group, Skyline Partners",EMP-13643,region=2024-01,EMP-75538,lucas.garcia,"\b\d{1,3}\.\d{1,3}\.\d{1,3}\.\d{1,3}\b",Data retained for 7 years,[INTERNAL] Q4 strategy review pending board approval,type,106 days,2026-04-06T21:55:22Z,42
Apache-2.0,Every 15 minutes,,2025-09-03T05:15:51Z,Monthly on 1st,harper.wright,Proprietary,3.9.58,3456.2459,836.97,INV-613365,9a3544d4555aa866459022532486f35cf41e26768835edcce6da0e2723ca6954,SOAP/XML,99.788% uptime,578ec5ccc1e084de0db6e75d542743f8e7f9d085f5fbb8af9c9808962734c4af,2019-07-07 05:26:32,tenant=2024-01,N9GGKK4D1DU47O7UR,tenant-026,10/26,2019-04-02T00:00:00Z,pending,2026-02-23 05:12:36,james.smith,min=1156,Cost-plus 25%,kubectl apply,"Beacon Analytics, Global Solutions, DataCraft Inc, TechCo Industries",EMP-77188,region=us-east,EMP-68024,sarah.thompson,^[A-Z]{2}\d{6}$,Data retained for 7 years,[INTERNAL] Q3 strategy review pending board approval,type,185 days,2022-05-03 06:57:22,133
MIT,Monthly on 1st,2026-01-04T09:54:39Z,2019-09-26T07:14:35Z,Daily at 2am,mary.young,CC BY 4.0,2.9.29,5881.5984,102.62,INV-256054,76b25a8008934ae4e5d956787a00e7fa37f0faef926075d1f2ff9fd7b7cb8458,REST/JSON,99.379% uptime,297371b27b910091829d35fde9763e0bbe03163eb1564e7195af2dd15a39deca,2026-11-21 22:20:16,region=acme,Y42IQHJG8T6ZVZL5N,tenant-035,06/26,2020-11-17T00:00:00Z,cancelled,2018-03-05T10:19:40Z,mary.thomas,max=4465,Cost-plus 25%,kubectl apply,"Alpine Systems, Meridian Health, Skyline Partners",EMP-41926,tenant=us-east,EMP-71455,william.anderson,^[A-Z]{2}\d{6}$,PII encrypted at rest,[INTERNAL] Q4 strategy review pending board approval,created_at,30 days,2026-12-28 03:21:29,696
Proprietary,Every 15 minutes,,2020-04-18 13:26:14,Monthly on 1st,elizabeth.walker,Proprietary,1.13.64,2067.6308,270.59,INV-934930,0efe50c96ae53dee86732be51e8d36367074538236adc735415f7e807b3b50eb,REST/JSON,99.616% uptime,ca055dd670069211c213165a1d5fa56d4e4548d0291a241c2d8f73c092c081e9,2023-07-28 19:26:42,region=acme,4GTGJHZU4741EKU2O,tenant-015,09/30,2021-09-04T00:00:00Z,failed,2023-12-06 23:07:52,olivia.brown,max=3021,Cost-plus 25%,kubectl apply,"Meridian Health, Pioneer Software, TechCo Industries, Skyline Partners",EMP-25062,tenant=us-east,EMP-81628,noah.brown,"\b\d{1,3}\.\d{1,3}\.\d{1,3}\.\d{1,3}\b",Data retained for 7 years,[INTERNAL] Q4 strategy review pending board approval,name,349 days,2025-08-03T17:10:13Z,494
GPL-3.0,Monthly on 1st,,2024-08-23T16:07:09Z,Monthly on 1st,oliver.king,MIT,2.17.45,8648.8935,729.59,INV-448308,bbb760b6602ab3dc7e4c3a2c1d069ed431af004658e91a08efc7b4d3e7c4f1b0,OpenAPI 3.0,99.343% uptime,3da4b03429ea9192eaf21c53baa4e7f98df9afe617a0194833d7b40f93908ea6,2019-09-19 14:50:51,dt=us-east,70AN5FO2AMCQGUFHQ,tenant-040,09/30,2023-06-10T00:00:00Z,inactive,2025-02-25 11:07:06,logan.harris,min=8696,Premium,POST /api/orders,"Quantum Dynamics, TechCo Industries, Pioneer Software, Skyline Partners, Global Solutions",EMP-97663,region=2024-01,EMP-32304,robert.martin,^[A-Z]{2}\d{6}$,PII encrypted at rest,[INTERNAL] Q4 strategy review pending board approval,status,205 days,2021-04-28 09:34:34,904
Apache-2.0,Daily at 2am,,2026-08-25T18:03:18Z,Weekly on Monday,emma.clark,MIT,3.11.58,8717.9759,34.45,INV-544672,61d110278d0c6ab0854619ef59a88234c94742b946e8dca841c95302569927fe,GraphQL,99.282% uptime,b59c6b27025a52fdc741bc1d4a630245f413ad67cc83286f1fead2017238c8e8,2026-04-26 07:54:26,dt=2024-01,OP6T3T4W1KL54W3R0,tenant-022,05/30,2022-05-30T00:00:00Z,completed,2018-04-08 17:50:43,ethan.williams,max=5825,Premium,npm install,"Catalyst Ventures, Beacon Analytics, Vertex Technologies",EMP-93663,region=acme,EMP-87232,liam.smith,^\d{3}-\d{2}-\d{4}$,MFA required for admin,[INTERNAL] Q3 strategy review pending board approval,created_at,3 days,2026-10-23T17:16:50Z,201
CC BY 4.0,Weekly on Monday,2019-04-03T09:51:14Z,2022-09-11T06:21:03Z,Monthly on 1st,john.clark,GPL-3.0,5.12.58,2987.3102,721.74,INV-940828,decf0e8368c20cb0519ce9be07e0befff7980ba3e90ad4cfbeffd3988e503f53,REST/JSON,99.695% uptime,b156e2056076205fc3c8f1c29acee0b68a4747f09e5776ff41dd2a4e20eb616d,2026-02-26 19:32:18,tenant=us-east,W710GS6ZSV440EJ5U,tenant-021,06/27,2019-08-08T00:00:00Z,rejected,2018-08-27 10:54:10,mary.moore,crit=9729,Value pricing,POST /api/orders,"TechCo Industries, Quantum Dynamics",EMP-28089,tenant=2024-01,EMP-26679,emma.johnson,"\b\d{1,3}\.\d{1,3}\.\d{1,3}\.\d{1,3}\b",MFA required for admin,[INTERNAL] Q2 strategy review pending board approval,status,152 days,2021-05-22T09:00:38Z,128
BSD-3-Clause,Weekly on Monday,,2025-02-23 00:23:25,Monthly on 1st,michael.martinez,BSD-3-Clause,4.4.5,5438.8107,242.34,INV-575196,f14faa478ab8d033aafc75df9751e5b2177467b135f52e8845b0c8ee98eb54b6,OpenAPI 3.0,99.873% uptime,dd65d4c200ac6938a1c99c604b97d2c5af156624a1294ab75641af713597da5c,2021-08-02 00:42:00,region=acme,KUP95SZIKIHMIWFDU,tenant-017,04/30,2026-07-14T00:00:00Z,completed,2020-02-25T08:24:10Z,lucas.smith,min=4562,Value pricing,GET /api/users,"Alpine Systems, Skyline Partners, Vertex Technologies, DataCraft Inc",EMP-72663,dt=us-east,EMP-24730,sophia.martin,"\b\d{1,3}\.\d{1,3}\.\d{1,3}\.\d{1,3}\b",MFA required for admin,[INTERNAL] Q1 strategy review pending board approval,type,97 days,2020-07-21 12:52:46,136
Proprietary,Daily at 2am,2024-02-15T11:46:07Z,2022-02-17T00:23:02Z,Daily at 2am,robert.thomas,GPL-3.0,2.6.11,4945.1508,216.4,INV-287457,f34151ddf77394705a84f3866c69f7f942713e96924ebe9e604b552d3d791916,gRPC/protobuf,99.787% uptime,b2e31cb78351467bd605c928c09af4eb151f8e5437fe064e9593079d6d75f6c9,2025-12-03 05:44:07,region=us-east,E0U74VD3X1HCWIS9V,tenant-033,11/27,2024-11-29T00:00:00Z,failed,2026-03-22 16:09:06,sarah.brown,min=5106,Cost-plus 25%,kubectl apply,"Catalyst Ventures, Vertex Technologies, Pioneer Software, Quantum Dynamics, Global Solutions",EMP-60976,tenant=us-east,EMP-33743,aiden.brown,^\d{3}-\d{2}-\d{4}$,Data retained for 7 years,[INTERNAL] Q4 strategy review pending board approval,status,278 days,2026-12-05T05:21:15Z,357
GPL-3.0,Weekly on Monday,,2025-11-15 12:04:01,Monthly on 1st,sophia.young,Proprietary,4.20.30,1366.5179,650.22,INV-139287,1c63ceb240d75ff0cbe2cdf6761c137752bf450fc9e6b5282425b34c2f131e9c,OpenAPI 3.0,99.619% uptime,9f9640da1544f9709ea782bf35a97710de6a020edd215132cadde4f18eb2cf90,2024-09-05 02:05:41,region=acme,MMZSB8798504PD2XG,tenant-001,04/27,2022-12-17T00:00:00Z,completed,2021-02-18 11:38:39,harper.jones,max=9374,Market-based,GET /api/users,"Meridian Health, Pacific Research Group, Skyline Partners",EMP-57927,tenant=acme,EMP-11040,jennifer.thomas,[a-zA-Z0-9._%+-]+@[a-zA-Z0-9.-]+,PII encrypted at rest,[INTERNAL] Q2 strategy review pending board approval,created_at,81 days,2022-09-23 21:01:23,660
MIT,Daily at 2am,,2025-06-20 14:52:23,Daily at 2am,james.miller,Proprietary,2.4.56,1533.5375,364.27,INV-523224,ae1476c9cb15ac00ad8a51a5dfce1537fb1d92aefafd645bca497170753dbf98,GraphQL,99.427% uptime,29264a14a82dc87fe017e7a4ecedc6f4f902f521c0630424185e8a22eaf678a8,2021-11-15 01:33:45,tenant=us-east,JDK2S2SIX3SWW51IY,tenant-008,04/26,2024-08-19T00:00:00Z,rejected,2025-11-13T15:03:17Z,liam.jones,warn=326,Premium,kubectl apply,"Pacific Research Group, Skyline Partners, Global Solutions",EMP-36194,dt=2024-01,EMP-30325,richard.anderson,[a-zA-Z0-9._%+-]+@[a-zA-Z0-9.-]+,Data retained for 7 years,[INTERNAL] Q3 strategy review pending board approval,created_at,71 days,2026-10-17 21:35:28,460
BSD-3-Clause,Every 15 minutes,,2026-04-24 14:26:40,Monthly on 1st,susan.jones,BSD-3-Clause,2.20.79,8660.8727,541.09,INV-545281,c566d308fd112b6d65c6fe717bce67e0c128cc5145dd3eb9f50b4140403ec192,OpenAPI 3.0,99.523% uptime,72b5fa48c4d504cf35659d24edde950332a83dd066a8d476d71f9e258334be88,2024-09-21T14:57:56Z,dt=2024-01,RRI7BVB8IEQGVIVRB,tenant-037,08/26,2026-09-27T00:00:00Z,pending,2020-04-17 22:05:29,patricia.lee,warn=5559,Premium,POST /api/orders,"Skyline Partners, Beacon Analytics",EMP-22526,tenant=2024-01,EMP-53805,emily.moore,^[A-Z]{2}\d{6}$,PII encrypted at rest,[INTERNAL] Q2 strategy review pending board approval,email,191 days,2021-10-02 00:02:03,461
GPL-3.0,Every 15 minutes,2020-11-24 16:50:27,2023-11-14 09:15:20,Monthly on 1st,logan.martin,MIT,2.4.59,8538.5196,119.86,INV-494315,6451f38fd96fadb4ef5c7dd74abdc461048d3744d1af93f4278fe56510e20802,SOAP/XML,99.346% uptime,c0003314f92db2e17864dca14eb56e9c46d2df542eb501b30ec7c338afeef829,2023-04-17 06:40:14,tenant=2024-01,EXG0RNK4AAH2NYRDQ,tenant-023,04/24,2023-10-27T00:00:00Z,cancelled,2019-11-03T05:49:51Z,richard.walker,warn=9019,Premium,POST /api/orders,"Pacific Research Group, Global Solutions, Pioneer Software, Alpine Systems",EMP-25483,tenant=us-east,EMP-48811,john.martin,[a-zA-Z0-9._%+-]+@[a-zA-Z0-9.-]+,MFA required for admin,[INTERNAL] Q3 strategy review pending board approval,amount,54 days,2020-06-21T07:26:51Z,40
Apache-2.0,Monthly on 1st,,2022-09-17T06:17:50Z,Monthly on 1st,elizabeth.lewis,MIT,1.4.94,8020.8673,12.98,INV-166789,c46813e843b4fa4c75d42aa4ba72ea22bff4c63df741032083795525eb7bda9a,SOAP/XML,99.267% uptime,29a281338f2de1f2aa1af3e90dc5823ba76da6fd60373b993b6d97d8584106a1,2025-09-10 04:47:37,region=us-east,A45WD9A522AEVODNS,tenant-033,09/29,2018-12-05T00:00:00Z,failed,2019-01-13T00:03:32Z,elizabeth.rodriguez,min=7888,Value pricing,POST /api/orders,"Catalyst Ventures, Global Solutions, Skyline Partners",EMP-33096,dt=acme,EMP-52833,logan.clark,^[A-Z]{2}\d{6}$,PII encrypted at rest,[INTERNAL] Q2 strategy review pending board approval,name,236 days,2023-04-05T21:17:53Z,941
Proprietary,Monthly on 1st,,2019-02-16 03:21:28,Weekly on Monday,james.walker,BSD-3-Clause,2.14.58,-70.8657,524.54,INV-104252,c7e83c0c09f1a5e2e8c1dfdecb9b41bb6a488159f857fbdfcb11b2ffa52bd930,SOAP/XML,99.722% uptime,9c2f451c2e82fa19e56848c162c20ba839d0ff88715e594e69eee4fa5c1da224,2018-08-03T14:52:20Z,dt=acme,DCZG4PUI31ITS59Q3,tenant-038,12/29,2020-05-02T00:00:00Z,cancelled,2020-10-03 17:14:58,linda.davis,max=359,Value pricing,POST /api/orders,"DataCraft Inc, Quantum Dynamics, Acme Corp",EMP-88925,tenant=acme,EMP-29793,ethan.wright,^[A-Z]{2}\d{6}$,PII encrypted at rest,[INTERNAL] Q2 strategy review pending board approval,email,231 days,2021-03-05T02:13:16Z,178
Proprietary,Monthly on 1st,,2023-02-17T02:06:05Z,Every 15 minutes,sarah.lee,Proprietary,2.12.30,-282.6168,633.6,INV-814589,cbab96824037017e6f3304f6e22c9c55ac22da9486c378feb92a7f28be3f8de9,GraphQL,99.196% uptime,894de78474d08b4021fb700a22482a2297a818dee73f9ff063ba3acda6665f0b,2023-08-03 06:42:18,region=us-east,49KN7GRWKCIA5ZBXQ,tenant-038,02/27,2025-07-18T00:00:00Z,cancelled,2020-11-21 01:35:47,ethan.robinson,min=8695,Market-based,kubectl apply,"TechCo Industries, Pioneer Software, Vertex Technologies, Skyline Partners, Alpine Systems",EMP-19822,tenant=us-east,EMP-80872,aiden.garcia,^\d{3}-\d{2}-\d{4}$,Data retained for 7 years,[INTERNAL] Q1 strategy review pending board approval,email,342 days,2025-01-28 08:39:58,581
CC BY 4.0,Daily at 2am,,2022-11-14T07:08:18Z,Weekly on Monday,james.davis,Apache-2.0,4.18.42,1454.2464,400.41,INV-980164,2c8c0426555b65aa0c6004ac6f8111218e603dbc8cdb5887fd3ae94cef2f8841,OpenAPI 3.0,99.247% uptime,ac1c2ac1bf82b84671f159c9f0329357b6324857be81b6795c5714eb373fbf62,2019-12-03T07:35:42Z,region=2024-01,32UI9F8O2VN11PPDI,tenant-004,08/30,2026-07-25T00:00:00Z,inactive,2025-03-20T00:56:08Z,lucas.thomas,crit=6521,Cost-plus 25%,POST /api/orders,"Acme Corp, Meridian Health",EMP-53158,dt=us-east,EMP-65166,amy.lee,^\d{3}-\d{2}-\d{4}$,Data retained for 7 years,[INTERNAL] Q4 strategy review pending board approval,status,206 days,2020-03-08 02:23:12,86
BSD-3-Clause,Monthly on 1st,,2023-09-14 00:25:18,Every 15 minutes,elizabeth.martinez,GPL-3.0,1.20.86,7667.4519,111.58,INV-705021,5c80e72cde29b7b0775d9a4ba09e075a19a562f159e5b72b4b6bfa957de901da,REST/JSON,99.4% uptime,3342b672d9c63ea0d3468c87390f6fb3ca4253c0d2f009f1a6e1950e69ba8397,2026-03-19T14:51:36Z,dt=us-east,GYVW1IJOF3T9DUM6Q,tenant-006,03/25,2021-02-26T00:00:00Z,approved,2023-08-05T17:49:24Z,logan.jones,crit=2497,Market-based,npm install,"Global Solutions, Pacific Research Group, Catalyst Ventures",EMP-19265,tenant=acme,EMP-35404,linda.thomas,^[A-Z]{2}\d{6}$,PII encrypted at rest,[INTERNAL] Q2 strategy review pending board approval,created_at,107 days,2024-02-19 08:31:14,735
Apache-2.0,Every 15 minutes,,2018-01-06 21:46:59,Every 15 minutes,lucas.robinson,MIT,4.18.31,314.6593,549.08,INV-461425,00d55a1870581da8e213ab96c9a82b0a18352b0da43baef5a9d686509caa393b,gRPC/protobuf,99.23% uptime,0522699e165c10c2546a90beddffebd969d3a1937581bb2d3f5a52e418bbf889,2026-06-18 03:18:03,tenant=us-east,MMUAY18GQVNOR8KVP,tenant-013,03/27,2019-04-02T00:00:00Z,approved,2020-01-02 13:55:45,michael.robinson,min=9517,Premium,POST /api/orders,"Catalyst Ventures, Pacific Research Group, TechCo Industries, Vertex Technologies",EMP-19714,tenant=acme,EMP-16179,harper.davis,[a-zA-Z0-9._%+-]+@[a-zA-Z0-9.-]+,Data retained for 7 years,[INTERNAL] Q4 strategy review pending board approval,id,346 days,2024-03-17T03:54:14Z,663
CC BY 4.0,Monthly on 1st,,2025-04-22 02:46:42,Weekly on Monday,patricia.lee,Proprietary,5.11.52,1830.1903,15.45,INV-249641,06ff0b472d8fce480c9ad6bcfc1175db4b8feaf22fc147a20e70f784e99e12ff,gRPC/protobuf,99.57% uptime,8c2dd65c54b17f2b6d7dd95b79f59434fe8e38558aebbc1404e0a796bbfd08e2,2022-10-26T05:36:53Z,dt=acme,CDNVPIWN4X52K6EYG,tenant-006,07/27,2022-02-03T00:00:00Z,pending,2019-08-03T16:34:16Z,jennifer.walker,min=3071,Cost-plus 25%,GET /api/users,"Pacific Research Group, Global Solutions, Catalyst Ventures, Beacon Analytics, Alpine Systems",EMP-34384,dt=us-east,EMP-61081,richard.thompson,[a-zA-Z0-9._%+-]+@[a-zA-Z0-9.-]+,Data retained for 7 years,[INTERNAL] Q3 strategy review pending board approval,type,27 days,2021-04-17T19:32:24Z,392
