maiden,field_birth,volume_14,orgname,meta_recid,evtname,lifecycle_stage_v2,birth_name,last_name_raw,work_permit_info,zla21,correlation_data,FAX_NUMBER,NATIONALITY,race,field_ssn,src_birth_place,src_ethnicity_race,dim_employee_id,SOCIAL_SECURITY_NUMBER,DATA_TYPE,ucwh20,val_sudd,p_xr,work_permit,record_identifier_info,user_count,first_name_data,fingerprint_22,username_raw,customer_abbreviation_acronym,record_identifier,audit_finding,park,ethnicity_race_22,f_bzf,natl,col_qw,val_504,photograph_val
Anderson,Tokyo,2479.45,Skyline Partners,REC-880361,Global Forum 2023,Draft,Walker,Taylor,WP-JP-176786,"$2,272,014",0.6563,+1-341-673-1496,Italy,Mixed,XXX-XX-5229,Sydney,White,EMP40079,188-60-8059,TEXT,tenant-031,Check,+44-XXXX-XXXXXX,WP-AU-936463,7543508,92755,Olivia,fp_73c4c4363070c4e2,michael.jackson276,CO,TXN-492034,Observation: backup schedule,Eiffel Tower,Asian,ethanlewis@outlook.com,France,pending,Metformin,photo_358ec92a.jpg
Walker,Portland,3493.24,Meridian Health,ID-816434,Tech Forum 2022,Published,Clark,Jackson,WP-CA-486334,"$1,480,008",-0.2652,+1-225-265-3076,Spain,Mixed,541-82-7331,Los Angeles,Hispanic,EMP74362,148-13-6954,VARCHAR,tenant-013,Credit Card,+44-XXXX-XXXXXX,WP-AU-734291,TXN-406199,39445,Emily,fp_d63cc38dd4e5c931,william.clark642,IUFQ,ORD-993968,Non-conformance: access control,Golden Gate Bridge,Black,mary.lewis73@gmail.com,Sweden,rejected,Metformin,photo_a9888d97.jpg
White,Atlanta,9588.9,Quantum Dynamics,2207968,Global Conference 2022,Deprecated,Garcia,Moore,WP-US-294372,"$1,575,792",-0.3235,+1-978-878-5937,Norway,Other,XXX-XX-2473,Austin,White,EMP49235,181-96-6765,JSON,tenant-007,Debit Card,+44-XXXX-XXXXXX,WP-GB-131705,5273299,7794,Anna,fp_d44a8d777dd132f0,john.taylor875,VNBTB,USR-377437,Major finding: data retention,Eiffel Tower,Mixed,liam_wright@outlook.com,Singapore,completed,Amoxicillin,photo_a6d1443d.jpg
White,Toronto,6408.72,Acme Corp,TXN-340170,Annual Forum 2025,Archived,Anderson,Williams,WP-DE-889727,"$3,400,665",0.9537,+1-780-389-2241,Mexico,Mixed,XXX-XX-8003,Boston,Black,EMP85574,187-27-3534,BOOLEAN,tenant-042,Credit Card,+1-XXX-XXX-XXXX,WP-US-759187,5465030,98885,David,fp_dcf45c2831933d2f,jessicaanderson787,SGBTR,REC-814628,Major finding: data retention,Big Ben,Hispanic,emma.moore@acme.org,Brazil,inactive,Ibuprofen,photo_04502388.jpg
Smith,Miami,2251.82,TechCo Industries,2924323,Data Summit 2026,Published,Moore,Lewis,WP-AU-971197,"$3,973,892",-0.0513,+1-239-250-5320,Australia,Mixed,254-37-7859,Denver,Other,EMP61603,180-90-4427,FLOAT,tenant-022,Debit Card,+81-XX-XXXX-XXXX,WP-GB-135726,ID-157077,81268,Ethan,fp_3a606ba0b3fc80f3,lindaanderson524,RHAY,2618059,Major finding: data retention,Golden Gate Bridge,White,emmasmith@acme.org,France,approved,Ibuprofen,photo_947c083f.jpg
Jones,Tokyo,8972.19,Alpine Systems,REC-692508,Global Expo 2026,Deprecated,Lewis,King,WP-US-807924,"$1,044,919",0.8099,+1-937-626-4117,Mexico,Hispanic,435-35-7468,Boston,Black,EMP79872,154-79-6902,BOOLEAN,tenant-035,ACH,+44-XXXX-XXXXXX,WP-DE-173062,3471593,89141,Susan,fp_107385be2c2375e9,emily_king334,YCC,ORD-444014,Observation: backup schedule,Golden Gate Bridge,Other,amymartin@example.com,Switzerland,active,Ibuprofen,photo_b22a774c.jpg
Garcia,Chicago,7785.32,Global Solutions,REC-621548,Tech Conference 2022,Published,Taylor,Johnson,WP-US-229185,"$6,770,586",0.9346,+1-749-765-7650,Italy,White,XXX-XX-5791,London,Asian,EMP36990,300-19-4089,VARCHAR,tenant-023,Check,+81-XX-XXXX-XXXX,WP-JP-538771,5567102,40931,James,fp_a42bbe9eda3704c2,mary.smith108,PLTS,ORD-875148,Observation: backup schedule,Statue of Liberty,Other,susan_williams13@acme.org,United States,inactive,Ibuprofen,photo_f69fd223.jpg
Lewis,Toronto,9840.57,Pioneer Software,5967343,Data Expo 2023,Archived,Moore,Thomas,WP-AU-636180,"$8,252,613",-0.4241,+1-407-266-2799,Germany,Hispanic,XXX-XX-6004,Houston,Mixed,EMP76145,359-22-7921,FLOAT,tenant-018,Cash,+1-XXX-XXX-XXXX,WP-FR-348493,5972152,45061,Logan,fp_366171e909b97967,john_davis863,GMSU,711971,Observation: backup schedule,Statue of Liberty,Mixed,robertmoore@yahoo.com,Germany,rejected,Metformin,photo_6d85fe85.jpg
Martin,London,3131.5,Catalyst Ventures,1103714,Annual Conference 2021,In Review,Thompson,Clark,WP-FR-927448,"$7,782,343",-0.5099,+1-551-595-5159,Canada,White,149-71-4083,London,White,EMP30989,815-23-1113,VARCHAR,tenant-034,Debit Card,+81-XX-XXXX-XXXX,WP-IN-233203,4933262,83424,Sarah,fp_38424359e9627a5f,ethan_smith955,PNEC,9081895,Non-conformance: access control,Golden Gate Bridge,Black,mason_smith48@outlook.com,Netherlands,pending,Amoxicillin,photo_bbf03d6d.jpg
White,Chicago,4736.55,Alpine Systems,437583,Tech Summit 2023,Draft,Moore,Jackson,WP-BR-600699,"$9,010,902",0.2456,+1-349-331-2417,United Kingdom,Other,607-95-9549,Portland,Black,EMP53053,231-49-6461,TEXT,tenant-033,Wire Transfer,+44-XXXX-XXXXXX,WP-AU-271039,2860479,83085,Richard,fp_c232aa0dc7660694,mason_thompson574,IZ,USR-522888,Non-conformance: access control,Big Ben,Hispanic,aidenmiller@outlook.com,Brazil,cancelled,Amoxicillin,photo_2a49aefa.jpg
Thompson,Denver,3533.74,Global Solutions,ORD-911881,Annual Expo 2020,Deprecated,Thompson,Lewis,WP-MX-535664,"$9,254,860",0.4493,+1-423-971-6987,Brazil,White,255-59-9243,Los Angeles,Hispanic,EMP60648,547-41-1841,TIMESTAMP,tenant-030,Credit Card,+1-XXX-XXX-XXXX,WP-MX-348170,5112830,82076,Amy,fp_21e022b476bb3663,linda_taylor47,XST,USR-637793,Non-conformance: access control,Big Ben,Black,elizabeth.lewis@acme.org,Brazil,approved,Amoxicillin,photo_a6416e6d.jpg
Clark,Atlanta,8850.64,Pioneer Software,5085117,Global Forum 2022,Draft,Moore,Thompson,WP-BR-830354,"$526,463",-0.4765,+1-611-610-9022,Australia,Asian,383-76-8328,Denver,Hispanic,EMP78222,793-45-5590,INTEGER,tenant-019,ACH,+81-XX-XXXX-XXXX,WP-CA-138160,ORD-513455,50000,Patricia,fp_b752db7406c48ecb,sarah.taylor914,HA,8733227,Non-conformance: access control,Statue of Liberty,Black,lindataylor@acme.org,Sweden,cancelled,Aspirin,photo_b47b6dfc.jpg
Young,Austin,8650.31,TechCo Industries,8169121,Data Expo 2024,Archived,Thomas,Miller,WP-JP-139135,"$1,562,866",0.9794,+1-838-536-6011,Australia,Mixed,341-45-6694,Berlin,Asian,EMP77290,530-37-2922,INTEGER,tenant-037,Credit Card,+81-XX-XXXX-XXXX,WP-US-659281,4509540,37717,Noah,fp_e3c10c0659686f4f,emilyrobinson779,BMVLJ,TXN-445224,Major finding: data retention,Golden Gate Bridge,Mixed,emily_smith@company.com,United States,inactive,Metformin,photo_28616e25.jpg
Garcia,Miami,2496.81,Beacon Analytics,9527039,Annual Summit 2020,Deprecated,Davis,Brown,WP-FR-578874,"$214,345",0.5301,+1-412-687-7141,Netherlands,Hispanic,619-16-4561,London,Mixed,EMP63296,798-13-3654,TEXT,tenant-004,PayPal,+81-XX-XXXX-XXXX,WP-JP-644892,4973620,79369,John,fp_cb5829d2bdc32706,richard.smith168,SVDFA,TXN-473198,Non-conformance: access control,Big Ben,Black,robertwilliams76@example.com,Mexico,active,Ibuprofen,photo_3ff3a838.jpg
Miller,Tokyo,9106.75,TechCo Industries,3419572,Data Forum 2023,Archived,Martin,Young,WP-AU-604944,"$2,083,024",-0.4534,+1-248-329-2235,Singapore,Other,824-38-4130,Austin,Hispanic,EMP26199,724-84-9626,BOOLEAN,tenant-023,Debit Card,+44-XXXX-XXXXXX,WP-DE-221623,7954992,23818,Liam,fp_dc1d14107a592b42,noah.miller246,JZSLB,2119349,Observation: backup schedule,Golden Gate Bridge,Black,aiden_williams@example.com,France,inactive,Ibuprofen,photo_3b396cdf.jpg
Robinson,Houston,1712.73,Pioneer Software,6812463,Tech Expo 2023,Draft,Smith,Johnson,WP-FR-663466,"$7,751,443",-0.1674,+1-912-358-8147,Spain,Mixed,XXX-XX-4184,New York,White,EMP65215,627-73-6896,INTEGER,tenant-002,Cash,+44-XXXX-XXXXXX,WP-JP-372423,ORD-761476,27806,William,fp_5ff9c1387fe4a0e9,mason_jackson425,UYDE,ORD-763607,Observation: backup schedule,Eiffel Tower,Hispanic,emilywilliams@gmail.com,Switzerland,active,Lisinopril,photo_943a07f4.jpg
Young,Berlin,5671.69,Pacific Research Group,8749405,Annual Summit 2020,Published,Clark,Brown,WP-GB-989131,"$5,372,776",0.4518,+1-297-956-2487,Singapore,Mixed,XXX-XX-2528,Berlin,Asian,EMP14131,XXX-XX-9192,FLOAT,tenant-034,Credit Card,+44-XXXX-XXXXXX,WP-JP-758586,USR-377519,16657,Emma,fp_8519087829f10acb,elizabeth_white108,QN,6427965,Observation: backup schedule,Statue of Liberty,Black,emily_white@outlook.com,Netherlands,completed,Lisinopril,photo_c68137c3.jpg
Rodriguez,Atlanta,7574.85,Pacific Research Group,7412284,Global Expo 2021,In Review,Jackson,Lee,WP-MX-155576,"$101,537",0.2069,+1-658-361-4426,India,Mixed,181-96-3744,Chicago,Other,EMP83486,730-80-4659,VARCHAR,tenant-030,PayPal,+1-XXX-XXX-XXXX,WP-US-342813,9591207,98510,James,fp_59c884e376eede2d,oliver_white976,BOIDR,3472810,Major finding: data retention,Statue of Liberty,Asian,jennifer.taylor@gmail.com,South Korea,rejected,Ibuprofen,photo_1a2bcc2b.jpg
King,Boston,16.7,Global Solutions,2223592,Annual Summit 2023,In Review,Clark,Wright,WP-DE-879058,"$898,361",0.9835,+1-381-231-9319,Netherlands,Hispanic,376-88-2100,Phoenix,Other,EMP94818,832-19-1456,FLOAT,tenant-023,ACH,+81-XX-XXXX-XXXX,WP-CA-998374,5085363,40692,Oliver,fp_af01533ed467baf9,mary.wright84,PKRP,9165220,Major finding: data retention,Statue of Liberty,Hispanic,susanjohnson@example.com,Switzerland,inactive,Ibuprofen,photo_d61ee38d.jpg
Moore,Austin,4923.45,Beacon Analytics,7694055,Tech Conference 2024,Deprecated,Thompson,Brown,WP-FR-938647,"$833,305",-0.3132,+1-473-897-4761,Germany,Mixed,186-79-8651,Tokyo,Mixed,EMP38498,264-32-2863,INTEGER,tenant-023,PayPal,+81-XX-XXXX-XXXX,WP-BR-869751,USR-748470,83528,Sophia,fp_6219b54b886872ff,mason.miller293,NIWK,REC-778500,Non-conformance: access control,Big Ben,Asian,lucas.martin@yahoo.com,Spain,active,Ibuprofen,photo_fac6eb07.jpg
Johnson,Seattle,3579.25,Meridian Health,USR-819216,Annual Expo 2026,Deprecated,Johnson,Walker,WP-BR-241675,"$8,672,571",-0.7325,+1-991-516-6293,Switzerland,Black,454-21-3810,Tokyo,Asian,EMP33478,294-50-9679,BOOLEAN,tenant-031,Debit Card,+1-XXX-XXX-XXXX,WP-DE-476293,6141461,51570,John,fp_c005b337affc7876,john.williams371,EDJ,5092765,Non-conformance: access control,Statue of Liberty,White,mason.harris62@acme.org,Mexico,cancelled,Aspirin,photo_b5cf2955.jpg
Martin,Berlin,3368.94,Beacon Analytics,9613352,Data Forum 2024,Published,Thomas,Harris,WP-JP-827471,"$5,748,828",0.9059,+1-539-357-6024,Japan,Asian,180-93-1552,Miami,Other,EMP35225,824-93-3947,BOOLEAN,tenant-035,ACH,+44-XXXX-XXXXXX,WP-GB-825604,USR-570050,50437,Ethan,fp_13e2b64263ac8a72,jamesanderson944,GANU,4050599,Observation: backup schedule,Golden Gate Bridge,Mixed,aidenjackson@gmail.com,Australia,completed,Ibuprofen,photo_14d0029a.jpg
King,Portland,5107.71,Meridian Health,6792270,Annual Forum 2022,Published,Rodriguez,Jackson,WP-GB-337190,"$9,368,176",-0.9494,+1-308-958-8890,Netherlands,Black,XXX-XX-4059,Seattle,Asian,EMP63859,619-27-1098,TIMESTAMP,tenant-006,Cash,+44-XXXX-XXXXXX,WP-DE-762642,REC-766006,67029,Lucas,fp_248e270cebdc600d,ethanwalker471,KTE,REC-703988,Non-conformance: access control,Eiffel Tower,Black,liamwhite@gmail.com,Brazil,approved,Metformin,photo_1846ba78.jpg
Garcia,London,6733.94,Catalyst Ventures,6151258,Annual Conference 2022,Archived,White,Lee,WP-GB-890218,"$610,614",-0.2276,+1-669-505-1669,Switzerland,Hispanic,XXX-XX-2802,Miami,Asian,EMP45449,XXX-XX-5819,TEXT,tenant-009,Wire Transfer,+44-XXXX-XXXXXX,WP-JP-604415,4132758,44465,Mary,fp_17f14accfd4bf8dd,mary.lewis700,AHGT,USR-281103,Major finding: data retention,Eiffel Tower,Black,richard_taylor@yahoo.com,India,completed,Ibuprofen,photo_78f91080.jpg
Brown,Portland,990.79,DataCraft Inc,191659,Global Summit 2023,Archived,White,Garcia,WP-CA-295044,"$347,606",-0.6042,+1-797-690-3315,Italy,Asian,708-55-4327,Miami,Other,EMP42535,383-57-4943,FLOAT,tenant-026,Wire Transfer,+81-XX-XXXX-XXXX,WP-JP-252025,4208757,64930,Amy,fp_a76c0e9490b6033e,masonmartinez809,SL,6015685,Non-conformance: access control,Golden Gate Bridge,Mixed,anna_clark@acme.org,United States,active,Lisinopril,photo_76ff518e.jpg
Jackson,Miami,7473.45,Acme Corp,5976007,Tech Conference 2020,Draft,Garcia,Clark,WP-JP-955941,"$5,104,651",-0.9533,+1-221-367-5668,Switzerland,Mixed,XXX-XX-9744,Seattle,Hispanic,EMP57208,XXX-XX-4548,TIMESTAMP,tenant-038,Check,+44-XXXX-XXXXXX,WP-GB-882349,TXN-820158,98887,Sophia,fp_ce32bdec5538ce2f,ethantaylor387,TKHXG,2251189,Major finding: data retention,Central Park,Hispanic,elizabethmoore@yahoo.com,South Korea,completed,Lisinopril,photo_7237babc.jpg
Wright,Portland,9785.78,Meridian Health,TXN-912744,Data Expo 2022,Archived,Jones,Young,WP-DE-282247,"$7,454,771",-0.5369,+1-682-409-3020,United States,Other,233-66-5644,Chicago,Other,EMP20380,300-91-7909,INTEGER,tenant-049,Credit Card,+44-XXXX-XXXXXX,WP-MX-750697,REC-372974,21788,Linda,fp_bc2d339ccffc5839,anna.smith975,BLOO,4323163,Observation: backup schedule,Eiffel Tower,White,ethan_lewis@acme.org,United Kingdom,cancelled,Amoxicillin,photo_ee9110db.jpg
Clark,Houston,985.06,Vertex Technologies,ORD-327669,Annual Forum 2024,Deprecated,Brown,Harris,WP-DE-923107,"$7,538,144",0.5895,+1-453-384-2246,Netherlands,Mixed,632-12-4560,Phoenix,White,EMP76927,621-76-5926,TEXT,tenant-006,Wire Transfer,+44-XXXX-XXXXXX,WP-BR-555506,9565213,20628,James,fp_5a662192496613a6,susan.young44,KGNIF,1138343,Major finding: data retention,Golden Gate Bridge,Other,noah.davis@outlook.com,Singapore,completed,Amoxicillin,photo_d3c4f533.jpg
Williams,Paris,6605.43,Global Solutions,ID-306857,Tech Conference 2026,Draft,Harris,Clark,WP-DE-684516,"$9,850,801",-0.3929,+1-844-965-6356,Canada,Other,XXX-XX-7568,Boston,Other,EMP55476,172-52-8265,VARCHAR,tenant-040,Check,+81-XX-XXXX-XXXX,WP-CA-908140,789977,84416,Mason,fp_a3613633339427e4,robert.lee513,BPXY,REC-278815,Non-conformance: access control,Eiffel Tower,Asian,jameswhite@yahoo.com,Germany,approved,Aspirin,photo_5c3710c8.jpg
Miller,Tokyo,4024.05,Quantum Dynamics,1533541,Annual Conference 2025,Deprecated,Lee,Thompson,WP-BR-542168,"$3,202,379",-0.4168,+1-777-463-9912,Sweden,Asian,891-81-7460,Paris,Asian,EMP81450,529-57-6282,FLOAT,tenant-009,Wire Transfer,+44-XXXX-XXXXXX,WP-JP-114469,7548101,63724,Anna,fp_ae00326638849e5d,emilydavis286,QO,3226074,Non-conformance: access control,Statue of Liberty,Mixed,patricia.jackson50@example.com,Canada,failed,Amoxicillin,photo_30064da8.jpg
Jones,London,9648.7,Catalyst Ventures,REC-662464,Global Summit 2021,Deprecated,Jackson,King,WP-MX-537112,"$6,532,551",0.5259,+1-238-465-6353,Germany,Black,XXX-XX-4890,Sydney,Asian,EMP43032,433-30-1727,BOOLEAN,tenant-043,Debit Card,+81-XX-XXXX-XXXX,WP-GB-993864,4457391,87687,Patricia,fp_d4c827bcb5a4f385,jennifer_jackson302,PGB,9031959,Major finding: data retention,Golden Gate Bridge,Other,jennifermiller@acme.org,France,cancelled,Lisinopril,photo_da27c161.jpg
Clark,Tokyo,6374.28,Catalyst Ventures,5284739,Data Expo 2024,Published,Rodriguez,Anderson,WP-US-227915,"$8,426,619",-0.1848,+1-627-975-1211,Spain,Other,XXX-XX-1127,Paris,Asian,EMP48022,347-90-3744,BOOLEAN,tenant-041,ACH,+44-XXXX-XXXXXX,WP-CA-152242,6408268,36897,Noah,fp_2b70187713dd32e2,james_anderson160,AMJOJ,ORD-499059,Non-conformance: access control,Big Ben,Asian,sarahdavis@example.com,India,active,Lisinopril,photo_5139c2fc.jpg
Thomas,Atlanta,2514.31,Vertex Technologies,4039444,Data Conference 2020,Archived,Moore,Walker,WP-US-749757,"$5,724,814",0.2704,+1-622-358-8430,Mexico,Hispanic,277-72-6711,Sydney,White,EMP45309,628-12-3366,TEXT,tenant-034,Credit Card,+1-XXX-XXX-XXXX,WP-US-658883,ORD-424638,4985,David,fp_4fd3a67d0f6ac9a0,jennifer_clark325,AIG,REC-166535,Observation: backup schedule,Big Ben,Asian,sophia_wright91@acme.org,Netherlands,inactive,Metformin,photo_32fd2f51.jpg
Young,Miami,1279.29,Catalyst Ventures,48222,Annual Summit 2020,Published,Lee,King,WP-JP-154686,"$4,127,143",0.0912,+1-458-487-7070,Singapore,Hispanic,313-82-2414,Houston,Black,EMP14521,XXX-XX-8297,TIMESTAMP,tenant-030,Wire Transfer,+81-XX-XXXX-XXXX,WP-CA-982159,2121266,59489,Susan,fp_0eba3f79b9b85bd1,sophia.moore143,ADFOK,9554523,Major finding: data retention,Eiffel Tower,Hispanic,mary.clark@acme.org,Australia,active,Ibuprofen,photo_2b2487bb.jpg
Harris,Toronto,6639.45,Beacon Analytics,REC-984305,Data Conference 2021,In Review,Moore,Brown,WP-FR-112209,"$6,933,245",0.7336,+1-749-732-1476,Canada,Asian,776-70-8916,Berlin,Mixed,EMP75629,XXX-XX-7403,FLOAT,tenant-021,ACH,+1-XXX-XXX-XXXX,WP-GB-935263,8765774,1734,David,fp_eefc3e40dae5f73c,sophiadavis32,CIAJ,8404395,Non-conformance: access control,Big Ben,Asian,liam_johnson@yahoo.com,United Kingdom,rejected,Ibuprofen,photo_c2315f1a.jpg
Wright,Houston,4586.66,Meridian Health,4954015,Annual Summit 2021,Published,Harris,Rodriguez,WP-AU-549075,"$6,089,469",0.3345,+1-598-532-1501,Norway,White,861-15-8976,Chicago,Other,EMP10486,473-87-3759,JSON,tenant-032,PayPal,+81-XX-XXXX-XXXX,WP-AU-379245,2407695,26527,David,fp_38c1988e8e07aef5,jenniferclark502,QSRY,3773577,Observation: backup schedule,Central Park,Black,amyking@acme.org,France,rejected,Amoxicillin,photo_60f6a32e.jpg
Clark,London,8934.74,Meridian Health,TXN-117134,Tech Summit 2020,Published,Jones,Smith,WP-MX-207037,"$1,449,260",0.0799,+1-553-752-5749,Singapore,White,374-78-9797,Atlanta,Hispanic,EMP68299,738-31-2653,VARCHAR,tenant-014,Wire Transfer,+44-XXXX-XXXXXX,WP-GB-407339,5529449,61936,Liam,fp_b93b70f844a4bf3a,patricia_jones646,DKJ,USR-517505,Observation: backup schedule,Statue of Liberty,White,emilyjones@company.com,United States,rejected,Metformin,photo_a833060e.jpg
Jones,Berlin,644.68,Alpine Systems,8603950,Global Summit 2024,Archived,King,Brown,WP-BR-757097,"$1,947,055",0.7762,+1-939-789-9344,France,Mixed,861-20-3010,Tokyo,White,EMP31924,XXX-XX-2060,TEXT,tenant-003,Cash,+44-XXXX-XXXXXX,WP-JP-236139,9753379,21429,Mason,fp_e8826e7f112a2d43,sophiaharris458,ECI,ID-984770,Major finding: data retention,Statue of Liberty,Hispanic,maryrobinson28@outlook.com,Singapore,rejected,Aspirin,photo_cb50c426.jpg
Clark,Sydney,6227.49,Pacific Research Group,7011892,Tech Forum 2021,In Review,Anderson,Jackson,WP-GB-160628,"$2,298,491",0.6066,+1-953-879-5659,India,Black,866-65-8684,Denver,Other,EMP16252,569-72-9860,TEXT,tenant-006,Credit Card,+81-XX-XXXX-XXXX,WP-US-522297,9293745,79345,Sophia,fp_4e14c200d217b31c,patricia.williams86,CC,5228191,Major finding: data retention,Golden Gate Bridge,Hispanic,emma_williams@example.com,Brazil,pending,Ibuprofen,photo_c9da8234.jpg
Rodriguez,Seattle,4936.93,Pioneer Software,9451827,Global Summit 2024,Deprecated,Harris,Moore,WP-MX-674724,"$1,473,788",0.3541,+1-236-894-6198,Spain,Asian,306-80-3240,Denver,Hispanic,EMP46968,705-15-9171,TIMESTAMP,tenant-007,PayPal,+44-XXXX-XXXXXX,WP-FR-466961,8427480,36509,Mason,fp_7564a557dc8cf9d7,lucasjackson274,IJY,TXN-373513,Observation: backup schedule,Statue of Liberty,Hispanic,sophia.taylor@gmail.com,India,approved,Aspirin,photo_4354a136.jpg
Anderson,Los Angeles,422.34,Catalyst Ventures,6907958,Global Conference 2021,Published,Rodriguez,Miller,WP-CA-827488,"$8,868,686",-0.7908,+1-624-296-8630,South Korea,Hispanic,763-21-1536,Denver,White,EMP21312,655-24-6035,INTEGER,tenant-022,ACH,+44-XXXX-XXXXXX,WP-BR-763570,8340349,22368,Anna,fp_e2ff00af2509d791,jennifersmith261,BC,393280,Observation: backup schedule,Statue of Liberty,Hispanic,daviddavis@example.com,Israel,active,Amoxicillin,photo_2f70facc.jpg
Taylor,Phoenix,2683.52,Beacon Analytics,7230383,Tech Summit 2025,Archived,Davis,Harris,WP-BR-803433,"$2,626,122",0.1899,+1-747-634-3213,Brazil,Mixed,169-61-7446,Toronto,Black,EMP18665,603-28-1259,VARCHAR,tenant-007,Debit Card,+1-XXX-XXX-XXXX,WP-AU-171039,2258225,92642,Richard,fp_ea811a488cfba446,michael_moore550,RDR,3906163,Major finding: data retention,Golden Gate Bridge,Hispanic,emmaanderson@gmail.com,Italy,approved,Lisinopril,photo_160d9dd7.jpg
Smith,Miami,7067.49,Pioneer Software,7239773,Tech Summit 2021,Published,Johnson,Young,WP-MX-269330,"$4,320,541",0.1647,+1-936-203-1398,Germany,Other,XXX-XX-9614,Chicago,White,EMP97246,XXX-XX-1265,FLOAT,tenant-026,PayPal,+44-XXXX-XXXXXX,WP-JP-402420,USR-718001,64645,Sarah,fp_830c481c28a92e98,emmathompson220,BJO,2002603,Observation: backup schedule,Big Ben,Hispanic,ethanlee71@outlook.com,Sweden,failed,Aspirin,photo_8db7b9d2.jpg
Smith,Berlin,819.2,Alpine Systems,5226105,Global Conference 2025,Archived,Anderson,Moore,WP-FR-779075,"$8,953,898",-0.3474,+1-370-512-4830,Canada,Asian,722-14-1865,Phoenix,Asian,EMP34645,427-43-2973,JSON,tenant-038,ACH,+1-XXX-XXX-XXXX,WP-MX-399807,REC-182862,43280,Michael,fp_e2131d21b5cd1dd6,susan.thompson718,EDR,6960284,Major finding: data retention,Statue of Liberty,Mixed,elizabeth.moore@example.com,Canada,inactive,Aspirin,photo_f7cde8e4.jpg
Walker,Miami,7359.63,Skyline Partners,USR-975630,Data Forum 2020,Published,Young,Thomas,WP-FR-663088,"$1,256,970",-0.5531,+1-999-255-3749,United Kingdom,Black,XXX-XX-3994,Chicago,Black,EMP71699,609-63-1417,INTEGER,tenant-016,Debit Card,+44-XXXX-XXXXXX,WP-DE-232492,ORD-168745,95502,William,fp_c6ccfc78ae159028,patricia.lee724,XVDR,ORD-575174,Observation: backup schedule,Central Park,Mixed,james.lee@acme.org,South Korea,failed,Ibuprofen,photo_4fce3de0.jpg
Martin,Houston,9464.93,Pacific Research Group,7119611,Global Summit 2022,Draft,White,Garcia,WP-US-649194,"$2,140,597",-0.8605,+1-822-536-5373,Australia,Other,217-32-1460,Seattle,Mixed,EMP84629,440-82-9523,FLOAT,tenant-029,Check,+81-XX-XXXX-XXXX,WP-MX-701474,2117998,51039,Noah,fp_782011b565d61a19,sarah_smith209,XODE,404458,Non-conformance: access control,Statue of Liberty,Asian,jessica_thomas@yahoo.com,Netherlands,failed,Lisinopril,photo_2e47bfb8.jpg
Garcia,San Francisco,4885.71,TechCo Industries,2747298,Data Conference 2024,Deprecated,Thomas,Jackson,WP-AU-328721,"$4,504,121",-0.3378,+1-590-607-7859,Israel,White,453-29-5094,Austin,White,EMP69213,XXX-XX-2765,FLOAT,tenant-033,ACH,+81-XX-XXXX-XXXX,WP-GB-349365,3938668,26561,James,fp_3a9c3742bad69aa7,oliver_smith36,GIZ,ID-532766,Major finding: data retention,Statue of Liberty,Asian,jennifer.brown46@gmail.com,Australia,active,Metformin,photo_c13b6fc2.jpg
Brown,London,2834.13,Pacific Research Group,6827703,Global Forum 2023,Deprecated,Jackson,Miller,WP-US-779939,"$9,322,121",0.9882,+1-385-988-7422,South Korea,Asian,606-95-1649,Portland,Asian,EMP46595,742-54-6171,JSON,tenant-014,Debit Card,+44-XXXX-XXXXXX,WP-FR-510487,ID-345489,57668,Elizabeth,fp_1aa562bda4a3aa22,aiden_harris519,PP,6722510,Non-conformance: access control,Eiffel Tower,Asian,richardthompson@yahoo.com,Spain,completed,Aspirin,photo_46c89615.jpg
Moore,Tokyo,1101.16,Global Solutions,6410765,Tech Conference 2020,Published,Martinez,Johnson,WP-DE-197662,"$9,492,574",0.1786,+1-692-679-9264,Switzerland,Other,655-30-6081,Boston,Hispanic,EMP58514,XXX-XX-2392,JSON,tenant-004,Wire Transfer,+44-XXXX-XXXXXX,WP-CA-788753,ORD-798610,80142,Liam,fp_22c3022577cf46b8,oliverdavis877,KAVLA,REC-833671,Major finding: data retention,Central Park,White,emily.thomas@gmail.com,Switzerland,failed,Lisinopril,photo_70a90d7a.jpg
Thompson,Paris,2636.2,Beacon Analytics,6117656,Tech Summit 2026,Deprecated,Thompson,Rodriguez,WP-JP-245996,"$3,692,424",0.5393,+1-478-498-5697,Mexico,Asian,721-49-3301,Portland,Black,EMP49151,XXX-XX-5963,INTEGER,tenant-021,Credit Card,+44-XXXX-XXXXXX,WP-MX-864863,2107442,40960,Amy,fp_d60c3985711498a2,richardharris29,EVRNU,4431434,Major finding: data retention,Central Park,White,noahmiller11@example.com,Australia,approved,Metformin,photo_0fc9fdc8.jpg
Martinez,Toronto,8517.49,Alpine Systems,TXN-671051,Global Conference 2022,In Review,Lewis,Brown,WP-DE-119882,"$9,773,334",-0.3292,+1-845-437-6047,France,Black,178-72-5102,Phoenix,Asian,EMP92924,XXX-XX-1052,FLOAT,tenant-033,Cash,+44-XXXX-XXXXXX,WP-GB-768134,ID-308430,99020,Mary,fp_7bb4b3874de26507,elizabeth.brown341,FV,USR-734180,Major finding: data retention,Central Park,Hispanic,ethantaylor@outlook.com,Japan,inactive,Aspirin,photo_fb86bcc2.jpg
Wright,Berlin,1328.78,TechCo Industries,5658428,Data Summit 2020,In Review,Miller,Lee,WP-FR-203893,"$4,985,774",0.6327,+1-709-477-4340,Netherlands,White,XXX-XX-3372,Denver,Asian,EMP40323,XXX-XX-3675,FLOAT,tenant-037,Check,+81-XX-XXXX-XXXX,WP-MX-306749,USR-539762,33037,Susan,fp_feb723015e577655,ethanlewis65,ISE,8367667,Observation: backup schedule,Big Ben,Hispanic,annawright@example.com,Japan,inactive,Ibuprofen,photo_2b916413.jpg
Smith,London,6684.43,Vertex Technologies,8782107,Global Forum 2023,Deprecated,Taylor,King,WP-FR-458668,"$4,815,391",0.8927,+1-461-253-2641,France,Mixed,786-48-3006,New York,Asian,EMP45603,650-78-8213,JSON,tenant-001,Check,+1-XXX-XXX-XXXX,WP-IN-477775,REC-618232,99293,Noah,fp_8f1599c9f5eb1f29,lindajackson66,RXML,USR-355251,Non-conformance: access control,Golden Gate Bridge,Other,linda.williams@example.com,India,approved,Metformin,photo_188ca5f7.jpg
Moore,Austin,5701.59,Catalyst Ventures,USR-338552,Data Summit 2020,Published,Moore,Rodriguez,WP-CA-240764,"$3,920,127",0.8063,+1-482-294-9332,Norway,White,802-76-6288,London,Asian,EMP49054,XXX-XX-9326,BOOLEAN,tenant-001,PayPal,+81-XX-XXXX-XXXX,WP-IN-874784,79645,62580,Richard,fp_21f677087d3a4163,anna_taylor792,TXZ,9930440,Non-conformance: access control,Statue of Liberty,Hispanic,aiden.jackson@yahoo.com,South Korea,pending,Amoxicillin,photo_42aab148.jpg
Martin,Tokyo,5667.12,Catalyst Ventures,6588625,Global Conference 2026,In Review,Thomas,King,WP-IN-752741,"$6,863,279",0.2743,+1-544-644-7585,Italy,Black,841-46-5214,Miami,Mixed,EMP74760,XXX-XX-7514,JSON,tenant-019,ACH,+44-XXXX-XXXXXX,WP-CA-918977,ID-881114,45648,Richard,fp_48ab9ae6d44da474,ethantaylor678,OK,USR-350119,Major finding: data retention,Golden Gate Bridge,Black,maryclark@company.com,Brazil,active,Lisinopril,photo_c84c6701.jpg
Harris,Los Angeles,4419.56,Alpine Systems,9041093,Global Conference 2021,Published,Smith,Smith,WP-US-286131,"$4,845,198",0.1922,+1-548-949-8993,Mexico,Other,XXX-XX-1743,Sydney,White,EMP57892,683-51-2769,VARCHAR,tenant-050,ACH,+1-XXX-XXX-XXXX,WP-AU-324922,4359794,84739,Patricia,fp_186d4ec2a19057bf,olivia.garcia427,BJIE,6534247,Observation: backup schedule,Central Park,Other,lucaswright81@gmail.com,Spain,rejected,Ibuprofen,photo_07c856fc.jpg
Thompson,Denver,5945.04,DataCraft Inc,ORD-102626,Annual Forum 2024,Archived,King,Lee,WP-JP-846244,"$1,097,947",0.1606,+1-752-622-5859,France,Mixed,207-56-7257,Chicago,Asian,EMP99942,XXX-XX-7218,JSON,tenant-049,Wire Transfer,+1-XXX-XXX-XXXX,WP-GB-337749,ORD-751218,82408,Liam,fp_1bb01400f650ba4b,sarah_martinez653,TCRBT,USR-699986,Observation: backup schedule,Eiffel Tower,Hispanic,robert_rodriguez@company.com,Canada,rejected,Metformin,photo_edac191a.jpg
White,Portland,9878.59,Vertex Technologies,437159,Tech Conference 2026,Deprecated,Rodriguez,Robinson,WP-MX-952783,"$9,949,393",0.0892,+1-930-605-4392,Sweden,Black,329-42-9577,Miami,Asian,EMP92723,XXX-XX-7032,BOOLEAN,tenant-029,Check,+81-XX-XXXX-XXXX,WP-JP-647592,9981916,65976,Patricia,fp_7d0d8ae3ae8cfb6d,sarahking663,HB,1143459,Major finding: data retention,Big Ben,Other,susan.clark23@company.com,Israel,pending,Amoxicillin,photo_29a913c5.jpg
White,Boston,406.52,DataCraft Inc,2089474,Tech Forum 2024,Published,King,King,WP-DE-349784,"$2,489,448",-0.9062,+1-697-954-6160,Mexico,Other,610-42-1714,San Francisco,White,EMP22575,860-78-7264,TIMESTAMP,tenant-012,Credit Card,+1-XXX-XXX-XXXX,WP-GB-552359,1982440,92291,Richard,fp_e8939107b7641a5a,liamking833,VAR,7330193,Major finding: data retention,Statue of Liberty,Black,davidrodriguez@gmail.com,Sweden,inactive,Amoxicillin,photo_00b32d51.jpg
Garcia,Berlin,3640.65,Alpine Systems,1748400,Global Summit 2026,Published,Miller,Brown,WP-US-208131,"$4,043,404",-0.6073,+1-341-401-2969,United Kingdom,Mixed,XXX-XX-9461,Berlin,Asian,EMP96335,XXX-XX-7546,BOOLEAN,tenant-046,Credit Card,+44-XXXX-XXXXXX,WP-GB-980593,5254011,91918,Jennifer,fp_ac4b5a91ac07bcb5,mason_king293,FIKK,REC-529577,Non-conformance: access control,Central Park,White,linda.smith@company.com,Spain,failed,Metformin,photo_51d18e24.jpg
Thomas,Los Angeles,7180.56,Global Solutions,REC-572051,Tech Forum 2026,Deprecated,Taylor,Martinez,WP-CA-730670,"$4,466,634",0.8137,+1-217-896-6414,Switzerland,Mixed,XXX-XX-1564,Phoenix,Black,EMP50401,851-17-9477,JSON,tenant-046,Wire Transfer,+1-XXX-XXX-XXXX,WP-GB-356173,2678362,44226,James,fp_cf8c778d5025c893,davidtaylor279,RDXY,8925510,Major finding: data retention,Eiffel Tower,White,william.young80@yahoo.com,France,inactive,Ibuprofen,photo_501985a2.jpg
White,Dallas,3946.9,TechCo Industries,5868214,Global Forum 2020,Draft,Martin,Brown,WP-BR-359708,"$6,577,823",-0.145,+1-795-875-2800,Italy,Other,XXX-XX-8417,Toronto,Black,EMP68113,301-37-3322,VARCHAR,tenant-024,Debit Card,+44-XXXX-XXXXXX,WP-DE-910488,8633771,84723,Ethan,fp_92bab08195ff86d6,john.king500,YBSAI,ORD-625376,Major finding: data retention,Statue of Liberty,White,jennifer_lewis@outlook.com,Spain,approved,Amoxicillin,photo_dde66761.jpg
Davis,Phoenix,9226.05,TechCo Industries,TXN-385426,Tech Expo 2025,Archived,Martin,Lee,WP-US-602543,"$7,842,728",0.2876,+1-858-610-8953,Mexico,Mixed,440-25-5786,Houston,Asian,EMP74079,XXX-XX-5667,TEXT,tenant-035,Credit Card,+44-XXXX-XXXXXX,WP-FR-946931,ID-427441,57643,David,fp_cc45834ca6d84e6f,amy.robinson404,SVW,3313568,Non-conformance: access control,Statue of Liberty,Mixed,richard_garcia@yahoo.com,Italy,approved,Ibuprofen,photo_4edec542.jpg
Thompson,Houston,1785.5,TechCo Industries,4582846,Data Forum 2024,Archived,Taylor,Wright,WP-DE-184496,"$2,378,748",0.4952,+1-835-390-5508,Italy,Hispanic,XXX-XX-4998,Toronto,Other,EMP79078,540-80-4954,TEXT,tenant-050,ACH,+44-XXXX-XXXXXX,WP-AU-730490,USR-134922,82579,Sarah,fp_60925a8e127da8a3,davidgarcia126,MZ,REC-784030,Non-conformance: access control,Statue of Liberty,Mixed,amywright@gmail.com,India,rejected,Lisinopril,photo_ec16e7c5.jpg
Smith,Los Angeles,3015.62,Acme Corp,ID-679960,Annual Forum 2023,Archived,Miller,Moore,WP-BR-445310,"$5,148,935",0.0408,+1-946-762-7114,United States,Mixed,160-85-2537,Seattle,White,EMP49775,675-12-7989,FLOAT,tenant-005,Cash,+81-XX-XXXX-XXXX,WP-FR-901838,TXN-624078,66565,Olivia,fp_651ff4f2445b9296,logan_clark952,YAI,6016903,Non-conformance: access control,Eiffel Tower,Black,richard_jones@yahoo.com,Sweden,approved,Amoxicillin,photo_32b384b1.jpg
Martin,New York,2210.47,Global Solutions,ORD-510703,Tech Forum 2024,Published,Clark,Taylor,WP-US-308297,"$5,872,813",-0.5504,+1-827-471-8084,South Korea,Other,191-54-5143,Los Angeles,Black,EMP68075,428-15-3384,FLOAT,tenant-001,ACH,+1-XXX-XXX-XXXX,WP-CA-971439,ORD-948108,23447,Susan,fp_2e572088a30afc37,david.king421,YZ,2154737,Observation: backup schedule,Central Park,Other,jessica.young8@yahoo.com,Brazil,cancelled,Lisinopril,photo_d25b8fed.jpg
Anderson,Berlin,8950.22,Vertex Technologies,6031795,Data Summit 2020,In Review,Thompson,White,WP-FR-295100,"$2,886,475",-0.3442,+1-551-776-7600,Australia,White,XXX-XX-5146,Toronto,Asian,EMP71691,XXX-XX-5344,VARCHAR,tenant-038,Cash,+44-XXXX-XXXXXX,WP-BR-264017,6601734,97907,Jennifer,fp_e38ae50f8ab56c9e,johnyoung285,IKVUB,ID-773560,Major finding: data retention,Eiffel Tower,White,logan.williams@example.com,Mexico,approved,Ibuprofen,photo_60aba0e2.jpg
Williams,Tokyo,56.09,Alpine Systems,USR-271782,Tech Forum 2020,Deprecated,Jackson,Miller,WP-DE-705129,"$4,726,908",-0.8105,+1-420-484-5980,Sweden,Other,842-50-8377,Seattle,Asian,EMP91375,XXX-XX-9840,FLOAT,tenant-025,Debit Card,+81-XX-XXXX-XXXX,WP-IN-936931,TXN-828833,67164,Aiden,fp_3d6751e045a3796c,emma_jones419,DM,5245548,Non-conformance: access control,Big Ben,Asian,susan_garcia98@company.com,India,approved,Amoxicillin,photo_4aadd123.jpg
Martin,Miami,5554.23,Skyline Partners,USR-786632,Tech Expo 2026,Archived,Williams,King,WP-MX-825142,"$5,729,387",-0.5881,+1-345-984-3655,Switzerland,Asian,XXX-XX-4411,Toronto,Asian,EMP83427,480-43-1252,TEXT,tenant-023,Cash,+1-XXX-XXX-XXXX,WP-CA-372868,8563907,651,Robert,fp_ee02d45f0e7c2dec,sarahlee632,DHH,2152031,Observation: backup schedule,Golden Gate Bridge,Other,emily.harris@outlook.com,Germany,cancelled,Aspirin,photo_5100ef49.jpg
Johnson,Seattle,5450.56,DataCraft Inc,3430364,Tech Forum 2026,In Review,Johnson,Miller,WP-FR-516026,"$8,991,323",-0.9283,+1-991-748-5618,Canada,Mixed,XXX-XX-6344,Atlanta,Mixed,EMP31819,XXX-XX-3819,BOOLEAN,tenant-044,Wire Transfer,+1-XXX-XXX-XXXX,WP-US-488349,REC-917496,43261,Emma,fp_28e3bb058182a489,williamwilliams332,BUZNO,ID-727853,Non-conformance: access control,Statue of Liberty,Other,sophia.walker@company.com,Mexico,active,Amoxicillin,photo_3a6d7e64.jpg
Garcia,Austin,6715.65,Quantum Dynamics,ORD-844349,Tech Forum 2025,In Review,Lee,Rodriguez,WP-DE-535861,"$9,305,839",-0.63,+1-587-656-8408,India,Mixed,XXX-XX-5402,Toronto,Black,EMP52367,391-34-3386,BOOLEAN,tenant-013,ACH,+44-XXXX-XXXXXX,WP-MX-881302,7827701,88978,Anna,fp_77caebc1e9135d6c,richard.moore477,GF,5841917,Non-conformance: access control,Golden Gate Bridge,Hispanic,emma_brown@gmail.com,India,approved,Amoxicillin,photo_d4ee1e38.jpg
White,Austin,1699.22,Quantum Dynamics,5601748,Annual Conference 2023,Deprecated,Moore,Rodriguez,WP-CA-276362,"$548,001",-0.6946,+1-810-989-1496,Netherlands,Mixed,310-49-7244,Austin,Hispanic,EMP94747,XXX-XX-3766,FLOAT,tenant-040,ACH,+44-XXXX-XXXXXX,WP-CA-709947,4629105,18694,Logan,fp_980e7907ce7223c1,noahrodriguez397,BFQIM,7721203,Major finding: data retention,Eiffel Tower,Black,emilythomas61@example.com,United Kingdom,active,Ibuprofen,photo_38d1b61a.jpg
White,Chicago,6100.56,Beacon Analytics,8613957,Global Summit 2024,In Review,Brown,Williams,WP-FR-981605,"$719,779",-0.7589,+1-911-710-4414,Singapore,Black,896-29-1195,Boston,Other,EMP34291,535-60-2659,JSON,tenant-008,Debit Card,+81-XX-XXXX-XXXX,WP-BR-168588,3787260,54877,Sarah,fp_6df1bc3c20b78eb7,linda.davis258,BIOC,5044313,Observation: backup schedule,Central Park,Black,jennifer_thomas@company.com,Canada,rejected,Lisinopril,photo_2303664b.jpg
White,Boston,4388.64,Global Solutions,246984,Tech Conference 2021,Published,King,Garcia,WP-DE-162260,"$4,740,228",0.5247,+1-889-385-9618,Japan,White,666-43-2147,Denver,Asian,EMP35021,148-97-1935,JSON,tenant-027,PayPal,+1-XXX-XXX-XXXX,WP-BR-806140,6019034,73699,Patricia,fp_9adbbfdfaa1fd331,patricia_taylor932,EIGS,6275190,Non-conformance: access control,Eiffel Tower,Mixed,olivia_moore23@yahoo.com,United Kingdom,pending,Ibuprofen,photo_1692af7b.jpg
Williams,Denver,9772.29,Pioneer Software,1489808,Global Conference 2026,In Review,Martin,Martinez,WP-AU-177619,"$7,536,556",0.8449,+1-553-439-8861,Singapore,Other,XXX-XX-7069,Tokyo,White,EMP99617,XXX-XX-9702,FLOAT,tenant-039,Credit Card,+1-XXX-XXX-XXXX,WP-AU-800435,4535905,65251,Emily,fp_f65d15eb8778a810,emily_taylor739,KBIC,1640911,Observation: backup schedule,Big Ben,White,olivia.garcia@example.com,Germany,failed,Metformin,photo_0b4323aa.jpg
Garcia,Phoenix,3355.25,Quantum Dynamics,7913117,Tech Summit 2020,Draft,King,Walker,WP-GB-566116,"$5,961,050",0.5279,+1-295-233-5726,South Korea,Hispanic,166-92-9986,Paris,Hispanic,EMP41446,624-51-2264,INTEGER,tenant-040,Check,+1-XXX-XXX-XXXX,WP-DE-141028,REC-559753,38209,Linda,fp_b25acf717c4f4708,elizabethmartinez822,HDPV,1578777,Non-conformance: access control,Eiffel Tower,Other,sophia_clark@outlook.com,Canada,cancelled,Ibuprofen,photo_89c85e39.jpg
Miller,Los Angeles,3370.04,Global Solutions,3814991,Data Summit 2021,In Review,Martinez,White,WP-FR-897961,"$8,676,603",-0.4825,+1-463-664-9773,Sweden,Asian,240-37-9469,Boston,Hispanic,EMP66592,421-99-9165,TEXT,tenant-032,Check,+81-XX-XXXX-XXXX,WP-CA-142501,REC-299388,10638,Amy,fp_0a9e814ce7896c65,patricia_johnson686,KPFQ,7102805,Non-conformance: access control,Big Ben,Other,lucasmoore@yahoo.com,Brazil,approved,Ibuprofen,photo_23f52382.jpg
Martinez,Berlin,6519.35,Pioneer Software,ORD-251750,Global Conference 2021,In Review,Jones,Moore,WP-CA-726113,"$5,818,632",0.9565,+1-803-786-8319,Australia,Asian,341-55-6381,Tokyo,White,EMP82026,XXX-XX-3282,TEXT,tenant-031,Debit Card,+44-XXXX-XXXXXX,WP-FR-190970,TXN-997038,99124,Emily,fp_4ffa8cb06de8f48b,jamesbrown633,GVMB,USR-998055,Non-conformance: access control,Statue of Liberty,Asian,david.clark@outlook.com,Germany,inactive,Lisinopril,photo_eaf170d9.jpg
Garcia,Denver,1892.11,Quantum Dynamics,ID-831227,Global Conference 2022,Draft,Harris,Williams,WP-MX-813686,"$5,706,919",0.4167,+1-819-912-6322,Japan,Asian,830-42-5715,Los Angeles,Hispanic,EMP53290,866-57-2198,JSON,tenant-010,Cash,+1-XXX-XXX-XXXX,WP-MX-501525,9173925,33714,Sarah,fp_a907491a2f0a3893,noah.martin451,PAYHV,305253,Non-conformance: access control,Big Ben,White,linda.young@example.com,India,active,Aspirin,photo_69a74f51.jpg
Thomas,Portland,68.55,Beacon Analytics,4931771,Annual Summit 2023,Published,Thompson,Brown,WP-BR-194444,"$4,902,067",0.39,+1-809-308-1528,South Korea,White,283-48-6484,New York,Mixed,EMP13126,392-76-1549,INTEGER,tenant-050,Check,+81-XX-XXXX-XXXX,WP-GB-664166,4314029,34733,James,fp_54257057b5329991,davidtaylor867,QBQP,7027649,Observation: backup schedule,Central Park,Hispanic,richardking98@acme.org,Sweden,pending,Lisinopril,photo_96ccfb20.jpg
Miller,New York,3833.83,Acme Corp,ID-589855,Global Forum 2022,Archived,Rodriguez,Martinez,WP-BR-458182,"$6,137,338",-0.2013,+1-287-255-5288,Israel,Black,XXX-XX-2178,London,Hispanic,EMP38579,449-29-1871,FLOAT,tenant-015,Check,+44-XXXX-XXXXXX,WP-JP-522168,ORD-513401,56143,Susan,fp_6624bbbd6121f14e,jamesjones738,ILMEU,4503818,Major finding: data retention,Eiffel Tower,Black,emily_smith@acme.org,India,approved,Amoxicillin,photo_b67054c0.jpg
Miller,Tokyo,2414.88,Global Solutions,TXN-543321,Global Forum 2020,Archived,Young,White,WP-AU-340227,"$7,822,818",-0.4501,+1-689-589-9096,South Korea,White,830-53-7338,Dallas,Hispanic,EMP98871,XXX-XX-8895,BOOLEAN,tenant-022,Wire Transfer,+44-XXXX-XXXXXX,WP-IN-847118,4305884,14153,Anna,fp_27b1f57d5f4738b7,robertwilliams567,PFG,TXN-775470,Observation: backup schedule,Statue of Liberty,Hispanic,linda_rodriguez@company.com,Canada,failed,Lisinopril,photo_6d239e7c.jpg
Martin,Boston,8520.22,Acme Corp,9237438,Annual Expo 2025,Deprecated,Robinson,Young,WP-AU-735402,"$6,241,534",-0.4529,+1-327-458-9639,Netherlands,Black,XXX-XX-5496,Chicago,Asian,EMP81912,824-98-9358,INTEGER,tenant-032,ACH,+1-XXX-XXX-XXXX,WP-DE-115015,USR-205645,71192,William,fp_7ef29f6a85a1f005,sarahwright496,YURJJ,4048913,Major finding: data retention,Big Ben,Other,mary_lee@outlook.com,Mexico,rejected,Metformin,photo_ac7c7725.jpg
Lewis,Phoenix,1617.12,Global Solutions,5714963,Data Summit 2024,In Review,Rodriguez,Thompson,WP-JP-159734,"$1,003,791",-0.2682,+1-790-657-3416,Japan,White,170-25-8037,Chicago,Other,EMP48615,200-55-6288,FLOAT,tenant-001,Cash,+44-XXXX-XXXXXX,WP-AU-566574,ID-415073,35117,Jessica,fp_755ba191ced395a2,jessica_lewis587,RFP,6588900,Major finding: data retention,Eiffel Tower,Mixed,logan.king@gmail.com,India,active,Amoxicillin,photo_2dd2dd35.jpg
Johnson,Tokyo,5605.44,Catalyst Ventures,TXN-383795,Tech Summit 2023,Archived,King,Jackson,WP-DE-555382,"$3,159,183",-0.489,+1-472-310-8475,France,White,491-31-4747,Phoenix,Other,EMP34335,386-53-5922,TIMESTAMP,tenant-012,Check,+44-XXXX-XXXXXX,WP-IN-356622,3756556,78117,Elizabeth,fp_7d705e92a2bc877e,masonjohnson824,CYAY,USR-989597,Observation: backup schedule,Golden Gate Bridge,White,lucas_thompson@yahoo.com,Japan,approved,Ibuprofen,photo_f333ae01.jpg
Martin,Los Angeles,2989.67,Acme Corp,8515243,Annual Forum 2026,Draft,White,Taylor,WP-CA-826110,"$5,605,983",0.4056,+1-996-330-9879,Japan,Hispanic,111-46-8283,Denver,Black,EMP69095,662-75-2648,TIMESTAMP,tenant-020,ACH,+44-XXXX-XXXXXX,WP-GB-865673,ORD-595894,62033,Emily,fp_1be94e1f5fb1bd17,liam.walker782,WRKK,7285928,Observation: backup schedule,Central Park,Hispanic,patricia.king10@yahoo.com,Mexico,completed,Ibuprofen,photo_b58303d0.jpg
King,Phoenix,3077.87,Meridian Health,1685424,Data Summit 2024,Published,Young,Rodriguez,WP-GB-235846,"$6,306,877",-0.6769,+1-853-211-2908,South Korea,Black,305-50-4408,Denver,Black,EMP42931,XXX-XX-7025,VARCHAR,tenant-041,ACH,+1-XXX-XXX-XXXX,WP-CA-721307,6106058,70374,Susan,fp_905d760c95103d17,lucaswright885,YWBM,5029345,Major finding: data retention,Golden Gate Bridge,Black,jessicathompson@acme.org,Brazil,completed,Lisinopril,photo_7abb067d.jpg
Rodriguez,Houston,2608.21,TechCo Industries,ID-207257,Global Conference 2025,In Review,Robinson,Moore,WP-BR-644360,"$3,241,679",0.5288,+1-283-399-8716,United States,Hispanic,266-13-9620,Paris,Black,EMP98152,193-50-4797,JSON,tenant-041,Credit Card,+81-XX-XXXX-XXXX,WP-MX-503127,1798964,88193,Amy,fp_356eea1c00bd25f6,elizabeth_brown210,FQEL,92669,Major finding: data retention,Eiffel Tower,Mixed,amyjackson@outlook.com,Italy,active,Aspirin,photo_5fed4553.jpg
Thomas,Denver,9531.6,Global Solutions,9910330,Data Forum 2022,Archived,Garcia,Jones,WP-US-372158,"$6,431,922",0.9105,+1-857-297-6827,Canada,Mixed,XXX-XX-9428,Sydney,Hispanic,EMP25226,416-21-4099,BOOLEAN,tenant-026,Credit Card,+1-XXX-XXX-XXXX,WP-AU-541688,8859682,70006,Emma,fp_6889da3f06891d9f,susan.young8,BKRQP,REC-317955,Major finding: data retention,Big Ben,Black,harper_martinez@acme.org,Israel,approved,Aspirin,photo_55fedb37.jpg
Williams,Phoenix,7949.01,Alpine Systems,6931485,Data Forum 2021,Deprecated,Jones,Thomas,WP-GB-486020,"$3,228,565",-0.3718,+1-311-955-7480,Spain,Hispanic,340-45-3740,Austin,Asian,EMP97524,298-18-4758,JSON,tenant-006,Cash,+81-XX-XXXX-XXXX,WP-CA-159947,9079424,50535,Aiden,fp_1b6c4fb6f65997a8,loganthomas181,XUQHO,933737,Major finding: data retention,Golden Gate Bridge,Hispanic,logan_clark@example.com,United Kingdom,cancelled,Aspirin,photo_2775c9b6.jpg
Wright,Phoenix,8690.78,Pacific Research Group,8304032,Annual Forum 2022,In Review,King,Taylor,WP-CA-310563,"$3,670,283",-0.4058,+1-988-231-7341,Brazil,Other,154-52-9759,Austin,Other,EMP31638,765-23-5006,INTEGER,tenant-028,Check,+1-XXX-XXX-XXXX,WP-IN-451026,2820163,1230,John,fp_0aee79950462ca67,jennifer.davis759,LF,770326,Observation: backup schedule,Statue of Liberty,Hispanic,aidenlewis@gmail.com,Brazil,approved,Metformin,photo_685fa8ba.jpg
Thompson,Chicago,5324.58,Global Solutions,7563169,Global Conference 2021,Draft,Martin,Robinson,WP-FR-983758,"$8,466,527",0.4592,+1-967-862-2671,Japan,Black,568-23-2654,Boston,White,EMP14965,571-16-5752,JSON,tenant-006,Debit Card,+1-XXX-XXX-XXXX,WP-FR-163648,6992185,74955,Elizabeth,fp_21aabd8b31939871,annasmith355,JZW,7878721,Major finding: data retention,Statue of Liberty,Hispanic,oliverwilliams94@yahoo.com,India,rejected,Metformin,photo_4b2b96a9.jpg
Rodriguez,Paris,8955.36,Alpine Systems,ID-271733,Annual Conference 2023,Archived,Smith,Anderson,WP-FR-171514,"$6,726,124",-0.1687,+1-330-972-2059,Netherlands,Asian,674-82-9361,New York,White,EMP75428,385-58-5964,VARCHAR,tenant-035,ACH,+1-XXX-XXX-XXXX,WP-GB-942370,6451027,22209,Linda,fp_d84d07559088df44,susan.white68,CLQ,7429627,Major finding: data retention,Statue of Liberty,Mixed,noahrobinson@outlook.com,India,completed,Lisinopril,photo_7b608c2d.jpg
Thompson,Miami,8329.65,Alpine Systems,TXN-515011,Tech Forum 2026,Archived,Moore,White,WP-FR-511759,"$4,492,568",-0.0827,+1-285-427-3375,Netherlands,Black,816-49-4137,New York,Black,EMP33525,866-54-1312,INTEGER,tenant-043,ACH,+44-XXXX-XXXXXX,WP-GB-631498,4347941,484,Anna,fp_3f5cacb59e7056a4,james.lee71,HGJR,8236105,Non-conformance: access control,Big Ben,Asian,williamwalker@acme.org,Brazil,inactive,Aspirin,photo_861ed21c.jpg
White,Atlanta,4296.66,Pacific Research Group,REC-766516,Data Forum 2026,Published,Lewis,Moore,WP-DE-892665,"$8,824,960",0.2654,+1-299-706-8413,Mexico,Asian,860-91-9713,Sydney,White,EMP63698,291-12-1639,INTEGER,tenant-036,PayPal,+44-XXXX-XXXXXX,WP-FR-585877,ID-838886,41470,Mary,fp_8bbe0b93aa2f8afa,loganjohnson663,HMY,561381,Major finding: data retention,Golden Gate Bridge,Other,williamwhite@gmail.com,Switzerland,approved,Aspirin,photo_5c224eef.jpg
Rodriguez,Austin,7039.93,DataCraft Inc,8355978,Global Summit 2025,In Review,Moore,Lee,WP-AU-508473,"$1,913,069",-0.2091,+1-566-270-7096,United States,White,743-24-5692,Austin,Hispanic,EMP59418,422-28-6698,TEXT,tenant-015,PayPal,+81-XX-XXXX-XXXX,WP-IN-476062,ID-399873,48288,Sarah,fp_88b99935b581a24a,patricia.young796,FX,8985147,Non-conformance: access control,Eiffel Tower,Asian,jenniferrodriguez@company.com,Germany,active,Ibuprofen,photo_e4507e54.jpg
Lewis,Houston,7583.62,Beacon Analytics,4633321,Tech Expo 2020,In Review,Robinson,Thomas,WP-MX-643830,"$3,331,010",0.7148,+1-353-250-8827,United Kingdom,Asian,XXX-XX-9121,London,Mixed,EMP17195,110-81-8914,JSON,tenant-004,PayPal,+81-XX-XXXX-XXXX,WP-BR-493674,ID-331992,28577,John,fp_4e0a4a5262f4bd86,james_martinez848,VL,9561629,Major finding: data retention,Eiffel Tower,Other,lucas_martinez@example.com,Germany,inactive,Amoxicillin,photo_01b6971b.jpg
White,Denver,572.66,Quantum Dynamics,TXN-868982,Data Expo 2024,In Review,Lewis,Davis,WP-US-827363,"$2,360,084",-0.1462,+1-405-247-1013,Netherlands,Other,101-21-8811,Denver,Black,EMP72959,XXX-XX-8014,JSON,tenant-038,Debit Card,+44-XXXX-XXXXXX,WP-GB-796835,USR-218709,6388,Ethan,fp_accdfecfb54ea5b5,mason.garcia55,ORD,TXN-415268,Observation: backup schedule,Golden Gate Bridge,Asian,liam.lewis@acme.org,South Korea,inactive,Ibuprofen,photo_e8c42af9.jpg
Lee,Seattle,2535.07,Catalyst Ventures,1446672,Global Forum 2023,Draft,Rodriguez,Martin,WP-BR-945312,"$8,249,983",-0.7907,+1-647-328-1505,Brazil,Hispanic,XXX-XX-6750,Dallas,Mixed,EMP11481,741-50-2751,TEXT,tenant-008,Debit Card,+81-XX-XXXX-XXXX,WP-US-239933,ID-700480,61219,Harper,fp_585fbfe1039b2c56,loganthompson331,NR,TXN-135531,Major finding: data retention,Statue of Liberty,White,william.king@acme.org,Israel,rejected,Aspirin,photo_553d5d2b.jpg
Jones,Seattle,2345.42,Global Solutions,9529825,Annual Conference 2021,In Review,Smith,Garcia,WP-IN-398949,"$8,872,997",-0.3722,+1-823-584-8444,Switzerland,White,897-47-8967,Miami,Mixed,EMP83728,411-91-9634,TEXT,tenant-008,Credit Card,+81-XX-XXXX-XXXX,WP-AU-899348,ID-780329,38515,Mary,fp_d69b483bbd8b31b1,liamwhite326,IG,6558147,Major finding: data retention,Golden Gate Bridge,Mixed,mason_rodriguez@company.com,Germany,active,Metformin,photo_92c23dbb.jpg
