permissionLevel,middle_initial,first_name,dim_driver_s_license_number,title_prefix,col_ssn,nationality_raw,c_title,fingerprint,ethnicity_race_data,TITLE_PREFIX,country_info,speedVelocity,API_KEY_TOKEN,social_security_number,fact_deleted_at,industry_sector_6,dim_sy,employee_id_raw,checksum,diagnosis_v2,dim_232,status,email_address_v2,TAX_IDENTIFIER,email_address,x_tit,v_natio,name,fingerprint_2,DATE_OF_BIRTH,nullable_flag_data,p_pktr,employee_id,status_2,raw_social_security_number,RECORD_IDENTIFIER,iqp95,phoneNumber,soc_security_number,customer_first_name,advertiser_id_14,seed_value,cbsgl71,employeeId,market_intel,recid,fact_status_code,emprec,username,raw_title_prefix,messaging_id,dob,pjhg76,p_887,hqi12,dim_vxsn,devid,EMPLOYEE_ID,MAIDEN_NAME,var_cc,cryptocurrency_address,taxid,linkedin,PHONE_NUMBER,browser_user_agent_30,PERMISSION_LEVEL,licensePlateNumber,maiden,val_842
Guest,B,David,GA5458861,Hon.,523-39-8895,Germany,Hon.,fp_cb3a90443f6a8e42,White,Rev.,Germany,162.0,sk_o9jYFcfd13sy1PuKqu45MTBHCegrcy59,XXX-XX-9463,,Education,Rev.,EMP57713,38e3be47bb4ed77809a0ec872ba6e55683505ef9a2746556152cc3e44fd003b0,Migraine,601160434,active,mary.jones@company.com,29-3435475,olivia_lee96@example.com,Hon.,Sweden,Linda Davis,fp_3fed82aab0897142,0010-11-1988,YES,aiden.thompson,EMP60575,completed,200-24-8758,1036500,linda.lee,(392) 462-6626,804-39-9711,Anna,ADV-0SEWM54ZLQ,0,ADV-0AILJ8Q9AI,EMP68839,Competitor Alpine Systems launched DataSync 3000,1316875,inactive,EMP-97887,sophiajohnson214,Dr.,emma_jackson,0005-17-1988,5650941,WP-FR-297997,"235 Oak Ave, Berlin, CO 47459",Male,0f5af06f-0777-4c7f-97b3-b84c31120c13,EMP46912,Moore,Asian,0xf56e54dfc5b4792266cc5f80f91c0e51211dd19a,16-5335107,@patriciajones842,861-437-9346,Brave,Admin,RUS-3462,Thomas,Free
Owner,G,Linda,TX7713059,Mr.,XXX-XX-5255,Spain,Prof.,fp_2b96fe1839b518d6,Mixed,Mrs.,Switzerland,109.5,sk_hQ6oC0V4y0Yog1pS1xAvIvuYSgicjqkr,577-45-3600,,Retail,Hon.,EMP46313,ec86cbe8fd42573a40fd638f539017171fd0f4c37c0059ba0bc4ed543104bd11,Arthritis,375289,active,patriciajackson@acme.org,20-8246334,liam_williams24@gmail.com,Mrs.,Germany,Sarah Rodriguez,fp_ec91c30a88b2a397,04/25/1986,YES,aiden.garcia,EMP55478,cancelled,753-64-5811,7138048,lucas.garcia,656 644 9547,374-54-6827,Emily,ADV-B1G6C1Q9R5,1,ADV-5R06BTASRR,EMP49128,Competitor Meridian Health launched NanoCore SDK,103886,pending,EMP-61514,oliverclark650,Mrs.,amy_walker,07-24-2005,367422,WP-IN-346105,"4770 Pine Rd, Paris, FL 14977",Other,ddb4e63c-3560-4786-8444-f589890b477a,EMP21558,Garcia,White,0x32e3f484d2dfbb26a557e187db03921b33b481fd,81-9339895,@davidlee311,254 670 4589,Firefox,Guest,TQC-9016,Young,Standard
Guest,L,William,TX3019182,Dr.,115-43-9128,Israel,Prof.,fp_6566481060dc8951,Asian,Ms.,Spain,18.3,sk_3A9468Jsy6wHQN8aOzjqOwL3PYOMgY69,XXX-XX-2789,,Energy,Hon.,EMP84717,aa17b330bbb5d6ba3cf04d3677ced818f8ce9e71c94fd89561002305ce9ce589,Arthritis,3708877,failed,sophia_lee@acme.org,13-3489679,sophia.jackson@acme.org,Ms.,Norway,Linda Brown,fp_e8f2f853a6aa0af7,0002-12-1987,YES,linda.wright,EMP47101,cancelled,123-50-4097,8798800,patricia.martin,646 898 4152,XXX-XX-4103,Lucas,ADV-YXVN260TAC,CURRENT_TIMESTAMP,ADV-G0UK89N9XU,EMP58013,Competitor Vertex Technologies launched AuditTrail Plus,4246449,failed,EMP-30731,liamgarcia65,Prof.,susan_clark,0004-14-1965,7978811,WP-US-269944,"7380 Pine Rd, Chicago, GA 33936",Male,ee52a00f-0392-4f87-808e-2b08603ae9f9,EMP18484,Martinez,Mixed,0x227ac4cbfedf9bf7123b37f784aef1bd2715e1d2,11-2292019,@michaelwright18,593.754.1134,Brave,Viewer,BAS-3599,Wright,Free
Editor,B,John,WA6937714,Ms.,XXX-XX-6625,Mexico,Ms.,fp_0f64f091c4acb82e,Asian,Mr.,United States,185.9,sk_67dlqFR24fEIammuNXf7oKntjCbCjB4V,886-35-1767,,Technology,Prof.,EMP79106,3db4a738b2e8be81c374504b39177b8b8926bc33f1065c098fdc23cff4fb6abc,Type 2 Diabetes,60115841,inactive,sarahrodriguez@yahoo.com,96-1274141,harperwhite@example.com,Hon.,United Kingdom,Amy Miller,fp_c822c34f07b8e3b7,11/14/1947,NO,emma.davis,EMP37551,rejected,476-32-4580,7564123,aiden.rodriguez,(203) 305-4943,XXX-XX-8235,Logan,ADV-8V59WMCXEG,false,ADV-69OTOXUJWO,EMP52682,Competitor Pioneer Software launched FlexPay Platform,8839876,inactive,EMP-81095,annalewis672,Hon.,lucas_taylor,05-26-2009,ID-867998,WP-FR-237969,"7907 Park Blvd, Chicago, OH 33416",Non-binary,9436c5ac-3685-4f05-b5bb-0373bbb54806,EMP86571,Jackson,Black,0x58b7c4e74a2fc61a200918d3fe6381d581cc138e,25-5851731,@annaking397,(608) 676-3689,Safari,Guest,PUW-6372,Young,Free
Guest,H,Elizabeth,WA2640372,Mr.,170-91-2188,Japan,Ms.,fp_14435e758032f11c,Asian,Ms.,India,186.2,sk_iEMOduBfh6hXOIwuIqjB5wz930ZQF8E7,481-41-4749,,Finance,Prof.,EMP58010,c6748dd9e45dca0980859ef32f9195aea8d21b55ad0da217566ede2ce15d8d93,Depression,48095,cancelled,sophia.brown@example.com,61-6037251,emma_moore@acme.org,Ms.,Japan,Elizabeth Garcia,fp_072324f0a964cc11,09/19/1996,false,richard.wright,EMP51194,cancelled,820-53-6276,ORD-444168,patricia.lewis,463.532.2831,250-74-1133,Logan,ADV-BEPSNIFUXB,1,ADV-JLC02N0Q9N,EMP16081,Competitor Quantum Dynamics launched NanoCore SDK,2577338,pending,EMP-27789,jennifer.clark754,Ms.,noah_jackson,03-02-2001,2655324,WP-US-520224,"6118 Pine Rd, Dallas, IL 29520",Other,b468f0cf-19ab-4c2f-bf13-ac666854fd5e,EMP54790,Williams,Black,0x3122339b47c7be8fcceb37d6422ac602d507d0f0,35-8068321,@michaelrobinson279,376.423.4935,Chrome,Owner,PIN-5680,Robinson,Trial
Guest,B,Sarah,NC3774239,Dr.,830-10-6246,Canada,Prof.,fp_1269bcbee5229111,Mixed,Dr.,Canada,204.3,sk_RYtHkSifJUpySEa935Uz3BIQ71dV5BIj,654-10-1429,,Technology,Ms.,EMP33253,abeb42fe257c7bfa7413d49d156683abc496aa3f6c0bfb707392b5891f747d06,Migraine,3783773,rejected,lindagarcia@gmail.com,93-8231674,michael.smith@acme.org,Rev.,Australia,Anna Anderson,fp_02d759d94bcae713,0005-18-1976,YES,robert.thomas,EMP82236,active,833-26-5996,ORD-598452,mason.walker,(512) 277-5293,XXX-XX-1542,Sarah,ADV-3UJOG53AL9,0,ADV-FZ2NM0QNIY,EMP79711,Competitor Catalyst Ventures launched Sentinel Monitor,796915,completed,EMP-85314,mason.harris289,Hon.,john_garcia,01-02-1968,6707890,WP-FR-909112,"5169 Cedar Ln, Houston, MA 92920",Female,728a4ea9-0df0-40c8-88a1-03052fc71c61,EMP45085,Robinson,Mixed,0x069fed1f62019b32473010d7a9f3a9b480c7be0b,97-4711503,@oliviaclark385,748-954-4303,Firefox,Guest,VWY-9188,Martin,Premium
Editor,X,Patricia,WA5875921,Rev.,XXX-XX-9240,South Korea,Prof.,fp_28ec524b83af095f,Asian,Prof.,Singapore,244.7,sk_0ZdB9WNqNpTAJJm7fKMxop0p8HLQ3DA1,XXX-XX-7282,,Energy,Hon.,EMP38095,d341f0056e98d7ef1a02006068fadbe7d00dac0ce9310fcf89003fda3d8b654a,Depression,44152,failed,elizabeth.thomas@yahoo.com,54-2035355,emily.johnson@example.com,Mr.,Australia,Susan I. Thomas,fp_30afe0359a1ce382,07-14-1965,NO,james.martinez,EMP15748,cancelled,XXX-XX-2756,6920130,robert.davis,892-502-8379,259-26-2904,Oliver,ADV-EW6MVHGFT2,'',ADV-ZREMJBI7E6,EMP13528,Competitor DataCraft Inc launched DataSync 3000,7307975,cancelled,EMP-59259,noahgarcia737,Mr.,linda_miller,0005-20-1946,TXN-222140,WP-BR-472047,"7311 Park Blvd, Berlin, CA 62297",Female,4ce263b8-b3a3-44bc-815b-a2a2bd9a4ecd,EMP46522,Williams,White,0x9c01578c24931ee59ad45be5f64a0571942d16fb,98-8188600,@annaking378,895 785 3477,Brave,Guest,QEP-8771,Clark,Trial
Owner,V,Linda,WA3462112,Rev.,XXX-XX-7119,United States,Prof.,fp_8c9f6db5a68f5c98,Other,Mrs.,Mexico,34.7,sk_gak2FezOLgLgHp1076ZpkqX1uNEH9lRv,596-93-2333,,Education,Hon.,EMP89840,bd4392fe1b29e966fab7260c40e7c5cfdcebc1b51c417eb235923dbe099e5a8a,Arthritis,501505,cancelled,susan_davis@example.com,89-4470030,oliverking94@acme.org,Rev.,Norway,Richard Garcia,fp_de792bb23ed9fe23,09-05-1957,YES,elizabeth.smith,EMP22043,cancelled,450-24-3572,4369059,emma.johnson,413.748.8823,112-59-5475,Emily,ADV-CV712M8Y2S,null,ADV-Y5UMC90RZ0,EMP51314,Competitor DataCraft Inc launched AuditTrail Plus,7210047,active,EMP-72417,sarah.johnson473,Mrs.,aiden_martinez,0009-24-2005,REC-265383,WP-FR-411706,"9644 Oak Ave, Chicago, FL 52806",Female,eaab18bb-3d07-4e58-8374-304c70add110,EMP86833,Young,Black,0x30972441018e9c49980af458de5368e9298d9ca3,69-9033751,@marymoore692,778-940-1507,Brave,Admin,WRM-9396,Clark,Trial
Admin,M,David,CA4556442,Prof.,512-95-2812,Italy,Hon.,fp_bdc5775f672d29d9,Other,Rev.,Netherlands,135.4,sk_Wf9QAsbhD7ChgnoVU2hOvl8UFVLW12VH,646-12-8303,,Technology,Hon.,EMP96007,2e79ad527959a4fa4f5eaa875e5384ac473793fc29c5ecdd8842573eeee16e7d,Arthritis,3783901,inactive,aiden.taylor@yahoo.com,50-5296248,oliverking71@company.com,Mr.,Netherlands,Noah Wright,fp_2ef38abafff282c3,0009-10-2009,NO,anna.davis,EMP87706,cancelled,XXX-XX-5282,REC-956186,sarah.young,(821) 361-3204,366-24-5415,John,ADV-0QCZKV3BY7,false,ADV-YON7DJSR6V,EMP35810,Competitor Quantum Dynamics launched AuditTrail Plus,7764058,pending,EMP-72651,harper_lee161,Dr.,sophia_clark,0001-18-1944,8116983,WP-US-465291,"4432 Maple Dr, Denver, NC 46710",Female,4787dae3-0292-4506-95e2-27fa3b727b47,EMP77044,White,Hispanic,0xf5dcce285a2ee6d8a8cdde54a30d5664ab4f2e80,48-9491277,@susanwilliams737,246-311-6375,Safari,Viewer,BDW-6314,Jackson,Enterprise
Editor,E,Mary,OH3178029,Hon.,226-70-8032,Singapore,Rev.,fp_bdc8617c21cd3212,Asian,Rev.,Netherlands,200.7,sk_aTA9uHWCwMU9SDOuAfZRUuZlC9U1SoUr,845-94-7196,,Manufacturing,Hon.,EMP45547,da58f795f1f5cfb5761e847cb639c2b251042d2675adc63425bbe6ae4ae2f13b,Hypertension,560181,failed,sarah.rodriguez73@company.com,47-7131326,elizabeth_robinson@example.com,Rev.,Germany,Oliver Walker,fp_31b069a889a945e0,06/19/1955,false,jennifer.young,EMP83734,failed,769-36-7983,REC-713408,patricia.thomas,969.254.6387,776-59-8047,Patricia,ADV-IAZBMHK9JR,CURRENT_TIMESTAMP,ADV-6R5TA3KALW,EMP35720,Competitor Global Solutions launched NanoCore SDK,7684516,approved,EMP-65577,maryclark715,Hon.,susan_lewis,12-27-1979,8640910,WP-IN-183042,"1036 Maple Dr, Los Angeles, TX 10403",Non-binary,7d16682d-f4b0-4e75-af73-31c93b2cce20,EMP41890,Lewis,Mixed,0xb257335f26baad9912e8409e32c7c94e2462147e,35-5714946,@annayoung144,659-346-7355,Brave,Viewer,WMB-7932,Lewis,Free
Guest,O,Elizabeth,CO3120411,Prof.,176-76-8556,Canada,Ms.,fp_7e7b8f9ae109e2b6,Hispanic,Hon.,Australia,170.5,sk_N8GcRa56BklQAOEz9Ew2dJPJUI84woYO,XXX-XX-4169,,Energy,Mr.,EMP86549,dffe95fa14520b3ac4a27bbc5a6cfa0feb19b845dbcf7f8a8d9cbe891d9f43d2,Anxiety,3743867,failed,richard_lewis51@acme.org,31-6471580,michael.clark29@example.com,Mrs.,Sweden,Sarah Thompson,fp_fcd3974c0adef06c,0007-19-1954,false,emily.jackson,EMP93659,approved,770-68-6342,TXN-407312,jennifer.rodriguez,627 797 4929,XXX-XX-9432,John,ADV-SZSVQOCCM3,CURRENT_TIMESTAMP,ADV-M5RCBGEED1,EMP31641,Competitor DataCraft Inc launched VaultKeeper,9510542,inactive,EMP-20899,williammoore185,Hon.,aiden_walker,10-26-1980,5185685,WP-DE-359817,"8779 Pine Rd, Denver, PA 13285",Male,1028d9c0-6cd4-4ad2-a8ba-b92daa2fe6fa,EMP12508,Smith,Mixed,0xa7d20da57b4874612cdc47504ccec91ad1437abe,86-9144287,@olivergarcia637,739.888.3128,Edge,Viewer,IXV-4014,Moore,Standard
Owner,I,Olivia,PA9107523,Hon.,578-71-9989,Canada,Dr.,fp_32ea725da49febe4,White,Hon.,Sweden,162.4,sk_xA4fhpmsPPWM1iaFtGJBttxWrl3yMtdW,393-59-1046,,Energy,Rev.,EMP42072,4803f17772ebcd68ff207504357d8f01052430b572c98f45274434e231b11d37,Anxiety,60114357,failed,logan.martinez@example.com,19-8942988,sarahthomas@acme.org,Dr.,India,Logan U. Moore,fp_810178c6ade9b43b,01/05/1964,true,jessica.smith,EMP17157,pending,602-19-1777,4203939,anna.garcia,(967) 266-1274,157-79-2726,Jessica,ADV-7FT0Z7FI4J,'',ADV-HZWKVXRHHD,EMP73272,Competitor Skyline Partners launched AuditTrail Plus,6194987,cancelled,EMP-32678,olivialewis563,Mrs.,olivia_harris,0009-06-1982,TXN-338160,WP-AU-875309,"9137 Oak Ave, New York, WA 82941",Male,959fa7ce-5ffd-446b-a15d-2efc253229c1,EMP73764,Davis,Black,0x88e51112fb307c88c97e1e6721a113671465b550,86-3199488,@loganking516,897.633.8682,Safari,Owner,PVO-8820,Smith,Standard
Guest,R,Jennifer,TX1372884,Rev.,118-88-3070,Singapore,Dr.,fp_91a61dab13147032,Other,Prof.,Italy,281.0,sk_7yE0Js7r5onLNEpQ511GIiXwC1cwJgvA,129-12-3038,2025-12-11 04:25:15,Finance,Rev.,EMP95716,9a50a0abe4685b302625bee4fe01de76b5d514140c5852448fc6cd452d74d382,Depression,601108804,pending,james_robinson@acme.org,63-8450868,james.anderson@example.com,Dr.,India,Aiden Martin,fp_88078d140d8a49a8,10-13-1994,false,aiden.rodriguez,EMP89651,cancelled,491-91-2728,903307,sarah.moore,(243) 366-6293,797-56-6427,Robert,ADV-6O74GGVU8I,1,ADV-5ZLD77Q9DO,EMP52824,Competitor Skyline Partners launched AuditTrail Plus,9223037,rejected,EMP-64665,liamsmith451,Ms.,james_young,0005-13-1994,9685987,WP-GB-666516,"7551 Main St, London, OH 44065",Male,90615728-7be4-4afc-8e25-0a00469a4340,EMP67657,Jackson,White,0xffb5ad801e0eed3751f073a7a9e4940bcded026b,47-4527318,@jameswright490,440.736.7009,Opera,Admin,MIU-4698,Lewis,Basic
Owner,B,Olivia,CO9100050,Hon.,XXX-XX-5735,Switzerland,Dr.,fp_6c654fd76f0d0c79,Mixed,Prof.,Singapore,114.9,sk_gxfw0oQTaCvOXEtkCNG2eb5vvTjs5Idy,XXX-XX-2954,,Technology,Mrs.,EMP15497,d896a5240ddbcfe05ae3591cee1f417552ad90ce2b1c0f70c359da7b1eb88565,Migraine,47087,active,linda_lewis@example.com,80-1535155,sarahmoore@acme.org,Rev.,Germany,Jennifer Martin,fp_26303ab2def10d7b,02/14/1975,false,mary.smith,EMP68557,pending,521-76-9811,TXN-980252,aiden.garcia,874 947 3755,394-19-9104,Logan,ADV-OVPH49JCNC,1,ADV-K4QTR8K8CV,EMP24368,Competitor Global Solutions launched DataSync 3000,7856598,failed,EMP-48714,sophia.miller893,Ms.,elizabeth_robinson,05/11/1962,1190331,WP-AU-384698,"1705 Oak Ave, Chicago, WA 16236",Male,658df1af-8813-4301-8ada-a3ebf76622b0,EMP19173,Thompson,Mixed,0x976cc8bf296c03500ac22ffd3f37d7e5a390b3b3,65-7692195,@harperharris164,440-349-6747,Brave,Owner,AMT-4818,Jones,Free
Editor,X,Noah,FL6746797,Mr.,321-12-4358,Japan,Ms.,fp_9de678e90dc56eab,Mixed,Dr.,Mexico,16.2,sk_mSu9hYXiLWG7s5P4Kb2JzIDVUk39ftMM,544-15-5619,,Energy,Prof.,EMP22655,7410220c0b90a0b5fcda10be69621d4de76b5ac912cd8739f364e9fe7106e78a,Migraine,601157621,active,robertmartinez34@outlook.com,61-3588296,oliviawhite@yahoo.com,Hon.,France,James King,fp_1b5625a1af633bb8,12/03/1989,false,sarah.miller,EMP35075,cancelled,653-75-9123,ORD-783552,oliver.williams,+13343058299,127-45-9322,Elizabeth,ADV-VW2NSZUFWM,0,ADV-LMLWLP3I14,EMP66725,Competitor TechCo Industries launched Widget Pro,TXN-658457,rejected,EMP-25643,anna_clark807,Hon.,harper_white,0008-09-1993,9227338,WP-US-809037,"4138 Cedar Ln, Tokyo, WA 56650",Male,fc540620-8143-483f-aed4-95d466bf5237,EMP94545,Davis,Mixed,0x7cc15e3882caf7037ea6dc0373d5f2bb29b3adcd,85-7966343,@williamwilliams113,828.678.8592,Edge,Owner,QXF-5693,Rodriguez,Free
Guest,J,Emma,FL4979278,Hon.,283-46-8061,Switzerland,Dr.,fp_e5db28b049a9a054,Mixed,Prof.,Singapore,299.4,sk_iqEnvSY0tr0rxs3CuUH2Xu7aOy41ZW6T,197-98-6714,,Education,Prof.,EMP34741,86ca677a0b56c9ccefcab8019c1dabce914291ef86c23a8e86f67ef71cb8ebc1,Asthma,60114374,failed,susanmartin@example.com,26-8106192,noahdavis@outlook.com,Rev.,Norway,Elizabeth Lewis,fp_3c4bfba806081e0d,0004-17-2005,true,emma.king,EMP46780,rejected,295-51-7823,ID-932593,david.clark,537 548 1119,XXX-XX-4914,Oliver,ADV-GU2V4MLPF3,CURRENT_TIMESTAMP,ADV-EX34F2XHUA,EMP47683,Competitor TechCo Industries launched CloudGuard,4517498,inactive,EMP-20193,aidenwright957,Hon.,susan_wright,09/08/2008,6924106,WP-AU-576000,"858 Park Blvd, Houston, FL 22389",Female,4bfcbded-5209-43a8-ac2d-6f1dbbcadc02,EMP97637,Rodriguez,Other,0x3930d151d7a0e7e575ae2c70a3d95a62e8765b01,27-3716567,@lucaswilliams396,357-581-3777,Safari,Editor,EFD-7743,Thomas,Trial
Editor,M,William,PA2680760,Mrs.,781-86-3118,Germany,Ms.,fp_1ececedbbe2ba66e,Mixed,Mr.,Australia,67.1,sk_arREE3SUOj484NmpvGOvHqeeB1QKYWJk,227-26-4776,,Technology,Mrs.,EMP23846,1260aa1973baa24c31c5fb61c24d1ae0344be8386ad42323d0a48b3abd947683,Anxiety,58015,pending,sophiathompson@company.com,63-4066032,oliversmith@example.com,Mrs.,Spain,John O. Jackson,fp_4ea7ec8d6f825991,05-20-1967,YES,linda.garcia,EMP41368,completed,376-97-1781,USR-128589,harper.williams,+13156556353,XXX-XX-2816,Noah,ADV-QH1QYNAIEC,CURRENT_TIMESTAMP,ADV-OKNSM9V57B,EMP47058,Competitor Catalyst Ventures launched StreamLine ERP,3895206,completed,EMP-95175,susan_robinson452,Prof.,emma_thompson,06/22/2005,TXN-716125,WP-JP-460886,"7043 Main St, Tokyo, MA 52795",Other,3d880921-f1f3-4d15-9a6e-46922aab7344,EMP17682,Martinez,Hispanic,0x567ba3d7d01395df4ae25c26d5b19f9939c7d133,84-2936839,@annaclark19,(956) 860-8447,Brave,Admin,UCM-7338,Taylor,Enterprise
Admin,F,Noah,MA8666220,Ms.,527-47-2982,Israel,Mrs.,fp_78cc6e58aa1aa0c3,Asian,Hon.,Australia,266.6,sk_9YSA9w6HjRVl7wtJfFcdyUDKLcMB0XUx,877-46-3022,,Energy,Ms.,EMP71102,1cccfc57ef79250502f3997a047e51467541a8fe23f9f65140b66f5c012e514c,Hypertension,3775926,approved,linda.young@gmail.com,17-5559672,harperthompson@outlook.com,Mrs.,Japan,Lucas Williams,fp_491978fa27403881,08-22-1967,false,emily.taylor,EMP12207,completed,314-81-8639,9068243,emily.walker,524.780.4440,338-75-7731,Emily,ADV-OZBUFXCFM4,false,ADV-S92OCVCV7Z,EMP75773,Competitor Acme Corp launched VaultKeeper,7196843,approved,EMP-19456,marysmith936,Hon.,aiden_jones,06-24-2010,USR-880556,WP-JP-791437,"9131 Cedar Ln, Phoenix, PA 64699",Female,a550d3c4-de28-4a25-a64c-52c20bb52d8a,EMP31187,Brown,Black,0x6a6f59d65db37a7a877e2a06d7ffb8c9ef36a57f,87-9252806,@susanthomas863,712-740-8717,Brave,Admin,ALB-1340,Jones,Enterprise
Guest,N,James,OH5172440,Mr.,571-10-2718,Germany,Hon.,fp_eb2dadf6b6b41f7d,Other,Prof.,Japan,188.4,sk_3bygDQQwpjk84mYUoGgCGwDlrpqDX1HE,474-71-8892,,Finance,Ms.,EMP10084,c3f45c563c65299bd15ed2776da58cb678a699ab5c9f624885cfe52de09fc1a0,Type 2 Diabetes,60119168,rejected,loganmoore@outlook.com,99-2083761,mary.moore@outlook.com,Prof.,Norway,David Walker,fp_d03bf257a51a8af8,04/23/2001,true,emma.wright,EMP80550,inactive,XXX-XX-6504,ORD-226039,ethan.brown,218 510 4968,568-33-5686,Elizabeth,ADV-FMDUHRPI7Q,null,ADV-A543KIJN7K,EMP83580,Competitor Meridian Health launched StreamLine ERP,REC-319946,pending,EMP-11355,emily_white663,Mrs.,amy_garcia,0007-20-1944,6401279,WP-AU-645087,"4914 Elm St, Berlin, CO 40338",Other,b2174b30-a4f3-4773-a1b6-df88e14a596a,EMP66027,Moore,Mixed,0x5db74fcb40329fff100014e8b9762f7895718e2b,75-5807748,@sophiaking1,(381) 564-1785,Chrome,Viewer,TMZ-1118,Robinson,Trial
Admin,K,Logan,IL1051359,Rev.,634-71-3310,South Korea,Mr.,fp_28216fbf681df8bd,White,Ms.,Singapore,246.4,sk_tkHP2R4gYfEWBH2915KpoSwJcY79DBjF,667-32-8095,,Technology,Ms.,EMP24145,5e3f3d3d2e88aed3e2b3711a48d2c342723f8c8333b4922e255bb22250d2c74b,Migraine,551528,completed,harper.taylor90@example.com,75-9346287,lucassmith@yahoo.com,Ms.,Singapore,Sarah White,fp_2b3e565c238fa569,10-19-1997,true,patricia.thomas,EMP43614,rejected,461-89-2461,9318489,amy.martinez,799-219-1214,574-71-6121,Susan,ADV-XEVB3SAVTB,null,ADV-JYJ3G2CODT,EMP24160,Competitor Quantum Dynamics launched AuditTrail Plus,5439554,completed,EMP-70776,jessica.moore173,Dr.,robert_garcia,0002-20-1965,ORD-331985,WP-GB-739513,"8543 Pine Rd, Houston, PA 37839",Female,99cd58a2-d78c-4c50-8c8c-0e3d273f9cf2,EMP37734,Clark,Mixed,0x4329955b6b8134fd855a9770222da6bea8e3b88d,44-2066425,@emilyharris934,(361) 310-6385,Edge,Owner,VCC-5367,Lee,Trial
Viewer,W,Liam,PA3186342,Prof.,696-33-2735,Norway,Hon.,fp_acc0b7e15fd6ccf4,Mixed,Rev.,Spain,247.3,sk_Q8l3uiWYDdNW2og6uwPJwT3QMI9WltS6,XXX-XX-5999,,Education,Mr.,EMP17313,beed43c66d35dd4d36cc7829927b3159f7849bbba07db49edcb51be524985c53,Arthritis,444889,approved,emilyjohnson@outlook.com,47-3857515,john.jackson@example.com,Rev.,Spain,Robert Miller,fp_bd19d8a54f818d83,10/22/2010,NO,john.johnson,EMP71029,approved,325-19-4258,8359353,patricia.robinson,841.529.8842,317-33-3132,Sarah,ADV-G5663Q6QXL,0,ADV-ROCOSXFLTF,EMP45545,Competitor Vertex Technologies launched DataSync 3000,8777398,cancelled,EMP-55728,sarah.moore946,Ms.,mary_smith,0003-18-1985,USR-533444,WP-JP-433993,"3843 Park Blvd, Toronto, OH 67410",Female,74b3e05f-2ebe-40eb-bf1e-4477a3f04c8a,EMP79670,White,Asian,0x7dfc85d1a2e6a1fa5070777447c19772695dc14c,27-4360727,@jenniferyoung273,777.301.9027,Chrome,Viewer,QAN-2753,Davis,Premium
Viewer,S,Susan,NC7752614,Prof.,XXX-XX-3247,Israel,Dr.,fp_51557553aca0cca6,Asian,Ms.,Norway,295.6,sk_DPAzJmfn1mZpe7w7G7LSXv9wGamyYih1,XXX-XX-4750,,Finance,Mrs.,EMP56844,6e79ce3b8141d9007dc65573c7633197409420aac18b53aaf964e408592452c4,Hypertension,3705986,failed,aidenharris@acme.org,82-3486540,lucas.young@acme.org,Mr.,Singapore,Emma Williams,fp_46ea4acc61dcc307,02-18-1981,false,william.moore,EMP25337,rejected,631-69-5184,REC-128430,john.johnson,+12689428517,256-79-6280,Jessica,ADV-ZFM9CF0CGQ,null,ADV-E968CGWV6O,EMP31207,Competitor Catalyst Ventures launched NanoCore SDK,USR-448096,active,EMP-77967,sarah.smith287,Mrs.,michael_clark,09/15/1959,1442854,WP-FR-876713,"8624 Main St, Denver, CO 11243",Female,af56955b-41f4-4d12-9c2d-2a34cd8316d7,EMP43349,Thompson,White,0x199287bfa573da890afaa669aa5031b80c11a34a,19-7372319,@annawhite911,730-681-8949,Firefox,Editor,DGO-1085,King,Standard
Editor,Y,Harper,NC1250099,Prof.,143-99-6442,Germany,Mrs.,fp_93aced6ae21dd272,Hispanic,Dr.,United States,188.7,sk_065uDQhuOeIET6r0hpQwklCRrepEOGB2,XXX-XX-6337,,Energy,Hon.,EMP27461,288bb3fe551540b690fb689a954579566d55e673da84a653f2cb83922e66cf25,Migraine,40223,cancelled,elizabeththompson@yahoo.com,58-2955379,elizabethbrown@company.com,Mrs.,Sweden,James Thomas,fp_4d1f819f3dc7ed7e,0008-22-2010,NO,noah.moore,EMP75826,completed,320-95-6193,2134343,logan.moore,410 547 5076,111-99-7027,Logan,ADV-F6ZBW37A33,'',ADV-LVF0TSHFFT,EMP54100,Competitor Beacon Analytics launched VaultKeeper,USR-680996,pending,EMP-56941,amymartinez738,Mrs.,emma_martin,08/09/2010,5010618,WP-FR-800513,"7540 Park Blvd, Toronto, FL 55928",Other,689fa017-c4da-489c-b3ab-bb4db2bdfecc,EMP21363,Thomas,Asian,0xff06d50719d7c8aea3de27c5cda47398d88026ac,56-3293933,@williamjackson510,(761) 670-1115,Chrome,Guest,WFA-4203,Davis,Standard
Viewer,X,James,IL3648633,Prof.,707-18-6777,Australia,Prof.,fp_f2e4f7b2fc4ba150,Mixed,Ms.,Sweden,243.0,sk_BbIsK54RRvOAr0L8oo78gBZOzDwTD7Bw,362-74-9219,2021-02-03T03:30:55Z,Technology,Rev.,EMP28960,693150a7f7c193dd4dfed941b26c0dc87dce554e81e411b31e134f69c9895584,Migraine,379327,inactive,emily.davis@gmail.com,36-9196684,harperjones@acme.org,Mrs.,Canada,Mason Wright,fp_858ef5610b7716a6,09/20/1996,NO,linda.lewis,EMP79106,approved,641-73-7487,2197357,oliver.johnson,+15013533354,534-81-2163,Richard,ADV-OE1S2B18W5,CURRENT_TIMESTAMP,ADV-RC8AMU3XYT,EMP22380,Competitor DataCraft Inc launched AuditTrail Plus,USR-427709,completed,EMP-13022,emma.jones688,Mr.,logan_anderson,0003-03-1970,USR-379955,WP-AU-347980,"5181 Park Blvd, Houston, MA 57344",Male,1f661bb2-e63d-44ff-afa3-95aa5d7d28ca,EMP75409,King,Black,0x442f28b9ff59a434b62cdfeac5f4ec30fed73e4a,30-3200159,@jessicathompson536,711.639.5474,Firefox,Admin,RUW-6096,Jones,Trial
Viewer,T,William,NC8715924,Ms.,189-23-8375,Canada,Rev.,fp_b2c20a9fff5ad14b,Hispanic,Mr.,Norway,101.6,sk_EBxPVUBOTwjz1Tj0LIbxxwgCykQdHDds,621-80-5936,2023-07-09T06:43:49Z,Finance,Prof.,EMP84196,66d3390a2f68772d4a810fb5b55a4466c447ed402b5cb6aaf1db01f2f32f2aae,Anxiety,567659,approved,anna.anderson82@company.com,91-5524689,lindamartin@gmail.com,Prof.,Netherlands,Elizabeth M. Jones,fp_13220e28b4fb776d,11/04/1961,true,richard.harris,EMP62847,inactive,811-43-5848,TXN-486445,anna.smith,+18235407637,XXX-XX-4091,Mason,ADV-UJNTA9G3W7,'',ADV-Z3TSJ7ES0T,EMP36541,Competitor Pacific Research Group launched NanoCore SDK,7311792,inactive,EMP-16552,patricia.davis240,Rev.,richard_moore,10-03-1946,ORD-506572,WP-CA-137488,"2391 Park Blvd, Toronto, GA 18215",Other,3fab66f5-753a-46fb-9e49-f0f50995addb,EMP23512,Garcia,White,0x8e7c879745cc5f5654ec8bde1119307208f6faf7,14-7483882,@amyrobinson691,346 777 4542,Firefox,Admin,ZMJ-2242,Williams,Enterprise
Editor,L,Elizabeth,FL4951960,Prof.,235-80-4066,Australia,Mr.,fp_66dd1305f219e7cb,Hispanic,Dr.,Norway,72.1,sk_JEfUehX0gWVrUnEE4jwni5TUpfrPlCGA,423-92-5429,2018-02-19T04:12:02Z,Manufacturing,Ms.,EMP53702,eac781a1b0a5cac44bff8e0bcd7057f76c3a72e0867d2e7fd43922a152ddb76a,Migraine,45500,approved,amy.clark@gmail.com,29-2902533,williamharris@yahoo.com,Mr.,Israel,James D. Rodriguez,fp_f063d5525f1b0b99,04/21/1975,false,liam.lewis,EMP28525,completed,109-25-9577,ORD-737962,mason.lee,629 926 8606,XXX-XX-5628,Lucas,ADV-VQ2UKEK0L3,CURRENT_TIMESTAMP,ADV-K44CWTMN1C,EMP63993,Competitor Quantum Dynamics launched DataSync 3000,REC-959738,rejected,EMP-34919,michaelmartinez150,Dr.,robert_garcia,10-13-1978,3101129,WP-DE-493014,"585 Park Blvd, Seattle, OH 43006",Non-binary,4c6c96e6-6cdf-42e1-bfc2-f623322c632f,EMP33668,Thompson,Other,0x5e275dafceba0a3e13b3f609ae2e2a5701326610,51-4885743,@noahrodriguez504,(254) 209-6194,Firefox,Viewer,MGR-2304,White,Premium
Admin,V,Jessica,IL5622067,Mrs.,714-10-4323,Mexico,Mrs.,fp_4ed06ce5a206a025,White,Prof.,Italy,98.8,sk_phOzbNHOm3gcSzsHmxXvHVkB009S923e,180-97-9465,,Healthcare,Prof.,EMP10487,1613a4f7dccaa1dcd2eb68aefc68e3ff89b4e1add16dad78b66f07b88aeb138e,Depression,373318,failed,jennifer.thomas81@example.com,88-4456833,sophiabrown@example.com,Prof.,United States,Jessica Brown,fp_e8025013650aa640,0001-17-1971,NO,olivia.miller,EMP37811,inactive,127-64-5052,5799036,mary.moore,(215) 812-4106,XXX-XX-2096,Oliver,ADV-4B071HJUJD,1,ADV-3SS5EWGRPI,EMP83095,Competitor Acme Corp launched SmartHub X1,ID-413054,failed,EMP-33778,david.jackson700,Hon.,olivia_taylor,07/23/1962,7896321,WP-GB-293508,"4056 Cedar Ln, Tokyo, TX 53702",Male,74280e36-722e-4593-bff7-048a3e133151,EMP19845,Jackson,Black,0x9bec85fe945cd56531d30a78f2bee610c675dcc8,44-8889991,@lucasmartinez78,723-216-2666,Opera,Owner,JXZ-4266,Rodriguez,Basic
Owner,X,Patricia,WA3766389,Hon.,470-61-2992,Spain,Dr.,fp_c287eedf0f2e1919,Hispanic,Prof.,Netherlands,249.2,sk_s9lMoWGEoOZr06YK92E3wD5tKODwX2EZ,802-68-1815,,Technology,Dr.,EMP57089,45092cf16d0dc37b6cb9503e684c1d57d53911e6eadccd339c826f05ddb0b220,Arthritis,3744276,cancelled,williamthompson46@gmail.com,35-4573007,sophia.jones@outlook.com,Dr.,United States,William Walker,fp_f8e0a89aa509bbc0,0006-13-2010,false,emily.anderson,EMP64393,approved,570-64-9463,7261199,james.thomas,924 548 9054,236-56-1105,Logan,ADV-XL6OWXXNG9,0,ADV-AO4KGJJBYN,EMP41289,Competitor Vertex Technologies launched NanoCore SDK,5488680,rejected,EMP-28129,robert.jones247,Hon.,john_johnson,12-14-1959,1844921,WP-CA-720014,"4528 Pine Rd, New York, NC 52000",Other,2d6ad6d3-12ee-45ca-8c1b-3671885113e7,EMP73791,Rodriguez,Asian,0xa29a90d54c9e6c114c38d6b04cd6822a49d984a4,83-3457429,@harperanderson67,+13264568225,Opera,Owner,WXU-7561,Johnson,Basic
Owner,U,Anna,CO2720848,Mr.,176-80-9252,France,Prof.,fp_fa46f3e8544e48f8,Black,Ms.,Norway,183.4,sk_Qx67GzTZ7eqJhJA4Ti7TLXsskBQb63wW,361-27-1213,,Healthcare,Dr.,EMP12814,a64eaffd73a96191cae2adcb3cb18bc1e137c46b29d7075227b475167b466e8b,Type 2 Diabetes,483450,rejected,ethan_jackson@outlook.com,20-9421968,olivia.garcia@company.com,Dr.,France,Robert Young,fp_ed2d598363c5bb00,0007-24-1999,NO,noah.harris,EMP26051,approved,XXX-XX-8652,8643432,ethan.king,375.663.5478,779-13-1865,Oliver,ADV-7UYLSJDPLU,false,ADV-V2SEXE6X2Q,EMP68332,Competitor Global Solutions launched Widget Pro,TXN-306753,completed,EMP-37330,williamwilliams741,Ms.,linda_lee,02/17/1954,3294228,WP-IN-839310,"7041 Oak Ave, Dallas, MA 13976",Female,abaa6621-52c0-4a03-a8b8-5a883752f5df,EMP74654,Wright,Hispanic,0xdb28c9aad6c3151e707deaf24690afbadf95de77,99-7043024,@liammoore927,461-276-5764,Opera,Admin,QZK-3883,Smith,Enterprise
Guest,G,Oliver,PA9938228,Rev.,XXX-XX-7473,Australia,Ms.,fp_756ae83381ba6a85,White,Rev.,United Kingdom,89.7,sk_BhXKbr4nN7tl3xmE9dUqeMs21iOG9zSn,156-51-5930,2020-10-24T01:50:52Z,Healthcare,Prof.,EMP14739,8d93797aa3ba66b8f4efb925020e386a0b38f206c334fc3ea97277368d910db5,Depression,601191781,pending,oliviamartinez@company.com,71-2496525,jessica.moore@example.com,Rev.,United Kingdom,Harper Robinson,fp_644907d57722a99c,0004-12-1953,true,amy.robinson,EMP70700,pending,XXX-XX-4461,5601893,ethan.rodriguez,(372) 531-6324,103-66-1097,Jessica,ADV-IBB5DX7UPL,CURRENT_TIMESTAMP,ADV-XRW2DX3MA9,EMP70598,Competitor Catalyst Ventures launched SmartHub X1,REC-623135,active,EMP-17625,william_lee475,Rev.,ethan_young,10-15-2005,3390045,WP-FR-178801,"5588 Main St, Houston, FL 85573",Male,724ac088-f985-406f-8915-85b9a3824935,EMP36300,Young,Hispanic,0xe5df4ecca0561d2d9bbd47d1c4b543db90b3c400,81-4451663,@masonharris623,+19829852256,Opera,Editor,FWJ-8401,Rodriguez,Standard
Guest,C,Oliver,WA7161655,Mr.,781-91-3931,Spain,Prof.,fp_698a40ccece7b8bd,White,Prof.,Japan,184.1,sk_OjrFQeGCwEQnd9pqdAOqZp9e0VcytU0i,XXX-XX-1845,,Technology,Rev.,EMP20756,cbeb8a0d304ba3b328417111790cb393cd0d90057da19a73ae0959f91a5e081f,Arthritis,601153362,cancelled,richard_johnson@outlook.com,46-3152910,elizabeth_johnson25@company.com,Ms.,United Kingdom,Mary Clark,fp_ebfe9b74b8043eaa,12-27-1973,true,ethan.king,EMP64058,cancelled,372-73-8719,605373,david.garcia,881.387.6707,XXX-XX-7389,Elizabeth,ADV-ICCJ63VW5Q,'',ADV-BHDQQHFNUG,EMP68152,Competitor Catalyst Ventures launched CloudGuard,2786021,completed,EMP-48079,michaelking915,Ms.,olivia_jackson,08/05/1999,5710612,WP-IN-259923,"6915 Elm St, Chicago, IL 21997",Non-binary,f883a7e5-b474-459e-9cf8-8c860162cae9,EMP44133,Jackson,White,0x7a3bcae0aab394f0fb9dee4e1de2f956af86cd03,56-7395953,@jameslee38,535-416-8617,Chrome,Viewer,FSP-3949,Miller,Trial
Viewer,J,Mary,WA2711954,Ms.,297-95-7021,Singapore,Ms.,fp_3b639d0e6842e078,Asian,Mrs.,Germany,9.8,sk_O6UEX7VAg8juM0fKsPHEDYd33ftEOyzw,641-75-8128,,Manufacturing,Ms.,EMP60844,aa9c06aa41c58f6244fb17f9b90b9303ccbd63dde68c55ef56553e1ece9ecc72,Depression,60117472,completed,harper_brown@outlook.com,72-2954417,ethan_clark@acme.org,Rev.,Singapore,Elizabeth Z. Lee,fp_0ccc4ab691e146ff,0003-27-1999,YES,david.davis,EMP16973,active,359-70-6762,8991804,amy.brown,+16187119681,626-22-4874,Susan,ADV-CDXABPOYSZ,CURRENT_TIMESTAMP,ADV-Y7ENKVJ2J3,EMP34312,Competitor TechCo Industries launched Sentinel Monitor,ID-340283,active,EMP-45514,johnking164,Mr.,elizabeth_robinson,0011-08-1993,TXN-618537,WP-JP-345342,"7379 Park Blvd, Phoenix, IL 15968",Non-binary,5fc3bc54-448b-48d5-997e-de8fb383c79f,EMP45985,Walker,White,0xc7d2748d89207fb034e2835cea4d2244fa9b705a,12-7696110,@sophiamartinez602,(469) 236-1444,Edge,Owner,UTB-2020,Thompson,Free
Admin,Q,Richard,CO2960218,Rev.,117-33-9813,Germany,Hon.,fp_6503ba23798a3aa1,Black,Prof.,Germany,51.3,sk_tvFzo2c4xDXE71DB4UgvzDo5R6LbUnaT,308-32-9824,,Healthcare,Mrs.,EMP34679,644237f8052c40eba1fd23673895fa48429a100536d499f7533977b6cd855001,Asthma,588656,inactive,ethanclark70@example.com,37-9453875,davidmartin@gmail.com,Dr.,Australia,Logan Miller,fp_d13cbec119413a8e,09/25/1975,NO,elizabeth.thomas,EMP30819,rejected,131-26-7497,REC-626465,olivia.martin,(900) 789-4066,499-88-4322,Mason,ADV-DPWG72LZU8,CURRENT_TIMESTAMP,ADV-OFILF92TK1,EMP67626,Competitor Meridian Health launched FlexPay Platform,9459948,cancelled,EMP-61911,logan_jones474,Hon.,emily_jones,0007-16-1948,4898327,WP-US-149276,"608 Elm St, Miami, TX 44322",Female,bc9342b0-e452-4392-9589-b6641d968af5,EMP20047,Young,Other,0x8c2c9fe75b78a92f66fcc7061b4d33e8db044efa,14-1194469,@jamesbrown167,(597) 459-2740,Opera,Editor,QGL-2075,Thomas,Basic
Admin,N,Lucas,GA8959987,Mrs.,112-10-3515,Australia,Mrs.,fp_250391b03dced0d9,Other,Ms.,India,279.5,sk_azvQjMjCvVLu4PR1qCsw1WmzE5czovss,386-50-8148,,Energy,Mrs.,EMP96190,ebb9c2f1a19624408c4bc7e86b11275e1e07961658a5f2966ff12fc1c218a334,Anxiety,550706,completed,james_white@outlook.com,66-7664159,johndavis@example.com,Mr.,Japan,Aiden Johnson,fp_7bba8bd2a39e969e,03/11/1961,true,susan.harris,EMP95057,approved,XXX-XX-9071,9944927,sophia.lee,749 423 1949,452-56-3162,Mary,ADV-UYM6XIYX7P,false,ADV-MBZJ6WWAR2,EMP84480,Competitor DataCraft Inc launched NanoCore SDK,5769106,cancelled,EMP-76382,elizabeth_lee894,Dr.,logan_brown,11/21/1959,9549846,WP-MX-813377,"193 Oak Ave, Chicago, OH 83436",Other,c23ddc7d-5bf0-45aa-ac05-8cb9a093ecc7,EMP17726,Brown,Mixed,0x70e5346415ff0562a249e534d11a2e9f5b4a7db4,32-6755377,@olivermoore373,226.729.2249,Firefox,Owner,YUX-5240,Taylor,Premium
Guest,G,Amy,OH4140148,Hon.,806-99-4267,Germany,Dr.,fp_8470bf8dbeeba822,Asian,Dr.,United States,4.9,sk_M2dAX8dsV9tkxFNXEWkzbTbj2eU49gYB,412-50-9577,,Finance,Mr.,EMP54403,600140b9492d98dcfdfc18094d81be58a78413bdef30e15d92616a59a4a9cb66,Depression,601186813,cancelled,william_walker@outlook.com,58-1741406,johnmiller@gmail.com,Hon.,United Kingdom,Harper Wright,fp_214ac7eba469a803,10-10-1986,false,mason.moore,EMP85797,cancelled,833-54-8443,TXN-912626,robert.brown,(967) 541-9729,XXX-XX-9562,Harper,ADV-YZK6OJ7MWZ,CURRENT_TIMESTAMP,ADV-18NVNNJMLR,EMP91628,Competitor Quantum Dynamics launched AuditTrail Plus,ORD-349915,inactive,EMP-88710,emily_moore41,Mrs.,william_robinson,10-04-1959,1797405,WP-AU-388992,"5165 Maple Dr, Phoenix, FL 60789",Female,9fd0bd1c-3058-4204-ace6-67eaf389a83c,EMP51817,Rodriguez,White,0x1ca39aa2377f0ff9ec696efb39ef247a96951a70,35-7300572,@sophiathompson712,(442) 520-7317,Edge,Editor,MKP-2736,Lewis,Standard
Owner,C,Noah,GA3974182,Ms.,678-66-4705,Japan,Mrs.,fp_1cc2c4732427c7a2,Black,Prof.,Italy,32.4,sk_yrZ4OXZyZa3osf0KJxL3kC6YMOewENus,661-48-5509,,Energy,Prof.,EMP87738,8ccffd0006117c735b1dc77c6b26e8d7b95167f0445268946608574f9f795f3f,Anxiety,3717074,failed,oliviathompson@company.com,57-2718094,olivia.jackson@company.com,Mr.,United States,Noah P. Smith,fp_83c2c94c7a6ed710,05-28-1954,NO,mary.thomas,EMP57149,completed,488-42-1904,9899969,james.lewis,647-752-1825,718-14-2159,Mary,ADV-EKZB861RVV,'',ADV-Z41N8KNW3Q,EMP45242,Competitor Global Solutions launched Widget Pro,USR-549800,inactive,EMP-92455,ethan.johnson268,Ms.,olivia_clark,0012-03-1976,9746003,WP-AU-870245,"9030 Park Blvd, Dallas, CA 97011",Other,bed55211-94a0-40c6-8ea7-1757580b28c0,EMP27265,Brown,Black,0xa47406a1f9d28c38da587b3afad7b6a432a3af16,89-1142521,@harpermiller446,+16242741403,Brave,Viewer,DHM-4980,Garcia,Basic
Owner,U,James,TX2515483,Hon.,XXX-XX-7119,France,Ms.,fp_b5e3c3fd7a9e16cd,White,Mrs.,Brazil,132.5,sk_t7935gFmzjsbCH91A8I7qWUWfvNRC4wz,166-50-3806,,Retail,Mrs.,EMP96148,500b9b5be067e0a2166a7ffa37bcc89dee9c31f12b8dbfc4e778c109a2b07e45,Arthritis,445975,inactive,mason_garcia@yahoo.com,95-3299111,lindaking@gmail.com,Dr.,Singapore,Logan Miller,fp_6d106e067e187817,0005-15-2006,YES,mason.jackson,EMP49756,inactive,443-21-9480,7346330,elizabeth.jones,958.786.2928,306-73-5966,Emma,ADV-Z8NAZ28ADY,0,ADV-GFZWWJO9H8,EMP88915,Competitor Quantum Dynamics launched CloudGuard,9105063,inactive,EMP-54394,oliverjohnson41,Ms.,richard_smith,09-16-1940,6483610,WP-CA-814364,"7550 Cedar Ln, London, MA 45296",Female,625b2e14-13f2-44de-8e37-e612712e090a,EMP95053,Smith,White,0x1d63dded295c540e853cb482585d6e0a07c6bdb8,89-5578713,@patriciayoung419,790 522 7846,Brave,Viewer,QJN-7872,Brown,Basic
Owner,V,Olivia,OH9581807,Hon.,308-83-4259,Sweden,Ms.,fp_9ad6ebd8b8d513b5,Asian,Mr.,France,270.1,sk_URjzNoydpyXIpnR0oQ2C33cFQwXKGWfx,594-17-3548,,Retail,Ms.,EMP50556,a6e926e99ee39c7e96be290e4622b8c810b837dbe1ee18e9250c87ff93959a13,Anxiety,555471,inactive,jennifer.thompson@example.com,85-4382249,oliver.williams31@outlook.com,Dr.,Brazil,Robert Smith,fp_9db6d5b03d7729e0,12/09/2006,true,mason.lee,EMP80297,inactive,717-66-5833,3121153,william.lewis,+17207491452,XXX-XX-5143,Emma,ADV-MTLBKSVXI9,false,ADV-WY2EIH6F1R,EMP87366,Competitor Vertex Technologies launched NanoCore SDK,ORD-964677,failed,EMP-91217,sarah_taylor496,Rev.,oliver_clark,08-16-1948,ORD-254311,WP-DE-234696,"4657 Main St, Atlanta, TX 15850",Male,3061e5ba-311a-4558-b948-ac67470801ad,EMP51958,Johnson,Mixed,0x033d35c223b40cab82a22bf24be5cb9c79907a7d,52-7969208,@lucasbrown312,+19169152548,Firefox,Admin,UKO-8455,Jones,Trial
Guest,R,Liam,GA8278684,Hon.,203-74-4678,Canada,Ms.,fp_65bf5e0a92b70604,Black,Rev.,United States,46.0,sk_OIaovvgqTHUywLanlsl1bgfSJz5XDa8C,879-48-8196,,Manufacturing,Dr.,EMP58480,60e37ef465688fd14cee2c6a15965d925834868a5337fd2cc6922a9ee8428da3,Migraine,42238,active,elizabeth.miller@acme.org,26-4541584,mason.martin@example.com,Mr.,South Korea,John Jackson,fp_5081ae7d833a8f5d,01/17/1980,NO,susan.anderson,EMP46458,completed,766-21-3856,229522,robert.taylor,359-734-9431,874-37-1941,Elizabeth,ADV-2WUPZNNDLI,0,ADV-OI16844PCN,EMP10808,Competitor Skyline Partners launched Sentinel Monitor,8702972,cancelled,EMP-80891,james_king109,Hon.,john_robinson,0004-07-1954,ORD-549978,WP-AU-723458,"5189 Park Blvd, Tokyo, CA 89428",Female,5a356053-d86f-4344-8f92-8dfa769b15b3,EMP91292,Clark,Mixed,0x36ac240df8ee4531d076a2da2e2b3396d5086f82,16-2005911,@richardking263,+16428793252,Brave,Viewer,JIF-2879,Miller,Standard
Owner,M,Amy,WA4110029,Mrs.,244-77-7052,Germany,Mr.,fp_586482b71a181f40,Black,Rev.,Norway,26.3,sk_Rie1xflERggKAdv5nseoJPkrELLKDKVm,XXX-XX-5675,,Finance,Prof.,EMP68241,be944ffdd029ccb5615b48c1a9fd4df12c9521be4472d56a9d5d0a3bc41f3081,Depression,3723991,approved,masonmiller@gmail.com,61-4515191,maryclark73@gmail.com,Prof.,Israel,Mary White,fp_44db2f2990659865,10/13/1965,false,richard.anderson,EMP20845,completed,890-58-2803,TXN-639299,ethan.miller,264-290-2884,240-23-2279,John,ADV-FA572664K9,1,ADV-704ZKEB7XU,EMP55707,Competitor TechCo Industries launched StreamLine ERP,TXN-778912,approved,EMP-80271,oliveryoung434,Hon.,david_williams,0004-17-1963,514930,WP-JP-937135,"1572 Oak Ave, Atlanta, CA 76963",Non-binary,5ec198c0-be8e-4d0d-9a85-4b8924eeca9f,EMP73739,Young,Hispanic,0x05191e4b0cb20cfce5cc654d0d3031644bf45f37,16-4579767,@ethandavis895,823.889.7636,Opera,Guest,JDC-8594,Anderson,Basic
Editor,M,Harper,MA2099262,Mr.,157-84-6809,Australia,Prof.,fp_1b3f8f0ea6e2755a,Hispanic,Mr.,Canada,264.2,sk_RB278fJFd8SiODdnrs2fRvtXtNjKpndE,317-47-9672,,Energy,Dr.,EMP43177,d939fd62f30227d81b2ad07d1b8059be79b1a69b2d34cdbc7a6f1decb81b8b71,Depression,60111602,rejected,anna.moore23@outlook.com,34-2716038,marythomas82@outlook.com,Rev.,Mexico,William I. Williams,fp_f27941678a76cf45,0005-10-1967,NO,jennifer.harris,EMP16264,failed,XXX-XX-6816,4361241,olivia.martin,907-624-7121,160-44-7281,John,ADV-9EGS37OA77,1,ADV-H2Y2AWEZG9,EMP80094,Competitor Acme Corp launched StreamLine ERP,ORD-360899,pending,EMP-98112,susanrobinson692,Prof.,robert_moore,09/28/1959,8669491,WP-FR-325355,"8034 Pine Rd, New York, OH 27357",Female,070f2684-6236-4cc9-b07a-21de90d13272,EMP71844,Thomas,Hispanic,0x26fbdaebf9b4951870539884a873e5d7d149658e,55-1638727,@liamsmith468,+19756765913,Safari,Owner,QOY-2166,Smith,Premium
Owner,H,Mary,WA3261902,Dr.,XXX-XX-3616,France,Mrs.,fp_95f276d3ffb659da,Hispanic,Dr.,France,0.7,sk_IXfZ2mAUzLhYJQXQZLzCipPpAxB5PwRg,XXX-XX-5658,,Manufacturing,Dr.,EMP59309,6909281917d4e58929025c7a78e5f696b5ebd4f42e5145d6d1ff38be4916ac02,Anxiety,452147,cancelled,sophia.king63@outlook.com,42-4540481,john.white@yahoo.com,Ms.,Italy,Oliver K. Lewis,fp_ad95780f5fd3d0c5,12/12/1967,true,olivia.miller,EMP13225,rejected,XXX-XX-8132,6202521,david.rodriguez,(656) 977-4389,XXX-XX-5923,Olivia,ADV-9VBX1YS6NO,0,ADV-U8ILFMKA64,EMP34554,Competitor Pioneer Software launched VaultKeeper,818709,rejected,EMP-28158,richard.jackson450,Hon.,mary_walker,12-27-1959,2197364,WP-AU-251183,"7333 Park Blvd, Houston, WA 87364",Non-binary,e5cf6823-0619-4179-94bc-f41901c76954,EMP51944,Robinson,Hispanic,0x1ac59d16cc0bbc4f3077ac93a204e1f01d352e9d,70-1707834,@amyrodriguez112,723-834-7488,Chrome,Viewer,OAO-6784,Robinson,Basic
Owner,C,Robert,GA8776715,Hon.,802-93-3029,Canada,Hon.,fp_95515633eb05c23c,Hispanic,Rev.,Sweden,80.8,sk_aXmbLmdQ4pATHsCSM0XuhQPjFypU5Tt1,XXX-XX-3506,,Healthcare,Prof.,EMP11823,2e4008326a5be72785fee212ca89e9b02ed0b1eab1243a658be29738be471872,Hypertension,556940,inactive,noahjohnson@yahoo.com,46-6895907,richardyoung@gmail.com,Prof.,Spain,Amy Moore,fp_96c59beb539dcadb,0003-09-2005,NO,oliver.harris,EMP82888,cancelled,593-22-2356,USR-742835,anna.thomas,918-473-1022,XXX-XX-4477,Oliver,ADV-I5JULS4ARN,1,ADV-KWRT9U8V42,EMP41599,Competitor Catalyst Ventures launched CloudGuard,2948640,pending,EMP-37754,linda_harris902,Prof.,logan_young,07/07/1976,ORD-906885,WP-CA-615061,"8685 Main St, Portland, CO 22188",Female,25dabcc4-96df-4112-9190-9ebb9d456451,EMP76915,Walker,Hispanic,0xc0b6e93a3050231bc4d99ba03cd42d24bb8935bb,19-4660812,@lucasgarcia486,536-478-6386,Safari,Editor,YXB-6447,Thomas,Standard
Editor,O,Emma,GA5945743,Ms.,XXX-XX-7376,Mexico,Dr.,fp_252f4eb212df48a3,Asian,Mrs.,Canada,138.5,sk_jAqGN4rMwJof2Al7za1zqg8tlL4iRFgf,286-11-9020,,Healthcare,Ms.,EMP41598,f78918f7095aff5d6477f76bfc673988ecdeb17bedbac7249b81a29eef45b1b5,Anxiety,41568,failed,mary.miller@gmail.com,83-3959371,james_walker44@example.com,Hon.,United States,Lucas O. Smith,fp_2eb4d005ece1a622,01/14/1953,false,sarah.rodriguez,EMP72589,approved,499-66-2782,USR-153839,mary.thompson,+13655066072,379-30-9461,James,ADV-O9RETBIV0F,false,ADV-D2F26RJM16,EMP29313,Competitor Meridian Health launched SmartHub X1,277172,rejected,EMP-49928,aiden_white26,Mrs.,aiden_davis,0001-14-1973,1132168,WP-BR-744246,"9994 Main St, Atlanta, GA 55888",Non-binary,ee282439-d7d8-46a8-8545-9855a8b96a8b,EMP72141,Thompson,Black,0xe0544f4df50a82ed6d0154f8a947d30464713d84,35-4860589,@susanwilliams242,597-784-4773,Chrome,Guest,FKQ-6209,Jackson,Premium
Editor,Q,Sarah,CO9893767,Mrs.,516-20-3100,United States,Rev.,fp_36ea9e4213a21a0d,Mixed,Ms.,Italy,199.6,sk_vd7z7hZIozZERYyTaixSmGekq2pa81ji,258-21-6577,,Education,Dr.,EMP85302,11f0fc50a3c298307f3c3d62964d8eb6c7b550d9cf33b7ae50b2692a3f16d8ae,Migraine,601110289,pending,harper_walker50@acme.org,67-3899477,sarah.walker@outlook.com,Prof.,Spain,Jennifer G. Jones,fp_b6532045dab780d0,04-02-2003,YES,mason.lee,EMP78526,cancelled,355-60-9221,USR-721511,amy.rodriguez,727-827-6533,103-27-2473,David,ADV-VQMGVDLAS8,null,ADV-N8LR3QW5JK,EMP81663,Competitor DataCraft Inc launched NanoCore SDK,7487614,inactive,EMP-10182,anna.walker103,Mr.,susan_wright,09/23/1959,7987214,WP-IN-530767,"9227 Park Blvd, Austin, FL 62557",Other,d36750e7-812a-4b2d-95df-bf98812f4b92,EMP14451,Walker,Asian,0x110212ef3a868578801fac85962c8359af711e11,57-8414266,@oliviawright199,(417) 376-3263,Firefox,Guest,IVB-9637,Lee,Trial
Viewer,R,David,CO8936938,Rev.,481-22-9603,Norway,Mr.,fp_ef5092b2a18ed2f1,White,Ms.,Italy,95.9,sk_80V1aPNllmica63lLAtBTJp0nvayDBRn,423-57-3090,,Technology,Rev.,EMP27716,dc1199e88f96b782da6bacdfdac2514aa56079f72afa6f248e6eea79c2e4d008,Asthma,59714,cancelled,jenniferthomas6@gmail.com,88-6796189,michael.garcia@gmail.com,Rev.,France,Susan Moore,fp_69d2dec5df072724,06/27/1997,true,logan.anderson,EMP85682,cancelled,718-23-7548,ORD-131803,mason.brown,(492) 782-9970,836-85-5149,Liam,ADV-MOAOBJFKQT,'',ADV-2BS76YNFCA,EMP97159,Competitor Vertex Technologies launched NanoCore SDK,ID-522146,cancelled,EMP-11100,emma_walker347,Mr.,robert_miller,11-06-2007,ORD-746192,WP-JP-352756,"3592 Pine Rd, Portland, PA 73711",Female,32983d9b-5642-48c6-81fb-7e127c7b02e8,EMP48325,Anderson,White,0x27c0c9766ba586ba24821170dd39c7c6f29d9a77,89-6744705,@oliveryoung342,846-856-7198,Firefox,Viewer,MHP-9918,Harris,Basic
Owner,L,Anna,MA9946649,Dr.,223-99-8554,Spain,Hon.,fp_9ec732314fa833a1,Hispanic,Hon.,Singapore,14.6,sk_P9QEpFdx2caeHGdD6FqsYlNdOmv5CXm0,788-54-1374,,Technology,Rev.,EMP25537,9ee49a07efa150613cccf0ae9fdb31efd616b5c92105b48ec462e924c510c955,Hypertension,59344,cancelled,anna.smith@yahoo.com,41-5878527,harper_davis@yahoo.com,Ms.,Netherlands,Anna Harris,fp_c3366407f117ced2,10/04/1967,true,jessica.anderson,EMP62054,active,869-29-3131,3133837,michael.lewis,+15186461280,256-52-8449,Lucas,ADV-9DRBLG0844,null,ADV-0WQC8THSQ2,EMP36081,Competitor Alpine Systems launched VaultKeeper,5366403,rejected,EMP-37941,annamoore761,Mr.,mary_king,11-16-2008,1404548,WP-JP-859833,"534 Pine Rd, Boston, PA 74250",Female,c32e8294-0dc6-4311-ba59-5d96c8eff658,EMP60225,Clark,Hispanic,0x290b46380532870e6a96f926597ec580fe9e134b,82-9438765,@ethanrobinson118,(675) 257-6664,Opera,Viewer,CWN-8627,Davis,Free
Editor,M,Ethan,CO4604129,Prof.,451-31-6245,Sweden,Prof.,fp_8285817749443c2f,Mixed,Prof.,France,197.7,sk_wiAlLxgKRgRuy0Yu5g816pw3fjcK0g9P,XXX-XX-6436,2023-04-08 22:42:01,Technology,Rev.,EMP70227,1f11891b15d05aa6431964aed1a0e0b1171fd733850ff88c6553c1531f233253,Depression,586119,completed,liam_davis64@company.com,64-8989213,liam.thomas@outlook.com,Hon.,Canada,Oliver Martin,fp_fadf9086c19c759a,10-06-1994,YES,mary.martin,EMP74953,rejected,440-31-5271,TXN-848262,emma.davis,511-526-5476,XXX-XX-9596,Emma,ADV-ONG25FKJII,false,ADV-SVDJV0PDG2,EMP55155,Competitor Vertex Technologies launched SmartHub X1,9978880,cancelled,EMP-37432,robertwhite139,Mrs.,emma_lee,09-01-1962,USR-443305,WP-FR-229827,"1869 Pine Rd, New York, FL 37973",Other,792a1806-0788-4b5a-94a8-61ddc8d375c0,EMP10588,Smith,Mixed,0x62a868dad997d1138b46594b44d2a86f4e89fbdb,61-5375004,@annathomas292,(575) 349-3252,Brave,Viewer,NFN-1885,Thomas,Free
Admin,M,Lucas,CA9522269,Dr.,XXX-XX-3236,Sweden,Mrs.,fp_931df64182b74531,Asian,Dr.,Singapore,122.2,sk_vAFsCabXXbkMnkwNl2LT9ko3I1dupRLw,XXX-XX-2523,2026-04-25T00:33:29Z,Retail,Rev.,EMP61492,40054864557bdb207b34806ed4190b46bba1bacbf18beffbfbc2431f10b7aad1,Migraine,462681,cancelled,sarah.moore@acme.org,50-4137352,michaellewis10@example.com,Hon.,Sweden,Jennifer Jones,fp_cac437d0d4c9eab9,07-18-1955,YES,mary.jackson,EMP48075,failed,197-41-6392,ID-195580,emily.robinson,423.465.3010,306-37-2461,Susan,ADV-16HOLZ9XDV,0,ADV-Q07C72WMX3,EMP46811,Competitor Catalyst Ventures launched VaultKeeper,7512591,cancelled,EMP-99403,marydavis508,Mrs.,michael_thompson,10/27/2001,5759395,WP-MX-724286,"8633 Elm St, San Francisco, CA 88487",Female,cd82f83e-8ffc-4bfc-9e94-bb6d276234fd,EMP42743,Robinson,White,0xf01e8a6235758195d47fbf5d9a7a9b716b862fe6,88-8913728,@loganlee494,270.478.1793,Firefox,Editor,PHX-9532,Williams,Trial
Owner,H,Mary,NC9110880,Mrs.,XXX-XX-6026,Australia,Dr.,fp_8c3d79657bd787b6,White,Mrs.,Italy,285.7,sk_3XkkDbcwdC8PnLQ4MPENW3QQNgiUe1bp,320-11-5362,,Healthcare,Dr.,EMP77792,b4c890efd67675750ccf20119d85108df08c6898729fc79eec0856b193ed8ab3,Anxiety,586693,rejected,liamrobinson62@example.com,25-4220463,oliver.miller@outlook.com,Prof.,United Kingdom,Elizabeth Martin,fp_b9ff6b01a5974865,12/23/2001,true,mary.jackson,EMP53477,failed,357-50-5310,3829710,patricia.young,+17592605702,XXX-XX-3340,Michael,ADV-UQLMGCAXUJ,CURRENT_TIMESTAMP,ADV-NZQBGQRDWZ,EMP78757,Competitor Alpine Systems launched AuditTrail Plus,1396935,pending,EMP-40367,linda.taylor832,Ms.,mary_miller,04/02/1976,USR-652119,WP-MX-622211,"9732 Park Blvd, Chicago, CO 99276",Male,a9e36ecb-db77-4da1-b02c-994627416289,EMP26603,Moore,White,0x82406940ef008a5463a7629f13b5fe29dfac595d,49-8661176,@oliviataylor76,204.821.2184,Edge,Guest,TPS-5746,Lewis,Standard
Admin,Q,Jessica,NY7903183,Hon.,XXX-XX-4644,Canada,Rev.,fp_ceb137be20b317ea,Hispanic,Prof.,Israel,173.4,sk_wKcA49MQN2MGmi8vCgLJA2nrCWSVH1y7,XXX-XX-6747,2019-04-15T03:56:35Z,Finance,Mrs.,EMP62257,837e4775882294b4903581bacc1860b8fa553317dc68f01fbcf0755a90b28057,Depression,60117466,active,johndavis@example.com,38-7929361,linda_clark93@yahoo.com,Ms.,Australia,Amy Q. Jones,fp_90d0eb8764e32431,05-22-1942,NO,olivia.young,EMP82240,cancelled,291-37-1680,4772416,anna.robinson,+18637493032,636-41-9794,David,ADV-FAQSH60304,0,ADV-HX0DR6L79S,EMP71962,Competitor Global Solutions launched DataSync 3000,7523820,pending,EMP-61811,ethandavis885,Rev.,william_brown,08-03-1946,USR-967074,WP-JP-298637,"6728 Oak Ave, Boston, IL 18970",Male,fd7cb6ae-3354-4025-8883-9705226b5c7e,EMP95026,Anderson,Black,0x0ecf47216903e72110a86ff1325bf12dd99d2b92,50-4433451,@lucasjackson795,+14286478164,Opera,Viewer,EOS-7538,King,Trial
Guest,Z,Michael,IL1182246,Ms.,393-63-9585,Norway,Mr.,fp_791c97bcc7cfa894,Black,Dr.,Brazil,159.0,sk_5IEaplBV0h8fZ04WxAH8bFGdSlNHLHe4,796-10-2645,,Technology,Hon.,EMP32522,cefab56fb6787f9fbccbbc92d9a6746750f90fff4e91c2cd6ce4c26e5da4a222,Arthritis,50849,inactive,jenniferanderson27@example.com,38-9660023,michael.taylor18@acme.org,Mr.,Spain,Amy Y. Johnson,fp_cabe063e880b70f5,0005-24-2008,YES,anna.rodriguez,EMP49356,pending,XXX-XX-1507,8937120,emily.davis,563-347-9683,478-46-9145,Amy,ADV-5D450JKN07,0,ADV-8PHOTF9HBF,EMP19437,Competitor Skyline Partners launched SmartHub X1,3303825,approved,EMP-50558,jennifer_jackson158,Dr.,ethan_martin,0009-16-1974,ORD-220714,WP-US-174662,"2692 Cedar Ln, Boston, PA 86833",Other,2b7075b9-39f1-4616-89de-da23e07b74d0,EMP99129,Wright,White,0xb1e98cdb27f842f1664e7efdfdc45e896498e70a,40-8759426,@maryjones701,(837) 215-9032,Chrome,Viewer,AUA-1387,Johnson,Trial
Guest,L,Mason,FL4981333,Mrs.,522-78-3430,Australia,Mr.,fp_694830c8da402084,Hispanic,Dr.,Sweden,109.9,sk_0ERHztVBCUZCzfLEWM8sYfbXlL9lgML0,235-67-7747,,Energy,Dr.,EMP34713,a645b3a626a23e10c942e518b81cf3cf988a306946ac1c07f635d40e23f96386,Hypertension,50077,cancelled,emilywalker@company.com,73-2859659,jessica_king40@outlook.com,Mr.,United States,Amy B. Johnson,fp_7edef9bca176ccea,12-07-1988,true,anna.thompson,EMP32755,completed,669-54-4044,ORD-183398,richard.taylor,530 498 6322,XXX-XX-7213,Amy,ADV-G30SD78DLK,'',ADV-4W2FW309FA,EMP41152,Competitor DataCraft Inc launched NanoCore SDK,3852229,pending,EMP-12256,lucas_lee120,Mr.,liam_harris,11/01/1994,8423173,WP-GB-625424,"3599 Maple Dr, Seattle, WA 41187",Non-binary,bd5b06bd-ac1c-4ade-86f3-000ad5155d7d,EMP80983,Garcia,Mixed,0x5781dec998d83e3a9eecb25467a1ca44474e4588,98-2648092,@lindaharris854,(666) 827-4459,Chrome,Editor,NLI-9448,Martin,Enterprise
Editor,H,Emily,PA7537184,Hon.,847-31-4123,Switzerland,Mr.,fp_2c4da79f5ef3507d,Asian,Dr.,Germany,197.2,sk_AUlnxJc3z5OebItB1X6wnsChLxLB2AsD,654-28-5741,2026-07-16 08:54:56,Retail,Prof.,EMP79410,6e4dcb6b1756f4a9e582b39a91ed0b3ceaea65166feeed818ea4e45c11d4514c,Migraine,379151,approved,logan.smith55@outlook.com,44-7342904,ethan.walker@outlook.com,Dr.,Netherlands,John Anderson,fp_e5063862708745c5,12/07/1947,NO,liam.martinez,EMP19807,inactive,664-11-1505,ID-340244,amy.johnson,509-311-2394,238-55-1463,Susan,ADV-8YMQ2C6MO5,false,ADV-QJ0YWBSLY8,EMP51004,Competitor Pacific Research Group launched DataSync 3000,6952512,active,EMP-74730,logan.garcia788,Rev.,robert_thompson,07-27-1999,ID-673175,WP-JP-770444,"1060 Oak Ave, Boston, CA 24722",Male,26213e13-7719-4b41-b96e-e34922e5c84b,EMP90209,Williams,Other,0x4e2aa6322c30c7bc781dbcf9d9895d8684254263,74-3160223,@michaelmoore979,616 330 8295,Chrome,Editor,ACZ-4961,Brown,Trial
Editor,D,Noah,OH4690209,Ms.,XXX-XX-7344,Spain,Ms.,fp_7ea0e60e75a73841,Black,Prof.,France,284.5,sk_OuFKLk06dsWGP0zstuIWNwRkKmjiKZxa,XXX-XX-7919,,Manufacturing,Mr.,EMP45724,8ad388ca3c54e87d0f983b0432975cad52314d9a78ea33f5820b7d944bd7ed3f,Depression,60113402,failed,susan.walker@acme.org,66-3349871,jennifer.harris@gmail.com,Hon.,Mexico,Aiden Taylor,fp_384a1cb34099c8c2,0006-12-1974,YES,linda.clark,EMP88531,completed,682-90-8124,8045010,anna.white,+16663058492,701-51-4733,Lucas,ADV-GSK4GRBBWC,false,ADV-6CDUZZ56MK,EMP34725,Competitor Vertex Technologies launched FlexPay Platform,USR-257024,active,EMP-51542,emily_martinez373,Hon.,jessica_walker,12/20/1986,TXN-941248,WP-JP-292627,"4817 Pine Rd, Tokyo, CO 79571",Male,1abad0f9-e61f-484b-92ad-1e73c4aa3962,EMP27802,Taylor,Other,0xba21d2a383c63b1ed542b6f850867b4f28f2ba97,21-5563216,@emmajones601,(261) 389-6311,Firefox,Admin,CVX-5205,Wright,Premium
Guest,C,Susan,PA5756755,Mrs.,753-82-1627,France,Dr.,fp_392a93ccf4909be1,Hispanic,Dr.,India,152.9,sk_Ea0SZe8qc9chZTnTVtxv7jnQvCYltlPK,563-71-8470,,Education,Hon.,EMP12838,10a72033fde917f2148c02d82389f32ab585e0f21fa59e8b1e1c1068edb0afb8,Anxiety,595937,pending,linda.robinson@acme.org,74-4380990,sophiajones@company.com,Prof.,Singapore,Patricia Lee,fp_a9efde782a54a7bc,0009-04-1987,false,susan.martinez,EMP74512,inactive,XXX-XX-3532,4147256,oliver.taylor,652 258 8915,448-87-9834,Linda,ADV-YCAEQWT785,0,ADV-Y4UG2OJI93,EMP33205,Competitor Pioneer Software launched DataSync 3000,TXN-799929,completed,EMP-23452,logan_walker211,Hon.,jessica_martin,09/14/1954,TXN-954613,WP-BR-167312,"2297 Oak Ave, Toronto, FL 56966",Female,e6c142ea-ab96-4fc3-bfda-67146cd47e65,EMP90137,Lee,Black,0x7fee1551387d8c199920b8c32cd8c2bd87bb116a,78-5829147,@masonjackson425,+18466807371,Firefox,Viewer,TVG-1760,Walker,Trial
Editor,Z,Anna,CO8362597,Mrs.,XXX-XX-1137,Brazil,Rev.,fp_7e0311bd649790ff,Hispanic,Ms.,Brazil,291.7,sk_H98dCpa2oYif0czTnW2OMGlkhR9pOlRr,250-77-3261,,Retail,Ms.,EMP78385,3c3ef5e3518ed4eda10f300f48992b0b622c0fe7b525c9790f4118ebe0ec72c3,Type 2 Diabetes,57432,active,liam_johnson@example.com,50-4406147,olivia.robinson@company.com,Rev.,Germany,Jessica King,fp_570feca008a8d113,0011-08-1995,YES,liam.williams,EMP38345,pending,XXX-XX-2527,5002366,john.williams,+17708874021,329-38-5820,William,ADV-FTPJHIPT2W,false,ADV-ZNVTV9E8RD,EMP32121,Competitor Acme Corp launched SmartHub X1,USR-292859,inactive,EMP-90267,anna_jones197,Mr.,michael_garcia,0007-13-1968,REC-349275,WP-GB-617259,"9941 Elm St, Chicago, TX 96938",Female,31614dc9-93ae-4050-885c-4b1bcf521333,EMP19567,Johnson,Hispanic,0xe192e06d114d5a75d8cd18200c157110833f3a52,36-6727029,@loganjackson204,(380) 582-6520,Firefox,Editor,VXE-5397,Taylor,Basic
Owner,W,John,CO3228958,Mrs.,476-64-6347,India,Prof.,fp_e44a45b1ee53f786,Other,Dr.,France,259.9,sk_60bwubMHpVbhyJ3nz1SVCFGYtH3zlCvj,541-68-3226,,Finance,Hon.,EMP18176,77764c9c93f7c487c921669759ccb069b68da7605390d18c07bb475dffde88a5,Migraine,412106,rejected,patricia.thomas32@acme.org,88-3445638,jessica_garcia@gmail.com,Prof.,Canada,Liam Rodriguez,fp_d444f7c36720038c,0008-15-1994,false,jennifer.davis,EMP90660,rejected,XXX-XX-8300,REC-607224,michael.jackson,+14802551807,534-54-5631,Michael,ADV-H88153OIBF,0,ADV-KL0WTYKW04,EMP22996,Competitor Acme Corp launched AuditTrail Plus,9425943,rejected,EMP-12174,michaeljones79,Dr.,aiden_martin,11-24-1951,7052296,WP-DE-453399,"4456 Cedar Ln, Paris, GA 45731",Female,6c8457b4-1637-471c-b59d-6c99fb6398ee,EMP71652,Wright,Black,0xf191f8acd6241da5529f39c3626154813fdcb604,47-9208143,@jessicaanderson536,+17838023704,Safari,Owner,MDV-6514,Rodriguez,Enterprise
Guest,A,Robert,NY5650911,Hon.,360-88-2046,Japan,Dr.,fp_e2a0ce2a5a61ea2f,White,Mr.,Switzerland,262.7,sk_8GpBZ3n5aRSnjHDzXLD2VHG8O5P6gmQ3,XXX-XX-8240,2018-06-03T23:53:36Z,Healthcare,Rev.,EMP69781,6f24bc9a8f0124b8f23924f9d8743bff861e48e9c7b5d70ab21a3e2074eaf836,Migraine,601161927,pending,maryking@company.com,75-8552682,sarahmoore7@example.com,Hon.,United Kingdom,Sarah King,fp_d097689cd4d5ddf5,0005-05-1947,NO,david.anderson,EMP46692,pending,XXX-XX-7341,USR-195253,olivia.white,(329) 293-1750,XXX-XX-7340,David,ADV-K9GXHDV6L4,false,ADV-6CEBIJHVAE,EMP69155,Competitor Skyline Partners launched CloudGuard,USR-468628,active,EMP-61536,elizabeth.white610,Rev.,linda_brown,05/25/1942,7933032,WP-MX-539195,"5580 Elm St, Los Angeles, PA 11931",Other,e7ec0755-5af3-4f81-bc15-9026adcf46ed,EMP35861,Miller,Asian,0x7b4cbe2bd914d262b8e77ea9c63d4068a96ed29a,68-9257971,@sarahwilliams47,973 567 9700,Brave,Admin,RGZ-2642,Brown,Standard
Editor,N,Robert,IL4559453,Hon.,574-77-6568,Australia,Mr.,fp_0d3dd4f9061c5747,Hispanic,Rev.,France,61.0,sk_OUp7Y6jrb1XCfly4dHzSCyCAnF15gtAm,865-34-7916,,Retail,Hon.,EMP18789,40cd054384180d370df9658146e52fe94ee1a73619d35e1b2eea56b0ef0c260d,Arthritis,59245,rejected,william.thomas38@yahoo.com,62-8122388,william_lewis@yahoo.com,Mr.,Spain,Liam L. Wright,fp_e3efef92227946bf,0008-17-1992,YES,sarah.clark,EMP10857,completed,388-82-6275,9505241,michael.moore,683-280-9205,793-93-6930,Emma,ADV-VXIEDLU5TZ,false,ADV-1HBZC01SKR,EMP59126,Competitor TechCo Industries launched CloudGuard,ID-357022,cancelled,EMP-41194,jessica.thomas666,Dr.,linda_lewis,0003-03-1966,2589722,WP-MX-614657,"2092 Cedar Ln, Miami, OH 77166",Non-binary,f945a851-8ff4-4b79-892d-52f03bf63a8a,EMP59495,Martinez,Black,0x0bf917fd4a91dca45c12b97b337a66442569d08b,96-5374778,@emmawalker822,+18902043279,Firefox,Viewer,PXE-8505,Taylor,Trial
Admin,Z,Amy,NC5173390,Dr.,XXX-XX-4733,Australia,Dr.,fp_cdb957774aa9ec33,Black,Rev.,Mexico,160.3,sk_e7tEz7C1D4ExdVBZxuebfyAyX9tCUOkp,XXX-XX-7418,,Education,Ms.,EMP81517,cb4a419ed3f83123152600cf66a46226a2bb95227603a460fda61d3a37357847,Hypertension,56922,failed,mary.brown12@example.com,33-1740498,michaelbrown96@outlook.com,Rev.,Sweden,Lucas Young,fp_579bc024d70d9c79,09/08/1965,true,david.lee,EMP28722,inactive,XXX-XX-7060,TXN-128845,patricia.williams,+18176217048,407-15-1664,John,ADV-SBJKYZ5FCO,CURRENT_TIMESTAMP,ADV-X2PCAO56TW,EMP37880,Competitor Quantum Dynamics launched CloudGuard,6209686,rejected,EMP-74192,michael.martinez199,Rev.,emma_smith,0004-28-2007,9547012,WP-JP-755435,"3166 Oak Ave, San Francisco, FL 54482",Other,2c89759b-670b-42a7-ac10-27618781d939,EMP91601,Rodriguez,White,0xb833cca51fd41c89e2d9da2c31d57969f2dee014,76-4655892,@aidenjohnson243,500 307 1884,Firefox,Editor,XPQ-8714,Harris,Enterprise
Viewer,X,Linda,PA4929762,Mrs.,XXX-XX-7575,Netherlands,Rev.,fp_45ea765021f544a7,Asian,Dr.,Singapore,175.2,sk_9tULdTD7zNErOCXMJ5bo4alwh7d0aBiQ,876-87-5507,,Healthcare,Dr.,EMP26524,9cd2e4d9fc5e32ad8833a3c1eaf38ea191841b21db854dfaa2b9a654130ff524,Type 2 Diabetes,60116594,active,mary_moore@outlook.com,44-7104663,noahwilliams@yahoo.com,Hon.,Germany,Noah Anderson,fp_a763d8a77e753cd7,04/11/2000,false,sarah.williams,EMP94416,approved,722-25-6417,1672988,harper.king,410.368.2747,865-24-7129,Amy,ADV-3Z9FWY7SJY,0,ADV-NX7EFOGE61,EMP97567,Competitor Quantum Dynamics launched StreamLine ERP,6783485,cancelled,EMP-85302,michael_davis11,Rev.,sophia_lee,10/12/2006,4012619,WP-BR-321013,"8523 Maple Dr, Portland, FL 15693",Male,048cd793-eeae-4da4-a500-a2729b76149c,EMP30861,Martin,Asian,0xc47f377ad1b5b8dde6f4403701926ede5de706c7,95-7112359,@sarahwright522,+12188872561,Brave,Editor,ITG-2268,King,Free
Owner,R,Sarah,NC7903694,Hon.,284-29-7829,United States,Mrs.,fp_f19ddd33087a5a03,Mixed,Prof.,Germany,3.3,sk_GBsqLeY3XoOmq1yzTBfB0XLl846csFl3,740-64-1846,,Finance,Rev.,EMP66466,9a793e989ce55444b0efc1d8ed9b8e702825e88b8867a614e96f0b1058088495,Asthma,60113036,failed,amyrobinson@acme.org,57-9785853,robert_rodriguez@example.com,Mr.,France,Robert Taylor,fp_a8a6330231f6dfa9,0009-04-1979,false,harper.rodriguez,EMP31789,cancelled,367-14-3134,USR-946441,liam.johnson,+12169106105,101-33-3589,Noah,ADV-X893AV1VEN,'',ADV-GEJM4GIQC4,EMP32605,Competitor Beacon Analytics launched SmartHub X1,7955134,approved,EMP-44404,noah_jackson293,Mr.,lucas_white,0012-11-1986,USR-604118,WP-US-464853,"1000 Park Blvd, Toronto, NY 70502",Male,e4be2737-fd90-406d-a1af-11ae01421756,EMP69785,Harris,White,0x46a418dfdb04a569119568c81cbcb10570e0099a,65-5451058,@sophiawhite736,916 371 1313,Edge,Guest,GYV-7305,Lewis,Premium
Admin,G,Emily,CA6914457,Dr.,843-34-1983,Norway,Rev.,fp_5b3f3b78a14716fe,Asian,Dr.,Italy,106.3,sk_A4pqm3lHwkev92Ttd25zb6X3wbih2H2A,540-99-6868,,Technology,Mr.,EMP89588,b7657722e6ab8a5b90033c8a8d8e3a3a03fb7e37f571fe32f28e9ce696c38204,Anxiety,47666,rejected,mary_lewis@example.com,86-6606238,noah.brown@yahoo.com,Rev.,Norway,Michael King,fp_8095b79aef603c42,08/14/1973,true,aiden.robinson,EMP70369,failed,XXX-XX-1176,REC-308956,noah.wright,+17564134768,786-24-8982,Amy,ADV-7FBQLQROO0,'',ADV-LUHKBERL6G,EMP91464,Competitor Skyline Partners launched StreamLine ERP,REC-726402,approved,EMP-12187,annamiller658,Mr.,oliver_walker,11/20/1961,TXN-341155,WP-DE-655846,"2118 Park Blvd, London, NY 83446",Non-binary,52b4ec0d-8d8c-47d2-a4e6-b5339ee0f5e9,EMP18919,Wright,Asian,0x5de9f6f141c0dc16d087be6a712b3c15a20ed511,82-4705277,@richardwhite925,(967) 643-4841,Chrome,Admin,KBO-2935,Thomas,Basic
Editor,O,Olivia,NC8400273,Hon.,717-37-7120,Italy,Mrs.,fp_094f3ed32b6b2374,Asian,Mr.,Singapore,182.6,sk_WUgKlHcYHbeIYTfAA0ugmTQrNqXaTn8v,561-77-8198,,Energy,Hon.,EMP47445,87dab143312013ec17b69fd74a0e44c17c8c38f2959f3ddd60dc4788300d3671,Arthritis,3711202,approved,logan_johnson28@outlook.com,67-9334402,emma.anderson14@company.com,Mrs.,Italy,Linda Z. Wright,fp_f1dad7c87c0de25f,02/02/1959,false,richard.jackson,EMP99381,inactive,588-53-4474,6066612,emma.martin,483 876 4863,458-18-7584,Patricia,ADV-Z9X2DPOUN0,0,ADV-N3LIJH1M5N,EMP91376,Competitor Skyline Partners launched StreamLine ERP,ID-393197,cancelled,EMP-91452,james_moore581,Prof.,elizabeth_white,02-06-1996,819218,WP-CA-352793,"3399 Maple Dr, San Francisco, FL 61545",Male,d905e3bc-be99-46f8-8597-5049feccd0fc,EMP94445,Martin,Mixed,0x08c4e0a386f992f7e98b1fd56b64107c27ec9090,90-7187470,@michaelrodriguez277,(857) 503-8080,Brave,Viewer,JMB-9290,Martinez,Enterprise
Editor,P,Emma,TX3762407,Hon.,572-70-6688,United Kingdom,Rev.,fp_4cdb1a2d6dae8037,Asian,Prof.,India,60.6,sk_LBzLns0RKfSo5hBBwGB3Ornqs5fwwgfh,XXX-XX-6440,,Manufacturing,Rev.,EMP93337,bf07e73ba193a2fe9bc2c85d11d2755aad21b6ff962bc43dc46456d776263fcf,Type 2 Diabetes,3745918,approved,william.walker@company.com,96-1216529,anna_king57@example.com,Prof.,France,Susan N. Taylor,fp_b15e79a0a11b868a,06/19/2006,false,elizabeth.wright,EMP14443,rejected,825-65-4835,USR-559727,oliver.martinez,(931) 416-8333,106-63-3901,William,ADV-MY4PSWIWPE,0,ADV-STW7MB9S2B,EMP23553,Competitor Acme Corp launched DataSync 3000,3469168,pending,EMP-88917,logan_clark912,Dr.,john_anderson,04-18-1964,TXN-632395,WP-FR-555017,"6804 Park Blvd, Austin, CA 77562",Male,6e1c69f3-b14d-41f7-8773-1956cbf70fc5,EMP44030,Wright,Asian,0x6e8f3adb36dee5494909a4a71a4a5b9cb4abd6dc,44-6592022,@masonjackson475,774-680-4824,Opera,Editor,TGV-3855,King,Trial
Guest,J,Ethan,WA1819941,Rev.,XXX-XX-9939,Japan,Rev.,fp_4419eb8028b74306,Asian,Ms.,Australia,293.4,sk_uIrYTtldQQqVNgm4QXWfuqiyTtRqVdcU,687-83-9939,,Manufacturing,Dr.,EMP67451,516a231032c78f30f009aea20d40264c6104fcee212386ef75fcf2676f4eee0a,Depression,440806,cancelled,william_white@outlook.com,21-8793907,jamestaylor@outlook.com,Ms.,Norway,Susan Taylor,fp_068d2d28bfa4cc16,09-19-2008,NO,james.martinez,EMP60890,completed,XXX-XX-3794,8361285,emma.brown,(297) 455-9621,XXX-XX-2642,Oliver,ADV-TT3HA97A4H,0,ADV-SUSTBLIO8Q,EMP87784,Competitor Meridian Health launched Sentinel Monitor,USR-965871,approved,EMP-69009,sophiasmith33,Rev.,harper_young,0002-01-1959,361331,WP-FR-522817,"3452 Main St, Paris, TX 70569",Male,871e54b1-91c0-448b-9092-362c2c801a70,EMP90328,Rodriguez,Mixed,0xa581c0f60b68872d23496dea0190bd9092683960,56-9633440,@emilyrodriguez567,323-929-9758,Brave,Admin,RUE-7520,Rodriguez,Premium
Viewer,Q,Noah,FL3194841,Mrs.,XXX-XX-9968,Switzerland,Dr.,fp_9f8eaef7a9a94ac5,Mixed,Mrs.,Netherlands,128.4,sk_udhJbip6bCUvSUmW1j9c3iTkZ2hHE1ux,383-50-2745,,Manufacturing,Dr.,EMP17598,faac3fb82476d8affd5ccede4c11c8421d54051c316be1c1aefda93f074a53b7,Arthritis,60119619,inactive,sophiasmith@yahoo.com,93-3240350,john.moore@outlook.com,Mrs.,Australia,Jessica X. Walker,fp_982e2e2ba8e5daff,06-15-2008,YES,jennifer.martinez,EMP66926,approved,XXX-XX-5083,4884974,emily.johnson,597.668.3501,818-43-2222,Robert,ADV-1FD2N3P0B9,0,ADV-DNLCBE8AO7,EMP12249,Competitor DataCraft Inc launched AuditTrail Plus,6735466,inactive,EMP-81676,noahwilliams553,Hon.,noah_smith,03-25-1974,TXN-454123,WP-US-974239,"649 Pine Rd, Berlin, GA 44685",Male,856ea0ba-188b-4bc5-a5a1-f71f10ab9f75,EMP85581,Anderson,Hispanic,0x7074910ef3613a0558712c643f0674063270aab8,90-1792047,@emmarodriguez959,908-274-9345,Brave,Guest,UYS-9486,Thompson,Trial
Guest,X,Ethan,TX4304297,Hon.,292-49-3626,India,Dr.,fp_eae344d5d9ba7421,Hispanic,Hon.,Germany,66.2,sk_s43ws1fPotwr2ktcHKil6RpgP9kepKGd,XXX-XX-1616,,Manufacturing,Dr.,EMP76594,756851486968ef6d2d8215115fb3dfd372bc95e77af6cebe7ccc5c1bf1d9417b,Anxiety,536554,active,olivia_walker18@example.com,63-4020422,susan.taylor57@outlook.com,Prof.,Australia,Jennifer Wright,fp_72c87c59b47ce0ac,05-04-1988,YES,olivia.anderson,EMP55495,inactive,XXX-XX-9582,4353446,olivia.rodriguez,499 553 2138,296-41-6361,David,ADV-0HDLHITDYG,CURRENT_TIMESTAMP,ADV-G1N2JN7C3W,EMP41504,Competitor Meridian Health launched NanoCore SDK,ID-232601,failed,EMP-17164,noahjohnson379,Rev.,richard_thomas,0003-26-1990,4674844,WP-AU-347655,"2684 Oak Ave, Denver, IL 66887",Male,c9c06038-ee23-42d4-9bbd-5ab34f863178,EMP49833,Thompson,Asian,0x7a66d135573a5cd4732be9bba91d059fd807354b,51-7048681,@davidmiller860,(775) 359-5624,Brave,Editor,JHB-8001,Wright,Free
Guest,D,Emily,NY3353829,Prof.,XXX-XX-7032,Germany,Mr.,fp_cde6ca938ae39902,Asian,Dr.,United Kingdom,118.7,sk_ZvKNZL7QMss7ggASSuVnOdflsxt1AT6R,739-38-3334,,Education,Dr.,EMP34627,907d125861a01900ab1d266dcbb035465d84f34daba362c840022174ee996b6a,Anxiety,459468,inactive,lindadavis85@gmail.com,47-2667636,robert_johnson@company.com,Dr.,Mexico,Jessica Walker,fp_b493217fe078854d,03-01-1988,YES,emma.williams,EMP61007,cancelled,240-40-5668,8301961,ethan.thompson,662-657-2116,XXX-XX-1850,Robert,ADV-178PDA4L85,'',ADV-CQ7CGCRSUQ,EMP64398,Competitor Pacific Research Group launched DataSync 3000,TXN-698832,inactive,EMP-86947,emily_young164,Mr.,robert_thomas,0008-07-1965,ORD-244643,WP-IN-610132,"454 Maple Dr, Atlanta, CA 27670",Non-binary,f1b0f323-c978-4cf2-9498-7fcf8a909f26,EMP90135,Young,Black,0x61548dc103738118bb5079a3c75d05e32636e4ea,43-1068554,@lucasthomas908,822-742-6474,Chrome,Viewer,HQS-3194,Young,Trial
Admin,J,Emily,FL1643669,Dr.,238-22-8878,Spain,Mrs.,fp_2007c15bc785d525,Hispanic,Hon.,United Kingdom,68.7,sk_8QhxK0xgdJoDt1VwJRfvjOf7teY8euca,232-17-6233,,Education,Ms.,EMP65727,b075773a79ae831a057f36155f651cde4c063687bd01023bfc1e5251517b534c,Anxiety,45072,cancelled,richardmartin@yahoo.com,44-9628609,oliver_smith46@outlook.com,Dr.,Israel,Emily T. Jackson,fp_97939d39d9dc3edf,0006-10-1958,true,noah.walker,EMP76095,rejected,181-91-2905,ID-276535,john.anderson,538-220-9619,603-38-9564,Jennifer,ADV-LQGNSLZF1W,1,ADV-1B54GFHHSH,EMP93693,Competitor Vertex Technologies launched Sentinel Monitor,USR-239142,approved,EMP-23422,mason.lee406,Dr.,mary_jones,08/11/2006,9130513,WP-BR-205463,"9988 Pine Rd, Seattle, CO 19927",Non-binary,fd2df808-24c4-4b9c-b898-4d6f29ac9d49,EMP12034,Smith,Mixed,0x48984c74a49c6c3d19d301635e0a535350723633,86-4108049,@robertharris337,391-430-5096,Opera,Guest,UPY-2152,Smith,Standard
Admin,E,Elizabeth,CA3114294,Hon.,826-23-3158,Sweden,Hon.,fp_17551265a654cddd,Black,Ms.,Switzerland,168.9,sk_UaeWQn0EQTYCducZTmvSdODL4RKOgitL,346-47-9675,2024-06-19T13:22:44Z,Energy,Prof.,EMP41749,778edfa618ee1b13ca2f87cca07a4966b57bbfe9e806f97944ea0f5233cc2610,Type 2 Diabetes,379493,rejected,david.robinson@outlook.com,26-6545032,ethan.lee@gmail.com,Mrs.,Germany,William X. Anderson,fp_4028ebe7c7806bac,03-16-1980,true,emily.rodriguez,EMP56014,completed,801-12-6851,6166479,lucas.taylor,472 545 7281,750-56-3000,John,ADV-95SU8EHV30,'',ADV-U60LLBDJNP,EMP16763,Competitor Catalyst Ventures launched SmartHub X1,2235834,pending,EMP-21168,sophia.walker798,Dr.,aiden_harris,02/24/1945,TXN-279574,WP-IN-851262,"9632 Pine Rd, Portland, TX 71855",Male,bd96d44d-41ec-4656-b132-570bb145ebb6,EMP11050,Brown,Mixed,0xe131be41d46563b1e22fdb9865f6dc910c881b95,50-9623998,@susanclark808,550.360.3943,Chrome,Owner,ZCG-9457,Jones,Standard
Editor,L,Richard,TX9069790,Prof.,XXX-XX-7882,India,Hon.,fp_cea491e0aa18a072,Asian,Rev.,Japan,173.0,sk_d6ylzhXi5Ld2gHmJIXggU2OimUYGFJ5N,226-15-2918,2018-08-18T19:42:19Z,Healthcare,Hon.,EMP87622,e77a187b691caccbafe031e00bc312232cdaf7fc3d451abc738ce5637499f1d4,Migraine,3717770,approved,aiden.taylor30@example.com,12-5972289,olivia.lewis@outlook.com,Dr.,Brazil,Elizabeth White,fp_5f58cac79056d4e5,01/11/1972,false,susan.martinez,EMP32771,approved,XXX-XX-4752,TXN-371331,john.walker,321-641-8603,827-52-3351,Olivia,ADV-RJDOI60S1W,CURRENT_TIMESTAMP,ADV-M84Q019GTM,EMP26993,Competitor Beacon Analytics launched AuditTrail Plus,1102651,active,EMP-83090,robert.martin360,Hon.,james_davis,01-28-2000,5030577,WP-BR-783263,"8674 Pine Rd, Portland, OH 54284",Other,734ea776-49b3-4a4f-9cb6-2698ad579ca7,EMP46059,Lee,Black,0x6b0d24684751d10b560aafa21a0e5763875607af,41-4377541,@noahlewis878,628.729.2556,Brave,Editor,XDN-7728,Anderson,Enterprise
Guest,U,Patricia,IL5319872,Mr.,XXX-XX-6430,India,Mr.,fp_19cbb4566421f36b,Other,Hon.,Sweden,93.0,sk_9vUD6Xiu21p8jNopRfqwEfz4hBs29bUQ,719-10-7912,,Manufacturing,Rev.,EMP95583,4a545918006a523cdaa4f308d4caef417e3d655b303fbcbde35ff251d63f7247,Type 2 Diabetes,60112043,approved,elizabethwright@gmail.com,45-8333790,noah_lewis@yahoo.com,Rev.,Brazil,Mason Davis,fp_3a4f407ef3391227,0005-11-2010,YES,emily.jones,EMP45199,failed,227-63-2453,5967654,mary.martin,(501) 493-7982,XXX-XX-3767,Sophia,ADV-FIJRL67BZF,0,ADV-2VU01EKOJD,EMP45059,Competitor Pioneer Software launched SmartHub X1,1368515,inactive,EMP-71647,lucas_thomas949,Ms.,noah_garcia,09/03/1979,8228931,WP-CA-288058,"9870 Park Blvd, Austin, NY 96601",Other,3c1725a0-8f19-4b3e-91f7-ac4d171d85d6,EMP42141,Thomas,Mixed,0xe206b7f3e311e27f2acf03ae5504720687357cf6,46-6061644,@elizabethbrown925,+18563399639,Brave,Admin,TQA-8319,Miller,Enterprise
Admin,L,Ethan,CO3748466,Mrs.,XXX-XX-9082,Netherlands,Mr.,fp_82113890c8fec2a0,Asian,Dr.,United States,83.0,sk_ctBX26oXp1rBjkS3S171TWg7iF72J5oM,508-19-4522,,Retail,Prof.,EMP74852,e6d399e8af5edf8626b6fd305d9dac5f3ab78eaa0b2a865a3e07a2ce1743b8a1,Hypertension,60118498,failed,olivia_garcia@outlook.com,54-7412317,harpergarcia@acme.org,Dr.,United States,Richard L. Miller,fp_a3a2bbd15387e596,0005-10-1974,false,robert.lee,EMP75816,approved,XXX-XX-3392,USR-512348,liam.jackson,+15314514972,XXX-XX-6049,Emma,ADV-RK3X9LM5FC,null,ADV-N63FV7PEZ9,EMP44175,Competitor Catalyst Ventures launched AuditTrail Plus,7998372,approved,EMP-92089,loganharris847,Dr.,harper_wright,07-05-1985,ID-395801,WP-FR-705046,"6877 Oak Ave, Austin, TX 95999",Other,04fd1fcb-4f34-4ffa-bd7a-81a972c361cd,EMP85869,King,Other,0xab57e072e81b4d4c11b58c4cbcd66140015965ab,66-3151726,@amyrodriguez882,(303) 380-6922,Edge,Owner,PGN-6459,White,Free
Viewer,Z,Jessica,NC5933735,Mrs.,682-81-2671,Australia,Mrs.,fp_ef41184e222c1367,Hispanic,Mr.,Mexico,203.1,sk_SO6wCqZ1bIA5bqT7iXVRhqOWrECjSNLF,676-80-6803,,Education,Dr.,EMP95223,d780af72234a5fa16a55dcd9aa6b23843bfa04f31b6126c5dfbe30721f44dcbe,Migraine,46967,rejected,jennifer_moore@gmail.com,65-8572197,william.jackson76@outlook.com,Ms.,Israel,Amy Young,fp_0a59799bdb9d0219,12/04/1997,false,richard.robinson,EMP17258,completed,521-20-5073,USR-987723,oliver.thomas,816-419-5087,503-91-6507,Sarah,ADV-0BXTAY1UQG,1,ADV-3B1WM2JZHJ,EMP62194,Competitor Skyline Partners launched SmartHub X1,6764684,failed,EMP-52876,liam_white795,Mrs.,oliver_lee,0008-25-2009,ID-463977,WP-MX-502842,"238 Maple Dr, Los Angeles, TX 96643",Non-binary,2f66ced2-4929-4d66-b6f0-83125b13024c,EMP67556,Walker,Black,0xc7b19440282f307b06171d761e94f013affb04a3,97-6264356,@emmagarcia688,+15953935958,Chrome,Admin,FTW-1961,Williams,Standard
Admin,J,Aiden,IL4222291,Rev.,XXX-XX-3466,France,Mr.,fp_740e6a043b164902,Asian,Ms.,United States,186.5,sk_ICobEyxTFqlJpHajLXrhoTqhc2XXgfbs,281-89-6133,2022-09-08T07:43:13Z,Manufacturing,Dr.,EMP73129,2eb41171d0e407a05ee13cd73f756c3add55aa09825772c7844ecb498da4856e,Type 2 Diabetes,601120848,completed,james_white@company.com,17-1475455,noah_wright@gmail.com,Dr.,South Korea,Noah Moore,fp_45dedd79898d67f7,0010-04-1953,false,elizabeth.moore,EMP67571,failed,153-93-3042,REC-878085,james.miller,446-469-3058,XXX-XX-2239,Jennifer,ADV-A2TSQIZDA8,false,ADV-F4JZWN57RH,EMP77433,Competitor Vertex Technologies launched FlexPay Platform,ORD-908343,rejected,EMP-79911,susanwalker229,Mr.,james_robinson,0006-25-2001,67405,WP-IN-514938,"9021 Pine Rd, Phoenix, NC 51778",Other,790f4419-cd1c-4be1-809f-5e92355437b6,EMP20538,Walker,Asian,0x9309817d1c10ef3cd374aebaaddc06277c5b6aef,89-8357823,@elizabethgarcia225,+14905491388,Safari,Editor,QYY-5463,Rodriguez,Standard
Viewer,B,Harper,NY8120281,Dr.,194-35-8603,Norway,Ms.,fp_31e84c5fe1d820f1,Black,Rev.,United Kingdom,160.1,sk_LM8nBpj4Y5pWWRRxcQPSvXuqqp5R482q,XXX-XX-8278,,Education,Mrs.,EMP44806,8985abe01e81b0937e563f26f2ee6eb7d0c4bc6f6fb419741097c08781a44184,Arthritis,60112670,cancelled,masonlee@outlook.com,70-2067868,jennifer_wright39@company.com,Mr.,Japan,Emma Brown,fp_60c6112e63a60593,0004-16-1957,true,linda.thomas,EMP71759,active,347-43-6516,5157183,patricia.jones,216-206-3184,365-89-2844,Sarah,ADV-4WGG1IAMOB,1,ADV-1YBDGOO6GO,EMP55519,Competitor Vertex Technologies launched CloudGuard,4770646,rejected,EMP-91655,logan_miller951,Mr.,patricia_lee,0006-23-1994,5101142,WP-FR-102671,"3290 Park Blvd, Denver, NY 47649",Other,8cd736d5-5e69-4939-9947-2d3fabe063e4,EMP98631,White,Hispanic,0xcf4a8c6e49d7caf7b92a8f26ba8f3564e3b4948d,66-3449425,@sophialee846,+15534155604,Edge,Guest,VFU-9199,Anderson,Basic
Owner,N,Logan,WA1832787,Mr.,661-59-5526,France,Mrs.,fp_2bc77a3bdd2c0fff,Other,Hon.,Sweden,222.0,sk_pSvHFontptFpwnShKkrSHlRooebuoQW6,130-96-3399,,Education,Hon.,EMP96376,c6bd43b0fc832570136e20651692022a6bfba7757d2e0c450b87974b5661866c,Arthritis,513604,active,richard.king@example.com,20-7717409,jessicayoung@yahoo.com,Hon.,United States,Mary Harris,fp_0f9e546cf061fab9,08/25/1971,true,oliver.anderson,EMP62806,approved,546-38-2542,5668687,linda.lewis,282-910-9648,XXX-XX-2383,Liam,ADV-CQPY9SSIKP,1,ADV-KYPNA4JNB9,EMP59950,Competitor Pacific Research Group launched Sentinel Monitor,6563788,active,EMP-59081,anna.smith508,Prof.,oliver_jones,01-09-1991,ORD-310463,WP-AU-315735,"5760 Pine Rd, Dallas, NY 71602",Female,395b2113-811f-4e4f-ae6a-2f3b2a0bb3b0,EMP13389,Thomas,Black,0xa418e9b4d296520029cd05a8076858bcf7cc5884,87-9755914,@jamesgarcia648,(953) 352-6938,Safari,Admin,ZZR-5661,Brown,Free
Owner,V,James,NC3420899,Mrs.,721-61-4641,Canada,Prof.,fp_420530f6f2cbad99,Hispanic,Mrs.,France,175.5,sk_WFYaCxUvv3ODDb95uuPCNQcjLg6Lq5WO,345-10-2337,2022-07-25 22:44:12,Technology,Prof.,EMP44550,2f4f479bf53293782efe41d1ebe4abb307da03b0f68cdde061383ca8ec3a5b29,Hypertension,54821,active,lucaswright@outlook.com,14-7113615,john.walker@company.com,Mrs.,Canada,Noah Moore,fp_4e60c59aac10502c,0012-02-1967,NO,robert.davis,EMP23108,completed,XXX-XX-5277,7507618,david.wright,363-321-8404,563-79-1135,Jessica,ADV-OYWWMCMBZX,null,ADV-QOKLJSYQ3W,EMP16651,Competitor Catalyst Ventures launched Widget Pro,REC-902344,pending,EMP-53894,masonwhite978,Prof.,jennifer_robinson,06/02/1999,6234911,WP-GB-196213,"8705 Maple Dr, Dallas, WA 44299",Female,a97c17ba-4031-48d0-8645-eceec078838b,EMP43294,Anderson,Asian,0xbf5fc42d6f8d2aaededeb29f4c2c11e673b220fe,95-7757267,@johnmartinez706,+15522926973,Opera,Owner,JKR-2544,Anderson,Premium
Admin,X,William,CA4958480,Rev.,XXX-XX-5423,Germany,Prof.,fp_9c63be2be6fbfe8f,Asian,Hon.,United Kingdom,32.7,sk_hrsxREKpB0AHn45vGW7HkgNohgvxYMsq,XXX-XX-9011,,Education,Prof.,EMP29678,303a3493a593f77b7df57a6b5e8d8d33ecf42992773f5f1e889594bd083d2fdb,Type 2 Diabetes,491510,failed,emmarobinson@example.com,80-5736061,ethan_harris27@outlook.com,Rev.,Sweden,Liam Robinson,fp_e9fad493c2258f2b,0001-24-1978,NO,sophia.martinez,EMP84092,active,XXX-XX-4908,1379754,aiden.lee,866-639-7034,221-95-5006,Sophia,ADV-4LQP0PJQEX,1,ADV-DILK33XHT9,EMP99228,Competitor Meridian Health launched AuditTrail Plus,ORD-305053,pending,EMP-95212,james.thompson201,Prof.,logan_wright,0008-27-1967,TXN-306405,WP-GB-348902,"746 Cedar Ln, San Francisco, OH 81778",Female,f47c1093-5cf6-4235-aa2f-7472029a6be1,EMP92314,Thompson,Mixed,0x387b6780c94a04eb63414ad6c06e22fd8e149f21,12-5213246,@jamesking970,532.588.1706,Brave,Admin,PIE-8782,Lee,Premium
Editor,V,Lucas,OH2338220,Prof.,XXX-XX-1576,France,Ms.,fp_08868cd1f2943ea2,Black,Dr.,Japan,145.1,sk_oGP0MTqzasJJsQDw8z56BQxjvd5rubrG,375-98-1966,2022-04-01 14:38:09,Manufacturing,Mrs.,EMP64144,26011405ca94bdc5916e0d62f866d1ccef6224abd2d8d999860ac9f5d1ad57d3,Type 2 Diabetes,3774063,active,susanmoore@example.com,24-1328891,patricia.williams58@example.com,Hon.,United Kingdom,Richard Clark,fp_b5a87e38efe50e47,0008-01-1943,YES,emily.davis,EMP89498,approved,507-94-9412,TXN-498606,elizabeth.lee,359-730-8783,625-20-5567,Aiden,ADV-PQ4B2AXUIW,1,ADV-CF9DAG80P1,EMP90764,Competitor Catalyst Ventures launched FlexPay Platform,ID-956520,pending,EMP-82621,lucassmith977,Prof.,noah_garcia,11-11-1989,TXN-327349,WP-JP-769714,"2450 Elm St, London, PA 74132",Non-binary,45dbb369-2270-48c2-baec-97304cba8f87,EMP32235,Miller,Asian,0xa0d4ed9b15c5df0592f98a38053ab16201f5309d,60-6873891,@williamwhite543,263 534 5215,Firefox,Guest,NJS-8777,Wright,Free
Guest,H,Susan,PA5479470,Dr.,545-43-6704,Spain,Mr.,fp_1545605010075eb8,Hispanic,Hon.,Netherlands,111.0,sk_Yt3O3yevK05HwV4xqVmBHoZHoI6ClZ5a,348-85-6266,2021-03-14T16:38:35Z,Technology,Mr.,EMP16459,bf12e6dfdc6795036144cd58935147022458bdb36aae33abd654c5456db50a8c,Anxiety,484607,inactive,oliviarobinson53@example.com,33-4417437,linda.martin6@outlook.com,Rev.,Switzerland,Noah A. Garcia,fp_624ef6ea947e95df,0003-03-1966,false,john.miller,EMP11663,cancelled,XXX-XX-6037,ORD-496595,richard.taylor,+16017715135,221-28-1299,Anna,ADV-HGFENVTB8G,CURRENT_TIMESTAMP,ADV-KJ9GNOE7R8,EMP31616,Competitor Skyline Partners launched StreamLine ERP,TXN-818289,pending,EMP-11979,patriciawright41,Rev.,logan_martinez,08/05/1955,REC-713793,WP-AU-645289,"332 Pine Rd, Austin, NY 72130",Male,fc77ca3f-6600-4672-aa4c-be8eed02dd6a,EMP93074,Taylor,Mixed,0xc9ed2d0901bfa5948531cfad22ff0349258720b8,96-8107530,@liamlewis181,(598) 837-6144,Chrome,Owner,UVC-9930,Johnson,Trial
Guest,X,Amy,MA5941828,Dr.,XXX-XX-6147,Canada,Ms.,fp_7dde49d07245a64d,Other,Dr.,Sweden,142.8,sk_HxZyfHQ2iCcUfh65biu37s3eXtVTSFtw,XXX-XX-6853,2018-04-22 04:48:03,Education,Hon.,EMP72641,f4f776f0e8a605fcbf712c2704e69b34a125062c095fe71f1a350e2f6d5b2fc5,Asthma,601104465,completed,williamclark32@yahoo.com,69-3018964,masonrodriguez@example.com,Hon.,Israel,Emily T. Jones,fp_b575d840d8482d9a,03-28-1968,true,lucas.miller,EMP96573,failed,608-86-4365,REC-647404,robert.brown,(469) 574-7897,XXX-XX-3284,Jessica,ADV-WWEIQ7VNGL,1,ADV-USYOM9NJNH,EMP65832,Competitor DataCraft Inc launched AuditTrail Plus,USR-875076,pending,EMP-17586,linda.martin163,Prof.,oliver_jackson,0001-02-1951,5493092,WP-CA-806716,"334 Main St, Berlin, IL 98819",Non-binary,7b8240f0-aa9e-4b13-8218-156570a64cd7,EMP38817,Williams,Mixed,0xbb022bcb31b204a4fc3878b899ea1dea50773c2a,17-3765238,@marywalker2,(557) 951-5690,Firefox,Admin,KBA-2331,Young,Enterprise
Admin,X,Noah,MA5987403,Hon.,433-79-6345,United States,Rev.,fp_a152aeb1fcd9b093,Mixed,Dr.,Spain,130.7,sk_hzOvKqujTlPhiIB3NOytjITXl99C4TSQ,XXX-XX-1054,,Technology,Mr.,EMP41359,4a1c105e5b3afbcc2ff5427d634fdc41f946106f06f4d376773c3e264b757039,Anxiety,448372,cancelled,robertrodriguez6@yahoo.com,39-8765942,susan_white@outlook.com,Hon.,Switzerland,Olivia Rodriguez,fp_1653b9eb792e6aa0,08-02-1994,true,richard.jackson,EMP41018,failed,XXX-XX-7883,ID-214651,liam.anderson,(647) 679-7468,570-34-7847,Richard,ADV-LKWH08CEQE,CURRENT_TIMESTAMP,ADV-SSDUWA4DZ2,EMP57740,Competitor DataCraft Inc launched Widget Pro,TXN-473695,pending,EMP-32854,noahanderson115,Rev.,liam_moore,10/25/2005,TXN-237046,WP-CA-888651,"6966 Cedar Ln, Houston, TX 91319",Female,13814c23-5c77-4016-a565-239a7fd1210e,EMP26494,Thomas,Other,0xb98dc36946fdf848590b53871e5e3ea2a0190dd4,66-2043569,@richardrodriguez624,(406) 867-5508,Firefox,Owner,UCD-4006,Moore,Premium
Guest,D,Mary,OH3670594,Rev.,760-19-1475,Singapore,Mrs.,fp_97bbfd6fc2e664d9,Other,Rev.,United States,92.8,sk_QSK4fgDJWQOu0aZMnMMXNeFhVpR0RtrU,164-64-9542,,Technology,Prof.,EMP57130,7106975ab1546fa37553c77ba899467861912f841e2739a6fdff9152147e3a33,Depression,601121751,completed,amy.smith@yahoo.com,58-7458128,oliviamiller@yahoo.com,Rev.,Mexico,Olivia King,fp_8cadd017977f56f5,11-05-1961,false,sophia.brown,EMP55178,failed,873-60-4821,1851395,lucas.wright,607 728 3405,879-52-3062,Olivia,ADV-MWX53T61OW,false,ADV-QVFF52297V,EMP10916,Competitor Global Solutions launched Sentinel Monitor,3715507,active,EMP-20586,ethan_thompson680,Mrs.,john_anderson,01/19/1995,ORD-919559,WP-US-809295,"3978 Pine Rd, Portland, NC 23981",Female,e918eaad-248d-4a7c-8bac-a004c915e215,EMP78312,Smith,Asian,0xa9c0b8db9acf025404b03d32c1c70cc23155d101,40-9069145,@davidanderson371,304.839.5907,Safari,Viewer,INK-4879,Lee,Enterprise
Admin,W,John,PA1911702,Ms.,XXX-XX-1232,Australia,Prof.,fp_ae8f692803c1205f,Hispanic,Rev.,United States,246.9,sk_4GnUckPPu3IFFBd3MdAMNGnLvyiZA51c,XXX-XX-6232,2021-01-08 07:42:12,Technology,Prof.,EMP66274,a2b90af4f38cee207ea31cd5a9854085024f691963c59ce62b4a2994b690684f,Depression,403923,completed,robert_johnson@outlook.com,79-6518043,robertwright@outlook.com,Mrs.,Singapore,Linda Brown,fp_b86d0affb53a287e,02/03/1946,YES,david.jackson,EMP79968,completed,193-76-5177,2239583,william.martinez,+15045741014,XXX-XX-3297,Amy,ADV-6BT3IU1GXD,CURRENT_TIMESTAMP,ADV-38QDNFP042,EMP13877,Competitor Pacific Research Group launched AuditTrail Plus,ORD-853989,inactive,EMP-22638,olivia.thomas464,Dr.,john_moore,09/22/1968,REC-235197,WP-GB-582019,"4599 Main St, Dallas, MA 50332",Female,47afb35b-6dd4-4bdd-b686-8a105b9f47ed,EMP86572,Lee,Hispanic,0x3427b4ded16e4f484eed646f65b1d33284f3e801,94-9433681,@sophiarodriguez125,+16837921716,Chrome,Admin,ECO-4546,Moore,Basic
Editor,O,Sophia,CA5160570,Ms.,861-32-7365,Netherlands,Dr.,fp_8a2e2937e5bc927e,Asian,Ms.,Norway,212.7,sk_RCxN6iPv7sNPh6Il22gIOQVOD9xNNtze,652-21-1270,,Finance,Hon.,EMP29456,a7a6dc4a2989f1e41579d6dce4409d9e7dd513e6dd82bfc4503696ffb0d584c8,Asthma,601103602,failed,mason.white@gmail.com,49-5530136,ethan_walker@company.com,Mr.,United States,Michael Young,fp_c2a883ad4b85c9b8,0011-04-1945,YES,amy.garcia,EMP29626,failed,258-66-4257,ID-790594,david.martin,414 916 2170,XXX-XX-8675,Jessica,ADV-EB3TK5E78L,1,ADV-PZ4LODYDHH,EMP28378,Competitor Skyline Partners launched Sentinel Monitor,3351842,rejected,EMP-16397,oliviagarcia807,Mr.,richard_lee,0011-13-1974,2043999,WP-CA-228279,"6383 Elm St, Berlin, MA 62788",Male,f13d8b19-7d14-4c35-af77-a8f4547795e7,EMP90744,Jackson,Asian,0x992168186b1d569dddbdaff29737b8e978bd85c9,38-7625803,@michaellewis777,704-696-4997,Chrome,Guest,HXR-4471,Rodriguez,Free
Admin,C,Mary,NY2545123,Dr.,XXX-XX-7338,Netherlands,Ms.,fp_e1f96e22b684296b,Asian,Hon.,South Korea,68.4,sk_UutZ2FXHiblu1WEdHhvRJqb73swthXS1,762-27-5463,,Education,Hon.,EMP89405,929bb35319557d968caeee0ed33b9318f89d5e7965436c37be240bc02bf1e57c,Anxiety,601196184,approved,robert_white@example.com,65-4311471,jennifermartinez77@company.com,Dr.,South Korea,Harper Walker,fp_7d7b9be521736a0b,04/13/1953,NO,susan.thompson,EMP74844,failed,XXX-XX-6068,ID-592517,mary.jones,572.417.5288,435-14-1855,James,ADV-HKCCBKNB77,null,ADV-91LC494BBV,EMP25243,Competitor TechCo Industries launched NanoCore SDK,USR-662249,inactive,EMP-85172,patricia.lewis54,Mr.,jessica_jackson,01-08-1947,186280,WP-CA-591158,"2181 Park Blvd, Austin, CA 25323",Non-binary,b973ef04-c4ff-4411-bbc8-6b3b94efaa69,EMP80859,Williams,Black,0xc89f2413932ab13cde49210ba4c24c606115986f,74-7513940,@ethanclark860,(758) 685-2576,Safari,Admin,RNX-3099,Davis,Free
Viewer,J,Sarah,CO4136544,Ms.,XXX-XX-9448,Israel,Rev.,fp_b959129215db0d43,Black,Hon.,Spain,18.4,sk_dYjfQ4YMqzRES5zJDLumM35iJH6XrXde,123-69-9728,2023-09-18T20:14:38Z,Energy,Prof.,EMP10379,d82a8fceb50afb58fd3951f054be52b8372f5950fa0309e4c6378c3e2be55df3,Arthritis,48438,completed,sarahjohnson@example.com,23-4171636,elizabeth.wright@yahoo.com,Hon.,Singapore,Patricia Anderson,fp_c21b1f9b8b15a85c,0006-27-1959,YES,ethan.robinson,EMP32986,active,134-67-6643,1572846,mary.smith,+18008097853,705-46-5197,Noah,ADV-KURVJBFZO4,CURRENT_TIMESTAMP,ADV-G3GZCCY5W4,EMP80461,Competitor TechCo Industries launched NanoCore SDK,9520343,completed,EMP-81134,sarah_davis505,Rev.,olivia_taylor,05/10/1968,TXN-853932,WP-FR-926297,"344 Main St, Paris, WA 10623",Male,f0db9ef5-c181-4fc3-bb44-08c910af0a23,EMP54924,King,Black,0x1b05747d3f1b02f46133d169b3b78220d71372d0,44-1118194,@annajackson108,(781) 865-4052,Opera,Admin,TRI-8860,Thompson,Premium
Owner,K,Michael,CA4078118,Mr.,612-52-2860,Italy,Dr.,fp_202b32be60a3aeec,Hispanic,Hon.,Singapore,133.7,sk_eVPbjYuYKm5Yf4v3VyohDpf93RA4yJFV,190-51-9093,,Energy,Rev.,EMP89263,bbea5ef320371ca3557e99b560d8f61de8d53923dc4a0cde9d83b92f0394a626,Arthritis,60113149,inactive,patricia.williams@yahoo.com,87-3089781,robertjackson47@gmail.com,Hon.,Germany,Sophia Harris,fp_9d38074670cbadab,06/24/1953,NO,susan.lewis,EMP10908,cancelled,558-85-2431,8719136,michael.taylor,+13047658192,XXX-XX-7506,Sophia,ADV-3MOR076JRO,'',ADV-VJAC5ZAAOP,EMP36742,Competitor Acme Corp launched VaultKeeper,3460931,failed,EMP-49248,oliveryoung160,Dr.,olivia_anderson,0012-12-2005,1227200,WP-JP-300286,"9205 Main St, Atlanta, IL 96734",Other,5cb4db12-6e57-48d8-96c2-dd80c97141e0,EMP12556,Walker,Hispanic,0x979558409d2ec709bf85a834c497d2962892e216,35-8989401,@amyjones249,+16134168084,Firefox,Owner,SFC-5187,Johnson,Enterprise
Editor,A,Sarah,CO7861873,Hon.,XXX-XX-6577,Netherlands,Prof.,fp_0a8a4f48006d8a22,Asian,Prof.,Norway,271.9,sk_3C6XhTF7i9iDwvf09UmA4TualBUMk3hp,XXX-XX-4903,,Finance,Mrs.,EMP67195,3b3743150c28391cfb80898a52ca9ec7e57a5b674645cc57bfcf3424e7e17187,Type 2 Diabetes,60116213,rejected,elizabethrobinson6@gmail.com,73-4345076,susanlee@gmail.com,Mrs.,Singapore,Olivia Martinez,fp_1effd7efb5d1813a,11/10/1950,NO,jennifer.martinez,EMP52124,pending,XXX-XX-4018,ID-698830,aiden.walker,(835) 296-2514,679-47-2667,Emma,ADV-R0S0S7SU7F,0,ADV-5VA06AL7O1,EMP44765,Competitor Pioneer Software launched Widget Pro,8720385,inactive,EMP-31238,elizabeth.white514,Rev.,michael_lee,02/08/1945,8460975,WP-GB-958925,"2684 Pine Rd, Los Angeles, GA 81887",Female,e6797555-1d0c-422c-a9a3-859296fd44cf,EMP79536,Thompson,Asian,0x683cccbec19f9fce74e9280ce54fc0c1aefbc084,29-6592384,@harperbrown694,+14519057477,Firefox,Editor,LYO-9164,Garcia,Standard
Owner,C,Oliver,OH1838684,Mrs.,787-55-2706,Israel,Mr.,fp_969949f7da39207c,Black,Ms.,Israel,35.2,sk_swFfUAL6WcqqjmQ8x4pVThCWkLwphk8d,XXX-XX-2571,,Manufacturing,Prof.,EMP74262,b362d61c59b4da9881512724e9462739c95a6b156cdcd1356129a9c288356010,Anxiety,601151183,failed,elizabeth_lee@yahoo.com,22-3494911,sophiaharris@yahoo.com,Mr.,Spain,Robert Young,fp_ead933e4a36093b3,06/13/1998,true,mason.martinez,EMP32487,approved,678-60-3908,5541966,james.moore,268-929-1023,479-57-4003,Elizabeth,ADV-7DVVMF94J5,null,ADV-5PELZC80NF,EMP92418,Competitor Meridian Health launched DataSync 3000,USR-810358,approved,EMP-51934,emily_smith814,Rev.,sophia_garcia,03/16/1964,6538420,WP-FR-313787,"3838 Park Blvd, Portland, NY 48232",Non-binary,6fb2ee06-67a7-444d-a5f8-8a65e92c0e35,EMP72442,Brown,Black,0xe3db05f257e6602c9fab7d0d6b67080de0f0814b,46-3505972,@harperclark607,600 839 9233,Firefox,Owner,RND-3239,Jackson,Premium
Owner,A,Mary,CA7393932,Dr.,326-99-2324,South Korea,Rev.,fp_5faaca914dd5236b,Asian,Ms.,Norway,267.2,sk_pSEVmn2MS2yFQX6zrqumrjl69uUW6ROB,548-91-9100,2019-03-09 01:04:26,Manufacturing,Rev.,EMP11093,f67c486045868f8837fbdaed9ba5fbe8c84cb0c37d5ac29dee70913aebc73ab3,Arthritis,408922,failed,william.clark@example.com,45-7076356,aidenrodriguez@acme.org,Mrs.,Australia,Ethan Miller,fp_2f418738eb0ef132,03-16-2008,false,james.harris,EMP28714,inactive,382-91-4074,ORD-781140,james.rodriguez,993-325-3312,431-93-6671,Jessica,ADV-6RX1KI0KOT,'',ADV-H9D5O7F7D7,EMP57467,Competitor Meridian Health launched AuditTrail Plus,ID-267083,approved,EMP-99843,jessica.lee757,Ms.,emma_lewis,0012-04-1974,TXN-919641,WP-DE-309900,"2751 Cedar Ln, Austin, MA 59956",Other,9b4d4b76-aed5-40e4-8f46-d0ef9230d893,EMP20400,Brown,Black,0x2e48f0c492dc93418bf1b5dbf620b812a9c12746,65-2919553,@loganmiller914,406.676.7679,Opera,Admin,YSW-4206,King,Trial
Admin,K,Sarah,PA6074564,Rev.,XXX-XX-9590,Italy,Rev.,fp_1ce766c5266acaad,Hispanic,Hon.,Switzerland,107.4,sk_cjX8ievmuLiZXrvtVWvFAc1qpskPxia4,695-64-2669,,Finance,Mrs.,EMP35576,47c454b12040991f4ab095374c8e33797deca5093d11cfbbf61119aeab1ce5b1,Arthritis,3722367,rejected,elizabethlewis43@outlook.com,92-4713245,johnrobinson@company.com,Ms.,Netherlands,David Thomas,fp_8f5e77b83174868b,11-21-1975,true,sophia.walker,EMP45756,cancelled,124-43-3673,9010716,lucas.miller,614.457.8331,867-76-2515,Sarah,ADV-Z0VH8FUP4S,0,ADV-1OQD0ZA2AR,EMP73069,Competitor Global Solutions launched FlexPay Platform,1009844,inactive,EMP-15545,lucasrodriguez86,Mrs.,james_walker,06-06-2004,ID-677014,WP-US-407134,"4711 Oak Ave, Tokyo, WA 40878",Non-binary,a84577d1-6cdc-41fb-a360-819b1a1c2d03,EMP48243,Walker,Asian,0x04c14f9de779ae066e4a0fe70e81414ae1446481,95-6037337,@ethanthompson805,545 527 9999,Firefox,Editor,TUA-9711,Clark,Premium
Editor,X,Logan,CO6113931,Dr.,XXX-XX-4828,United States,Mr.,fp_66da840f97f5e4f5,Asian,Hon.,Singapore,64.1,sk_0Gj2lSd3AaRWxIVDzFXwHkek9m7ZJrYL,816-61-9820,2021-06-24T08:37:43Z,Finance,Mrs.,EMP25361,151ad85e9b7e3f8e538001ab592b2bc193113e16d869e2fa01eaf4d3ad095909,Migraine,601115459,failed,susan_martin@yahoo.com,35-3247803,liam.thompson93@company.com,Ms.,Norway,Michael Miller,fp_1d0875f0c9cd8a03,0002-16-1973,true,lucas.harris,EMP79321,failed,XXX-XX-2078,ORD-184373,david.lee,551-956-4577,XXX-XX-6740,William,ADV-QNJR8Y8WGD,'',ADV-I10W19KOIP,EMP75091,Competitor Acme Corp launched Sentinel Monitor,1276214,failed,EMP-36364,aidenrodriguez861,Hon.,anna_wright,06-02-1946,ID-330711,WP-MX-104326,"4116 Pine Rd, Berlin, IL 36742",Female,9644a1eb-407d-4a7f-b2c6-b5b7e51a11c2,EMP54906,Young,Other,0x151811f37d56f32e21368f6c9b1ccfa2dac8a968,63-4853454,@oliviawright114,514.478.4766,Safari,Editor,QGW-6040,Jones,Enterprise
Viewer,S,Michael,TX3574543,Ms.,563-24-4052,Netherlands,Hon.,fp_c54f8ec644e3739f,Hispanic,Mrs.,Spain,48.0,sk_p1n0phXJwIlwMqjn388ejshrG8tHbuxX,716-87-7160,,Technology,Prof.,EMP72954,823b01ade4a0d43e47495ba72a2a3fdbfbc1195e417aa8ec9cfc8e42bcbedd23,Depression,60119637,pending,michaelmiller@gmail.com,65-6227482,jessica.jackson@example.com,Mrs.,Singapore,Emma Thomas,fp_299a83535d354fa5,11/22/1993,true,lucas.anderson,EMP85609,approved,XXX-XX-4666,TXN-872211,richard.williams,206-850-3040,770-96-1063,Ethan,ADV-DXA06B81WA,CURRENT_TIMESTAMP,ADV-ZG76V2HSUQ,EMP76075,Competitor Alpine Systems launched VaultKeeper,533899,completed,EMP-86606,richard.lewis557,Mrs.,emily_williams,0003-21-1956,9092970,WP-CA-472814,"7129 Park Blvd, Portland, MA 81713",Other,ae6f9fb6-234d-4db7-8da2-5bee56ab6378,EMP56582,Johnson,Mixed,0x53e8089a4e75ca91cf5e1971df7299f36e9bcdfc,62-5947290,@sarahmoore221,218.724.3137,Firefox,Owner,OGB-5240,Harris,Standard
Owner,G,Patricia,PA9815336,Prof.,673-91-9929,United Kingdom,Ms.,fp_cd6cebe1c4c42f73,Asian,Mrs.,Sweden,262.5,sk_Qs6Et9EjqhMIIH6X3qceIkHIEi6iEhZS,XXX-XX-7400,,Finance,Ms.,EMP12849,d3ff1b0eb1225d603cceaeb41938802b6843b7600a9a6500eb63bb65a98c75a2,Migraine,55249,failed,olivia_johnson@example.com,12-2588430,emilymiller@company.com,Mrs.,Netherlands,Jessica Young,fp_38a3426f2a17627a,09-10-1980,false,aiden.brown,EMP78307,completed,657-23-4665,9023794,richard.martin,(317) 614-2630,177-96-1109,Amy,ADV-DUQQA0O1K6,0,ADV-8KT7PD587O,EMP40868,Competitor Pacific Research Group launched SmartHub X1,8893030,approved,EMP-83242,annadavis214,Dr.,oliver_davis,0007-03-2000,8981475,WP-IN-236924,"6929 Main St, Berlin, PA 41593",Non-binary,aba9ac9f-9634-429d-bd9d-7e0a65798bde,EMP95521,Johnson,White,0xbd691b15019d18e09fc1aef8fb1992c76862705a,31-2275514,@amylee500,(453) 302-8343,Edge,Admin,OEB-3837,Jackson,Enterprise
Guest,J,Harper,IL6392917,Hon.,XXX-XX-3724,Australia,Dr.,fp_43ee599469d0657a,Other,Dr.,Netherlands,162.4,sk_SpRVjMZLlCcjo7Fx1piNQEM7cP7Vo4O9,499-96-8071,,Retail,Prof.,EMP43510,530b2a6eec7c15bbe1faf2026fd319a269ebff10e6a7ce7d5a798afb06e266fc,Arthritis,374418,approved,anna_harris@outlook.com,28-2220121,emily_lewis@example.com,Mrs.,United States,Elizabeth Moore,fp_250f634829cac688,04/28/1953,NO,oliver.johnson,EMP59203,cancelled,789-75-5400,8699461,logan.moore,709.693.7532,XXX-XX-2949,William,ADV-V8K0E3VM1R,null,ADV-28XXMW47WS,EMP36716,Competitor Global Solutions launched Sentinel Monitor,ORD-203380,active,EMP-20967,mason.thompson574,Prof.,michael_young,0003-16-1946,ID-384780,WP-US-346877,"7668 Elm St, Los Angeles, CA 91346",Male,e1e59a57-5c86-4e8a-bc25-2169270f9a86,EMP78451,Martin,White,0x7b10943ade9e1a1e26bbbd2db381d423b2238859,99-5396035,@annaharris160,989.660.4782,Opera,Admin,OGW-1621,Garcia,Premium
Viewer,W,Sarah,IL2935079,Dr.,XXX-XX-8829,United States,Rev.,fp_0482f897d3dc6f82,White,Ms.,Norway,116.5,sk_VrSq4mOA0H4zRWzVdBXn5cIMyByzmvTZ,411-47-7351,,Education,Mrs.,EMP67333,44ae82f635f1cac3152f0c346637f525e336e88ef0a961604bc0d8168a2b800d,Depression,60113574,inactive,emilyclark@yahoo.com,52-2033710,amywilliams@yahoo.com,Prof.,Singapore,James Thomas,fp_667b2fef0cac8eff,09-21-1986,YES,lucas.harris,EMP86099,rejected,378-74-2695,7045384,sophia.miller,408 649 4281,547-49-1085,Jessica,ADV-VRRLVA9R2B,'',ADV-PX3IEVH7SH,EMP22557,Competitor Alpine Systems launched NanoCore SDK,ORD-221272,inactive,EMP-85015,noahgarcia285,Dr.,james_clark,09/28/1958,2561480,WP-IN-578331,"6047 Pine Rd, Houston, CO 10294",Female,6dd89c8b-6768-459d-9974-077e69443be2,EMP80829,Williams,Black,0x50eb4dd6179b1738ecf560d3db3b858101278120,20-3479747,@jennifergarcia575,826.491.8442,Chrome,Viewer,VGW-4444,Smith,Trial
