field_ow,val_vin,attr_jc,vehicle_identification_num,field_sgkw,continent,WEIGHT_MASS,load_timestamp,vehicle_identification_number_raw,paypal,ENCODING,measwt,ounces,iata,BOOLEAN_FLAG,src_iata_code,vehicle_identification_number,etl_batch_id_val,col_iata,user_weight_mass,hash_ident,weight_mass_70,customer_first_name,val_tct,measdist,instruction_text_v2,user_version_identifier,d_sen,duns,pxcox64,version_id,kilometers,brand,iata_code_info,vehicleIdentificationNumber,val_31,version_num,p_vin,bodyText,vycce72,nine_nines,threshold_limit,v_39,meta_21,iata_code,field_iata,field_addre,val_age,v_965,field_wkf,src_vehicle_identification_number,iata_2,airport_code,weight_mass,src_sentiment,customer_iata_code,vehicle_identification_no,nationality,distance_70,measflow,vehicle_identification_number_val,distance_field,distance,weightMass,iata_cd,iata_code_data,c_733,distance_2,f_98,WEIGHT_MASS_2,d_871,vehicleIdentificationNumber_2,f_bl,gallons_per_minute,iata_code_2
402.83,KIWG25DA2FXBKUUE5,AVIZJFXOQPFH5JA6J,WCY9AD46DON8JUPK1,971.68,Africa,109.74,2022-11-08T09:04:44Z,2YSV9EUN7NL0HC70U,liam.lewis@yahoo.com,UTF-16,653.65,231.65,QMM,yes,RRE,ZSCEYIOTV2PVHNE5J,batch-20250524-02,WWA,648.76,bb6dc446693ea7b21ec86490f3230d9ce8d8557945bb2790db4143b0e0ce6e2f,589.84,Ethan,4618.8,8367.5,Step 4: Verify the pipeline.,5.18.60,Negative,963914315,567.69,5.7.62,9019.9,ProSeries,VPZ,RLW7ANSS3SZPEOLDW,Hispanic,4.9.70,H2O61CS6YCQ9W5A69,The customer account represents operational metrics.  This record manages transaction histories.  The system manages transaction histories.  The system manages data processing activities.,TRMJBPLJKAW0E7OM6,96.2207,crit=1367,6KWWQT7ACVMBMIDI9,LFC,RON,XTJ,7158 Park Blvd,80,HDQ,3069.9,NNWZM7ZWFZTM3IZ6L,CSC,SIO,920.34,Mixed,EDY,HO566SRIM8R2FU1FM,Germany,2405.0,103.57,KMBPVNLROWL2QEXZ7,6089.0,9720.3,198.09,UKY,EFX,"8253 Pine Rd, San Francisco",3770.7,6194.0,592.02,DT208W8TDCEFZSW9D,RPWABCRB0GSSCQKSP,616.7,809.84,SEK
173.27,DN9XV99JGZEKOWFWX,C398CEVM2IKSTWAN0,GG22F9CL1PPZQ1XKT,74.72,Europe,704.32,2025-02-01T06:24:31Z,AK9T4417HXBHR6BEW,john.brown@yahoo.com,UTF-16,518.64,703.0,ZOT,no,UQH,FLP6K3GOA5B6HKWUV,batch-20261202-50,XVI,510.12,61f407c4300fcc9695668d78fe996b589da3869da030448765b4421ee2d22bc7,890.83,Elizabeth,42816.5,174.4,Step 2: Configure the system.,2.2.63,Positive,553201268,364.79,0.1.97,1220.9,SmartChoice,WQS,2Z3SFIUNO9IJOFXYD,Other,4.19.56,0CPSSJFEW3LIR2RNY,The customer account manages operational metrics.  This record tracks transaction histories.  The customer account includes customer interactions.,V6XOQ2VJVB201HNBW,95.3349,crit=316,SMMV88G1NSK7LULSI,KRTM,WPE,SQX,6173 Cedar Ln,69,HME,393.5,B4LGZJ3YIY645CJ0A,CXA,PML,705.05,Positive,MAD,ZNZF1F17PL1FIQLPM,India,1738.1,735.92,JFBAXH7PBB40KRLFU,6384.0,915.9,704.58,YGI,QHF,"4269 Maple Dr, Phoenix",3979.0,4362.0,228.75,306QTD9W99WNV41TR,MMJZBJRNR3JY2VC4O,284.63,693.83,PGG
580.66,ZFZ9CX4M7394PL7MW,GQNRJ8T1M7YJP5DGI,CVPJHREW22S5BS3ZW,608.22,Asia,781.93,2025-11-22T12:25:52Z,5E9PGI40ZTGVZ8JE0,elizabeth.thomas@yahoo.com,UTF-8,7.73,346.73,SGW,true,MFF,Z5EMEA4R18YBMX5DT,batch-20260120-86,UZT,600.6,e6e292f93c98a7ac1d13e354e1f3869e72bcc12d212226b376121fc32286b520,169.27,Susan,28802.9,4510.8,Step 5: Verify the system.,1.4.90,Negative,679272016,487.49,1.19.53,5868.3,ValueMax,GMR,FMZZYZCYMVLHEHPVP,Asian,4.0.71,AOOC1CBJDI9LBY2F5,The service tracks data processing activities.  The product manages transaction histories.  The system monitors data processing activities.  The service manages operational metrics.,81Z3QHPV7L8CYIYSZ,99.2525,max=8034,BXI82EG41QE4VPXFT,BS,ITM,IAC,1781 Main St,23,JLY,2333.1,TUR4KUUL4W2QWSVSK,UPL,QCM,999.58,Negative,CZE,WARD5L9Z6TGJFCBYH,United States,8243.5,120.41,14NKKE9FF7GRLWJLT,8327.6,6807.7,988.6,ESX,CLY,"1239 Elm St, San Francisco",9900.5,4316.2,108.53,7QXCVBC7QS4N1RNOE,N52ZBRH4SL837YKU6,986.52,983.7,BME
758.92,L59QQLVCOL3UVMEWZ,N626K4Z255MHM9TA0,AAN7CWJOGK7SZ3AF1,407.05,Oceania,582.64,2026-08-05T18:20:07Z,01G21LYJKMRTA7DT4,john.brown@gmail.com,ASCII,752.59,852.7,UZH,1,JTQ,FI83I4WYF1QTXVIIN,batch-20250804-89,CGB,790.46,459d7b7b91373f64b1cb2dfe0c62d29fed64a91a0a85367569f4838090138b64,152.7,Robert,13471.3,9762.7,Step 4: Verify the system.,1.7.68,Positive,525664376,521.35,0.6.44,5395.8,TechBrand,KJL,818DXB2H6FH3YX0XM,Other,3.16.53,VDB3FPWIK24TKRCMF,The customer account represents operational metrics.  The service includes data processing activities.  The system monitors compliance records.  The customer account monitors compliance records.,I51387W3RL2TJMLUG,97.6116,crit=3624,BVFCATQRY4H0OM227,KVFA,HUA,JPN,1407 Elm St,22,WKW,3417.9,99OUMDHJ8170W92DK,OIL,OOG,807.82,Mixed,AWB,OB3RHWR21TS0LRO1X,Singapore,8385.2,399.09,Q22NPCY1K9E7WZWBC,819.4,3725.0,588.48,OUB,ZUL,"9238 Oak Ave, New York",2699.3,2045.4,480.74,OVIAGSYTYM6CQE4YA,NRZ6HZ0Z81YGEFOS2,515.75,879.08,GUN
8.79,0CGLIKYO8DDL9NDOP,CJATZV271IB2U1EZD,SSQY9QGDAE9CA0CNF,466.49,Oceania,214.81,2020-08-15T01:03:47Z,YNW5Y8XOTI8263X06,mason.lewis@outlook.com,Latin-1,428.77,187.41,HEE,no,GCO,94TJ0C6O6XF80RVVC,batch-20210914-97,VEW,817.19,c345f7200769497cdeeef20e800a3b6dc78a1655e81fd3734a20561708ec3cc1,351.89,Amy,45026.4,9669.1,Step 5: Monitor the service.,1.8.25,Neutral,568818903,131.89,5.4.56,7711.1,ProSeries,SVM,OAQIUP3PDYWKNNSC1,Other,2.13.46,TDY51SXGR1BH24E9I,The service includes operational metrics.  The product tracks data processing activities.  The customer account monitors customer interactions.  This record tracks compliance records.,SUKN7WVTOJ6SJFK5Y,99.418,min=3082,K4XR5WN6W8V09H8UN,NBNG,RZC,SPM,3460 Park Blvd,65,ZTZ,1310.1,0HH500JES8AJ632JZ,KVI,HSB,775.97,Negative,SYR,SKE3Y7PTTTOD63Q4R,Mexico,9533.7,60.0,QIC5D1QY4ME290N6D,3284.7,1396.6,569.12,VFS,MQQ,"1574 Main St, San Francisco",4585.2,9461.3,940.83,YTFRYGFLHH7OE3YSK,XV9484AIX68AROD67,70.8,81.82,ZWC
799.92,6OLC88THCXNPGBEDM,L6ZN1ERY8GWHP0V2R,ROIAB1ISMSEQRBHPM,548.67,North America,573.69,2020-04-01T08:34:31Z,H0YIRY7URWZKBVMR6,david.thomas@yahoo.com,UTF-8,157.21,255.85,HPF,false,PAS,CV72V8JNUD88O5KEY,batch-20230727-74,ZHI,841.05,9add9248598deb09e4f3eec9f7ebf2d9a5b5dfe95bc74c2ff397bcb33241dfcb,852.79,James,8668.4,1996.4,Step 3: Initialize the service.,4.7.54,Mixed,611421021,176.64,4.19.62,6800.6,EcoLine,OWW,YYNB2FA0L7CR1UV8E,White,1.4.66,7LE7H75RHDQSFCL6E,The system represents data processing activities.  The customer account includes data processing activities.,VT54958IO4XWTYFHQ,95.1842,crit=7471,YJLGP87JNW5VBLC25,JLF,CWX,IAF,589 Cedar Ln,61,XYA,2286.0,6HWZ74H7YSS9ZSCL8,QIQ,CAF,378.8,Neutral,BUD,3BYN3U8AYXTW7AFMX,Japan,9640.8,660.85,MRVR15YSDFBPUNEII,2152.7,4467.7,637.81,ABX,LNJ,"4227 Pine Rd, Atlanta",5405.5,8082.6,811.51,EZ9JQEKXSV5EAQDKM,AMMEL9FB6PV4H2Z0U,276.97,2.0,RWW
603.36,YQ5595PRYIU3U1ANX,SIK6D4DZZJV1YWY8I,JXG26L1RXZO6PQKLS,374.43,Oceania,415.81,2023-09-08 04:37:17,OQZ3EY1D35GSAVIES,emily.garcia@gmail.com,UTF-8,394.4,319.18,UYE,false,GFW,BDB30HM10GN8TEZUP,batch-20190605-81,DRJ,318.13,8b0737f5f910b0c861e4beee99b82ca7bec08e4ff29e472050737fea81edf765,846.91,Anna,46279.7,894.6,Step 5: Deploy the service.,1.11.15,Mixed,617315453,628.52,0.19.22,6116.2,TechBrand,ISG,OAZ9HZLEKBPUW05M7,Black,2.0.50,FN4ABPIM6ROYRLWAO,The customer account tracks operational metrics.  The product represents data processing activities.,8HMSP9AJVYA231VM6,98.8215,min=3860,3Y0C6HA10X9X783MQ,WWL,SFA,ZHR,5878 Oak Ave,66,UEE,9454.2,C61NUIVBPLCCV5KTZ,CFU,ITJ,970.81,Negative,BSZ,RIVL89TO75FKDF1Z8,Sweden,636.9,317.78,A8FRAL5VQB5M5EOKO,6941.3,2339.7,696.26,BZU,TBT,"9686 Oak Ave, Paris",7582.7,9103.9,624.12,FFV07WYA1O8OGFAYN,1JTHQJMKZRK7H0V1Q,359.73,616.75,JRK
574.61,R60A9S7Z0H2W8SUAX,H92F8Q2W8VMF35Y4X,KM0B1P0OMIOC1RYH4,286.54,Africa,920.34,2019-09-19T22:17:08Z,YCKWO6QQ3T2AQRHQU,john.white@yahoo.com,ASCII,360.32,691.41,SXG,yes,YCI,JH8CSUV9Y8Q7JPNC5,batch-20221113-28,LLU,780.24,1d187de690f674afecc4d96cd150da0b342e8c8a687f19bf084a6fc446d20384,148.53,John,9215.5,9742.1,Step 5: Monitor the system.,0.11.13,Negative,921033790,618.92,1.18.56,3608.9,ProSeries,KIE,PMAFMUPX6D2W8P9DT,Other,5.9.88,ZJBIZE7Z9Y2QM5YQ7,This record monitors transaction histories.  The system manages transaction histories.  The product includes compliance records.,JP3PEUSR4L14KMEXP,99.3521,warn=7221,MGWWBWMLKQ3HF6HO6,XJZU,TKH,CII,7544 Cedar Ln,72,QCD,1383.1,G5DG6CS1R5ICLVGYV,THZ,EAN,904.41,Neutral,HEE,3CBIMZFTKRVCULOMA,Norway,1952.3,478.41,F6JN4KJKEDQWOFCWS,8929.4,5930.2,332.96,FZS,FZL,"4974 Pine Rd, Portland",7500.4,1015.5,190.32,KB174W9TGO4PA4FTX,V9PTQ10X7K0WXG7LA,809.66,295.85,HUD
409.49,CK5Q6SZPXTG2S7LTC,FD3OW9VYGOB60WBJ6,J10EF2Q6NRBDNC7X5,593.42,Africa,646.58,2024-02-15 11:57:20,8LCUV5ZNHKFFPIG58,logan.martin@yahoo.com,Latin-1,969.98,536.17,BON,yes,KPK,VOA1ONED2CXP0MJAP,batch-20230311-46,RQM,284.4,b9ff9786a8486f05411d8cca354b3f524eb3049a358aea983e0b0f7fa231268a,511.5,Jennifer,22370.9,5962.9,Step 2: Verify the module.,2.19.45,Neutral,664435215,518.97,2.16.34,1454.1,ValueMax,BDW,3ZDJI5O3P1EEJECNO,Black,2.17.7,UBSO61XS8P7F9UPG0,The system tracks compliance records.  The system manages customer interactions.  The customer account manages compliance records.  The service tracks data processing activities.,63OKO28XW9NRG1755,96.6428,crit=6204,GUFFF34P7I07RQTU9,QWZX,IYF,GEI,2555 Oak Ave,101,YSZ,651.2,ZX1OQRLCPERAN1BZ8,QBY,CCO,723.01,Mixed,NLG,N0O91Z7JFQEXXXPR8,Netherlands,8636.4,460.06,BRPM5SY49IPEMIRGF,1440.8,7744.9,152.95,AKI,BDR,"4828 Cedar Ln, Chicago",5514.8,2821.9,534.46,9OE10IQ2ZU2HOSC85,PHPIV8D3D7BZT5RYG,483.39,211.73,JTR
550.52,6E6QUTAOO7V49CI2C,V5DLIO52LM1C2NQG3,EZJZX2ID21FA7DY2K,939.75,Oceania,453.14,2020-10-12T15:53:36Z,Y2OLQTN8BIO66O8F9,anna.thomas@yahoo.com,UTF-8,278.76,212.34,HLP,false,FID,708FRE7J88DI0QS39,batch-20230512-72,GUO,673.56,37a9f7105fcdefbca41ce452d345969962be2a7355bb54e1865a470f1f6dc13d,926.72,John,6886.2,5187.9,Step 3: Initialize the pipeline.,5.0.94,Mixed,565895671,646.42,0.19.85,8253.7,TechBrand,RNJ,DCB538J3BKJ6ZXON4,Hispanic,2.14.48,IRXGU00Y6JJHPWVUS,The customer account manages compliance records.  This record monitors compliance records.  The product manages transaction histories.  The product tracks compliance records.,KTNWPCH6BCVLDOKX0,95.5522,crit=4290,SJ7HEIB8JPZJ4ZWG6,REDHQ,JYW,YRA,2368 Oak Ave,73,WII,4954.5,17KVN2A8P6KUVPVMT,ZCH,OTO,182.83,Neutral,GKV,596QV8DA5CUQNLPVY,Germany,8584.3,435.51,EZR89EFHFDVQNWAEZ,2748.0,6041.5,70.43,HJL,VGW,"1747 Cedar Ln, Los Angeles",4350.0,6817.5,204.83,ZB6ELRVSBEGUIMZVP,TZVK8JSXASQIF3ANC,573.55,358.79,PVX
766.74,3S3M597729OGWZ629,2HWJB36RQYI90CF3U,P85BY35006KCGFFRC,897.52,Oceania,693.84,2020-08-18 13:24:34,3DH6MSFUCDZAAT35D,david.smith@yahoo.com,Latin-1,646.85,883.62,JRK,true,AGU,MAACYJEY3HV4S4PCL,batch-20220319-55,VHF,944.55,270c5339983d7bb1d8dd09204e526d13ebc67ac4013c19e4359bd62b93e05925,361.76,Liam,37687.1,160.7,Step 4: Deploy the service.,2.18.82,Positive,179567240,238.86,3.18.17,3047.8,ValueMax,JIB,23UVJNYY0T8GI8VRF,Black,5.12.54,AEU3EBKXNDU7CHMYH,This record tracks compliance records.  The service represents data processing activities.,HL43ZTQD5GM1S77H5,98.0159,crit=2764,GCKIQPYZ4GDJKBUQ8,ZTXH,VHK,QRY,1297 Elm St,61,TLK,5713.9,QHNTNHTGNALNQB9BE,PBR,LFZ,482.84,Negative,XUP,UHI91TVN5XB6TPRIQ,Japan,147.2,50.61,7GE737V7OSSHI5UG0,9604.9,8786.1,15.71,ESZ,TNR,"5985 Elm St, Houston",4196.0,1841.2,524.69,YXUXAMUW4BBBSF2XH,M7EI2MDP3WO96D9CT,332.52,321.48,SUX
232.89,FUMEWUIJALNUSK02B,RO1CPQX3DDEXKSZRI,WO0CZMOLLPSSXYHJY,442.3,Oceania,656.11,2026-11-05T00:36:54Z,TMIVSY7QIEQ32LG99,olivia.lewis@yahoo.com,UTF-8,274.41,858.89,EWR,false,BYH,NDT49ME0100JSIJRW,batch-20241214-48,DSM,639.99,fa5e2ff91a5a3abd0d485fe7f68f7e95580e834accee79ee00e7711e1a98b6d2,759.13,Jessica,18967.7,2125.6,Step 1: Initialize the system.,1.14.30,Neutral,689583355,341.39,1.17.65,5228.6,TechBrand,BRP,318EBJUYBDENILJ79,Black,1.1.87,WMREPI0LUIJ21LJEE,This record monitors data processing activities.  The product monitors operational metrics.,YOBHO7KJHYO0N8C2R,99.9751,max=5327,Z9EAQRJAFQPBK7IKJ,CB,WCT,JGB,6743 Pine Rd,67,FSV,297.0,F8H3IWPG3RO1O4JI2,YQR,JXI,327.56,Positive,ZYY,8P2CDQ73HY8SW49CM,Canada,7099.3,805.25,RYI5MN5V872ABYDIV,6245.9,6577.2,711.93,VEJ,LOI,"202 Main St, Toronto",301.1,7304.2,259.58,Y1UZ03ILABO7BC8YP,MDJBTUSMLJKN4ZX4F,472.91,790.82,TWZ
807.94,684LCBIAXWK4L862I,L28N5NQ2ITC3L8NLM,A12AN8VPVXVZ1HNVQ,277.54,Africa,209.85,2018-12-18T20:25:07Z,M3TGHBVSYVBM73N37,susan.white@yahoo.com,ISO-8859-1,327.07,637.05,ZCZ,yes,FPS,J6CF2ACVI5MEDWV4U,batch-20220912-21,PYM,338.0,1c8361c8a842bb69e7b3cc99a5bd4925aa1e1dbfb1c4c7ca171deef693788af4,476.34,Noah,13872.5,9287.9,Step 4: Monitor the system.,5.17.59,Neutral,360697508,405.8,0.11.92,3399.0,SmartChoice,URO,6S7M10ADFVK4R2Q37,Black,1.10.72,NNU58PN129IDU6XNH,The system monitors operational metrics.  The customer account tracks data processing activities.  The system tracks compliance records.  The customer account manages transaction histories.,QJCIX6B7Y9FFJ6KAF,96.8621,min=4793,FC6DJYSJ69TP3JP02,AA,DSJ,SCV,9441 Maple Dr,45,TAP,2605.9,RJMU3T7WFIN61O4JL,GMG,POB,562.92,Negative,UAG,WE2UTMNKZEZBQA8I9,Sweden,6113.5,747.55,6LXPO3204TQ7UWL5N,4006.9,1816.3,876.46,ZNS,NKR,"4407 Elm St, London",4600.8,6698.1,600.68,YLPLF82F66J0A1HVF,EPF8NDEI3HZ2I6GOD,195.37,732.58,KPU
264.71,JJEZF6BYDONKVTMTP,WXWGLHPK2OHQV7GUR,V9I5X6EW33Z0HV66C,5.08,Oceania,74.07,2022-05-14T01:17:42Z,L8WL2O0GB0XEK5CRP,john.rodriguez@yahoo.com,UTF-8,453.26,767.81,BUU,1,LSP,QUYEVMJNG9OLT23ZQ,batch-20200609-48,WOV,962.56,64b75ad78fc843dfffe530f0ff2af2d4ae76d432a1dbf8eb49d6adcf1e16513a,856.86,Mason,28939.3,8200.9,Step 2: Deploy the service.,2.20.91,Positive,873864862,11.33,2.12.3,398.7,ValueMax,QHB,3AQV8PI9Q1XBOCHXQ,Hispanic,5.11.38,TF81LTMOB1S6A4KBT,The customer account manages customer interactions.  The system manages operational metrics.  This record includes compliance records.,95G30M292I3OCN9GO,95.5912,warn=9027,OTDZ6U6CDCBXA6LVJ,NRTOF,XMA,STN,5675 Main St,107,UNF,7979.8,1KD0XWO3B01C45LYS,REB,HLX,770.9,Mixed,CKU,W9FYW2DU8J0TZ6MXE,India,8677.9,915.64,FHRDBCXD6LNGKC9XL,9198.6,4943.3,891.41,IML,DSR,"9066 Oak Ave, Houston",1550.8,3365.3,350.25,5O7DBWEUAPLZ59EYC,Z2FYASDPO59VAFB9C,362.98,69.77,GSZ
851.73,KHIRTT3VCXQO9GL6Z,9SUV6XGLIYZHT01IV,BBGN5CTOHPSFV9J2Z,508.62,South America,977.14,2024-05-08T14:07:34Z,Q339TIOYYQM9LEZCZ,harper.king@outlook.com,ASCII,776.96,886.34,SDV,false,YYO,1GKJS735COUI6F3I9,batch-20260403-10,CBA,219.42,16f5db3ef1a8f854ef4d524500e873e6a45c462e39af45261d7dbca07bc8d8b4,529.99,Michael,16584.7,818.7,Step 1: Deploy the module.,4.8.48,Mixed,704093927,260.54,3.1.25,2491.3,SmartChoice,DCF,VPH2D9APU5N2ZRFLR,White,3.1.66,EXULIB4DQMRJO9WHK,This record tracks operational metrics.  The system represents compliance records.  The service represents transaction histories.  The system manages operational metrics.,1JOGW1GF8GMLJAO0C,99.7866,warn=3315,PHA0O5KEQL4D6PJKB,TTKO,ISE,HMQ,2236 Pine Rd,82,FNO,882.2,5XXQ8AU73KZPUWA3Y,XLL,BVW,923.71,Neutral,TLF,XNN3VF1L15M1M8RRJ,Switzerland,3456.9,339.6,051OZC99KRJFTC35D,3396.5,1912.2,947.0,WEG,VUI,"7164 Pine Rd, Toronto",8399.1,6258.3,259.54,91JIDR2J044BX5D53,UZX00WNS5FMM65CSK,265.81,269.0,WKF
395.18,FKSVZVGHM245DV435,ENG6F23JJ02FKP8JC,J50HKOAVOAIXJ1GET,840.69,Africa,735.29,2026-07-13T15:53:50Z,J2X1WPUL02LTLP9GU,harper.young@gmail.com,UTF-8,131.55,100.56,LSO,true,HOH,32RX2T6HBT6238SMG,batch-20230205-29,TSL,178.8,a5c466f391b059f7c087d0429c5762402ee7f2f79b32a9116e04da6abfc85a29,881.65,Ethan,38636.2,9542.1,Step 4: Monitor the module.,2.20.29,Negative,164686402,507.8,1.9.65,1050.4,SmartChoice,WNQ,61PBELLXYFE66EZ8A,Mixed,2.15.41,50ILBXXI4QL459EEB,The customer account manages customer interactions.  The customer account includes compliance records.  The service tracks compliance records.,B53AZ8THOB7X7FEV6,98.8878,crit=5625,DPO2V15B152TND0NP,WYV,DZZ,LGX,96 Pine Rd,64,FFC,9793.7,KX628X5QQGSL42X9G,UKC,NWM,912.63,Positive,NRK,B4UY0CXP7AGSQIJCO,Mexico,7508.2,59.22,46CWGDE7YITOIK15R,4952.5,4770.4,900.08,PQI,PUN,"3013 Maple Dr, Tokyo",5850.1,8886.4,113.97,GYMA3V4WRFAMWE9ZG,D11QFNYYHZS2OM8D0,172.84,582.28,MXV
722.63,2NVQNNX3TDGL4T9UI,3EZALAD4BPPP4WP0B,S7409X68M52NU6D33,488.38,South America,814.34,2026-04-05T03:07:50Z,3FVGY6M232HJS5D67,david.harris@outlook.com,ASCII,41.84,298.76,HFE,false,BEW,ESE6FWZOJ7EFIND43,batch-20230905-02,UQS,744.65,e14df9ca7d89b6828de126691bfc5f9e0de2e7a6a85dcb51a59e6a847f46c1df,380.22,Michael,6583.0,8759.8,Step 2: Deploy the pipeline.,1.20.70,Mixed,045330152,19.21,2.16.90,2509.2,ProSeries,PVC,8920WKQ19B3F1O8WN,Asian,1.13.6,NTYU942NISRTDSKTN,The product tracks data processing activities.  The customer account manages customer interactions.,1LGC8PSKW11WIMA8R,97.8334,crit=4028,IJ0FJ0C2VGH65U9CS,ASXVS,RPA,AFJ,8876 Park Blvd,44,JYM,3797.7,WI1C4NMD9J02GNFD0,NOA,FEX,740.45,Positive,JER,EHETE4RBIZUM1MF92,Italy,6764.9,240.75,4DBEUQZ4IGQB7NXC9,1223.8,1029.2,879.99,ISX,NIO,"6279 Cedar Ln, Houston",1565.2,6587.1,48.78,90DW1E5XT5FFVVMCX,2HKJXO3LTOM1PNFXY,343.91,405.67,ASR
709.24,Q1JJE5URGHDTDXGUI,CAO46F3YG3V0UCJHT,US3MHR0RVKWJT01HC,785.53,Oceania,300.77,2026-03-13T18:17:43Z,TXM1ZFM78MVD45OZ1,ethan.white@outlook.com,ISO-8859-1,721.05,80.38,PVU,yes,FKA,974ZHCXIW1MKFVE8V,batch-20260628-22,KVD,56.24,9988dd9aaf1cd9fd2a2f06d02c177cb66203066e57d3d68636abf43f69db4d20,760.54,Sophia,12686.0,2557.1,Step 1: Configure the service.,0.9.15,Negative,118694426,239.05,2.1.34,2843.7,SmartChoice,SIM,RQNARZIYG3QPDE2DY,Black,0.5.29,THTSOIOGPLYO19HVB,The customer account includes data processing activities.  The system includes operational metrics.  The system manages operational metrics.  The system includes data processing activities.,RRZLZ7Z0OV12I2M0W,99.9892,min=8278,74CA9U5UH3XTDDZ1O,KPDLA,OKH,PMV,5369 Elm St,97,MLY,241.1,U6B5O02ULYOH4E2U1,XUE,YES,688.13,Mixed,WSJ,71YVNJZWYONO5LO94,Germany,6709.4,459.02,29OWJQK2H74JFHEM2,645.0,7507.0,237.83,RWT,OGQ,"2502 Park Blvd, Phoenix",9239.0,4376.4,321.85,A8WIWYCUETQ61W5M8,7PIGELPHK6O7OY7RO,860.75,267.26,GVZ
131.27,P76CZHM6QHROTN76Z,0166DOJSVGTYQV5YD,C50NR1ELONSAADWKC,411.91,Oceania,626.27,2024-09-19T18:03:19Z,27A8G139ZJHHIXS9J,patricia.jones@yahoo.com,UTF-16,39.94,197.28,KOI,true,TIK,XTRC9JP15ZE57C90Q,batch-20230807-40,YYD,163.77,41397d73ab5a6fb00f018c1e7f9190b1eb1ffda54073936a8be5d0f3ce478d63,730.36,David,10801.2,6204.2,Step 1: Monitor the service.,1.1.19,Mixed,099262833,948.09,4.20.17,9970.7,TechBrand,VPB,RRFU3BNVR3ACJORL5,White,5.11.27,PFGQSRESAWZ9H38B6,The service tracks customer interactions.  The customer account manages customer interactions.  The system manages compliance records.  The customer account tracks customer interactions.,IFDB8QNUQKWJ44NCQ,98.0855,max=3597,5G23QLODLXDCX55AJ,AENTG,RAU,PDX,4766 Park Blvd,21,UHR,3549.3,PB685HVAM52GHZRUH,JTI,LIY,847.51,Mixed,TBG,F1NYYTSRCJWXLUKOH,United States,3214.4,805.67,XSLKJ0R6XW57E4H8M,5829.8,6519.6,732.91,DOC,MDB,"1689 Cedar Ln, Houston",2790.3,8493.7,588.98,EB3JJ4J06FBKWCCUK,LEGILX2Z9VI41RBMV,971.75,222.45,ICU
583.64,1OZ8EI57G37VUOZBK,VE2AH55A3Q45X97YK,IREFZ6P7WZ26ZZDBM,558.24,Europe,195.61,2023-02-24T23:29:39Z,MCPVNFMPTGFQY3QZ6,noah.moore@yahoo.com,UTF-16,224.48,126.21,HQY,false,OKT,LD4MBQ3H0L2AFFHD3,batch-20180809-13,WWA,639.76,5d872144efbb6e2f138bd933b5a419074477ceaf57b318a8bd01c07139b053ab,266.79,Olivia,26697.5,2666.0,Step 5: Configure the module.,5.13.39,Neutral,889943590,763.05,2.20.8,4340.8,ProSeries,XBI,TCZ8ZWD5R59ZIHHKI,Hispanic,2.1.26,TXE7WS9KB1I58BHU8,The system monitors compliance records.  The system manages customer interactions.,LC1C47VRD0WBHA2CS,96.2312,max=2459,T2W3D68REQ05TLAIG,JBUTA,HWG,SCZ,5958 Maple Dr,73,WET,3258.1,PGWKKU6I8OK55Y7JB,YBP,VUG,166.19,Neutral,GXO,CRACAK4Z4SC9XT96Y,Singapore,7610.9,514.56,PC3G2PBNUOAIR9W94,4129.8,332.4,525.27,KEP,VGJ,"2733 Oak Ave, Tokyo",4015.0,8508.7,614.05,JN6K1EWQWWLIK4869,6UP6BI1PZMIAQ5IP7,728.01,90.03,ZYP
211.45,KVTXM6OKAHCKGLFP9,ALFHJDGAU58852WZX,GIL3M7CIYXYN66T4Q,909.76,Europe,759.04,2026-04-10 17:34:13,68LHXUNDENZSVNS2E,patricia.clark@outlook.com,Latin-1,877.21,3.75,MZK,true,AIG,U9JSD91ISDPIILKIM,batch-20221223-99,UKQ,828.23,b4281c09158c4b6dff72fa65c2be056432f47be561bb5579707ae05df254abc9,122.14,Olivia,40871.2,6748.3,Step 2: Deploy the service.,5.18.73,Mixed,058036685,511.74,3.6.9,2073.4,TechBrand,JYI,Q4VLMN97YIOI00CX9,Other,1.12.71,X6UC5I075Q1PB4V0C,The product includes data processing activities.  The product manages operational metrics.  The service monitors data processing activities.,AQTTTSM42YDVU7XAG,98.8309,max=2558,GJKD3TFUXPCM8FT3T,WJBG,WZJ,GAH,296 Oak Ave,63,JFM,4489.8,AYIWPFSGQKJFY03Q3,ERB,XNG,206.74,Mixed,ZTG,JXI9SIOLEUU07W3HC,South Korea,9460.7,753.68,2SPWME1GNIG71VSCY,6590.8,5022.0,257.24,OJI,PNU,"9549 Oak Ave, Phoenix",6656.1,7800.8,146.95,EG59QO7QKL2IY8DY7,TB51WBPGZEAY4K4SK,254.48,768.62,SGZ
498.07,FG0CWRQIJUDC91KFJ,M8LRBY1I15MWQTYFA,IOT8MKRE7S1BIM16L,487.36,Antarctica,530.02,2021-04-28T04:16:17Z,TAMYDB5C2MLX5LC97,olivia.lee@gmail.com,Latin-1,922.69,398.82,ZZB,yes,XBF,BS9IL97EPGR1W09X8,batch-20231022-16,AEI,306.54,81023a20d615c5df7d3de50e284a06fdcc47e3f16873fa04465dbbad053b9e50,274.88,Mary,23457.9,6580.7,Step 2: Verify the service.,4.17.25,Neutral,490781852,503.1,5.11.31,6475.5,SmartChoice,LYT,4Y03ZKC5E61WFS7YQ,White,2.14.12,3H5A73R0ACV6OYCEN,This record tracks operational metrics.  This record includes data processing activities.,HD9F54NG0QBLOO4P0,98.7865,min=927,ZZIBA4M084F6HGS9F,AUI,UNP,QFL,3722 Cedar Ln,43,FUB,6710.6,CBCSIQG58QQ2LD97A,RMF,CPH,570.34,Positive,FYT,18CZQRAOPYZ1Z99E9,Israel,4658.9,128.81,QHGFR764PZO3PTYKZ,6040.4,4855.0,580.44,TUS,XMS,"7792 Pine Rd, Sydney",6375.0,2871.6,788.13,NQ518PV4HP21PLQQI,YWVLVD76OI1CA68IN,826.6,810.92,XPT
628.69,IKHP1GBET8XVWRMIM,2CQS4A40O3U7XL34U,ZIMWI6G73GNCV39CE,725.82,Antarctica,448.0,2024-07-04 10:36:49,VBNR6CDYRPMAKN2VS,michael.walker@gmail.com,UTF-16,370.67,730.02,XDZ,yes,PRW,SZ2RSHXR8IR8CV8G5,batch-20250530-92,GAJ,4.46,b6d5e13ee8f05727e3da3403de96a0cb44543e5a766f3fa4f8f6d1e022293421,717.8,Olivia,17955.7,23.6,Step 3: Initialize the system.,4.0.7,Positive,253599452,455.73,2.2.46,689.3,SmartChoice,ZVR,QVNIWPT01J45ZDIQT,Black,5.16.69,NBKQMLMXMS5T7D9FB,The product manages transaction histories.  The customer account includes customer interactions.  The service tracks compliance records.  The product includes transaction histories.,F6U43YFF9LTNW7RSB,97.0984,min=2712,YOP362Q6CX7QZLRDU,KEDIO,WZA,LTI,731 Pine Rd,17,AST,4879.2,QVDAL93BOWEJ06SW5,TDU,TXL,121.63,Negative,QRT,OHDCA42SQ1Z0M7166,India,1181.7,521.02,GCWLY9CO0BEEYE9TJ,4768.0,1120.4,96.79,CTI,TPJ,"761 Park Blvd, Boston",1443.3,8239.4,975.25,LJB1IC7BI4DX0KTH5,GDGYSY02UTMRFLPZ9,448.09,184.67,FAJ
65.44,P66UX4XUXT512YYT4,J887U5IFWZIYH6149,4GCFT4TUE9MXB6QBK,229.28,Europe,655.07,2018-01-06T08:41:24Z,ALIQJQ9IIRCN5LL61,sophia.martinez@gmail.com,Latin-1,807.56,643.74,MOJ,false,PPW,V1GL2CCU466ZFCICG,batch-20200617-09,ICA,282.36,255cb5332cba6ae37e9725126f7df1beff8ea5933b940af68960b8eb07ae80b5,57.83,Aiden,3868.6,1590.6,Step 4: Verify the service.,2.20.30,Negative,558978404,615.61,3.5.41,7574.7,EcoLine,HXQ,8MN4E3BD2LCU86V48,Black,2.10.14,Q70GGN9HQQHO6NLHB,This record includes data processing activities.  This record monitors data processing activities.  This record represents data processing activities.  The product includes compliance records.,51G9L5NZPAMP0SITF,97.4963,max=5755,GWU6QODDJNR5T6MTA,TJT,MPQ,RZY,7845 Cedar Ln,94,QIW,5850.8,6VR2EDPZBFUH02JHK,QAK,BIG,741.63,Negative,XDJ,VEAF49TI8MWXWPVRE,Italy,6050.0,576.21,KM8YT9ECCGA6ALT0Z,5090.8,7202.2,943.65,EKO,MCV,"6012 Main St, Tokyo",2815.3,2615.4,274.88,K9QEC9O1H70OEYO8N,WNW817LYLVLLQ2E2B,559.99,887.9,CHQ
616.93,CR01WLYN2H0HQ1ZXG,5CLZYFFD0DDWNN377,VLQYF1O1O8I75US4U,219.16,Asia,623.57,2019-08-09T10:15:01Z,WBSZX0B7P39RA8CG3,mason.king@yahoo.com,UTF-8,505.87,919.28,XYU,yes,PUE,M1RQLGMP3DJL3XLPG,batch-20230930-14,CHV,227.06,0f8e08118ad1d1d38238b454bc11f703e80b5ccf300c4f24878cbc869883e24d,837.94,Mary,18960.8,624.1,Step 3: Monitor the system.,1.5.25,Positive,472606114,291.91,3.8.26,1628.4,EcoLine,FGR,SFNW24L3GJ1041HP3,Mixed,3.12.65,JYHJ0MSI4VCK7LVQ8,The customer account includes transaction histories.  This record represents data processing activities.,KK9WDA8LI1GOF6NIG,99.9159,max=8669,FGPFKJGRSDJ1EQSYC,AMFH,AWW,RPV,1310 Maple Dr,10,IPU,5896.8,MNNCIJF7LVIBBHZFM,QCW,DXE,935.75,Negative,UXU,U3CTH7WOYH5G14VZF,Sweden,2398.8,41.31,76VH706U48PHPNWTE,5938.5,8352.3,837.76,DBO,IOR,"2168 Park Blvd, San Francisco",1352.8,3000.1,214.96,5AA38D0AXE7Z4JT68,UBB80CTRSX1QRKC4V,564.5,8.22,HBZ
773.43,OJVAQKK5MDA0D0X3I,OFIFRMSCGULXUWDF6,NITBFKWBWPOXPK2VF,730.59,Oceania,281.69,2022-03-18T18:26:45Z,DMTVAM4MG72XN5Q1L,anna.clark@yahoo.com,UTF-16,292.58,86.37,AQA,no,ZXY,XIAKCYCSYD3DQGMQE,batch-20230824-48,AIZ,64.49,6faddfb8c3eee7381b1c792a4a09aa12de60423471ca5158195bb12dc59cdfe9,505.85,Patricia,42823.6,8613.9,Step 3: Deploy the pipeline.,2.16.71,Neutral,966795507,578.03,0.13.61,3109.8,ValueMax,UAV,9JX6Q9C3ZYD4R1BWA,White,1.7.48,24NXKPCMY016NHRP1,The system monitors operational metrics.  The service monitors operational metrics.,L3UWO6JL9DWXX7XXN,97.3321,crit=2554,CVM4MEVVO83KEG5TJ,YQMP,MNN,KKO,7731 Cedar Ln,96,HIC,4251.6,OSLGSRF92598DROI7,IQP,MFI,162.87,Neutral,GUD,V274GY844RY47KWN4,Netherlands,3769.6,352.61,D4L1R9M3UFZZSO7OJ,1699.9,3867.4,373.77,WGQ,ERQ,"9717 Oak Ave, Los Angeles",8824.6,5598.1,889.1,7258OZTPYKUHDMNLR,9A0GV63E5VUFWEZNW,651.91,453.01,PCP
833.81,4F11TCP95MW7WEU2L,O9OY8NU71AHCXM1IB,X3N3R38SRDX0HQOZV,980.17,Oceania,810.99,2020-12-17 10:51:48,0BNZNXC1MHY0M26XE,aiden.williams@gmail.com,Latin-1,120.04,62.88,BOJ,true,XIQ,9ZSO3HWQLSDCF7C3L,batch-20231128-13,PME,973.01,5dae77f65d9f421c57f3e9e94bb5be665e34ef28104a8705215854e0f6de87fd,970.26,Amy,14059.5,9716.7,Step 2: Deploy the module.,3.19.14,Neutral,072869665,716.55,4.12.58,5300.8,TechBrand,OUO,M855IS843H02TC2LF,Mixed,3.17.96,FP07H9X2IHUP0QAM3,The system monitors transaction histories.  The customer account includes operational metrics.,59U4TPL9FJKH5JAEL,95.8975,crit=5752,09IR5AJA9X4F5BHB1,XWU,DTE,GJU,5585 Main St,105,ZWD,4865.8,J11DNG8DZ5CW5TOS1,DBL,PRO,848.57,Negative,GEJ,WRKU4YP0X41ITPY0Y,Italy,8539.3,249.2,ZDCODB0TTW5ZKWGP6,9649.7,9863.1,473.3,QZR,IUG,"1194 Main St, Tokyo",3662.9,1493.4,42.65,NMIPCMPYV20XJ27DZ,UVF8G9D895IHZE4FP,261.95,707.82,UEQ
224.11,MWPB2HGS68QZOI5OB,1I78WIKL23JCAL5YP,AK44SOY30C9MWPYFI,954.34,South America,742.09,2023-01-25 16:02:53,R5VGMAW6037130K76,robert.williams@outlook.com,ASCII,122.51,141.72,HQY,false,AXX,9Q8Q4GSMANUYZHUG8,batch-20260829-06,KIT,261.53,3e02cdc030ac5061e464343da84e4b29b9fe35dd76d296763a32faae8137ef54,627.38,Sophia,38566.4,2505.5,Step 3: Verify the pipeline.,2.15.5,Negative,643109134,993.39,4.5.2,1034.1,TechBrand,PTM,NNCBCNX3G8GR8YQTU,Asian,5.18.61,DPORA8H7KGO50L1RD,The system represents transaction histories.  The system includes customer interactions.  This record represents data processing activities.  The service manages customer interactions.,N041AIRURZXFPFDB2,95.4438,min=7150,UR18P20FZL2MM9V62,DLFIP,MME,BCE,5668 Cedar Ln,48,ZUQ,7021.9,T4FEHVA1GWTKA1WFI,LLT,LHX,452.02,Neutral,QLZ,HSVBBH3LIUDBQ3YWL,United States,1706.2,9.36,NRZRJS86IL104OHX6,9937.6,1966.7,296.58,PYI,EOM,"3236 Main St, Atlanta",7497.9,5104.4,303.59,ETTZ5CLA6YKI3XGBP,4I8KJ4K6D0HTHOYNW,949.22,76.0,AOY
960.52,H0O775F94ML0EQ9FQ,2HYIHR4NOX4IHWSPS,J7I4JBZQ0152A9A8W,554.75,Antarctica,64.71,2026-02-14 14:41:51,Q8PLT5JWDR67EC8GY,mary.miller@yahoo.com,Latin-1,931.59,151.06,WPF,false,BJO,Q45DNCPHKE7ACX9ER,batch-20210419-40,FCP,157.24,018968492cfff1a3e70403481bb52bb760a34357c6cf66224ac90d0e45c4a9e7,205.67,Ethan,45434.7,7494.3,Step 1: Deploy the service.,4.5.26,Neutral,269205596,588.78,2.3.97,6718.6,ValueMax,LZR,065XOXVZCKDRXSIX8,Black,4.0.86,AG7LDNDYY4VQ98PI0,This record includes data processing activities.  The system represents customer interactions.  The product manages data processing activities.  The customer account includes data processing activities.,F5TBX7C0M49PDPIRS,98.2118,warn=1333,WU8ENPKM0SY1SOPIO,SLF,GQM,NEM,2886 Maple Dr,59,XEZ,4054.1,XTL6N3CFGGL0QMG4J,BWQ,KUC,257.27,Mixed,DGB,5Y4DJ3TLA386CR41W,India,2866.0,256.86,L6S0NRX5BB7DSR1VR,5816.6,8245.3,892.0,GNL,BRE,"4087 Cedar Ln, Boston",575.8,4378.9,361.46,SJG76FVHMIRAPXW8E,HU36WPZWJ39FAJ404,202.11,524.1,DIP
710.85,3ZN4LMHG4HCN6ECRV,OA464A0AW3V1LXPBB,9G68E2BA7A7WJA25O,723.06,Oceania,608.84,2021-08-05 01:15:56,19UAUR70BB3I3JWW8,sophia.lee@gmail.com,ASCII,833.76,203.16,RGR,no,BFD,OPYDXQEQ1SYCJCFB6,batch-20220810-77,SPP,672.45,0bb34a07d0897bb221cb49c1e1859bde859e567fcc548334c1342cb99c13e20d,367.43,Linda,179.7,2866.1,Step 1: Deploy the system.,0.19.69,Positive,184842393,893.55,2.19.14,1832.2,TechBrand,LOV,PVCF85NGA5FIVKO9X,White,3.15.61,76T8C023H8W4T8REL,The customer account includes transaction histories.  The product manages customer interactions.  The product tracks operational metrics.  The service includes operational metrics.,7G16CYHCLQB8D5X2K,98.6471,crit=2697,52KTWC1W0S1OJ3GDR,HGHG,YRO,TJM,1982 Oak Ave,107,JLO,5838.8,68ZSXY8K49SE60IJP,RNV,ICJ,273.6,Positive,HKF,N6U0LMM2KL7INVJ0L,Mexico,3553.4,245.95,T18HNEO2RPKO0113D,9634.6,5841.2,721.69,KHY,CZZ,"1129 Elm St, Austin",2173.5,8837.5,117.54,S4GFMQEG2SXBYXWDR,GS8ZYRYL2WMPYXIPJ,346.36,467.02,OCE
135.27,UNHCO26SEVLTBHF8C,49QJ6S0PI03X6ZU5H,RXXJLEGE2GFW4VZXH,987.7,Africa,933.78,2025-03-06 17:59:21,LD038BYZU5OZWUT8D,robert.white@gmail.com,UTF-8,165.56,219.11,DRZ,yes,ZCM,A8O5TF3H9ZN43CNMV,batch-20230531-75,URK,255.52,9425fb61676971966ee77817516cee8829517067384693c8109ab53de2d9df7d,746.72,Sarah,23151.9,9778.5,Step 3: Deploy the system.,3.9.29,Positive,090856617,537.57,1.7.45,4804.1,SmartChoice,IFE,0NF3PT29SV6P6QS67,White,4.6.52,ZOOE5CNAGW01B710T,The customer account tracks transaction histories.  The customer account includes operational metrics.  This record tracks transaction histories.  This record represents customer interactions.,CADMZZI1Y4BS4JR81,95.43,warn=215,IAXLVV9GZGEI2A84W,IZJ,SGB,KHY,7176 Park Blvd,60,IIL,1924.8,KWB1FIAL57J1BBQNZ,PSZ,GTE,136.85,Negative,VGM,34OEMYB5SXWLSW4BG,Sweden,3374.9,985.95,MFJYQXC8QR49US3WQ,8754.9,3164.2,876.83,HTZ,DOO,"7025 Main St, San Francisco",5814.2,3677.4,105.67,ZW3VH8CIFVB5S1CIA,E6RXFN82QHUFJIJRB,109.0,686.81,CTP
805.74,275X7V0ESNNFQLOIS,84AG61DKXTL2KN2SA,2ELGA6S4YOPCFJPR1,587.63,Europe,234.34,2023-04-25T08:44:25Z,5CSBKGEY88Y485W5D,anna.jackson@yahoo.com,UTF-8,25.77,199.53,OUC,true,QWT,CZJMFBHE8IH8GWHKE,batch-20180810-36,OZN,931.27,4a3ca93292ce6c6ad828596a4f409a7ec32e1a1094a5cf5a1e194b1f914b1d18,55.01,Harper,4498.8,1038.1,Step 4: Verify the module.,1.17.19,Neutral,557356801,871.06,4.6.93,8963.3,SmartChoice,HKT,HD78BGW0PRS6TP546,Other,5.10.90,1CLUALY666HD1IOMW,The system tracks transaction histories.  The customer account includes operational metrics.  The product tracks compliance records.  The customer account tracks operational metrics.,9GZTY6UO1D6JOQH4Q,99.325,max=4516,LF1S6SJNMFK4WVOJD,HTD,QIO,MPA,6865 Cedar Ln,100,PMC,354.3,EVLSECXGGN01VHI71,EOZ,PAY,154.2,Mixed,CEK,C1NQ69THSBXXXBFTN,Israel,4047.8,490.9,5CUIZ01LAUDVICWYI,8543.5,7639.6,127.21,FZS,TDV,"4318 Park Blvd, Boston",2275.2,783.1,660.68,NFTKC81S4RQXN173M,ECVIBXMWW5J5YWNNI,662.77,678.85,MSJ
209.77,M6MFTMMG5K8MH3BE9,S7RF2FY2RA5AY0GAZ,W95OLZKFR6AHPWZQJ,776.95,South America,758.77,2018-06-14 08:32:10,KO7CAQR4TDMBVWEU5,aiden.taylor@outlook.com,ASCII,508.72,286.37,RDA,no,AMS,MY4EYOQDW3A3AMQVN,batch-20191103-04,GSH,946.6,725b9a9dd4c717b950eb0c57b2e9365d8cc45b5a7967f7eeb0289f79213b1010,636.99,Liam,38937.3,6059.3,Step 4: Initialize the module.,0.6.59,Negative,515953729,743.94,5.14.69,6670.2,SmartChoice,KWG,D1MJUBITRH654D52F,Asian,1.10.48,3HFHYI5K2IKIKMVJ5,The service monitors customer interactions.  The customer account represents transaction histories.  The product manages operational metrics.,FPD12CJ54SEVU7HYM,99.8169,min=371,NXDC0ZSGG8GBSREKN,FGWOK,RGH,OIT,1040 Oak Ave,31,PKY,7532.4,KH96E5SJ21E005HZR,VRE,MFW,742.34,Negative,UIZ,7UQ7H016YUKX44T40,United Kingdom,4248.1,697.96,OOORJV47NRC3RKPBR,1997.4,5061.0,745.61,CXB,ZFB,"5208 Main St, London",4767.0,4545.9,63.48,Q5JNUWHSS76HF1HBN,WFY32J7NN1MTV5NA4,727.73,671.04,HFY
890.46,2Y4TGEYNJJGL65QCX,XROZ5SDUMPVARR58X,VLRJI9BXQWFXDU3BN,733.65,Oceania,290.76,2021-10-24 13:28:21,KU1T9X97ZUH1CXFIP,amy.williams@outlook.com,ASCII,391.63,365.89,VWP,false,NUZ,608P38D477KD3MGFG,batch-20200531-07,OWK,514.95,6f158b942c7f38d48c13f809c99ff649cc8babd8d639f1119bbe8484d975733b,468.71,Oliver,24351.3,4601.5,Step 4: Verify the pipeline.,2.16.9,Neutral,003380916,435.24,2.7.73,8162.1,ValueMax,GVH,M52S9N91SHT3S4JEE,Asian,3.16.0,O3B0NZAED31H9D1UI,The customer account manages compliance records.  The customer account manages operational metrics.,KTUB1Y6ATH7PU5V2N,95.5712,max=8673,QVTB46CID09QGIZ2B,SJGZ,AAN,JYV,2070 Maple Dr,26,VSP,4587.4,GP6RYGJVB5LEKB577,JNZ,ECT,937.63,Negative,MXB,1J85MU6PBURF5FSW4,Sweden,1594.6,878.59,LNWHQISSDC42FZT0W,5396.3,3479.2,89.63,OHA,QIA,"2026 Elm St, Sydney",4053.1,7451.2,843.62,HQ568KWXP71XSBF4G,U271U4NRJ64DHYU1M,66.11,518.03,LHX
292.51,5ZV90Q0203Y033ACU,WK1DF9K208FNG8BEJ,P83NVLIVD0WWPZWYE,213.5,North America,627.12,2021-05-05T08:18:24Z,D55MQKVT2QXOHB8KW,olivia.moore@outlook.com,ASCII,107.83,662.88,ERF,true,DFE,C06QO64PP7LRTEUFU,batch-20200913-09,OGP,435.91,8a9618efbfda01896f2173b2d904a8fa0f9f06a4ea120cc892c7486ab5b1de7d,314.01,Oliver,3024.9,2431.0,Step 3: Verify the system.,2.10.86,Mixed,902618970,208.02,3.5.33,769.8,EcoLine,FXB,9JFC2M1UZU29PM1H2,White,1.3.4,5A5WWSTHW3YMIZSEE,The product manages transaction histories.  This record monitors operational metrics.,4ZA38R9DQ2EMJ3Y09,99.6648,warn=2929,SIMJ5NOYTFWW543CU,JSR,PAO,MNG,8777 Elm St,13,ZSZ,2078.8,AYQGM5L6KWGLVKONJ,JXF,FFV,891.77,Positive,EYD,AOEK070UAPPA3QWUK,United States,1376.7,357.4,4IZSIBIW0EWL6RSXR,8278.2,5738.6,891.98,CLH,ASC,"582 Oak Ave, London",6636.6,9387.2,226.92,PLNDW75W6L05KAG1K,82RD7RDUQ0ZYL24LR,20.43,519.84,BKL
731.3,E300WVL7HW2ABWPAQ,J56HFWUQU9WX64I0F,292UNZT6PXW5Z19K6,18.64,Asia,689.2,2019-07-08T05:45:31Z,H4KJ111YWMM7H7H54,oliver.white@yahoo.com,ISO-8859-1,768.29,580.79,IWH,true,VVM,UBFSWQ47NS1Q20FTL,batch-20260817-17,LOJ,337.89,82d9d02b7dab04cc87ee7b41b39e596c54e971379f63a236175b16ce75649edb,981.06,Mason,4697.7,9324.0,Step 5: Configure the pipeline.,2.17.44,Positive,639770441,166.46,1.0.86,1786.2,ProSeries,TKA,TOR9ZPA33FA6AUQV3,White,4.4.62,LSFFQ1IV8K9L5IP6F,This record represents data processing activities.  The customer account manages transaction histories.,P003EA75HBUDY8VBI,96.2896,max=6430,L2MPORBMWDI7TWPEL,SDWQ,OHF,EII,7222 Pine Rd,52,AVO,5374.8,7AK0GWFINJJWOIB7F,WCH,EAP,567.07,Positive,BEN,2DCGAZFRW0Z7J5EAH,Brazil,6143.1,469.68,2FRBYHZ5BOWOFCCGX,6251.6,9266.6,860.63,ILM,XJQ,"469 Cedar Ln, Atlanta",3802.6,8787.9,926.6,SSW1GHKRU1EJ35YM2,1LG8YORRFLXNPFEQ1,841.05,722.42,ESC
754.78,M8WYQBRWDBWBJ4VBT,JV2CH4LFQ9IZ641KJ,FCTYU6OQKEC7IL720,707.87,Europe,780.88,2025-06-01 08:21:11,IGNK3KFX073R2OLXB,richard.clark@gmail.com,Latin-1,673.72,382.25,WBZ,0,IAA,FSBGCBW9XXKO4EVIO,batch-20250506-56,EHU,603.07,b48caad9ce1031d29acfa5a32dd6b612d006be5bd06a7a30940eb7a475b2deed,274.0,Richard,29121.6,5272.6,Step 4: Initialize the pipeline.,4.0.94,Neutral,915285729,66.7,1.12.87,7239.2,TechBrand,RQE,XI6QVL5A3ZTVSUIBI,Mixed,3.0.13,8RTKBBYAPI46ON3CC,The product monitors compliance records.  The product tracks compliance records.,3HA82W9I8CCTAW74B,99.363,min=5896,1NAEBPMV5L6HXBD6D,LGHK,UHC,KIS,3751 Main St,38,GCW,2940.7,JOFHH679J95031D0P,ACS,YCL,433.31,Positive,MDZ,XYWSXPBLV4GBWXBI1,Canada,763.4,813.24,LWO50NPCB50TAIMD1,3446.4,1307.6,933.64,JKN,XUK,"3583 Maple Dr, Dallas",9437.2,4390.8,362.13,J5PTOZSHXX9VNDKDZ,RY1ORY4ZFMTSRL1YX,537.2,791.21,IOZ
48.29,PEI043VXBXHIMPXVC,KVYDFGG415A0RRHSQ,LFO5KP3ZPNPJNWOYZ,828.5,Asia,371.36,2023-02-10 08:07:16,45P5JZRDA05MJOKUS,robert.jones@outlook.com,UTF-8,21.26,119.69,TWF,false,KIP,L28CKM301PDFRQYCM,batch-20201010-73,EDY,217.73,698f45f9546e0d4a98eaa3f016669ea0d7227f28bbf11c8eda4b487f17bc4a0b,50.17,Sarah,30294.4,6038.6,Step 5: Verify the service.,0.4.59,Mixed,342305182,270.58,4.6.15,5190.1,TechBrand,UVW,4P6G96IYOV297ZRVJ,Other,5.1.45,DX17H4RDFMYHEIQAM,This record monitors customer interactions.  The product manages data processing activities.  The customer account tracks data processing activities.,KFLAVUS5NOYDBRP2K,95.654,crit=6513,TX7CQTCTLSVKQY912,ABNO,MJF,IYQ,1243 Park Blvd,96,DOS,3927.5,LAO6K8JI4ZSQ7JQH7,SLX,CIW,864.3,Neutral,XTV,QRAEJOF5AE5X8G1WR,Norway,5046.3,193.26,TLHFSQ741QQKGVG2J,7187.6,7841.4,43.82,QHP,NKY,"9034 Pine Rd, Miami",45.9,6736.3,430.59,78ID3V2U4FL0EL7JQ,1EDNHIRMJB3DSTQEQ,7.65,482.18,LBC
489.69,NL3DDKE0EWNGVW9RD,IHINWHMOZE3R0MGUD,BBA7YI0T1LK4Z2PFW,106.78,North America,636.16,2022-05-02T05:51:22Z,SUVNUVHMY8UBVD4T5,patricia.white@gmail.com,ISO-8859-1,158.18,931.54,TOL,0,QUO,WMCRUC3F5TAM7N9UL,batch-20241004-64,FDK,101.34,64d82319fd3846999125dee1445f93e3b6bfc96e6e8a6e4f752ee26b8ea92a8a,346.45,Aiden,40181.6,140.6,Step 5: Monitor the service.,2.9.81,Neutral,772456415,222.68,0.1.21,6470.2,SmartChoice,ICF,R1A9DK6JSUR2LA9TL,Asian,3.12.47,VJQ7F234AJ869Q96L,The service monitors data processing activities.  This record manages data processing activities.  The service represents data processing activities.  The product monitors compliance records.,9LTAYZA9461ZZXQYP,96.2388,min=4498,K78DPLWLMRARRV8FI,MERI,XHI,UCC,8487 Oak Ave,15,URJ,1790.3,JV0SQ2YAAE9H6PL14,AHP,HQO,381.41,Mixed,MMF,YF1IJ2GU8BP1ONDUC,Switzerland,3154.4,952.17,19D4J0JQKY9GUSR0L,9201.5,9777.5,858.0,THI,WRP,"5035 Elm St, Berlin",1937.3,2526.9,997.57,UGIUJBDP41SCED7X9,9AA9ACWKP7BHIC8CY,958.54,734.98,IIV
679.37,2TVTEK3R2Z72EIE0E,Q7MAI0NXWH7ZDZA1Z,8MGCP93YSRD3IE07R,501.28,North America,628.7,2019-03-19 00:16:03,M55OEWFID1CA02X58,linda.young@yahoo.com,UTF-16,533.15,292.54,XYO,true,CMA,LCUVIKA2V5P3NCBJQ,batch-20191127-22,GII,604.98,ea078f27bca733468af2e8e7f8364c062db716bec6c12133bf55f10234210f3f,733.28,Ethan,36377.9,2634.0,Step 4: Configure the pipeline.,4.9.57,Mixed,541222159,181.95,0.10.25,8355.7,SmartChoice,TFQ,KO9EQ8GYAQOZW6BVR,Other,0.2.25,4ODQRKDYH3LCDQSYE,The customer account manages compliance records.  The service tracks operational metrics.,6JGEISUTJ7JTEVAX3,96.787,warn=8263,CLBQGZM3ESSMRE10Q,KO,XMF,LIX,227 Park Blvd,31,BNI,1214.7,LMXTEQEHQCWULYTW1,BDE,YBA,614.95,Mixed,IRP,TYRO4SVGTX2GA0ZIM,South Korea,9698.9,912.11,QAK4A1SC9V5JY1R4S,6201.0,66.8,612.94,EGL,JRE,"2878 Maple Dr, Phoenix",5204.5,5602.3,253.7,P8E7O8DOGPZ3M69QO,GMRXVG07N9EU2TWAS,134.35,112.13,VQI
670.14,9OBWKHKS3E5EKQ9Y8,FP3ZDA58V60HUIH39,AM33ZPJS1ZUWD7I0F,837.99,Europe,106.54,2022-07-08T18:29:13Z,ICXH5NWH23U6SFW4R,anna.brown@outlook.com,Latin-1,304.74,21.34,OGO,false,PEC,HT3L28VNQQ9FYALU4,batch-20231224-14,GSM,208.27,f65495fb39517557b947abefab746f8ddaa4121b4126f58e78e8a5a6fa6e3a2f,889.56,Lucas,45129.6,6966.6,Step 1: Monitor the pipeline.,5.20.33,Negative,058958853,39.19,3.18.83,9080.2,ProSeries,RGN,A3CBIXWSPRFM44EOW,White,2.9.49,OD6ZNUD9ZNQ31Q3KJ,This record includes compliance records.  The service includes operational metrics.  The service includes customer interactions.,LB4GLJPMJ4HS48TW9,99.3165,warn=9656,8MNL4O3XF6LP2NNWU,BNYGM,UOV,QNA,9144 Park Blvd,69,BUH,9584.7,XOVJ0FJ57IHMLSXEA,HEF,TIH,301.96,Mixed,EAX,5QIV4042B8VPQ3LT7,Israel,3215.2,30.97,NDI320UZ5OBY3O2B2,4493.5,2418.2,398.12,TGD,CDB,"9519 Park Blvd, Houston",2048.6,329.7,444.92,KT0B6V933NO71TVJX,G7O9PB78B97Q1E3TZ,805.94,680.41,GAZ
296.6,93SVJIUMW99R2GZ8B,XCNU6KV3MGTFKVL4W,KWM14KODY7GRWL5EW,637.21,Antarctica,524.44,2022-06-25T22:43:06Z,699L4DHLPCUPGN3OE,jessica.miller@yahoo.com,UTF-8,820.78,928.95,NDR,1,VXP,55J3INUIKHAGNM99F,batch-20201201-23,XTN,235.92,b0cb4132cd370a0090ac2e7cc2f358cf743ac0d25eebac110aebc4dbd2d4d4ed,186.83,Robert,17518.7,4401.4,Step 4: Initialize the service.,4.16.52,Neutral,935123802,123.49,1.8.97,6488.0,ValueMax,DKO,TKGKGZM92NLNW8GIV,White,0.8.70,9VC5TJC56P40SA1HD,The customer account includes compliance records.  The customer account monitors transaction histories.  The product includes compliance records.,EL0JBFJJR7AXHBKP4,95.3346,warn=8064,R5BQSAV1ICAY8I876,BLOWZ,JOP,SXU,9185 Cedar Ln,62,ZFL,9236.6,A5BCMUJW66QUDJAEQ,RXK,FYY,897.82,Negative,HLR,7HHJTDGC0ROKNTSGC,Netherlands,5984.1,34.8,KZ51T2XH2V3NA3AN8,9834.1,6475.0,357.5,RKO,JVG,"8036 Elm St, Portland",2668.3,6773.7,708.18,VER1MPNI5O37IX8HZ,J0RTAS080HV4A6CU2,238.87,904.36,QIZ
386.86,ZNB58U8A6M5DMITKT,IYAPGCQDXWNMGXOF0,MTFIFSJFHFZ9OBYZO,174.81,Europe,947.15,2025-08-24 09:56:51,0SCEQFH621R6DPRTD,robert.anderson@outlook.com,UTF-16,218.78,862.22,YQZ,true,VZG,0EUVXTR4ZH2NEXP0N,batch-20210225-80,FLF,1.55,7ea2044868059675056ffa2bead0d79bf9983a7ea84c75eb3bdc51fb8dbb0e20,550.74,Sophia,38840.3,9838.3,Step 5: Initialize the service.,1.9.77,Mixed,274699466,696.25,2.15.21,1049.2,ValueMax,PKH,H6W8J16Z23V3RKXPM,Asian,3.5.94,SLWIISSEG3P4DIKEO,The system tracks compliance records.  The product represents compliance records.  The customer account represents operational metrics.  The system monitors operational metrics.,5B23UQ0JC6JCZ81TW,98.6114,min=7473,RH6ZTIJ3PGBV0Z53K,NWAQZ,AKW,HNQ,841 Cedar Ln,35,GAG,2884.1,D1WOFPBAENY04LWY4,WOH,FFX,13.85,Negative,ABY,LTLLVOOK3PU0VODL0,Brazil,7876.8,864.85,FSY0CUOJMS2ALNO5R,5297.5,4260.7,706.29,EMH,LWS,"1090 Park Blvd, Sydney",3112.5,8903.7,344.43,BKCJRUU4A85Q444P8,AQM5M2IXON6FCTIQV,149.99,736.68,ESG
694.63,7HLN79HXACSUU5760,T6R2CRQTSU4CS4QCP,XS418CQSBX1RP1SK7,601.65,Europe,230.15,2020-10-01T17:29:41Z,YXBT6KZLUM4Z90LTV,elizabeth.garcia@gmail.com,ISO-8859-1,402.55,594.83,WVJ,0,IEW,BWSAEXYC92KPH6RIJ,batch-20210929-87,KAX,343.41,8b2cbc24824f325fc5e96aa391f1f286ffb5183831e9bbea3d8728da0d4c58f9,129.32,Mason,21867.3,7060.0,Step 4: Configure the service.,1.11.97,Neutral,244048828,957.55,1.2.88,4812.9,EcoLine,XAO,BGDHCHQPJ2DBOZ8RF,White,5.16.43,O6YPF47RERSK6RFM8,The customer account tracks operational metrics.  The product represents data processing activities.,67009T1OZPAMZ2NB3,95.8167,crit=8170,D8R80F4NW3GXH9EI6,LFCX,XBB,ZVD,5316 Main St,19,VOM,6336.8,859FN41TYRZ0EHOEY,OMG,ZRC,415.87,Positive,TGC,6R1WXEJNUQCR9PSW5,Mexico,9715.1,526.05,9M3P9U7ZC2PSV7BNP,9864.0,5655.7,147.84,JFH,EWO,"7561 Cedar Ln, London",5851.2,3315.2,474.63,LG2T2Z59N4RIC570A,B5PO6WFDH3MPO9L2G,766.38,245.66,TLI
734.78,NKH5HAAMSP9OI2R4Y,92QLODJBUUJSP6ZXN,2UCLLD7EU3397O57R,382.2,Africa,673.25,2023-01-22T18:51:08Z,UBCJ8KYX9GSQFKQ67,william.young@yahoo.com,ASCII,762.05,745.1,LQA,1,BNK,JVPJCSUWPVVF75OYS,batch-20180304-78,PAA,902.11,342359fc2d0aee1cc16312db468ba60500a13d99773cd841ebb0352f3427909f,585.49,Patricia,14867.3,4236.4,Step 2: Verify the pipeline.,4.10.98,Positive,267700491,104.83,0.13.94,4181.0,EcoLine,HAM,FKUQY8861IQLQPMFE,Mixed,2.16.95,MJC3N35H27K6NCLOS,The service tracks operational metrics.  The service manages customer interactions.  The service manages operational metrics.  This record monitors transaction histories.,LX6KQP1DQAEZLNMXR,97.5217,warn=4943,LK8US6I6Q24OQS7GA,QAO,PUG,ZJV,9976 Park Blvd,105,NLA,7781.5,799LOABUWI93AGE5L,FMH,RZA,474.96,Negative,OAA,4P49I8IDL8NHLCTFX,Germany,6276.9,485.42,REDYCOI35MRCVC9DZ,582.0,4662.9,786.84,OIP,IKG,"5401 Elm St, Portland",6198.9,4328.7,498.55,YSQQW07ED53G47RB4,KEDZ57OBOM57RILAX,100.9,576.44,MJN
835.2,3XU6VQ3TT2PGLCN7N,5D7FAFQ6LMMNLEPIO,B12F1T1DFOPTL953I,463.26,Oceania,811.35,2021-12-06T17:56:36Z,D5UEMXINCL2HEYUJV,mason.smith@yahoo.com,UTF-8,238.28,299.03,NBF,true,VIS,PSZTL58HRYDWMZVUG,batch-20220505-14,XAE,598.43,d2151caa035b6b23c056a110f2309aad06259bd5a988f26ed3f6a5f90cb04eb7,133.59,Liam,49903.8,9405.8,Step 2: Configure the module.,1.18.33,Neutral,339780399,684.56,3.8.0,7318.2,SmartChoice,DQM,M4YCG25TEL305ZZUH,White,4.12.60,TUNFF68BZQ53S1AS6,The customer account represents operational metrics.  The service includes customer interactions.  The service represents transaction histories.,O6L8PNX93FSF3FIP2,97.2901,max=592,PUY1VEG4AOSLS1YET,GFF,TPO,ZLL,1022 Maple Dr,56,ZOP,6188.4,2XHQT611N1XHNGZPT,ZJE,HII,687.65,Mixed,WDG,0E1ZYEP31T98LLKXT,Canada,2778.7,694.55,IX13WSV8JY5N6M6FO,1481.6,875.8,545.48,SSG,IHG,"4675 Cedar Ln, New York",9829.1,1097.9,743.52,RB4758N7M082UDSM2,PYB1IY4LXCRXLWBW7,31.88,872.55,MTU
339.51,2N4JKVXXC02X3521Y,L5R8I7K3YN9KM34SC,F7DU839HGAL24TY37,685.77,Asia,481.78,2022-05-21 03:14:51,M4GVEI8ESRS2IMMTP,richard.moore@gmail.com,UTF-16,895.37,869.47,SYO,false,MVX,HHTOTOH03VLPLRX37,batch-20210203-72,QXS,542.38,1e5422184fae3690f53d8953c7fdcdce74c71d1bdf90de9f4cedb92ff130c027,873.05,Patricia,34191.6,2699.0,Step 4: Monitor the pipeline.,2.5.26,Neutral,055380874,530.47,1.6.69,5218.9,SmartChoice,LNY,OF5LTUSP5WJMVSRAP,Hispanic,4.12.50,EP2N1880DMC1RF5Z3,This record monitors transaction histories.  The service manages data processing activities.  This record tracks operational metrics.,NKYTVDP8YNKTD2P2J,99.7972,min=4383,IDDVTCY1DOTJGH96M,BZAN,ENQ,BWO,2256 Cedar Ln,4,NWJ,3945.2,OJJMC4P5C1PQVOEVR,MGC,EQY,412.79,Negative,KVJ,0UJ1PPVMVRR0XC4QG,Netherlands,4144.1,365.42,7TZVISJKEH16D0WPA,712.4,1349.0,966.81,UXC,MBW,"6142 Maple Dr, Sydney",4775.3,8229.9,384.86,MRIQ207D17D3WNXOU,08L1USXOT1XYT0XHD,866.58,712.24,IJS
942.77,XB3C90QQFAVN15RLD,ULEC33ZP8RNRMPDX0,0OV24I97MT39HHAHG,369.24,Oceania,357.19,2018-03-13 15:46:28,5355NTBNRJS4YDRRV,michael.robinson@outlook.com,ASCII,273.82,169.59,SUT,1,AUK,SSW9ENLDFT7CT522R,batch-20240405-91,VWI,829.89,a1c564d02466bbecf66e7f661921ddd3fc4f0372d06f524d8a126faebefc3da4,876.85,Jessica,11088.1,7490.9,Step 4: Deploy the service.,0.9.62,Mixed,333830679,810.96,3.15.97,7591.3,EcoLine,LZY,Y2ZDDTNZWUSZ6PY24,Other,5.11.71,VC97MFRBPAMBJMK8O,The service represents operational metrics.  The product manages transaction histories.  The customer account manages compliance records.,NEIF55RWL8YWBCN5C,99.9035,max=6217,QW5WI9X3RQDHUP4EO,MOZ,KLA,UQI,8152 Park Blvd,46,OMC,1150.1,25762FF3DL5KMJM8R,MQP,CJC,958.18,Mixed,AFV,P1DM2F5NJXAF9ONLK,France,2659.4,628.21,UZ66LSGTG8AC78P2U,3723.3,3154.9,416.68,OPM,DNZ,"6402 Cedar Ln, Austin",5658.9,1664.0,40.6,B0ECG3XD8EFE6ZWWU,VA12ZATWTVP9QKOY8,560.43,945.96,JVU
24.45,I3X6RLT104596AGD6,KBYDCXTJDRON82F8V,BJG63OSFZCL5YZWFV,906.79,North America,667.41,2024-07-03T12:34:07Z,V33UGY31HY8WTWEZX,jennifer.white@outlook.com,ISO-8859-1,23.37,91.27,HES,yes,BAT,5UX1XIET38L5RY40U,batch-20251223-06,AWP,954.33,341823f7fc87db33b8a3ac37136504c67b946a4c593dbe85b35e8c475990751a,475.34,Mary,25182.3,790.5,Step 3: Configure the service.,1.18.72,Positive,101765767,642.31,5.4.98,2909.8,EcoLine,IFK,Q05LZEG4N4RFBLFUT,Hispanic,0.10.45,G7VE60TBGO39PZD7E,The customer account monitors transaction histories.  The system monitors customer interactions.,3VMN8EOITCAP8CKBF,96.7439,max=7726,LW06OVYZC6IQ1J2RW,PKA,RBU,HLO,9579 Oak Ave,18,QNO,7036.4,ZSQ2AU5KP0UFD8UC1,QPL,CPN,909.9,Mixed,DCY,Z3DPCA5IJN4Y9GU73,Japan,2739.3,365.94,29ETIBFDJUV4IP4YI,9725.0,3016.9,267.74,VMH,URE,"6595 Maple Dr, Phoenix",2611.2,9023.3,872.5,TNA45Y6H5KGMXUO6V,K5I5NP4A25MLBN3W0,742.81,729.36,KMK
293.24,B38W6SV85PXVF6WAC,KD5VJT1HY38Z2YV0C,YWRTO9IUK2WPUWDJK,7.08,Oceania,225.31,2023-04-06 18:56:56,OBT8OBRFWXL4LJYFQ,jessica.robinson@outlook.com,UTF-8,354.52,845.06,NIW,no,SRK,B18QMOSV1EUWXOSMI,batch-20210304-02,KHC,401.49,07e2d1eadb2a7ee7a12fa4ba5e64819851ca2577e9fe121b27cad4ab053e28d5,167.61,James,23325.8,5470.6,Step 2: Configure the module.,0.1.83,Neutral,088675974,537.25,4.11.92,1419.6,TechBrand,IAA,PZC811P09DSLD9AHS,Other,5.9.53,8DL2BA2FGHITEL6Q6,The product manages operational metrics.  The customer account represents data processing activities.  The product represents customer interactions.,JZYU312KQ21KJ6E0W,97.4108,crit=4702,AXDI2MKK88VZ2Y9QW,OAXF,GPE,QQB,3895 Pine Rd,59,FYU,3655.8,V62V2Q7DGUSXWFHT0,HFM,GMS,827.78,Neutral,ATA,53FYCN8FK37NSI9VD,United States,6535.7,50.04,YHL1DGMFJZVH7XSR6,2209.8,2052.6,269.36,QDO,AOI,"3343 Park Blvd, Phoenix",8733.0,6707.6,526.07,QT9WWSIQ41IPJSXA2,L2PB8F4FLLY41ZRNQ,161.47,389.27,HVQ
986.49,5VSZ8TQEBWXGHCDG1,30O75ZWL9QNZ2KNEO,35MJRWO6D4MA67LCH,222.24,Oceania,443.62,2022-10-21 15:19:02,0QGPBC171B3BLIKV9,jessica.harris@outlook.com,ASCII,749.94,796.5,RIV,1,KCQ,1T4HE6SQN0X96GLKR,batch-20200414-27,WVV,955.54,b0d9f5eb1bc93db0da3f3b0dee05c0eaf3437a35975132635516d24dcc2c7601,886.87,Noah,45305.8,8379.9,Step 5: Deploy the pipeline.,0.6.42,Positive,012432859,194.88,0.0.60,2221.6,ProSeries,NVL,XETKF9RF61SU4PD73,Black,5.2.99,P95633LDG1F26H7H0,The service includes customer interactions.  The customer account manages operational metrics.  The system manages data processing activities.  The product monitors data processing activities.,RAUIGDXYJLLVBBQCR,95.1876,warn=7381,99YF2W5HI8DL06RQT,HJGA,XBL,PMZ,7965 Maple Dr,82,KBG,5543.7,FI1CGG7OC0W1KQ2B4,PEE,ORP,845.25,Neutral,VBS,7TM191Z7R9V5MBV4P,South Korea,4973.1,833.51,WL3E6Q2WDEIZ43DM8,9111.2,7224.6,449.04,UTG,QJA,"6503 Cedar Ln, London",6491.0,5445.9,120.45,UMJB6O2VRC8H26FJS,MXREP6XR8YS4QZN15,166.05,792.85,ZSK
62.18,SD0ZNIRNGDNM1GD52,4DYINE33JMPQGN6LX,1P8GAZK08VAJ3PRIC,998.09,Africa,198.62,2022-03-17 04:59:42,9XAUQDLG0A5YRKAKO,aiden.johnson@outlook.com,UTF-8,169.8,458.97,IBW,false,PIE,U74U9W6ZCURC12EYR,batch-20221228-76,DZM,601.72,155ce35ade73cc498340ff9e56b26862761b4351c3108581b939f4f178f7f763,40.71,Robert,45625.3,6365.7,Step 3: Deploy the system.,2.12.74,Positive,157212037,441.57,4.5.10,1127.4,SmartChoice,ICG,7NPTYEN64S6PYNR8Y,Hispanic,5.8.23,7Q2FDQTMV9P5W5DMY,This record manages customer interactions.  The service represents customer interactions.,K741V86IHCIXZVFV9,95.6343,min=6304,75K9YG9RJVWHOM5RI,EA,ONC,HDI,5459 Maple Dr,119,RLU,116.0,W1RHXU8RI8X0D1EUN,LHD,NIN,366.73,Negative,NEE,TXLO5FQRWN6C5LFZW,United States,1781.5,97.67,9ZEIQHXR2XDUTHVF5,9503.1,3104.5,233.82,SHC,NOF,"8728 Pine Rd, Chicago",5804.9,4177.6,261.01,KK1Y0BZVA879KZ3I4,AJGWGM4PHS93UK10F,226.59,349.42,TAM
602.78,I2D5U8KKYUYQ6DEVQ,1A67549K19JHMWV0W,Q4DRYU1DUX1NG9BW9,581.17,Antarctica,225.83,2024-02-07T09:20:50Z,G8W1UIW2CLMS9YVUX,noah.robinson@outlook.com,UTF-8,984.12,561.6,ACE,true,XGJ,7D53CE6XIJV52XG6P,batch-20220414-87,NEA,701.82,b4bdfc6430fa791c944c7938862d5189f9d329aa5f92e73a19dd2da539c90f01,763.33,Oliver,21435.7,4141.4,Step 3: Verify the service.,3.6.46,Positive,112953970,829.06,5.14.42,3571.3,EcoLine,TSQ,OFMCMI1XYGFPNCIK8,Black,5.20.98,GCAC7DYYKIWG3KHTE,This record monitors compliance records.  This record represents customer interactions.  The system manages customer interactions.  The system tracks data processing activities.,MDSVZ6UVB93Z7D79O,95.7879,warn=7610,5U4TOWZTM8WG62ZXC,WFZ,FFQ,UNB,8379 Elm St,22,VDG,3733.4,VSFG4HHHQPFAHAJBM,ABF,YCE,154.5,Negative,DHB,W5LJA9LXI8Q9Z67Y4,Mexico,1192.8,63.67,03LWXP50OYRAN3JZD,381.6,7133.6,42.81,ODD,RRY,"2462 Cedar Ln, Sydney",1396.9,7720.8,11.92,JGLWNQ33CWC8GOIAA,41FMWLNIRF56HHSPU,463.42,661.08,TRL
708.99,6GIP3V571YWCT9258,914HTABQAEH6GBZUK,QN3AZIYKWL3671CWW,851.13,South America,372.72,2026-01-20 06:29:15,8BURQ8V9H2N9VU25L,logan.wright@yahoo.com,Latin-1,621.54,76.34,WOG,0,NDF,KTDZ1C3YU706Q531J,batch-20241030-83,VXE,975.1,f06725d1bd2482da7c7a3c8d1d709d2f80a9c2b9d4638192571f69f983d0aae5,420.83,Susan,48207.8,2788.3,Step 1: Initialize the service.,0.10.34,Positive,249390846,68.7,4.0.26,9629.3,ProSeries,RIN,9VGYNVQ5UNFVUMCO3,Other,3.11.21,ZSDQWP0FTNBAN8VDF,The service represents operational metrics.  The system manages compliance records.  The product tracks operational metrics.,KLB4FNM2YYSK5Y36I,96.706,max=5953,G76QFJZO10HCHFTKM,NDDWX,TAF,EMO,7474 Maple Dr,61,XKS,6864.0,Q54ST52T0ON50HA8J,KAF,QZJ,292.8,Neutral,GGD,WLLQVSI0SZFNOIXNR,Australia,5947.2,969.61,VF6RUO6YLP0Q5AYVP,6709.1,3258.9,37.65,KUK,WBW,"9043 Cedar Ln, Miami",2278.3,4155.4,53.68,AISL82PN4ARHMXE9Y,9PDO3TMRV7P0HNMKX,242.91,49.27,XMM
267.39,6OLPGWYF3LZEQRNMI,Z4AFIUIXUEYTK0ZP0,VYBWY2C68DGEQ391Y,981.99,Africa,926.13,2018-02-15T22:51:09Z,IKGUGB5KR6FNBX8Z5,olivia.martinez@outlook.com,UTF-16,496.73,632.54,QST,1,QCD,50TBRQJIACKZ60ODT,batch-20210511-35,NOF,651.79,99c860eeb9e7367ec6c65cbfdba3ce0eadf44613ed8b9e8e5849dbdfde415b5e,791.6,Robert,2277.1,9830.6,Step 3: Monitor the module.,5.3.53,Mixed,311603949,982.19,5.17.76,8351.0,ValueMax,WNS,W64CFFZIB0WYJ6FGL,White,0.7.74,NAON4W9RTQ8EQHQEY,This record monitors transaction histories.  The customer account includes customer interactions.  The service manages data processing activities.,J5K0X6LAVR1ETMSKL,95.9756,min=6158,Z5MST54BJ2MR78WQQ,POAEH,OOO,XVF,1889 Main St,103,QZM,7223.0,GYRJM5HHIJDAZTJ2K,BOJ,JAE,887.06,Neutral,OAN,JERYVHW6IOB154QQL,Germany,1617.3,831.58,PQ3255GY1ADC2YLZK,9717.4,1861.5,662.35,UGI,AKV,"2570 Elm St, Denver",8786.7,5045.2,954.95,23FCE16DZX8J5TWVH,WUPEX27V63L92H9UI,586.82,563.7,PYE
729.22,4AASVQ7WQCBI12KV7,EE5FR5ZE6EXOLJGN8,FX62YNQM27DZNW757,531.98,Antarctica,533.55,2019-02-10T23:21:05Z,W723X0H6D32TNA9EV,ethan.brown@yahoo.com,UTF-8,523.04,332.51,FMV,true,SDD,5ZR62PM0TPEY90LCA,batch-20200326-77,YOV,693.94,8df761ec930fc198ee4ca421725247024464a76e0512a8f1e1a8419c29bdb45f,569.58,Patricia,43195.9,2294.7,Step 4: Configure the module.,1.18.70,Neutral,093003550,965.59,5.19.77,5934.3,EcoLine,HAJ,IZOA6X73BU6NRGSDI,Black,0.10.8,FEFPE60DXA8ASBE6K,The service represents compliance records.  The service represents compliance records.  This record monitors customer interactions.,TARR6ASUJ898PGIJ2,97.3944,max=7945,OXJDKFX754DI7Y40U,QGRVR,ZQG,GSC,8638 Main St,65,DXE,1196.9,6HS1VG31Y98J2KGF4,UWF,DCO,84.44,Positive,ANH,LBSKHTWH1LIPAQEAG,Mexico,7316.4,483.78,Y0F8I95DIDNAP73RX,6497.5,1656.9,34.91,QOC,LSL,"529 Cedar Ln, Tokyo",9493.4,6300.2,758.72,IZAIXGMNVXZWQCNGF,OWBB7LII0KIVXW3J7,606.01,327.88,EGE
643.48,PVO7YKFZ16HLUZ4DV,QYKIFXNCTG25J3D16,TRQ2U6VSPD91D636Z,372.14,Europe,123.16,2021-01-06T07:07:52Z,AEFJQG96BB1FKYBRH,oliver.rodriguez@gmail.com,Latin-1,272.04,471.69,TNR,true,GPC,SZQH8ZC3C8T2OZ39S,batch-20180508-10,HGW,326.54,59129e7c49e1924914a519fb80132eaf55daa72dd594165559aa8b3dc760e879,426.47,Aiden,42675.9,2420.7,Step 3: Verify the service.,5.15.95,Mixed,503350250,938.58,4.11.51,2218.1,SmartChoice,TFR,IIJFO3YMI2WSQP9N7,Hispanic,5.12.94,X1IW2YNQJKC1ZXJ2B,This record tracks compliance records.  The system monitors customer interactions.  The customer account represents compliance records.  This record monitors compliance records.,Z8C8LMJYVN372SNDP,99.8912,max=1073,IY3NF9NSH84H3LZIP,ZBQEA,TCK,DHC,8273 Cedar Ln,56,MBD,5557.6,DW6PA4XFY8T8FB4QP,JUH,COC,186.15,Neutral,OAL,Q1UNV7KW8WL4618QA,Canada,4470.4,440.38,3KCJGT16U7DYN4WSJ,9654.9,747.6,631.43,RIQ,AEE,"4110 Park Blvd, Atlanta",5688.9,6193.4,503.3,802RTZOIS6OKIIX2U,S3KPGGPOVQRPBD7J4,421.68,397.73,ICO
300.1,T6MV4EW8EIG3DEUIR,GB7D54G57Q86AHQ16,KPCUIEOEURA6PCL41,373.69,North America,411.42,2022-03-21 19:00:41,CQGGV1CQ5ZEGBOEKV,richard.king@gmail.com,UTF-16,304.94,851.7,TJZ,0,YQG,WVCSWARIMDA2L7AIC,batch-20230722-73,DBS,310.24,b12fcdd6018082d02506e2ce615d313a9cf9d1550fb0ccedf1d859e281d80567,264.23,Aiden,45923.4,5016.0,Step 1: Configure the service.,0.9.15,Mixed,090840722,96.4,2.15.27,4155.1,SmartChoice,AGG,XXWL6J93KEUDLZOB2,Hispanic,5.6.45,YCUFOJ042M4W9FBVR,The product includes compliance records.  The service represents transaction histories.,QNYVKNZZK2N06J2EU,97.5994,min=7992,AS6NFFE5KBXVRUDQJ,EBEDP,LJL,CGG,4224 Elm St,34,HRU,9853.0,HCAAHY55FA1SCTBU2,JAI,NYX,938.33,Mixed,LAS,A3ASCEJLYG1FSOCJ5,Netherlands,6715.9,672.54,DE26S44ME9NNFN37Y,9369.9,3249.6,984.64,YAG,ILY,"5036 Oak Ave, Phoenix",349.2,9469.4,795.4,5FLYRSPOTUZ0NG8HL,AWH5MWP55BBO1CLM7,778.0,12.4,HOC
131.67,RDSIHMB13L41GNDYM,D2LG9G519YSHH9OWT,1U7EQT6JJM1L9T0IP,426.49,Antarctica,236.51,2021-09-01T03:05:49Z,IJOCYVNN4O57HTE7E,jennifer.walker@gmail.com,ASCII,100.61,418.43,EGD,no,UKQ,XY2UGQ679I7ZCYTR3,batch-20211204-78,JHT,898.03,498adfe96263156da4b29c9572d3bb7bba7b9ef951d6ea2ad93c75122d6c9692,997.04,Logan,12332.6,6500.2,Step 3: Initialize the pipeline.,2.6.1,Neutral,861729598,953.59,3.7.26,1906.9,EcoLine,YGT,0169ODOGZ3FDMLTWG,Asian,3.19.7,F01U4D5VDQ7CLO8O2,The customer account manages data processing activities.  This record represents transaction histories.  The service monitors customer interactions.  The product includes compliance records.,QY2U2NHP273NYS5ZY,97.2193,crit=7051,LKY151TETT9V9RLVG,JKHP,VFX,AZJ,5097 Pine Rd,22,OQK,1276.0,Q87D2JWBDT9ZNIVI6,IHM,XJI,712.19,Neutral,JTW,O8FKR0EEOQW8UU7FC,France,1719.6,839.25,YILG6IE4JJJCP8UAA,9605.4,217.0,479.7,JJY,ZOJ,"8655 Maple Dr, Sydney",877.7,5355.9,235.43,7RSK2IKHHO6KXNDKD,6WRL53E9YMIZKZX45,364.85,357.06,MPD
141.32,MPW5KEUCGCEDFCG81,JYWL2VNZ2JPYMTW38,HQ4GBPOD3HB8FOAVB,705.31,Asia,846.55,2021-09-14 14:51:20,2TL9HP2DBMLPHKHTY,logan.rodriguez@yahoo.com,ISO-8859-1,166.12,270.53,BHR,true,RZM,22XRBEMACRHFFSXTZ,batch-20181223-15,MYT,762.71,ac6fc1d4804d00d304f551aca7e13bbd8cc0aeff4b31254183f9f9b5ad9fffb1,640.04,Sarah,6374.7,2315.8,Step 4: Monitor the service.,3.16.76,Negative,711578182,936.53,4.14.62,649.2,ProSeries,JGI,IPMKHJYHZFTYE8BHF,White,4.12.14,6XJRIDEFYM4G1916O,The system tracks operational metrics.  This record tracks compliance records.  The system represents compliance records.,HN460FNQZWKJ8Y5QP,95.8508,warn=6141,1U4C966IY93I36HCP,AJ,UMZ,BYC,994 Maple Dr,19,GKF,4898.8,4PV629G7B2VRGYS0Z,HXF,CLF,823.52,Positive,BIC,48PXNX3ALCK1Y02UU,Japan,4562.2,810.28,2AGN7M03XG9BCEHPM,5293.5,4002.6,158.47,SUO,LUV,"2290 Oak Ave, Berlin",717.8,5885.9,439.42,7X69P2QI0A07JU2P6,ZWNY84LC8DY3NJX8E,853.85,465.02,GFU
73.01,4U5UQEY30C61EH6U0,WW6OZMSP5NADQC6T6,WLMYTTHCYGF2RZVI7,766.1,Oceania,937.18,2023-01-08 20:10:23,EJBDXX71N483RWUBW,richard.young@outlook.com,Latin-1,911.15,897.28,ZFR,false,VLS,WVA3KUD0V8KJV1RZN,batch-20190112-28,SMS,407.74,be96fc27f11a9616c1c5e690d54a9bb3426f29c0152b5e45ba85c84c3798f4bf,237.81,Patricia,5204.0,3782.2,Step 1: Configure the system.,2.10.55,Positive,841064367,380.05,5.1.51,3959.7,ValueMax,TCE,0NKS50KWW5S6E0FM2,Other,5.16.37,PAKBL9QBGBRAJGIVI,The service manages data processing activities.  The service includes transaction histories.,YY6DOZENMCN7WNDTA,97.2956,crit=9177,2HG1BFWNF1IXFBKUP,DPY,EZS,BZH,2265 Elm St,114,JST,323.5,NJQ9PPTHESEU43FIV,DVD,VYY,485.42,Positive,MCH,LY1XFHPRHI2CVSVQL,Australia,6233.6,812.75,A615H72D5HLW6DV7W,4446.9,8915.0,353.35,NNO,NTD,"4716 Main St, Chicago",7682.0,8677.7,299.96,ME8YS3O611QIF7630,CFAG5USNTBF0YDYD9,22.72,677.62,OLJ
482.16,JYUXSMKXQNQED58MP,BODMXGBRWI3RE03SL,IX79H8BCKX7W7NK2C,825.56,Oceania,287.56,2026-11-08 15:31:59,VCWALBS3CEZ6JBPEI,aiden.smith@gmail.com,Latin-1,928.26,517.35,IUY,true,XPU,JL0NFHY37B2JRFYHR,batch-20210701-82,GPY,324.54,275acd0d8d208d8a5ed6dd26cddf1648b69e3f3b4516f0e51a5392197c340526,118.88,James,47774.9,7430.4,Step 3: Monitor the module.,2.0.16,Neutral,433625504,555.88,1.20.71,8646.1,ValueMax,ZEP,BP4NWQ1QJAG39FCP8,Asian,1.13.55,IWK4KXMEZOGVAO6SF,The service monitors customer interactions.  This record tracks data processing activities.  This record represents operational metrics.,2XFTAW8DGTX2C6IV5,95.6215,min=646,CO3D5V8XGGKKFE7NJ,EYN,OLU,GSQ,2502 Park Blvd,114,AUO,564.6,RT7SA42V8KM6C3050,CER,PKA,794.01,Negative,UKH,SDGIQW73UB3OQEZB5,Australia,6440.1,40.59,WP0Z68DKK2F4YI2I1,9708.8,9058.2,789.89,EQN,YOX,"1020 Maple Dr, Atlanta",3530.1,6836.0,621.96,4HEBHXITYO6WP1EDG,JF6YHCLNK4MTLVMPI,726.26,653.18,DNK
345.11,UDV2DWCV56ITKE5AZ,OSL48TKCWQFDNV9IU,IFJ2PNF7D6GNB9FP9,190.18,Asia,643.7,2023-09-22 12:02:51,42R9KG10450EANMTA,susan.williams@outlook.com,Latin-1,374.69,18.13,YTV,0,SHB,JGBMDMND701YDY8GG,batch-20221209-93,ZSG,551.54,96730089103f122b51e55027d1c9b6e377c8a6668b129917c2d2bea84c82de42,278.01,Emily,43846.4,5825.0,Step 2: Configure the module.,3.20.76,Mixed,943195419,724.09,2.2.8,4563.9,ProSeries,WBC,VG7V9CU2IW30ZJQN0,Asian,4.12.58,1DBGCZ2S46YHKBLIF,The system includes transaction histories.  This record includes compliance records.,8O7DMBZUJ0TE3V59M,99.3703,crit=785,IZQ0MYLY6B8P4ZPQ3,HK,UWX,HWD,5035 Oak Ave,115,UIB,4207.7,Z8005MZR1XFYFL23Q,WNC,VNC,33.59,Positive,GUE,U3QPXVOU312K41FV8,Norway,4750.0,742.63,CEOOP9HJDUIX02XB8,3312.7,3173.4,511.86,LOV,ZNJ,"129 Maple Dr, Berlin",1762.1,8650.9,986.69,X9MT1BPMLYC2RX326,NDZ10VDRS230AFTR5,492.34,226.31,GYA
951.51,3A8FUXTY5I7P1382M,AB7U2M2KYYYYXID58,JVVIHHL0KZPC68WSV,313.92,North America,317.01,2023-02-23 19:15:16,WHI6JMYYDS742W44Y,sophia.lee@yahoo.com,UTF-16,237.33,127.32,ZHV,false,JCB,UXBG76RSTJR3C23ZG,batch-20240221-16,QYV,527.78,48c767feb9d290dcc814e0996f387633884fafd057f677ba6ad2089b3a17aad4,226.81,Michael,39856.1,128.8,Step 1: Deploy the module.,1.10.80,Mixed,984872131,216.83,5.6.58,4668.5,ValueMax,YYT,VCZW1B12LD5CZ8JB3,Asian,1.4.44,HJG04R9WG8REDQS0G,The service manages data processing activities.  This record includes data processing activities.,HGH8QCZG2LTMEO5SM,98.9113,warn=1432,DNN8DB5CUX5ECSQPP,YNHYJ,ZLA,IZE,3199 Maple Dr,82,UGN,2046.9,Z67IWKIVW3DTKOXIM,ORE,BGM,493.52,Negative,IZO,NRC7W3PHD1Z1VCFWY,Mexico,523.1,188.81,R1CK7HJQWOUGQO6UV,3163.4,7494.9,299.85,TES,OSH,"6642 Elm St, Los Angeles",3734.6,1447.1,501.16,7GEXLL97TLS5B1R0J,NKFQ22HZCY29K9FHD,961.53,734.71,CUW
508.85,QK52CDYXBIB1RSONT,NRLM5N6KSO82I338W,LVGIBLVUI01GJF2RQ,289.08,Europe,509.51,2024-01-06T08:29:41Z,F5L65UM3V55WC7ERT,linda.moore@gmail.com,Latin-1,626.51,807.65,QOB,0,IIQ,HMYIM1HG252KDHEAV,batch-20220920-39,GLW,606.51,3fbb3268ed22cce4f048e3118c05a1a029b8212ff021c6d42d468d7e501ff9bf,897.72,Amy,20774.6,3036.3,Step 1: Verify the pipeline.,5.3.96,Mixed,873979009,163.77,4.2.4,8906.0,ProSeries,JDZ,P4H8JTVRUWQPEDORX,Hispanic,4.16.13,DUEM6KW85Y469FSRS,The service tracks transaction histories.  The system tracks data processing activities.  The system represents customer interactions.,E6NWMBMA23EQCK6CT,95.4026,crit=3791,AOMRT79910ZOLVAU1,KOX,IWV,ZMB,5887 Pine Rd,118,SDN,8026.1,ZFXHPPRA2XE7IXFTS,ZXY,PMM,310.06,Positive,XCW,B97O2WV5NM1UWQ109,Canada,6775.9,581.25,TXO2O2YMUPWLWYWBZ,2512.9,3328.5,324.53,UYS,QZY,"5799 Pine Rd, Atlanta",5939.5,7263.5,248.94,I5JAVVCYBS6OLX5QR,AL7Q20SLWKKEDZLZ6,226.55,301.53,URT
396.52,5L90RDBDFMIHTODS9,81HJQ0G7Y9SBZ9Y63,1TWW9UI6B5CHKXRA8,722.34,Europe,211.25,2023-03-17 09:36:41,IJ924DLVW96RPF6NV,logan.lewis@outlook.com,ASCII,460.68,334.63,SWB,true,QNC,52MNQHEC137OKORVN,batch-20240609-65,YVI,862.92,3545fe547b586a874d4ebcdad99cd5cae6d1ecc50ea8f9c5b9f5f912abfd3e92,258.55,Aiden,25200.0,4863.1,Step 3: Verify the module.,0.19.90,Positive,522107391,101.99,4.3.70,1620.9,SmartChoice,GQT,U9SF0HDXDQ223KPLI,Black,5.10.49,NEMGRNP02YR8GWQZH,The customer account manages customer interactions.  This record monitors data processing activities.  The product represents operational metrics.  The customer account monitors data processing activities.,BE7FALZ2SAIMERZQS,99.1177,max=6863,0FJQ9FAWQV5KUE9Q5,XOFI,SHU,DXP,5375 Cedar Ln,63,EJU,532.4,RGOAE762EB8ESXGSZ,KHO,HCA,896.0,Neutral,AAJ,1TVFNKFVEA3UTKAHB,Australia,6483.0,409.73,U2JJCBJIUH78PGCNJ,8115.2,8893.4,51.09,HFX,HCM,"574 Pine Rd, Berlin",4142.0,144.9,185.88,UQUW3XO9R11Z1SDKR,QI2G586DXZYU7KQIP,434.28,818.4,BNC
593.31,DXEO03D7GSU3YXJ9N,NX60LWQCRK0GJN8Z3,YGCR23I4TGAGRW7YL,15.9,Oceania,99.08,2025-11-01T03:37:40Z,K39Z5KLEWSIZPRFNA,william.williams@yahoo.com,Latin-1,468.26,839.7,FWG,false,RXS,09MVS5I77NWGBUGU0,batch-20230630-44,AXP,769.85,3c9c7dbaf714cf83c3d5fd80aa5b50b85b128039d31fc4819662b89226cd3395,206.67,Olivia,43809.6,5738.7,Step 2: Monitor the system.,3.6.7,Neutral,655029722,369.82,1.8.72,8730.5,TechBrand,EVZ,SZA4X97HPFIFWTM8P,Black,4.4.29,ZY44VC6LO8OA4A5I3,The system includes operational metrics.  This record includes compliance records.  The system includes operational metrics.  The system tracks transaction histories.,WT2PCD324431EE79R,97.0198,min=9388,ZIXBO7Q2BSJ20A6T1,TAYBK,TGP,KLU,7952 Elm St,49,PHU,6158.5,ZML5LGBK3JIZTKRXH,XSG,ZIU,851.45,Positive,YKG,FQJZ2OIJ669UH8V2V,Japan,6477.1,462.87,MDPRVAP94N9HSZMFE,9277.0,109.7,480.03,UTZ,INH,"8203 Cedar Ln, Houston",6332.5,5062.4,96.19,4XGR89G7PDV0U0MCE,CH00MBOB16CZ7TW7B,707.36,207.31,ZPT
678.84,ZD6J3FA3NJO96KF2D,PBZS858CVZ5P6FJAR,ZCPFUA8TFBY8Q24IJ,662.04,Antarctica,711.9,2025-05-14T20:39:22Z,VJJNKYKZSOKE8WVXC,harper.taylor@outlook.com,UTF-8,836.13,502.96,PSX,no,QVM,R0VRIS73D40G0FE2N,batch-20210719-67,OYY,286.88,895388bfe2576b0f8c7b9f3a394693a9d500373527e59dd3ed075dcdb8dbfd7b,371.65,Logan,41796.5,363.3,Step 3: Monitor the system.,0.2.79,Mixed,407241256,373.11,3.13.61,8263.7,EcoLine,XEY,6QOTF7DHA6W21AC3P,Hispanic,0.11.17,RDUNHK1GMR1SCZQSK,The service monitors transaction histories.  The customer account includes compliance records.  The system includes operational metrics.  The product represents transaction histories.,7K28CVZAXL68L8NOK,96.043,max=7263,BPF5215T241S8240T,TYVCF,FJO,MJW,9463 Main St,18,EZJ,4103.0,5SGTPO9XG3BTRJAGO,ZVA,JDS,725.82,Negative,OZB,Y81ODR4DNTQLG9AFW,Spain,4752.6,102.16,TKJWKN3GZRAAJMA16,8061.1,9617.0,414.39,VTY,VEG,"2661 Elm St, Phoenix",9096.6,5680.3,628.09,KU063UZB0R17T9E6H,4B7EPDGZQQP3BLCJ8,437.73,85.12,QSV
723.46,YME6KGIA98XWEFHEO,YC17OQWXSENUFLSN9,7IUC8ERJ4FGNDTRJJ,4.4,Oceania,70.15,2023-05-27T12:16:01Z,PI9YVZTNQ0G2YOW1K,robert.jones@outlook.com,Latin-1,59.58,442.74,MYH,false,BMC,0KTFXCSBT9BTAL9FK,batch-20250913-13,VHZ,443.54,a9a812e509ce6bd4ea7dab1bc64d2824abf076e6ad55fd816ee529680649a3c3,525.76,Anna,26412.2,7568.0,Step 4: Verify the service.,3.11.14,Mixed,162582459,682.53,4.1.70,4564.9,TechBrand,MDL,ILFUAPBOSNF1UE0M4,Asian,4.2.17,LBR4HDCUDC1QG36DC,The customer account tracks operational metrics.  The system includes compliance records.,NBXX7EGVB95BA4S23,95.0592,crit=4617,EGLM8KLI9YVRLDCEX,QWIN,ZFU,TLU,5338 Pine Rd,107,QVM,5018.6,55JXBHJXPAFR0WIRY,XIW,HVS,718.77,Positive,RHN,TVU32TTUG65A04I14,Italy,1187.8,685.83,8C52KXU35G759LWEQ,8179.3,6909.0,751.53,USU,XDE,"3724 Cedar Ln, Berlin",7829.0,7641.4,667.34,TRUJA0Z9SHVX1EPBW,RDCICFJPH77NSSDET,947.06,211.38,POB
553.42,9WIZHC6XVJWIL5D86,AI6F39JLO5HJR9H6F,TB2WR9VGSXO84CT5O,200.78,Africa,503.61,2023-01-09 01:14:23,PD6UP2OKOJO91OGK1,noah.garcia@outlook.com,UTF-16,679.68,830.34,VRT,true,WRX,GBWWZV3DLIR9IAJ8S,batch-20230102-52,NPR,708.9,c796959913ffd1b4357f5e0462d80d342e0569a820dd67e49a8306ca4a92c45a,825.25,Aiden,20529.9,1379.4,Step 1: Initialize the service.,0.10.61,Positive,934638271,807.33,1.1.1,4924.1,SmartChoice,GQJ,QS6FBODAJIE5W5ZOM,Black,4.18.24,JXNZX4AT68NQOD6FJ,The customer account tracks operational metrics.  The product monitors customer interactions.  The customer account represents transaction histories.  The product tracks transaction histories.,XV8KZTDBP2WBSBZVK,95.7356,max=7826,6093GN0JMUQBVLAPI,VOWV,QNN,ZMY,3217 Pine Rd,45,YEB,5228.9,VDXXX20DTWD1LUW6W,BZH,CCT,849.48,Positive,SKM,ICMUE3TV6LT5CU71X,France,8218.1,992.68,ZXGSLT9EOWID1EM2Q,4215.7,5240.0,848.17,SDD,OLQ,"7082 Elm St, Houston",5689.9,843.2,287.97,RR5ZDVP5599J6UTE3,ET7346IWZ4SPQBBP6,83.05,57.65,ZFF
553.34,7Z7S5JJNBZ96E2259,SRKM33QCZA6DKR07H,WVN5GXLZ94ZRF9OR7,304.91,North America,824.32,2021-11-04T10:43:06Z,FHDANRZ3SEADS2WGP,linda.rodriguez@outlook.com,Latin-1,308.23,209.53,GPE,1,ZDR,5V7UB9VB9H5XQRXNX,batch-20260623-89,PKZ,647.63,b0658b7ab69aac93005004a1d1b70cee9010e35c8148797fa34fd580d2df53a4,476.69,John,8610.5,9394.7,Step 3: Monitor the pipeline.,4.7.3,Neutral,191442548,383.38,4.5.81,7055.4,TechBrand,DKL,9HHAD8ZR828KGRQ5M,White,3.14.72,26P07BNUSMOFXHH3O,The customer account tracks operational metrics.  This record tracks data processing activities.  The customer account represents transaction histories.  The service monitors customer interactions.,YI6QUS7CR6XPDM6DD,98.4485,max=7072,GI62X6FS6S9OVFHJK,CPWYH,OQX,WLS,1227 Pine Rd,84,ECP,2967.6,HI7643HE1J0P55091,HTV,SIJ,445.95,Neutral,VLR,PD9JS6UMSRM0IXK44,Israel,9455.2,771.38,7X0CK9UPMW1UCLEA3,1899.0,8202.3,868.95,IUM,RED,"1534 Main St, Portland",8894.1,8413.6,634.02,0I19B7NRG1WC6AFR0,0XSGGNZBZNS7J7X64,210.9,635.97,BXD
828.91,YUP91PGD0Y5JT856L,U35PFKKZGJQ5DAGYV,CP8TVCXIXKOPWZXHG,82.94,Asia,426.06,2024-11-26 02:38:25,N0HVRDGJ57CBOQAE3,jessica.thompson@gmail.com,ASCII,343.67,420.68,THK,1,JNI,9SYNG2S07WUMRFN4L,batch-20201006-09,BQD,774.82,de4b4680580758b68fa830c96a84faeded83fea29875daf1405ef2d4e8028d53,730.31,Sarah,23620.8,1137.7,Step 4: Monitor the system.,3.20.3,Neutral,689941103,560.88,2.4.86,1299.9,ProSeries,OIE,4J04OCO2V06CWZ8ED,Asian,0.17.70,L2TT5P3AAJHZ1KBL4,The customer account monitors transaction histories.  The service manages transaction histories.,G48FFQNJ94AR5WQUA,95.8067,min=2864,OLYS4N4I71U9RVE5N,KWT,PIG,LHP,1880 Maple Dr,67,UCO,2470.8,EZGED77YHNHKSPLKZ,PVG,TPW,102.27,Mixed,PLX,H82JCL8I8C3D70KBF,Netherlands,126.4,480.66,FGPI5FXGBMFLVZYDW,5687.4,1832.4,577.1,BXP,VHH,"5053 Park Blvd, Berlin",1105.4,1986.5,73.71,87TP8V53F4PBUKRJ2,099X5WF3E1XE5NQ4M,75.02,382.34,VUI
389.14,4F6PBJRACMI0JGABS,6USPTU5XHWQHVIASR,EJ7EEETF8VDQGSWK0,354.49,Asia,660.14,2022-09-07 17:30:56,K2TII58AKU41UO4P8,david.martinez@yahoo.com,ISO-8859-1,484.67,247.69,JTL,0,CEG,XP8GJOUG4CXYZAQ0U,batch-20250710-55,HKX,575.45,40ae24f14e443c92deea9a3ad8cab70d78a564df7ab7c1429087bcf6e53b3bf4,168.44,Michael,25047.8,4547.1,Step 1: Verify the system.,0.19.59,Negative,566570789,166.13,4.5.9,3878.6,ValueMax,JIE,JNOLZES6X71PMMB8B,Hispanic,1.19.35,GQQXOUAT6IGOEPYGC,The service monitors transaction histories.  The customer account manages data processing activities.,DDLZJISKQRD9K10CK,97.5704,crit=7199,6EFYN8SSGZGFO4KGW,KZ,XND,PAC,5905 Oak Ave,55,SYU,1346.2,8OKLYNRLVGKDOE9FU,DSN,AMA,219.47,Positive,ARE,54KVENMNGW59VNSVN,Spain,7273.9,819.76,LCIFEV1GQABSK6BRD,4064.4,7385.0,916.89,BRB,WUA,"9710 Main St, London",1562.4,2837.6,530.4,VVZMB4J1U0631SRFR,KI3RRRWPU858XGB07,126.75,68.6,SSH
601.87,FQ8W3FMWU1QLXYBHG,1FWC5GHNUOHRWFG77,TNMREH0LDTAZPSZ1M,772.16,Oceania,561.04,2025-09-13T02:16:37Z,G6QY0IGSAAQ2GPQNO,susan.martinez@outlook.com,ASCII,954.53,778.3,VXS,1,YOE,PCWXVM84642I8S1LV,batch-20190416-33,BEA,161.15,86d181c20b49ccf1cb0ea80d379c6802c4fb4e9ec37271267225d9949245c257,850.29,Michael,6427.9,3211.9,Step 1: Verify the system.,3.6.55,Neutral,311844177,733.02,2.13.76,6134.9,ValueMax,GPL,QLU2GM2B8VGO06NOH,Asian,5.17.57,5EM9XKQCZLGS8CLOZ,The service manages compliance records.  This record represents transaction histories.,I4O2O92MUPSJPW504,98.0338,max=5800,P2WRSLY06DHWGAQ9S,LWT,THZ,RBF,2106 Oak Ave,9,FQT,6684.6,QJWQNEF8M90H3Q3E7,OFJ,HMU,113.93,Positive,SUU,KHWTV68ILEMDAHFP2,South Korea,5299.3,39.22,MRQS5MM5YHO4XVAZ8,1858.0,966.6,223.66,BSO,WPB,"9443 Park Blvd, Austin",1838.6,1410.5,701.58,Z5IFD0A7QCNCA2VK1,6IH7LE4MDX346M4DO,369.6,384.98,QBH
802.63,OKTJHLFSHKFQ1IQT5,WCA5VW5RCGH1HIS2K,J81N2QSELBLHQTNFG,423.85,Africa,755.1,2025-02-02T23:46:47Z,0DY3YSLBJS84GU2T7,emily.smith@gmail.com,Latin-1,752.29,109.85,CKB,no,JAH,27EES91CMZB3NB9TF,batch-20180825-19,KZX,787.44,cceacf77ed2bdba9959d2a73f48b3e1b0f9263f047e2027fe33e96a81051747a,567.08,Patricia,36225.1,7527.9,Step 5: Initialize the pipeline.,2.16.95,Mixed,280900973,408.09,5.13.19,6178.7,ProSeries,KTK,VCOWW2DJCOD2UK4NS,Black,1.8.85,1NRECPPD0A9YARNTL,This record monitors operational metrics.  The service manages compliance records.  The system monitors transaction histories.,95MYYHN9AD5A9JB28,99.4071,max=265,SCVMK6GOOTS0J0JXL,DAE,HRC,YHO,271 Cedar Ln,85,IYY,9631.4,MVAKE0525G846XIH5,VIM,VKO,946.0,Neutral,DDG,6NRERQF0BXU14P9YW,Singapore,3012.4,221.8,MMQGDVZ53ZH2CZSF5,239.5,5209.4,676.73,TVE,RAW,"2111 Elm St, Toronto",128.6,1621.9,628.72,69QOASQB3DKVKANXU,7L1H6UVNXTCZ69H4N,232.98,336.44,KCL
61.57,JDMW4DDIN73GOM3BY,CWE9KIPXM77SQPT3Y,GTXWCSCSRX6DCK6VC,327.15,Africa,531.07,2025-01-10 14:04:24,H79IDB937I0DNYQBX,david.anderson@gmail.com,UTF-8,379.22,434.57,GCK,false,SWS,OUP872UJSMBF3HR7G,batch-20230821-56,DFK,786.72,5eb31f419b30fb90311920f4e0a3d354926a9e54f9b8bba82014e4c361b284f6,633.53,John,45231.9,5352.1,Step 4: Deploy the system.,3.1.43,Positive,302042942,700.61,1.20.87,7897.1,ProSeries,HUJ,BB61HHHJD7PH59FJB,Black,3.8.52,9QD5ZT60YZB70EBKQ,The customer account includes compliance records.  The service includes operational metrics.  The system manages operational metrics.,BND3KCXZXDQC86ZJI,98.8604,crit=2477,ELPVOXXRMLU09M8Q2,KHB,PJJ,NHH,3576 Oak Ave,118,MVR,2275.8,E5LXQ05223T3CHWVR,LEH,IOJ,617.41,Mixed,DPT,XKZ41HDC0630MV0QH,Mexico,4415.7,320.2,3O5MDBPGVT93BEOKL,95.2,4971.7,45.64,OJQ,ZCA,"3180 Main St, London",1524.6,7524.5,806.86,WU948NC4GTSZAN8O7,PRJPBUITDOQTB3I4U,943.11,206.67,ZDS
497.62,9MIDW7BXPTJAI54IX,J5TD4M3RLK0JN3QDJ,ZH3OI6E8S7CMPJI4P,83.14,Oceania,361.08,2025-01-22 23:38:58,TQ10EUX73EBDK00TV,emily.robinson@outlook.com,UTF-16,184.88,777.64,IDD,no,ARJ,CH0SBGY8VXFCCV59F,batch-20251120-55,TES,283.49,c30d81db5f4b5a1e1237374abb135b2f99101d40f99066a9ca15c924c7bad19e,216.84,Sarah,33799.8,2638.7,Step 2: Deploy the module.,0.19.89,Mixed,968196171,492.68,3.19.31,9766.6,TechBrand,XTO,GTR75JD780G1BYBR7,Asian,2.6.98,D6Q1A221AOE1IEV97,The product manages transaction histories.  This record represents customer interactions.  The product represents data processing activities.,GE3ZCF305XKQXUDTB,98.6249,max=1389,6C0110Z9YINBTHC1V,CS,SWJ,OGR,2165 Cedar Ln,114,AEB,7405.4,TUPGP82NJXFJRHQ0D,PUD,VAU,442.76,Negative,ZDR,GH23VSJSJ9BDDOSJA,Sweden,8887.0,828.65,45P3R17Z9UJQ2EI6D,3806.4,4922.5,600.75,MFO,LNE,"7580 Main St, Toronto",7914.0,4034.1,666.35,CYJ06PAM7H9DY3O4G,BU542751K9BBZ7TAR,35.14,817.76,AHR
104.26,TU9ELVBMPPSNES8D9,JOFGU6FOM3IBCH2JN,QW9SAUCJZ6ORJO8MM,384.73,South America,771.24,2022-02-08 12:40:39,B17CXYCWK603NJKFJ,emma.thompson@outlook.com,UTF-8,571.59,467.12,CML,true,DFK,1EJR080Z7P1FR8DON,batch-20180725-70,UPQ,997.56,c85ea49befd9a3800f66bc491eecc9e2d2654e24148a7557ac4502d5bbd1f417,154.53,William,23059.6,142.0,Step 2: Monitor the service.,1.0.88,Mixed,854199266,783.0,3.8.49,9441.8,ProSeries,BBS,BXKIGQL6IB6GW8YWD,Asian,2.6.61,B7YA6INZGNYHU1KUS,The customer account tracks operational metrics.  The customer account represents compliance records.  The service monitors data processing activities.,M57BOHDOAFW76LFTA,95.6958,min=7270,7MGVU2AIZ3SJQQPA0,CRX,RVZ,EWB,8268 Maple Dr,103,MTO,3821.7,YT3DUCHD4T5CW05OZ,GXN,BCY,985.84,Positive,EKL,ADXGOU5P3LPI52GJ5,Sweden,7921.0,322.49,51RZR21S0UPW8RTFY,9468.5,3830.5,26.8,GWH,DTU,"6171 Main St, Berlin",6447.3,7095.6,528.67,8LEDMGJNK5K1MQZ5I,NSSC68MHMHZTTY10H,706.94,979.82,HVL
802.06,IEQFPF54E70UZCNA4,BOOFH1LI1KSKK8ZG6,W3XPNMNA1EPVZ8M2T,17.91,Antarctica,12.97,2020-06-15T15:22:51Z,V5XPFTIHDGTOPOEOD,sarah.rodriguez@gmail.com,ISO-8859-1,768.76,932.29,JFU,1,WQH,HB7SAQH7VKMJI7H24,batch-20181126-87,LJJ,887.83,366b17cafa4c24bd11a9a840e833382c7ec7ae45df7ff542f530dfca0061a80f,921.19,Sophia,23102.6,1261.9,Step 1: Configure the system.,0.6.43,Mixed,457618752,668.67,3.0.77,2014.6,ProSeries,SNL,JSTXTTQWJHRTGQLZT,White,2.20.98,GEHBASNG96UMOMW1B,The product represents compliance records.  This record represents operational metrics.  The product represents operational metrics.,UPC3MMBL779QH12ZN,97.4746,min=5239,VEI6MYYIJLO47CDOK,HDE,YCA,AZZ,9768 Main St,24,CTR,7489.5,O7HT1LTULTX8LNQU0,MGB,IZV,267.73,Neutral,FDD,BSY2Q3N1FVHCREMGR,South Korea,1248.2,804.2,I1MDAKIIBRL6FQKPC,2100.0,8830.0,26.15,GPA,FAC,"6601 Park Blvd, Portland",8544.1,877.9,344.01,W02R357AHBCCC2TIP,Q43LLO5N5DSA52QII,369.9,430.2,UXX
891.02,N35NU92SDCJLVXYM4,YKRAES0THUPQ92IZG,GYPQX8QRJWIP1B0FO,61.49,Europe,278.72,2019-02-01 13:54:34,XN94UELWBS95P6AU4,amy.lee@outlook.com,ASCII,562.34,634.93,VMZ,yes,CHO,360J35B40FAAYLBXH,batch-20250307-29,NRG,797.44,1f4742c4186debfff2056ae0e1e66875f4a091f0d28545cd1f9be524aa74273c,403.13,Emily,10373.9,910.6,Step 3: Configure the service.,0.6.68,Positive,956664415,744.12,1.1.65,5040.4,EcoLine,GEU,60TIN41MBO1I7DDP8,Hispanic,4.15.98,J91VU33URULHEBPG9,This record includes data processing activities.  The service tracks data processing activities.,V4CO44QY1CFXH5AVK,96.576,crit=5134,PIY3MOM113ESDG8QY,SXSMQ,GNB,LLV,8566 Cedar Ln,20,AEX,7472.4,UA9Z4GC0TD7IV6DU5,BHV,GQO,971.36,Negative,QVX,8Z21ZMG67G3LLPCRR,Germany,4735.9,328.91,R4122HJP5AZ9APCGR,4080.2,1552.3,674.44,LBV,ZUT,"5633 Oak Ave, Tokyo",1174.2,3424.8,558.69,KJOW246VE9R0TFACU,5OB2EWXBK3FRQWKZ9,211.14,238.76,QVE
958.55,JUAT0AD8L8ZQDJRDS,YBR0Y16OW44VQQEC1,HYDZGHPMYJHQSRQL0,439.8,Oceania,324.44,2020-10-28 09:24:51,7HSJ2N05X1H6NWKCX,emma.walker@yahoo.com,Latin-1,65.83,437.02,XOJ,1,EPE,CFVQCYTG8EX93K81U,batch-20240627-29,PBI,241.01,7eba43ae2437f9566891b12638ee187f5c804525cbe2b059f98c7a0a187909d1,274.86,Lucas,32950.3,5904.2,Step 4: Initialize the system.,0.12.48,Neutral,070695223,808.16,3.0.85,6310.6,ProSeries,FNF,22X10B1PM29SF679A,Black,1.17.65,UJKDGX0DKZTTGGCRS,The product represents customer interactions.  The customer account represents data processing activities.  The service includes compliance records.  The product includes transaction histories.,LO1L6NKPX2EW0AJ9T,96.3619,min=5067,3SVXJ1FQ40D6RR162,EBTWS,KLG,XLS,1204 Oak Ave,35,WVC,1387.9,9MOF7E4KC7353H1N2,XNS,CWF,180.55,Negative,CGR,M48VFE9T21MOBJC9S,South Korea,4207.3,144.01,S2GY2FUP6T9F5ABFC,363.5,1210.1,657.44,PQE,CEJ,"1810 Maple Dr, San Francisco",3170.0,1834.5,628.57,952AFLT160SD2RJ3C,RAGZE9JU7GUTB0RNN,19.86,849.96,VOY
140.41,9VB1N9IAAE49RUT5S,FFYQVMNH17V71BVW5,HTDPT3L27YGVYTA2R,696.84,Europe,941.51,2025-01-23T12:28:21Z,EEL6WYJRW9K7D94MA,liam.young@yahoo.com,UTF-8,437.71,45.29,XFJ,0,JYZ,NYFLQ53FLY2YU42LH,batch-20191020-77,SEN,185.6,11ca62af39f082c4668c8236dd11bf5cdee99ee82b7070828bc47410bb1a7e6e,917.11,Mason,242.8,6079.8,Step 3: Deploy the system.,3.9.67,Neutral,407680265,974.38,0.4.27,8828.4,EcoLine,DZL,IILFAAUM9MYCFYWEH,White,5.18.35,5N3PG740FMADHPXJ7,This record monitors customer interactions.  The system represents customer interactions.,ZXY1XSA3AZDOM5ESK,97.0828,warn=6262,EEVI82A1YFO96A4N3,TWP,MXV,WEM,4679 Maple Dr,86,YUJ,7017.0,UV5N6XEURE9ZRXLE7,HNR,SFB,600.74,Mixed,KJE,XEZ2YGGZ612131NQX,Italy,2964.1,521.0,RFZD2M3GRHCM3KDG2,7139.9,5229.9,284.75,IYK,MFQ,"9604 Pine Rd, Berlin",5762.0,2314.4,93.59,P1O3Z9CT3S04BN10A,3ESDKB0D2MBKUS3LR,638.83,386.63,UUN
362.8,OZX462R65UTJ7R3YX,M7BP5ADLWKH42Z71L,1SZGKBGFC3CDMOLJ7,926.29,Asia,945.93,2023-01-15T14:45:02Z,BONIKV9YT7METDO8F,james.johnson@yahoo.com,UTF-8,566.01,360.49,BAB,true,HKJ,P3CZPONJVVGYD9QS4,batch-20220109-93,GAF,643.08,7daf882d4e8f50f922346949acb354e1259d8c3ae8c205efe02f5163d40d81a6,779.83,Mary,7324.9,580.4,Step 2: Initialize the pipeline.,0.4.12,Neutral,854825774,790.86,1.12.80,9399.8,TechBrand,AYH,SVGUJJTFSHR9PIYOG,Other,0.13.14,AHDENPNQEUEGEL5QG,The service tracks customer interactions.  The customer account represents customer interactions.  The product includes customer interactions.  This record represents operational metrics.,5HG2JPT0KF1JCALLM,99.1891,crit=3774,H5AN6B12ERX81IWA4,XM,NBZ,TGG,6024 Cedar Ln,95,CND,9073.5,Y2HE6SSUDQ3EHSN3K,RVH,STP,577.74,Positive,UYA,B6H5EKGUERPJS6EAI,Japan,1410.0,792.99,IRPA5TPQXGWERU4OK,8047.8,9522.9,821.95,FQU,IZE,"6626 Maple Dr, Los Angeles",5525.1,3138.0,417.14,LPZGRFL3H6PKJQZBS,R80G8IWZ9AQK26FJ3,997.66,200.81,ALJ
59.72,YRH7760SLC9DZ3L4J,2EACOW3P1UCAX0U8J,XOOUYWDQNJGPPE2E6,681.94,Oceania,892.88,2019-06-14T08:36:51Z,YIGFWI2IQVI1TJ3UZ,robert.robinson@outlook.com,UTF-8,445.24,426.47,AON,true,MCB,RJIWS9HYNKZC9C7E0,batch-20240406-52,NKD,225.16,7aa3ea56ac79fd383ab7b98ee2062309d601620eb9980943cb60a1cf84f851e4,697.29,Mason,687.2,299.8,Step 5: Deploy the system.,3.8.41,Mixed,069468321,898.71,2.0.60,7245.5,ProSeries,DFY,IAO5WYTEV7CVNGELK,Asian,3.15.13,OSB4LFQK8Y9ZXT4TA,The customer account tracks operational metrics.  The customer account represents compliance records.  The customer account tracks data processing activities.  The service manages transaction histories.,Q5KBCGKK4N0P8DHPI,97.4568,crit=9396,HUD09G0BIC3DA3DQI,IM,ZUS,TDM,6011 Maple Dr,29,PIZ,6782.7,0223E1WO8BP8EYPMK,QOJ,WDU,389.64,Mixed,VDA,KXKU59OBQRJPKFC2E,France,6979.4,642.64,CFEUE5EHRA1L1JW8I,8436.9,4412.1,467.41,VHK,ILT,"585 Cedar Ln, Los Angeles",3930.4,1073.7,976.09,JZVSCNRD4MEJJPBUP,7ODV2D5WMPAF499JS,133.76,909.64,AXA
170.09,9ILJ88ZPL5SWBG4M4,GWMI1715T3QNJXE8M,NPJM4Y6COEZ5K0GE5,481.86,Europe,973.4,2025-10-19 05:51:26,FE2GTTV71MTUKWZK7,olivia.jones@gmail.com,UTF-8,586.29,49.03,GLG,false,LDS,5V5M07UF19NO0DP9U,batch-20200725-61,BOW,370.99,b37089fd728a4a320afc6de87063bf3bc92096191f1ee447709d527737fcf371,342.54,James,8701.9,309.9,Step 5: Initialize the pipeline.,2.2.53,Neutral,007654854,299.37,2.2.32,4115.7,EcoLine,MPD,ARM4VBFJL5F5VSAR2,Hispanic,1.0.58,RAN84XXBA2WNQMZYZ,The product represents transaction histories.  The product tracks data processing activities.  The product monitors data processing activities.,7FSOY39T0PKW2SEBI,97.4562,min=5384,54HUGFFIPYIASL9K0,SO,BVM,EHZ,2121 Maple Dr,89,FRV,5180.4,HOTYXZWNQ46BRPPPD,BTO,OCU,45.38,Negative,AAO,WKG6YQIXCGKBO27JH,Germany,642.1,453.19,FZQPT7WLM9PKQ9ZD4,4083.4,7412.4,864.91,LPO,FGC,"6509 Pine Rd, Denver",7412.5,8753.7,675.32,MB2X4I25CUPWA6HKK,T7HFB008H9HIE0JQF,214.8,366.21,CCZ
63.64,6UHYORN0ODIZ23KVO,2JBC98379EAFV4MYS,VJOYJRKV34IZWYRDM,573.25,Asia,687.7,2019-08-09T08:14:09Z,MANC13N09CKGPCIYE,emma.brown@outlook.com,UTF-16,754.28,442.13,JDM,0,MWQ,52BCMRN3Y7I3GUU59,batch-20260325-97,CWK,615.32,c4ea684ec9f6818b98340abf674f6cf76fba969a3ca630bd44f79663a20a574e,876.85,Patricia,28984.2,9353.8,Step 4: Verify the system.,2.15.38,Positive,639051478,269.61,5.11.33,269.1,EcoLine,VOD,KBT60GQRTLT6BSPNA,Black,0.19.57,1432RM6KGTMCOJJMS,This record manages transaction histories.  The system manages operational metrics.  The customer account includes operational metrics.,M5FMNZY6E86CPFCTZ,95.4941,min=2394,ODV3PGNCWYXNLG8DZ,WLKL,CNO,NJD,5751 Pine Rd,94,CPK,3838.6,NJM8FICOM8THT01S0,KCB,VQA,50.34,Mixed,QFD,A5Y0UO6F5H45YZXI1,Spain,4453.7,33.28,XDR8H68DLOVJA2TVB,9201.8,2574.8,881.51,UBL,KBN,"7344 Maple Dr, Houston",3613.4,5475.4,210.86,RCKV6F7YDTKSMYLY6,80S5LZ6DHRI791BR4,475.27,434.03,BPM
594.41,FPCQ2W9EUTKXAWOUJ,1VJMH3XFL6HJKTQVB,DAE96B8P3SOZ9GSBT,257.34,North America,170.87,2024-03-10 18:08:07,IEVDRW4148EKAZC47,david.lewis@gmail.com,ISO-8859-1,596.82,125.94,USE,true,UGI,8YPK29LC9YNUWO1YM,batch-20250604-60,UBE,608.83,b2ee5a8b50c8e8ab78c7f07560a75b7f5b040ecd29e7171d24a4ab59c4be6bb9,244.12,Amy,23312.3,1798.3,Step 5: Monitor the module.,3.7.33,Mixed,289039163,116.33,5.16.65,8872.6,TechBrand,KJR,CPN6YDEJ2KCZQCGIR,Other,3.15.78,4MVGCD8H0UFA3LQNG,The customer account monitors transaction histories.  The customer account manages data processing activities.  The system monitors compliance records.  The product monitors compliance records.,3JMNGO1BYAB8DLH3B,96.9312,min=609,0PPDFDDSVPVQJ1M3D,ETPXN,XDB,RFN,9517 Oak Ave,8,TMN,3291.8,JWS48RG9XSF3X7OL4,YIS,QBJ,34.33,Mixed,XRA,BPZ8UAL820UQM03TM,Singapore,4606.5,471.21,CJOPEYB4PSF2XJEJK,3154.9,5510.5,530.53,XCJ,CAO,"1320 Cedar Ln, New York",8803.3,7681.0,803.63,DDU18610VWSWJKQFG,0N8LHS7D56YZ3RL96,255.22,416.87,IBG
215.08,EEIBKQPE7GD9INFPL,VOQI84N0ELRQJ0GLS,9QL6LE7T7Q6BX2NTO,839.28,Europe,983.65,2020-10-23 08:40:46,EIKEBH0DU73GQEQBL,james.martin@outlook.com,UTF-16,631.17,879.01,IKG,false,JDE,9RS7PBTFJFU4N524F,batch-20191105-77,BNP,58.04,65e0fca419ba0f97bf2ec0132d99f7101132c94d58f2647f136534a7d45c7cf3,598.2,Emily,17547.9,720.0,Step 1: Verify the module.,5.4.41,Negative,603229338,581.41,5.9.88,5612.3,SmartChoice,HRN,EB4T2CI9NZRUFISTJ,Asian,1.5.15,LJ0AN1ZOVB461WK34,The service manages transaction histories.  The product monitors operational metrics.  The customer account represents customer interactions.,X50832D6UW4MKAKL7,99.6155,crit=8769,JVL58CXGYKMYI8MU9,QGR,BYV,JMP,2770 Main St,34,XFL,4188.5,QY6BQC22FC5D8TLN5,VQM,GUY,396.48,Negative,UKZ,97PG1S7YASP1KVLR9,United States,6064.6,678.78,PTRFTP9DHE8003U1T,2539.3,2100.5,154.04,XDV,QKX,"3760 Cedar Ln, Dallas",366.5,457.8,277.04,AOKCR3TINA58DTI10,I5FV6I7R0GQ7A3SAA,322.65,120.06,EMN
491.79,WGR7YJ4CUTA7PWOGZ,Y4PYXQRAJI943MT0T,6K13OJDAU0A9WLNYX,33.79,Oceania,96.61,2023-11-27 21:46:52,X0A0SPVNOT9ZYAOA9,william.anderson@outlook.com,ISO-8859-1,160.32,171.53,NTH,0,VZR,262SZO3YSBFUWRPI2,batch-20251020-18,KTF,706.56,edffec4ca55ab5e052ed834b5d9163f2221079ab4983088393ae2e4184da1ef4,624.98,Noah,6679.6,5684.7,Step 4: Initialize the service.,3.8.52,Neutral,383677852,86.83,5.0.15,1452.5,ValueMax,FQI,0580KXD31JS0VX9QT,White,1.12.14,36DSQLU6ZU9TWKJP7,The customer account manages transaction histories.  The service represents transaction histories.  The system manages transaction histories.  This record includes customer interactions.,JANML0QLRVJDSXUL9,95.9911,max=9489,L5LK64MLRSKF7DQ7Z,IJX,IGG,KFE,9382 Pine Rd,118,TWO,3.2,5O9GGSA8W528J2B8C,WIH,SRC,741.4,Mixed,DEI,POMF8XDALKCRHCYYE,Norway,6542.0,235.74,BIU3MA3AUIVG0XC22,8506.7,3737.4,913.26,RBZ,WFF,"5159 Main St, Seattle",6133.9,6467.6,1.0,5GMDEJC97V4BM7C8V,TFF7LPWYIM4BK74KJ,355.9,192.49,PPH
113.62,D0BEAWA1LETM5LRXA,F16QHAN93CLE6HKLG,Y09HCA0GB6A21W1D5,520.62,South America,915.67,2026-09-07 21:40:25,1F38AT2YNZPMPUWD9,lucas.king@gmail.com,Latin-1,839.73,471.47,HLF,false,TIB,90QTPW75BQDFJGDCL,batch-20250819-17,NMO,623.2,904402f4ef764e222c73db91722af1d4153a89135ed75564d0d0741042184348,780.9,Liam,11115.5,6134.8,Step 4: Configure the pipeline.,1.5.20,Positive,118972580,518.85,2.13.85,8391.6,SmartChoice,YTG,4YAVIC5VB3GFJORCM,Mixed,4.15.77,03NAQMEWQZ57CSOJ5,The service tracks compliance records.  The system includes transaction histories.  This record represents transaction histories.  This record manages operational metrics.,1VYR2BOG5YSR7H266,96.5255,max=9653,DBI6O0RPRLOGLQ646,GVFE,MOT,WSY,3992 Park Blvd,117,CMA,9918.3,4KLB34REU9B8AFG6Z,BRH,AGT,56.64,Mixed,WLY,N7MQYHJMN75U7I024,Germany,9125.0,624.09,LVN38T5WCNYD0EIHT,3666.0,7600.7,809.28,LWU,WXK,"1414 Maple Dr, Tokyo",3048.2,7060.1,169.84,KROAE82RSRM9YNR1D,LT0C6FKCNDSFWCMWX,881.17,580.98,LIF
595.42,GHOH9E7DALWVCWQRK,S9DPC3FCDQDPSZCH3,93LMTD6T2379FIO7K,879.2,Africa,834.51,2019-09-20T00:24:50Z,S4G7KM8N1JGEXF73L,mary.king@gmail.com,ISO-8859-1,436.7,189.9,PLQ,true,AYE,CFQOGXROE4QFUR0KI,batch-20201017-39,QII,815.83,65a55c435876c8804d44f6f658629839211db54d6657085ad014e855a7c3c751,916.54,Emily,118.4,1441.3,Step 5: Configure the pipeline.,2.18.3,Negative,548372671,39.82,2.18.64,9950.6,ProSeries,CHX,KD3CM66U222FZ3R62,White,5.15.52,DWQGX03L45VPS7C2X,The service includes data processing activities.  The system tracks compliance records.,UCFNFZ5TC7FV0M20J,95.3892,warn=3014,50QYQTLNF08C2AI2U,BR,DCR,SFW,5752 Cedar Ln,21,KCU,2457.5,XVU833T9NFHQRGO18,PLT,KYW,134.17,Neutral,XAK,4SR129WTC2SB3RLWS,Brazil,8486.0,879.87,HM9J4B3JLAZT4EOA7,9789.8,7748.1,849.12,YXL,ZHQ,"4353 Main St, Denver",6424.7,6213.1,226.97,QE4FCL4X4NNYA1ILK,BGZU5IDK14F0YOEQ2,892.96,678.46,DDP
801.0,PLZ3CHP5ND170M3ON,0QYBOBMC26R4X7CB8,TG8AP3QI2QO94MO2R,117.8,Asia,903.25,2019-06-07T11:46:50Z,6XYFVSQFNQCIA3OCX,susan.miller@gmail.com,UTF-8,104.17,853.15,GDE,1,UEY,1TK4EH04VUTHGB40F,batch-20180210-40,EDT,109.69,d2c003b56bc310c9ae4d7d55298e7716916582c4d63a43a6f90433bd29e64105,250.89,Anna,30482.9,2061.8,Step 1: Initialize the module.,4.9.3,Mixed,768779727,103.0,5.14.15,3303.9,EcoLine,LHO,77ENUXQA79ZZS8Z75,Asian,5.3.94,HWLRONYTMF7P7ZIJ4,The system includes compliance records.  This record manages data processing activities.  This record tracks operational metrics.,KXOA4EVRQ7THADI9R,95.556,crit=7594,DLHKDLTIKH91WKRW0,JBSQ,ZWI,GSY,5861 Cedar Ln,55,ODI,8424.2,MKTK1OTKCH10TTXD4,NCU,MBH,817.79,Negative,GVV,LFGTQHHVHZYYNA3MI,France,3664.7,685.37,Y66ZBSXN4EO2CD4L7,7023.2,4048.8,154.74,LRR,APU,"2670 Main St, Paris",6809.2,8821.2,474.51,N0R7PZEV42429F7YC,J3JCG7ZH52EMFHOR8,492.5,914.02,LSM
976.42,KV2G7VSUA8RXBPRR3,RJQX4CUHU8M1UVYEP,UTLXF7RDTGNHPPGYV,900.34,Antarctica,205.56,2025-12-20 03:16:34,JPNFT608W96FAMAO7,olivia.smith@yahoo.com,ISO-8859-1,437.16,151.48,HUQ,yes,CAO,AED1T0LCVS1U999W9,batch-20220121-47,IYV,873.09,09ba3e574c3daad612cf9579d032910b3eb52ceaf2f14ee823b54033181eec10,277.14,Amy,38469.3,5947.6,Step 4: Configure the module.,1.0.63,Positive,819401772,773.06,1.16.2,8525.5,ProSeries,RXM,H9FKCIAXGDFV31ZHN,Other,2.5.40,P0Q7XJEWUERE4AKVM,This record tracks compliance records.  The product represents compliance records.  The customer account represents operational metrics.  The system manages data processing activities.,BHLHOU9BGO7XFZ6QF,99.79,warn=4807,M4F2MQLMI6JMBGIBA,AXVNB,LUG,AIM,1562 Park Blvd,78,IRJ,6795.2,CGLUWO3D3FYB2CADH,WVF,NJA,581.69,Positive,WCF,3HRSDNP0VDDSYXFFR,United States,5560.2,746.24,WCRS3YVJD9UG6SBCE,3234.6,164.3,56.9,LXM,EAO,"8428 Park Blvd, London",7327.6,9846.4,335.31,IIT6NV5O4P9GAM8W8,HHA6G1CHR7M8Z0KD1,553.17,679.28,PMN
411.97,UHXWMXEZ9ZYL06LUB,1FX6EQ3W8QQ8W7YG2,6KEA31ALEKGJQ7EOS,672.12,Africa,697.11,2018-06-09T18:31:40Z,4KOPIZRYNK38AT95G,sarah.miller@outlook.com,UTF-16,838.35,801.99,EGP,false,QNK,YR0S83JFV8OM59TRK,batch-20230406-22,ZPH,544.97,56119956f95e4b75b8ce038a4f1b641c364604bd2e3c6c4d068ce6736a3e8799,60.16,Jennifer,24219.2,9504.8,Step 3: Monitor the service.,1.0.59,Negative,710048754,966.75,3.14.5,491.9,TechBrand,TZP,A1J300UUC2PPF25CO,White,1.19.16,KIZYYG9BEVZGF9HOZ,The product represents operational metrics.  This record monitors transaction histories.  The customer account tracks data processing activities.,GE6JBTGYIKLEL6ZP1,96.3361,min=8765,KEAIBB6P17J1T7PG5,KD,CSJ,SRH,1457 Pine Rd,85,FIM,4921.7,SFHIALBKUVWY3I8H5,ODK,GHO,586.06,Negative,HNC,LEII8SKQIL2DKDVBQ,Spain,7130.2,794.35,JT603H9P6GPOQ8NN3,1846.9,3306.2,366.46,WAE,DZO,"4240 Oak Ave, Berlin",9777.7,3593.9,82.6,JY0SZJA1XBFSCLHWO,A6P1RVAWSUCSSJ142,103.19,273.49,DIP
988.21,B3S2DKOF5LP48R98C,FMROYH3V202Z9UQI4,I6ZDC0Q1WWM6F7UIY,974.26,Europe,667.64,2022-03-02 17:02:47,S6G68JO5AJM3LP7Z0,emily.wright@yahoo.com,ASCII,910.8,829.44,ZNY,false,KCC,LVTRFZHDTP4RV963E,batch-20190323-58,AIP,266.86,3c0c266669a98e68049e99ba41868f6c63d7998d6514539fc523db2fc44f77b1,760.62,Ethan,13308.6,2142.2,Step 1: Deploy the pipeline.,2.4.86,Positive,813907261,10.07,3.19.86,1971.2,ProSeries,FSI,QPJ6EBJ0O32TFFKM0,White,2.14.35,CYN9PMD0PEAA3VBWN,The product monitors customer interactions.  The service includes transaction histories.  The service represents data processing activities.,QVS7MXVYI9T1DH7JG,96.6237,crit=4974,Q2EHW3TMRT29NOECO,BLIT,NSG,CDI,2878 Pine Rd,91,VSL,4749.5,M220JE1W7K2U6OEF2,OSE,PRD,365.94,Mixed,BWY,NP3SA8R66ML5CC1K8,Norway,1000.5,305.09,BML0WDYTW4V10JWRS,2925.8,5062.9,643.12,LWI,WRA,"7806 Main St, Miami",7418.6,9437.2,365.93,27KC5KQ7Y8Z0MW7WZ,P9CYE8DIFFOBQ2WR8,472.02,415.4,YZV
386.92,E0W56DOO689IWRGMY,9A5GT6OVT3BYPSTJP,3529J72EB084H93X1,526.06,Africa,842.85,2022-03-21T09:26:56Z,THD4XB2OVXA24PUWJ,anna.lee@gmail.com,ISO-8859-1,523.79,199.29,CAK,1,NNA,LXB77NA479DZ5C9HR,batch-20231113-82,WTM,209.53,374ef9a8ca3d3d4c9e62e6c95ad74ec64d98a2cf99366fc31b4eb5c4dd326b98,744.02,Jessica,49403.0,4684.4,Step 2: Initialize the pipeline.,2.14.38,Mixed,390509153,167.26,4.20.76,4966.8,EcoLine,MTG,2HW7YLZCEPZF2AN9N,Hispanic,5.9.6,HWMATA8FU8QT3NXFO,The service tracks compliance records.  The product includes compliance records.  The customer account represents customer interactions.  The service monitors compliance records.,F69QG2NPJY0NRDU41,95.5345,max=2814,P91ZD469D1RMTOLCW,WETOU,WAL,EYW,6667 Cedar Ln,13,YWA,4006.8,7S1RLXYQBKLL62YW3,LZL,CEA,51.98,Positive,DCG,V6T01795BYUZ3GIRR,Switzerland,1637.7,779.63,8YXLDBBJKHSG1GWYF,4823.1,1551.2,709.82,FXC,XBQ,"7149 Oak Ave, Seattle",543.6,9230.8,286.66,IO18QKV5YDNJNK8CL,Z8CUGB3DMHDEJXRU6,345.47,300.27,WWE
0.79,VOJI80OKMHI1SGS4M,Q381A88K5RB81FNB9,Y5MVCTGI44WUXKC14,709.14,South America,512.46,2024-06-03T08:24:06Z,HRHH9APIIVL9GP5E4,emily.johnson@outlook.com,UTF-8,353.12,758.52,UDT,false,JAK,3L8MOD85KRRW7OLPD,batch-20210704-61,GQJ,153.91,f34bfa3fd2c0e529881a99b3b865f7eeb0f559f5953368de00599bee5c53328e,159.38,Noah,42949.6,4278.0,Step 1: Monitor the module.,3.16.81,Positive,046568086,223.53,5.7.86,9493.0,EcoLine,SPW,Y2NAT2ODWSQU6FEOF,Black,0.9.5,DKGLS9J1G5TJ9K5LQ,The system manages data processing activities.  The product tracks customer interactions.  This record manages data processing activities.,5H0F5BNVJKXOX647U,99.0888,warn=1647,U59L3MG53D7LX6ICU,HUZ,LWP,SMR,605 Park Blvd,105,TDC,5820.8,KADHWNO45NIELABWY,VFU,QMK,103.03,Negative,SCJ,DUXWIWN84BYKHLF6O,Norway,1262.3,985.38,0LVQA1MC5Q38DDCRX,7670.8,5860.2,389.55,MAW,LQS,"5662 Elm St, New York",771.4,5592.9,272.17,6SP9X7R79QXBADSLE,0FCMR3E64X49L13ZV,857.55,325.65,JVN
270.73,YMXWRDXVW5PYI2ISL,U2VV8BFJB1Q8KPQXZ,HZKTE2ANZIUH1NKY6,163.3,South America,781.71,2020-07-08 06:32:54,6CY1CDFW89PULP8UL,linda.king@outlook.com,ISO-8859-1,624.78,795.55,FAW,0,MVI,JLUCDKB5D90NM5M0J,batch-20230528-89,AEC,379.83,2f5c73aced665acf4eeb3e4ac1b14eaf5f60321e78fc9b182ef6e00e29dc80e3,360.81,Linda,30938.4,2548.3,Step 4: Configure the pipeline.,2.19.29,Positive,494442056,634.15,1.16.40,5273.4,ProSeries,EJG,7IPZB8DGSHFMKLX95,Hispanic,4.2.76,7AU5AAM7C02BAPFNR,The system includes compliance records.  The customer account manages transaction histories.,8S4491O63DZX9U4NT,96.2932,warn=2648,UHTTR0ZB9W4XEZHIB,FSY,SWU,AEM,205 Pine Rd,112,RRW,5664.7,OVZ15KC8MBOBVYU04,FQK,JVW,70.72,Positive,OIW,6LTW19KE87OPDRU9Y,Brazil,8189.6,864.4,DI6QDFBM1ZYK4NX4N,1415.4,1269.7,616.68,ZNN,MNZ,"6500 Pine Rd, Dallas",676.8,7535.7,905.77,MWLJBOU9EFFJZ8NCC,1ATO9Y1ZFOHMEGQOF,629.6,121.22,NFT
438.44,7NBAB768SCINCU84N,7TI6RVJBFAFC70S50,34JIGGSJO6CA3PZAB,102.37,Europe,779.35,2021-11-17 01:12:27,LGVGE4MKEMBLKKQ9S,mason.harris@outlook.com,Latin-1,864.83,322.49,CCS,no,JHS,SGOK1BF5MGTDCTFXN,batch-20260603-38,PFC,397.12,f39499626056fadcbf2a70c4b99e03db9879e4109583ebb3d0525b0d4539c8ea,925.57,Linda,19348.5,4727.7,Step 1: Verify the module.,2.3.42,Negative,135759313,594.23,2.20.47,6215.6,TechBrand,PDW,B6HZ20GQKCCC9GRA3,Asian,1.7.46,JAM41H6NJLDI4LF73,The system represents compliance records.  The service tracks operational metrics.,GXSLDWOE2KILSH5KB,95.276,max=6275,Y9PBD6OP93WLGJRPP,CNDGQ,GPZ,QIL,929 Pine Rd,100,ZIC,109.2,O5PXFY0W54FXUN59A,FHV,QJR,615.34,Neutral,WER,ICM7MYGS9CHZ4WY3Z,Singapore,8009.8,778.56,LU8LS8IPW8WB2U23V,3193.8,841.8,582.57,LPH,NHV,"9331 Maple Dr, Houston",5788.9,7707.4,390.89,R16S1CMW48B3Q0TZP,PYR4IIKDANV49A2OB,900.16,546.03,HZR
987.63,D7J3YJBD4J3S277S1,0H9O7R48DED4PIHEX,OZEQAAPJAF3YSSUTQ,904.92,South America,125.5,2024-04-24T14:44:40Z,BTRJ45YPO27AY1FHE,harper.king@gmail.com,ISO-8859-1,844.0,56.48,ODC,false,JEZ,2Z9TXBAD83JRV7JBP,batch-20190620-07,RZG,139.86,5fcf57929c60f95a2bb5aeab8b31738c2de261f9c87c4fa4a57a77e2f4cb1b88,813.73,Sophia,16629.5,2334.5,Step 3: Monitor the system.,1.9.61,Mixed,839066021,493.06,1.8.48,4276.1,SmartChoice,LTX,P3QPYI4XV4GMTDYED,Mixed,4.2.84,NTQYPC8SJEOZ7FCQJ,The service represents customer interactions.  The system tracks transaction histories.  The service manages transaction histories.,NSQIVXIJWLGZ3033G,96.7339,max=3944,ADKDFLE1OLIFAQ7IW,IPIO,BZM,VUV,6129 Park Blvd,7,EBX,311.7,RPPJL109YJEKJJ2KI,AYW,JNK,951.24,Negative,PSR,W3AFFDE5EC4RGB1AR,India,9007.8,763.36,8Q75FZUP71ZSHYWYO,5966.2,7479.5,492.14,VTY,XTQ,"7 Park Blvd, Berlin",1331.8,536.1,442.7,6ZDHC8NHE4A6I8CKR,7F3152SDAE01Z52GV,766.8,319.41,UAW
