dateOfBirth,user_department_division,title_prefix,titlePrefix,BONUS_VARIABLE_PAY,rkuhz87,var_eem,DELETED_AT,legal_entity_identifier_raw,maiden_name,THRESHOLD_LIMIT,bonus,xmoz42,fname,performance_review_14,c_qa,f_pvk,customer_day_of_week,salary_compensation,salaryCompensation,employee_record_field,createdAt,performance_review,c_score,email_address,ordinal_position_22,bglnn70,createdby,sensitivity,attr_zso,work_permit_raw,forename,version_number,SALARY_COMPENSATION,val_boz,src_bonus_variable_pay,titleprefix,user_first_name,employeeRecord,col_470,creditScore,department_division_v2,meta_jbq,v_980,field_umst,CREATED_AT,first_nm,c_title,v_xqv,marketIntelligence,volume_6,middle_nm,last_name,PERFORMANCE_REVIEW,val_yxz,full_name_data,lastName,middle_name_v2,full_name,LAST_NAME,pyfnjb43,EMPLOYEE_RECORD,var_rwzi,role_job_title,lname,departmentDivision,database_connection_string,salary,maidenName,MAIDEN_NAME,paymethod,bonus_variable_pay_30,fullName,personnel,drugname,customer_title_prefix,last_name_2,meta_rku,soft_delete_flag_data,bandwidth_data_rate,wage,regr70,phd,dob,raw_last_name,density,roleJobTitle,middle_name,birth_date,raw_salary_compensation
12/05/1981,Engineering,Mrs.,Mr.,"$29,463",Operations,"$4,202",,I7R94BRSU5XT206HAKA5,Moore,min=1264,"$49,013",08/21/1945,Sarah,Meets expectations,Other,Outstanding,Thursday,"$54,949","$221,069",EMP-91009,2019-02-16 22:12:50,Outstanding,9.8,aidenbrown33@yahoo.com,938,EMP-20166,jennifer.williams,Peanuts,Ms.,WP-FR-378681,Robert,1.12.83,"$126,993",Non-conformance: access control,"$26,961",Dr.,William,EMP-92329,Exceeds expectations,572,HR,MRN-885360,Support,231.17,2021-11-10 07:43:27,Sophia,Rev.,4457 shares @ $48.79,Competitor Alpine Systems launched Sentinel Monitor,2525.45,T,Brown,Meets expectations,32.6,Liam Thompson,Wright,B,Susan King,Lee,Mason,EMP-47577,EMP-93849,VP Engineering,Clark,Engineering,postgresql://user:****@db-staging.internal:5432/analytics,"$164,372",Taylor,Rodriguez,Credit Card,"$46,705",Harper Martinez,EMP-80668,Aspirin,Mrs.,Moore,2581 shares @ $57.45,false,4198,"$131,778",Marketing,Bachelor's,10-23-2007,Walker,2.613,Software Engineer,E,09-02-1972,"$137,967"
08/06/1947,Marketing,Mrs.,Mrs.,"$40,571",Operations,"$43,126",,X4VH7C8ZLVSKDYOPFNC6,Martin,warn=6495,"$30,505",0010-26-2008,Linda,Needs improvement,Asian,Exceeds expectations,Sunday,"$131,542","$172,118",EMP-48594,2020-04-24 01:45:08,Meets expectations,2.33,william.harris@outlook.com,203,EMP-65131,logan.lewis,Shellfish,Mrs.,WP-AU-211153,Jennifer,5.10.8,"$224,368",Observation: backup schedule,"$34,327",Rev.,Sarah,EMP-42146,Outstanding,680,Marketing,MRN-195248,Marketing,19.06,2026-06-16 12:56:39,Olivia,Ms.,2096 shares @ $129.39,Competitor Alpine Systems launched DataSync 3000,3355.55,I,Harris,Exceeds expectations,-32.4,Ethan Martinez,Clark,X,Patricia Anderson,Williams,Olivia,EMP-50770,EMP-55773,Sales Rep,Martin,Legal,postgresql://user:****@db-staging.internal:5432/main,"$112,372",Thomas,Harris,Debit Card,"$29,602",David Martin,EMP-76973,Ibuprofen,Dr.,Brown,551 shares @ $197.17,false,9777,"$52,911",HR,High School,0010-14-1961,Lewis,12.476,Software Engineer,P,0003-10-1995,"$66,825"
11-11-1998,Sales,Prof.,Ms.,"$37,926",Engineering,"$26,141",,4IYYXJW95XLE36H528F6,Garcia,crit=491,"$1,149",02/01/1952,Jessica,Exceeds expectations,Hispanic,Meets expectations,Monday,"$238,906","$135,248",EMP-66206,2022-12-22T09:57:17Z,Exceeds expectations,5.04,harpermartin@acme.org,263,EMP-84972,lucas.young,None,Mrs.,WP-US-737850,Lucas,5.11.90,"$134,551",Major finding: data retention,"$38,815",Rev.,James,EMP-36618,Outstanding,663,Finance,MRN-153927,HR,28.65,2023-01-23 01:55:42,Emily,Prof.,3960 shares @ $60.17,Competitor Catalyst Ventures launched SmartHub X1,347.64,F,Anderson,Outstanding,-8.1,James Thomas,Thomas,K,Emily Walker,Johnson,Noah,EMP-70935,EMP-24415,Designer,Thompson,HR,postgresql://user:****@db-staging.internal:5432/main,"$105,298",King,Moore,ACH,"$35,461",Elizabeth Clark,EMP-59245,Ibuprofen,Dr.,Taylor,1190 shares @ $188.8,true,5207,"$142,309",Sales,Master's,01/15/2000,Jackson,0.185,CTO,X,02/11/1971,"$47,929"
0007-28-1990,Legal,Mr.,Prof.,"$1,999",Engineering,"$34,870",2022-11-15T11:04:37Z,PMNIUFGBBHGSSQUD8WAZ,Harris,crit=3186,"$14,330",0009-23-1998,Liam,Exceeds expectations,Hispanic,Outstanding,Monday,"$77,014","$169,205",EMP-11275,2020-02-19 00:59:06,Outstanding,3.54,davidbrown16@gmail.com,334,EMP-48754,noah.williams,Pollen,Prof.,WP-GB-689120,Ethan,2.5.63,"$74,902",Observation: backup schedule,"$20,935",Rev.,David,EMP-87344,Needs improvement,641,Engineering,MRN-194946,Marketing,304.98,2023-04-09 01:39:41,Noah,Ms.,3483 shares @ $36.58,Competitor DataCraft Inc launched Widget Pro,1022.84,I,Smith,Meets expectations,-6.4,Lucas Rodriguez,Lewis,V,Emily Brown,Jackson,Liam,EMP-77194,EMP-81066,Product Manager,Rodriguez,HR,postgresql://user:****@db-prod.internal:5432/main,"$189,901",Thomas,Moore,Check,"$42,528",Oliver Young,EMP-36046,Amoxicillin,Hon.,Johnson,223 shares @ $208.93,false,1854,"$182,070",Finance,PhD,0011-27-1976,Jackson,12.868,VP Engineering,X,0008-13-1960,"$152,826"
12-18-1986,Legal,Hon.,Mr.,"$14,187",Operations,"$15,698",,FZ45Z8PDXJKS4X3Q7JB5,Davis,min=9141,"$11,232",07/22/1962,Sophia,Needs improvement,Other,Exceeds expectations,Wednesday,"$214,324","$213,624",EMP-53857,2021-12-01 08:18:30,Meets expectations,4.23,logan.robinson17@outlook.com,619,EMP-91279,linda.young,Shellfish,Prof.,WP-FR-164816,James,1.14.35,"$51,223",Non-conformance: access control,"$12,378",Ms.,Susan,EMP-98011,Outstanding,804,HR,MRN-740666,Support,151.83,2021-07-10 10:54:40,Liam,Hon.,4207 shares @ $449.47,Competitor Beacon Analytics launched NanoCore SDK,2313.12,J,King,Outstanding,-38.4,Mason Taylor,Anderson,G,Anna Clark,King,John,EMP-36787,EMP-15505,Designer,Rodriguez,Engineering,postgresql://user:****@db-prod.internal:5432/analytics,"$53,356",Garcia,Young,ACH,"$23,592",Aiden Clark,EMP-67814,Amoxicillin,Ms.,Jones,4984 shares @ $441.54,false,7641,"$59,778",Finance,Master's,12/22/1957,Clark,9.539,Data Analyst,Y,0002-17-1952,"$137,561"
0005-11-2010,Sales,Dr.,Dr.,"$17,981",Legal,"$19,259",,SM2UBNSRV07369NGWGDD,Walker,min=4096,"$21,719",09/03/1948,James,Exceeds expectations,Hispanic,Exceeds expectations,Sunday,"$65,363","$244,409",EMP-27351,2020-07-11T17:55:31Z,Meets expectations,5.62,richard.lewis96@acme.org,36,EMP-99826,sarah.davis,Latex,Rev.,WP-GB-727584,Liam,3.2.87,"$136,122",Major finding: data retention,"$6,665",Mr.,James,EMP-25493,Outstanding,390,Marketing,MRN-646899,Sales,341.93,2025-06-07 18:59:00,Mary,Mr.,1743 shares @ $387.41,Competitor Global Solutions launched DataSync 3000,8445.3,S,Williams,Needs improvement,-34.2,Olivia Thomas,Brown,P,Harper Young,Walker,Elizabeth,EMP-62117,EMP-86278,Product Manager,Williams,Support,postgresql://user:****@db-prod.internal:5432/main,"$102,832",White,Taylor,ACH,"$7,450",Ethan Williams,EMP-27138,Ibuprofen,Mrs.,Martin,1378 shares @ $452.78,true,2382,"$209,375",Operations,Bachelor's,06/07/1978,Moore,4.802,Product Manager,Z,0010-19-1950,"$39,554"
0005-14-1984,Engineering,Rev.,Hon.,"$36,749",Marketing,"$47,682",,FP1FLXRSSVKJHZVQJVKM,Martin,warn=5070,"$14,780",0012-03-2008,Sarah,Outstanding,Other,Exceeds expectations,Wednesday,"$123,661","$246,732",EMP-66572,2021-06-13T11:56:56Z,Exceeds expectations,0.61,elizabeth.miller71@gmail.com,890,EMP-94459,john.anderson,None,Mr.,WP-CA-852185,William,4.0.90,"$91,336",Observation: backup schedule,"$32,390",Prof.,Jessica,EMP-74962,Meets expectations,553,Legal,MRN-111068,Engineering,266.52,2019-07-05T06:50:43Z,David,Mrs.,4107 shares @ $121.07,Competitor Pacific Research Group launched AuditTrail Plus,7780.39,U,King,Needs improvement,-35.2,Patricia Miller,Garcia,F,Oliver Brown,Robinson,Susan,EMP-94582,EMP-72183,Sales Rep,Rodriguez,Legal,postgresql://user:****@db-prod.internal:5432/main,"$235,438",Moore,Thomas,Cash,"$46,932",Anna Clark,EMP-53857,Ibuprofen,Prof.,Johnson,1106 shares @ $275.88,false,5491,"$83,338",Engineering,PhD,08/21/1966,King,19.27,Software Engineer,N,08-08-1964,"$170,274"
0006-18-2010,Sales,Ms.,Mr.,"$9,611",Engineering,"$32,395",2020-08-04T23:42:29Z,ZOSOGS7O3JIN0O8BMN3C,Thomas,max=4808,"$25,628",0008-28-1955,Mary,Meets expectations,Mixed,Needs improvement,Wednesday,"$183,842","$228,597",EMP-53452,2023-04-24T16:25:43Z,Meets expectations,7.14,robertjackson@outlook.com,967,EMP-59698,jessica.thomas,Shellfish,Mrs.,WP-AU-353087,Jessica,3.16.18,"$52,174",Observation: backup schedule,"$16,564",Mrs.,Sophia,EMP-21577,Needs improvement,774,Operations,MRN-565528,Legal,215.09,2026-08-08T23:46:33Z,James,Mr.,2413 shares @ $431.57,Competitor Catalyst Ventures launched Sentinel Monitor,33.91,M,Walker,Exceeds expectations,11.0,Noah Brown,Wright,V,Sarah Harris,Thompson,Emily,EMP-89757,EMP-91616,CTO,Lewis,HR,postgresql://user:****@db-prod.internal:5432/analytics,"$165,521",Smith,Smith,Debit Card,"$40,432",Sophia Davis,EMP-32207,Ibuprofen,Ms.,Davis,1810 shares @ $275.12,false,8541,"$247,176",Marketing,PhD,05-24-1967,Lee,16.445,Designer,E,02-23-1973,"$203,782"
01/23/1997,Operations,Mrs.,Mrs.,"$14,666",HR,"$16,997",,KAGNEFBWZCU47OK6ESNC,Clark,warn=5099,"$12,251",0007-21-1998,Robert,Needs improvement,Other,Exceeds expectations,Wednesday,"$234,113","$151,897",EMP-79252,2018-03-20 22:09:03,Needs improvement,0.08,lucas_brown@outlook.com,821,EMP-90208,emma.walker,Latex,Mr.,WP-AU-933932,Mary,4.5.57,"$149,857",Major finding: data retention,"$21,889",Dr.,Emily,EMP-53609,Exceeds expectations,412,Engineering,MRN-308556,Sales,153.19,2024-12-27T14:28:05Z,Sophia,Rev.,198 shares @ $266.18,Competitor Pioneer Software launched NanoCore SDK,9678.04,L,Rodriguez,Exceeds expectations,0.1,Mason Martin,Johnson,K,Ethan Martinez,Robinson,Jessica,EMP-16868,EMP-86473,Designer,Lewis,Sales,postgresql://user:****@db-staging.internal:5432/analytics,"$132,546",Taylor,Smith,PayPal,"$14,640",Elizabeth S. Walker,EMP-64187,Amoxicillin,Prof.,Smith,2041 shares @ $492.51,false,5973,"$73,023",Finance,Bachelor's,08/04/2002,Moore,10.631,Designer,A,03/16/1961,"$233,917"
0002-02-2009,Operations,Prof.,Mrs.,"$48,061",Sales,"$6,901",,A8A5DQF0P6SJB4NFJL6O,Anderson,min=6720,"$8,301",03/02/1959,Mary,Exceeds expectations,Mixed,Needs improvement,Saturday,"$204,774","$32,266",EMP-30604,2020-02-13 03:32:33,Outstanding,5.04,anna_martin@outlook.com,225,EMP-85472,oliver.robinson,None,Prof.,WP-GB-491353,Sarah,0.9.99,"$53,569",Observation: backup schedule,"$46,011",Ms.,Anna,EMP-31543,Meets expectations,715,Sales,MRN-486883,Sales,144.3,2026-08-21 21:33:40,Liam,Ms.,1592 shares @ $25.22,Competitor Alpine Systems launched Sentinel Monitor,6938.47,Y,Moore,Meets expectations,-31.4,Ethan Thompson,Smith,G,James Walker,Anderson,Jessica,EMP-82329,EMP-87184,VP Engineering,Garcia,Legal,postgresql://user:****@db-staging.internal:5432/analytics,"$167,808",Taylor,Martinez,Cash,"$38,881",Richard Garcia,EMP-20186,Aspirin,Mrs.,White,4796 shares @ $483.27,false,8966,"$231,222",Legal,Associate's,03-10-1976,Lewis,8.316,CTO,Z,05/17/1968,"$221,255"
08-14-1946,HR,Ms.,Rev.,"$11,204",HR,"$32,593",,MK4D04PQ4QG4UEM9UXSB,Davis,max=9750,"$14,018",02-21-1963,David,Exceeds expectations,White,Outstanding,Tuesday,"$160,189","$160,090",EMP-43640,2019-07-16T04:20:56Z,Exceeds expectations,0.48,david_jones@outlook.com,1000,EMP-73300,emma.miller,Penicillin,Hon.,WP-DE-156389,Sophia,3.17.38,"$171,538",Non-conformance: access control,"$39,822",Mr.,Emily,EMP-78205,Outstanding,422,Support,MRN-853963,HR,63.5,2018-12-27T18:54:23Z,Sarah,Dr.,4568 shares @ $405.83,Competitor Acme Corp launched FlexPay Platform,1249.81,J,Martinez,Outstanding,36.5,Emma E. Garcia,Thompson,X,Noah E. Moore,Harris,Anna,EMP-45181,EMP-41541,Software Engineer,Garcia,Marketing,postgresql://user:****@db-prod.internal:5432/analytics,"$49,186",Walker,Smith,PayPal,"$14,773",Harper Thompson,EMP-18571,Amoxicillin,Mr.,Lewis,3675 shares @ $253.13,false,3900,"$42,912",Marketing,PhD,06/21/1996,Taylor,1.708,Designer,E,06/13/1974,"$87,634"
10/05/1977,Sales,Mr.,Mr.,"$10,830",Support,"$13,437",2019-08-19 02:11:09,9LRDW72859MX6YC8FU46,Taylor,warn=1890,"$2,317",09-27-1958,David,Meets expectations,Mixed,Exceeds expectations,Sunday,"$171,886","$36,650",EMP-55538,2023-01-17T10:06:42Z,Needs improvement,8.03,amy_martinez@example.com,451,EMP-77420,aiden.taylor,Peanuts,Prof.,WP-DE-438096,Noah,1.14.84,"$123,446",Major finding: data retention,"$2,325",Mr.,Amy,EMP-11736,Needs improvement,600,Sales,MRN-337305,Finance,178.7,2019-02-24T14:03:42Z,Olivia,Prof.,4256 shares @ $28.79,Competitor Alpine Systems launched DataSync 3000,9378.58,G,Brown,Exceeds expectations,-30.5,John Y. Lee,Martin,G,Amy H. Johnson,Johnson,Amy,EMP-27830,EMP-23559,Designer,Taylor,Engineering,postgresql://user:****@db-staging.internal:5432/main,"$166,525",King,Jones,PayPal,"$6,424",Susan Robinson,EMP-84522,Metformin,Rev.,Robinson,1783 shares @ $150.92,false,550,"$77,367",Sales,Master's,0002-02-1987,Anderson,15.969,Software Engineer,I,05/19/1974,"$170,399"
08/03/2009,Operations,Dr.,Hon.,"$40,637",Support,"$38,359",,QVB97D4C0IZELI00CW5K,Jackson,crit=1136,"$49,307",07-26-1977,Sarah,Needs improvement,Other,Exceeds expectations,Tuesday,"$179,410","$234,117",EMP-86775,2019-10-23T12:16:24Z,Meets expectations,1.49,maryanderson@example.com,875,EMP-25718,sarah.king,Shellfish,Hon.,WP-JP-853844,Richard,1.15.60,"$148,532",Non-conformance: access control,"$41,485",Rev.,Oliver,EMP-18902,Meets expectations,595,Engineering,MRN-133581,Legal,118.47,2026-11-12T03:47:00Z,Amy,Rev.,4452 shares @ $338.41,Competitor Acme Corp launched NanoCore SDK,4339.43,U,Thomas,Exceeds expectations,2.0,Emma E. Clark,Johnson,M,Elizabeth Thomas,King,Lucas,EMP-24392,EMP-61432,VP Engineering,Moore,Marketing,postgresql://user:****@db-prod.internal:5432/analytics,"$193,512",Martinez,Wright,ACH,"$23,915",Mary Thomas,EMP-43937,Amoxicillin,Dr.,Martinez,846 shares @ $13.75,false,6908,"$48,633",Legal,Master's,08/17/1958,Taylor,10.773,Sales Rep,P,11-26-1979,"$128,538"
07/02/2000,Engineering,Mr.,Mr.,"$44,423",Marketing,"$41,447",2021-12-04 02:02:52,WQK7M60YW2WL15M6M4G3,Jackson,crit=1649,"$26,634",0011-02-1984,Emily,Needs improvement,White,Needs improvement,Friday,"$40,205","$240,104",EMP-96325,2021-12-13 05:48:43,Needs improvement,6.92,jessica_anderson@example.com,819,EMP-32655,james.robinson,Penicillin,Hon.,WP-US-636733,Patricia,5.10.36,"$232,145",Non-conformance: access control,"$35,710",Rev.,Harper,EMP-36206,Exceeds expectations,610,Support,MRN-603973,Support,78.11,2020-03-26T15:49:58Z,Liam,Mr.,417 shares @ $110.85,Competitor Vertex Technologies launched FlexPay Platform,2050.24,N,Williams,Outstanding,-17.6,Liam Garcia,Anderson,O,Emily Harris,Johnson,Patricia,EMP-24879,EMP-41409,CTO,Lee,HR,postgresql://user:****@db-staging.internal:5432/main,"$156,360",Martin,Rodriguez,Check,"$11,997",Ethan Jones,EMP-53179,Ibuprofen,Hon.,Young,2461 shares @ $154.12,false,1306,"$152,137",Marketing,Associate's,0011-06-2001,Jackson,19.381,Data Analyst,X,0009-10-2010,"$111,616"
07-24-2009,Engineering,Mrs.,Prof.,"$12,524",Engineering,"$18,381",,29ZT8VFUBF6GY20EGP2U,Rodriguez,warn=1637,"$25,038",0010-18-1984,Sophia,Needs improvement,Hispanic,Meets expectations,Saturday,"$244,975","$47,988",EMP-52814,2020-06-02 14:23:18,Outstanding,4.55,amytaylor@acme.org,709,EMP-68751,richard.thompson,Pollen,Mr.,WP-JP-801576,Ethan,5.8.98,"$212,317",Non-conformance: access control,"$24,595",Prof.,Sarah,EMP-25855,Needs improvement,590,Support,MRN-454156,Finance,107.75,2023-02-15T18:29:25Z,Jessica,Hon.,3825 shares @ $361.18,Competitor Beacon Analytics launched Sentinel Monitor,4123.09,C,Wright,Meets expectations,14.4,Oliver D. Williams,Lee,A,Patricia Davis,Thomas,Mary,EMP-55327,EMP-76147,Product Manager,White,Sales,postgresql://user:****@db-staging.internal:5432/main,"$150,633",Rodriguez,Miller,Cash,"$36,412",James Clark,EMP-66350,Metformin,Dr.,Jackson,1895 shares @ $362.51,false,4041,"$66,611",Engineering,PhD,06/25/1984,Martin,1.937,CTO,U,04/09/1967,"$154,205"
0001-13-1950,HR,Mr.,Hon.,"$15,963",Operations,"$44,719",,KQMDIHBAE1ZYQBGGKDUN,Smith,warn=6569,"$16,614",08-22-1994,Richard,Needs improvement,White,Exceeds expectations,Thursday,"$125,778","$146,617",EMP-40239,2022-12-26T01:09:51Z,Meets expectations,8.17,david.jones@example.com,856,EMP-49027,jessica.moore,None,Prof.,WP-DE-314051,Emma,5.17.59,"$232,377",Major finding: data retention,"$11,757",Rev.,Ethan,EMP-27764,Exceeds expectations,321,Legal,MRN-748808,Support,3.64,2023-08-18T20:33:45Z,Linda,Mr.,4336 shares @ $257.67,Competitor Catalyst Ventures launched NanoCore SDK,8818.56,S,Lewis,Needs improvement,32.5,Susan Harris,Walker,E,Emily V. Lewis,Robinson,Patricia,EMP-59851,EMP-87897,Software Engineer,Young,Finance,postgresql://user:****@db-staging.internal:5432/analytics,"$112,250",Young,Wright,Wire Transfer,"$24,943",Liam Johnson,EMP-15647,Ibuprofen,Ms.,Lewis,658 shares @ $49.4,false,3590,"$103,503",Marketing,High School,0012-18-1965,Young,1.322,Software Engineer,G,0002-03-1997,"$61,968"
0006-25-1964,Support,Dr.,Rev.,"$24,203",Marketing,"$34,399",2019-01-22T11:05:37Z,88ET1SMWPA4DOJ31R5OD,Smith,min=2335,"$13,390",10/23/1977,William,Outstanding,Black,Outstanding,Sunday,"$226,610","$156,563",EMP-22627,2026-01-14 19:22:27,Needs improvement,7.96,elizabethgarcia@yahoo.com,248,EMP-92862,linda.moore,None,Mrs.,WP-IN-505336,Susan,5.4.84,"$30,131",Observation: backup schedule,"$30,759",Mr.,Linda,EMP-82228,Outstanding,840,Operations,MRN-940556,Operations,290.34,2018-02-08 00:42:25,Lucas,Hon.,2726 shares @ $390.87,Competitor Catalyst Ventures launched Sentinel Monitor,7.02,W,Taylor,Outstanding,-5.2,Amy Martin,Walker,X,Oliver Miller,Clark,Lucas,EMP-38666,EMP-45686,Data Analyst,Clark,Marketing,postgresql://user:****@db-prod.internal:5432/analytics,"$221,854",Martinez,Thomas,Credit Card,"$6,861",Patricia Anderson,EMP-59586,Ibuprofen,Mr.,Williams,4137 shares @ $34.62,false,9958,"$91,817",HR,Bachelor's,07/07/1988,Williams,3.34,Designer,O,09-10-1989,"$47,713"
0006-24-1951,Support,Dr.,Rev.,"$3,989",Engineering,"$38,381",,9KTGAWELV55A0LMDNVS8,Rodriguez,max=2401,"$41,618",0005-13-2010,Emily,Needs improvement,Black,Outstanding,Friday,"$89,909","$203,682",EMP-56779,2020-02-26T11:54:12Z,Meets expectations,6.44,susanjohnson@yahoo.com,594,EMP-89856,william.anderson,None,Mrs.,WP-FR-314183,Logan,0.13.94,"$89,150",Non-conformance: access control,"$41,287",Ms.,Sophia,EMP-82338,Exceeds expectations,326,Support,MRN-366156,Operations,219.55,2019-05-19T19:44:44Z,Emma,Ms.,4407 shares @ $192.8,Competitor TechCo Industries launched AuditTrail Plus,1540.46,H,Garcia,Outstanding,0.7,Aiden Moore,Thomas,H,Lucas Wright,Harris,Amy,EMP-52896,EMP-19993,Software Engineer,Miller,Finance,postgresql://user:****@db-staging.internal:5432/analytics,"$116,982",Thomas,Young,Debit Card,"$39,949",Mason Williams,EMP-21146,Ibuprofen,Mrs.,Taylor,3003 shares @ $340.25,false,4920,"$153,221",Operations,PhD,09-05-1960,Anderson,6.044,Sales Rep,Z,01-12-1990,"$124,082"
0011-15-1991,Operations,Mr.,Rev.,"$42,274",HR,"$18,523",,SHJRS45903TT0TZI26V2,Miller,crit=570,"$41,620",0012-18-1949,John,Outstanding,Hispanic,Outstanding,Wednesday,"$171,231","$100,282",EMP-78926,2023-08-01 11:28:25,Meets expectations,2.88,emilyking84@example.com,480,EMP-92075,ethan.clark,Latex,Rev.,WP-DE-505424,David,0.6.9,"$44,999",Observation: backup schedule,"$15,512",Mr.,Mary,EMP-29537,Needs improvement,492,Operations,MRN-607013,HR,11.52,2022-12-08 17:04:39,Jennifer,Hon.,1530 shares @ $365.88,Competitor Quantum Dynamics launched SmartHub X1,8906.18,J,Taylor,Exceeds expectations,43.1,Liam Lewis,Wright,Y,Michael Williams,Smith,Olivia,EMP-23823,EMP-44502,CTO,Williams,Support,postgresql://user:****@db-prod.internal:5432/analytics,"$140,202",Thomas,White,PayPal,"$18,617",Oliver Garcia,EMP-66491,Amoxicillin,Mrs.,Davis,3906 shares @ $301.38,false,5536,"$192,535",Marketing,Master's,02-11-1986,Moore,14.153,Product Manager,F,11-14-1974,"$175,953"
0001-06-1995,Legal,Mrs.,Prof.,"$46,072",Legal,"$16,606",,MGH9EFG06YB3H4FHT3UB,Lewis,min=2243,"$39,256",0012-06-2004,Harper,Outstanding,Hispanic,Needs improvement,Tuesday,"$149,590","$205,312",EMP-83925,2019-02-26 03:40:34,Needs improvement,0.95,maryjohnson@company.com,130,EMP-17518,noah.white,Shellfish,Mr.,WP-AU-168510,James,1.17.81,"$119,374",Observation: backup schedule,"$5,702",Prof.,Amy,EMP-35243,Exceeds expectations,414,HR,MRN-805965,Sales,214.04,2019-11-20T17:12:23Z,Lucas,Ms.,273 shares @ $163.39,Competitor Acme Corp launched DataSync 3000,7032.62,Y,Miller,Exceeds expectations,-36.6,Jennifer Moore,Taylor,O,Robert R. King,Martinez,Jessica,EMP-17701,EMP-79872,CTO,Martin,Finance,postgresql://user:****@db-prod.internal:5432/main,"$102,600",Martin,Garcia,Debit Card,"$14,260",James B. Young,EMP-83931,Metformin,Ms.,Wright,3886 shares @ $102.92,false,5732,"$209,757",Sales,Bachelor's,0007-03-1974,Miller,0.359,CTO,K,0004-04-1983,"$203,818"
0010-15-1985,HR,Hon.,Mrs.,"$12,061",Marketing,"$7,022",,XYR8F37FQXTSIAE9ERK9,Anderson,warn=1819,"$20,572",0003-19-1945,Sarah,Meets expectations,Hispanic,Meets expectations,Thursday,"$197,741","$128,685",EMP-62589,2020-07-07T08:55:25Z,Meets expectations,5.75,annawhite@acme.org,278,EMP-81040,jennifer.wright,Peanuts,Hon.,WP-CA-477920,Emily,1.13.65,"$74,372",Observation: backup schedule,"$40,046",Hon.,Sarah,EMP-13910,Needs improvement,823,Operations,MRN-687290,Sales,226.37,2022-04-13T11:40:14Z,Jessica,Hon.,4243 shares @ $480.81,Competitor Quantum Dynamics launched SmartHub X1,4296.49,L,Harris,Needs improvement,34.2,Harper F. Thompson,Jones,J,Emma Rodriguez,Williams,Sophia,EMP-86557,EMP-82371,VP Engineering,Miller,Marketing,postgresql://user:****@db-prod.internal:5432/analytics,"$139,862",Martin,Harris,ACH,"$49,926",Olivia Smith,EMP-24910,Metformin,Prof.,Thomas,2613 shares @ $81.88,false,2847,"$86,409",Finance,Associate's,11/23/1996,Williams,16.799,CTO,Y,0011-18-1944,"$103,264"
04-16-2004,Legal,Dr.,Rev.,"$16,413",HR,"$30,237",,7CDIAZXJ6M2FAHTOWT8I,Young,max=8311,"$28,683",02-16-1973,David,Outstanding,Black,Meets expectations,Friday,"$47,061","$208,076",EMP-17644,2019-09-28T07:21:54Z,Needs improvement,7.43,robert_brown5@yahoo.com,539,EMP-52381,jessica.martinez,Peanuts,Rev.,WP-JP-507187,Harper,1.10.46,"$136,599",Observation: backup schedule,"$39,704",Hon.,Mason,EMP-92899,Exceeds expectations,841,Operations,MRN-584427,Legal,146.45,2022-06-04T15:50:16Z,Anna,Rev.,3593 shares @ $210.85,Competitor Global Solutions launched VaultKeeper,3494.15,Q,White,Exceeds expectations,29.0,Amy Clark,White,D,Olivia White,White,Michael,EMP-77013,EMP-43194,CTO,Smith,Operations,postgresql://user:****@db-prod.internal:5432/main,"$213,322",Johnson,Thomas,Cash,"$18,168",Jessica E. Rodriguez,EMP-49129,Lisinopril,Mr.,Brown,3330 shares @ $97.07,true,5374,"$71,558",Operations,Master's,09/05/1993,Robinson,15.387,Designer,C,11-20-1966,"$99,727"
08/08/2003,Marketing,Ms.,Hon.,"$20,406",Engineering,"$34,274",,6PVM0H3HXU0Y839OQBOB,Thomas,warn=7955,"$33,594",05/23/1971,Liam,Exceeds expectations,Other,Needs improvement,Friday,"$86,117","$69,287",EMP-53649,2025-06-28 07:21:22,Meets expectations,9.89,oliver_martinez@yahoo.com,814,EMP-30934,michael.king,Shellfish,Mr.,WP-AU-440166,Oliver,1.11.20,"$126,544",Non-conformance: access control,"$43,180",Ms.,Noah,EMP-30596,Needs improvement,719,Engineering,MRN-272808,Legal,283.91,2022-05-01 09:35:38,Sarah,Dr.,814 shares @ $66.46,Competitor Pacific Research Group launched CloudGuard,4895.67,H,Walker,Meets expectations,3.0,Amy Lee,Harris,O,Linda Wright,Wright,Lucas,EMP-70688,EMP-54110,Product Manager,Robinson,Engineering,postgresql://user:****@db-staging.internal:5432/main,"$99,490",Jackson,White,Cash,"$1,906",Sophia King,EMP-17353,Aspirin,Prof.,Davis,2648 shares @ $22.84,false,7283,"$123,014",Legal,PhD,08/15/1966,Moore,13.977,VP Engineering,Z,0006-13-1959,"$70,993"
11/25/1967,Marketing,Dr.,Prof.,"$4,472",Support,"$30,216",,WPGDVST075NK5ABMM9EH,Johnson,min=4481,"$45,739",0005-28-1951,Richard,Meets expectations,Black,Meets expectations,Sunday,"$224,862","$216,337",EMP-68268,2024-03-16 06:13:25,Needs improvement,6.05,lucas_white@acme.org,332,EMP-89304,linda.king,None,Mr.,WP-DE-589430,James,5.18.24,"$172,779",Non-conformance: access control,"$29,312",Mrs.,Olivia,EMP-31172,Meets expectations,673,Sales,MRN-625431,Engineering,155.7,2021-05-27 03:33:53,Linda,Mr.,3309 shares @ $227.97,Competitor Alpine Systems launched AuditTrail Plus,883.38,Z,Davis,Needs improvement,20.2,Harper Williams,Brown,X,James Y. Martinez,Jackson,Robert,EMP-66823,EMP-72057,Product Manager,Miller,Legal,postgresql://user:****@db-staging.internal:5432/main,"$155,165",Garcia,Martinez,PayPal,"$33,703",Emily Harris,EMP-12324,Metformin,Mrs.,Moore,537 shares @ $36.36,false,6580,"$45,468",Sales,Associate's,0004-22-1957,Walker,16.013,CTO,Q,01-18-1976,"$195,094"
12-17-1982,HR,Hon.,Rev.,"$30,627",Marketing,"$32,749",,R4IBN7B85NOVMT0PVZ6I,Wright,crit=9177,"$47,818",0007-04-1941,Jessica,Outstanding,Hispanic,Exceeds expectations,Monday,"$242,008","$199,148",EMP-66442,2021-08-04T07:53:44Z,Meets expectations,5.91,linda.wright14@outlook.com,426,EMP-96433,oliver.martinez,Peanuts,Prof.,WP-GB-894338,Elizabeth,0.0.49,"$160,849",Major finding: data retention,"$19,281",Mrs.,Anna,EMP-82078,Outstanding,821,HR,MRN-377728,Sales,272.58,2026-04-09T16:49:24Z,Noah,Hon.,1877 shares @ $335.82,Competitor Catalyst Ventures launched AuditTrail Plus,8017.0,V,Jackson,Needs improvement,40.3,Lucas Lewis,Martin,A,Susan Lee,Lee,Mary,EMP-77776,EMP-55914,CTO,Johnson,Support,postgresql://user:****@db-staging.internal:5432/main,"$187,515",Jackson,Wright,Cash,"$46,955",Liam Martinez,EMP-22572,Ibuprofen,Mr.,Martin,4574 shares @ $462.89,true,6961,"$119,876",Operations,PhD,01/26/2005,Thompson,10.812,VP Engineering,I,05-11-1962,"$244,245"
08-06-1988,Legal,Dr.,Ms.,"$39,207",Support,"$5,492",,9IBW2FFLW0ZS4IP0H5O3,Taylor,max=4621,"$40,251",0002-27-1961,James,Outstanding,Black,Exceeds expectations,Tuesday,"$32,447","$79,349",EMP-36413,2023-06-04 12:54:46,Needs improvement,6.32,mary_clark@example.com,287,EMP-24290,patricia.thomas,Shellfish,Mrs.,WP-GB-118099,Patricia,4.8.41,"$87,918",Observation: backup schedule,"$6,202",Mr.,Logan,EMP-24249,Meets expectations,606,Support,MRN-312546,Engineering,159.75,2021-05-13 17:23:10,Mary,Mrs.,1383 shares @ $415.2,Competitor DataCraft Inc launched CloudGuard,6934.11,Y,Thompson,Exceeds expectations,-18.2,James Williams,Anderson,U,Emma White,Robinson,Emily,EMP-54408,EMP-84173,Product Manager,Robinson,Operations,postgresql://user:****@db-prod.internal:5432/analytics,"$192,871",Anderson,Wright,Wire Transfer,"$23,633",Jennifer Moore,EMP-63788,Aspirin,Dr.,Smith,1365 shares @ $133.42,true,7105,"$118,373",Sales,Master's,10/19/1994,Thomas,0.491,Software Engineer,F,11-14-1954,"$37,061"
05-24-1982,Operations,Rev.,Prof.,"$6,616",Sales,"$46,202",,ZDBHMQHQLWRFZ4N0Y3R1,Walker,crit=6353,"$14,490",0011-02-1947,Susan,Needs improvement,Mixed,Needs improvement,Saturday,"$158,769","$128,791",EMP-74441,2019-08-16 12:00:14,Outstanding,9.12,aidenharris@gmail.com,1,EMP-67493,olivia.lewis,None,Dr.,WP-JP-953707,Anna,0.17.53,"$89,531",Major finding: data retention,"$20,494",Prof.,Elizabeth,EMP-81845,Outstanding,643,Sales,MRN-604826,Finance,217.49,2025-01-23T00:31:53Z,John,Mrs.,1558 shares @ $226.58,Competitor Alpine Systems launched AuditTrail Plus,9639.85,I,White,Needs improvement,20.6,Ethan Walker,Robinson,C,Lucas Williams,Jackson,Noah,EMP-73867,EMP-22932,CTO,Thomas,Engineering,postgresql://user:****@db-staging.internal:5432/main,"$133,251",Lee,Wright,ACH,"$29,872",Aiden V. Smith,EMP-99940,Lisinopril,Rev.,Taylor,2822 shares @ $371.14,false,3028,"$49,398",HR,Associate's,04/23/2008,Lewis,14.452,Designer,G,06-18-1970,"$164,303"
08/09/2002,Operations,Ms.,Hon.,"$13,649",Support,"$3,263",,0YQHG7J0161B5Z7Y7XR4,Brown,max=95,"$16,097",05-19-1977,Jennifer,Exceeds expectations,Black,Outstanding,Thursday,"$73,976","$234,455",EMP-61220,2026-12-13 06:58:11,Exceeds expectations,5.84,anna_white@example.com,590,EMP-80859,anna.johnson,Latex,Dr.,WP-CA-785213,Noah,3.2.99,"$52,156",Major finding: data retention,"$36,536",Dr.,David,EMP-85509,Meets expectations,739,Engineering,MRN-116548,Operations,195.3,2023-12-16 08:10:47,Liam,Mrs.,4656 shares @ $120.29,Competitor Acme Corp launched SmartHub X1,4739.46,X,Rodriguez,Needs improvement,-24.0,Sophia White,Brown,G,John Robinson,Jackson,John,EMP-30267,EMP-11851,Product Manager,Harris,Support,postgresql://user:****@db-prod.internal:5432/main,"$219,402",Brown,Robinson,ACH,"$36,588",Richard Smith,EMP-67219,Lisinopril,Mr.,Jones,4878 shares @ $155.17,true,9133,"$61,072",Engineering,Associate's,0010-15-1950,White,8.293,Sales Rep,L,11/13/1979,"$101,947"
02-26-2004,Sales,Mrs.,Ms.,"$43,851",Sales,"$13,270",2025-01-09 21:14:08,3QLW0W3YHKXR0H7Y5XPS,Miller,crit=7624,"$37,564",05-05-1977,Susan,Meets expectations,Asian,Outstanding,Tuesday,"$217,263","$157,452",EMP-61308,2020-10-26 08:20:08,Needs improvement,6.62,annamartin@yahoo.com,736,EMP-95386,patricia.walker,Latex,Hon.,WP-US-774819,John,1.18.38,"$91,011",Observation: backup schedule,"$27,804",Rev.,Liam,EMP-46477,Exceeds expectations,523,HR,MRN-869243,Sales,189.56,2025-08-23 08:23:03,Jennifer,Mrs.,1368 shares @ $464.82,Competitor Pioneer Software launched SmartHub X1,2074.5,O,Thompson,Exceeds expectations,-25.5,Sophia Robinson,King,F,Ethan P. Walker,Brown,Emma,EMP-21378,EMP-76684,Designer,Harris,Marketing,postgresql://user:****@db-staging.internal:5432/main,"$55,341",Martinez,Martin,Check,"$24,157",Oliver King,EMP-98264,Metformin,Mrs.,Rodriguez,771 shares @ $356.45,true,8324,"$229,351",HR,High School,07/19/1951,Lewis,11.485,CTO,P,11/06/1993,"$150,926"
04-19-1955,Support,Rev.,Mrs.,"$23,428",Support,"$28,161",2022-07-11T20:45:42Z,D5ZWUBUVL118H7SBUXXM,Thompson,max=2718,"$33,045",0011-10-1963,Elizabeth,Exceeds expectations,Mixed,Outstanding,Friday,"$40,386","$128,021",EMP-55203,2022-01-07T11:03:05Z,Meets expectations,2.39,linda.williams@gmail.com,831,EMP-42405,aiden.miller,Shellfish,Mrs.,WP-FR-856695,Mary,2.9.60,"$42,228",Non-conformance: access control,"$20,664",Prof.,Aiden,EMP-24202,Exceeds expectations,407,Legal,MRN-743046,Legal,196.84,2018-10-19T12:00:00Z,Richard,Rev.,4207 shares @ $139.24,Competitor TechCo Industries launched DataSync 3000,7820.64,D,Lee,Outstanding,-9.1,Liam King,Miller,A,Oliver King,Jones,Sophia,EMP-94790,EMP-54472,CTO,Anderson,Operations,postgresql://user:****@db-prod.internal:5432/main,"$34,424",Smith,Lewis,Wire Transfer,"$38,799",Linda Taylor,EMP-11398,Aspirin,Ms.,White,3222 shares @ $486.28,false,8330,"$69,658",Support,Bachelor's,0001-28-1996,Robinson,16.802,VP Engineering,Y,01-10-1941,"$181,360"
02-23-1948,Marketing,Prof.,Mr.,"$3,761",Finance,"$15,524",,QYLFY87VSIUYHP82ADEP,King,warn=4023,"$2,773",01-18-1975,Logan,Exceeds expectations,Hispanic,Exceeds expectations,Thursday,"$218,616","$163,285",EMP-19571,2024-04-01 16:24:33,Needs improvement,4.32,robertwright@example.com,555,EMP-61333,mason.miller,Pollen,Mrs.,WP-CA-677632,Emma,0.7.94,"$179,756",Observation: backup schedule,"$31,859",Prof.,Richard,EMP-94283,Outstanding,558,HR,MRN-244695,Finance,73.62,2021-12-14 14:40:35,Susan,Dr.,701 shares @ $377.02,Competitor Meridian Health launched SmartHub X1,1006.84,I,Robinson,Exceeds expectations,-5.3,Amy Rodriguez,Davis,P,Sarah A. Thomas,Lewis,James,EMP-70482,EMP-45002,Data Analyst,Walker,HR,postgresql://user:****@db-prod.internal:5432/main,"$241,034",Harris,Lee,Debit Card,"$27,263",Harper Clark,EMP-85708,Ibuprofen,Mrs.,Anderson,4764 shares @ $95.78,true,8269,"$196,210",Support,Master's,0010-21-1949,Rodriguez,16.466,Data Analyst,U,06/23/1977,"$106,681"
08-23-1989,Operations,Ms.,Mrs.,"$42,752",Marketing,"$25,982",2023-05-23 18:16:25,9KJOT444J6HA859YLHDN,Anderson,min=8385,"$27,154",0001-12-1946,Sophia,Needs improvement,Hispanic,Outstanding,Saturday,"$182,739","$142,762",EMP-64286,2024-04-17T04:06:49Z,Outstanding,6.78,oliver.anderson@company.com,960,EMP-12288,olivia.jackson,Pollen,Rev.,WP-DE-897447,Michael,4.16.56,"$92,886",Non-conformance: access control,"$9,507",Mrs.,Jessica,EMP-79859,Meets expectations,326,HR,MRN-979853,Finance,20.77,2019-04-21T00:35:10Z,Noah,Rev.,2293 shares @ $67.62,Competitor DataCraft Inc launched SmartHub X1,1682.4,I,Clark,Needs improvement,31.1,Richard Moore,Thompson,N,Michael Smith,Rodriguez,Liam,EMP-68650,EMP-17573,Data Analyst,Martinez,HR,postgresql://user:****@db-staging.internal:5432/main,"$189,521",Miller,Martinez,ACH,"$23,277",Liam H. Harris,EMP-32426,Ibuprofen,Rev.,Jones,1693 shares @ $343.69,true,2037,"$244,637",HR,Associate's,0006-02-1970,Johnson,0.736,Software Engineer,H,0001-17-2004,"$139,830"
03-14-1963,Finance,Mrs.,Hon.,"$46,477",Engineering,"$29,742",,STW9Z5QE018XNHJNIVRX,Martin,max=4107,"$5,638",09/08/1973,Emily,Outstanding,Mixed,Meets expectations,Wednesday,"$158,866","$203,668",EMP-48953,2018-08-28T06:18:01Z,Outstanding,8.43,jennifer.robinson@example.com,549,EMP-22670,ethan.rodriguez,Shellfish,Mr.,WP-AU-447399,Sarah,2.5.47,"$65,380",Non-conformance: access control,"$35,391",Mr.,Noah,EMP-58886,Meets expectations,641,Legal,MRN-847046,Engineering,242.51,2025-02-27 19:24:53,David,Mrs.,2376 shares @ $324.06,Competitor Pacific Research Group launched SmartHub X1,1245.19,R,Jackson,Exceeds expectations,35.8,John Lee,Jones,I,Michael Miller,Martin,Sophia,EMP-80680,EMP-61037,Product Manager,Williams,Engineering,postgresql://user:****@db-prod.internal:5432/main,"$229,484",Miller,Brown,ACH,"$10,338",Sarah Rodriguez,EMP-44788,Amoxicillin,Dr.,Thomas,2335 shares @ $411.12,false,2469,"$53,016",HR,PhD,03-09-2004,Thomas,12.833,Designer,B,08-04-1947,"$47,648"
01-08-1944,Support,Prof.,Rev.,"$22,977",Finance,"$49,434",,7L3BRS29V3XCED6MFCQS,Taylor,crit=9703,"$6,882",04-14-1992,Aiden,Outstanding,White,Exceeds expectations,Friday,"$104,508","$205,662",EMP-42465,2023-11-14 14:45:24,Exceeds expectations,1.82,jessica_robinson@gmail.com,984,EMP-19057,william.harris,None,Rev.,WP-US-421585,Jessica,3.14.12,"$234,972",Major finding: data retention,"$24,865",Mrs.,Olivia,EMP-86357,Meets expectations,726,Support,MRN-909501,Engineering,78.9,2022-02-23T19:13:26Z,Richard,Prof.,4475 shares @ $338.27,Competitor TechCo Industries launched Widget Pro,8372.54,Q,Williams,Needs improvement,29.0,Ethan E. Davis,Williams,J,Jessica Robinson,King,Sophia,EMP-43087,EMP-93759,Software Engineer,Anderson,Engineering,postgresql://user:****@db-staging.internal:5432/analytics,"$133,509",Brown,Smith,ACH,"$47,286",Michael Johnson,EMP-71959,Aspirin,Rev.,Davis,3809 shares @ $439.46,false,8213,"$91,254",Legal,Master's,0005-04-1993,Brown,15.131,Data Analyst,H,05-09-1951,"$123,514"
08-23-1940,Operations,Ms.,Mr.,"$5,802",Finance,"$37,733",,Q64XH7B87IZXYP6H1NJF,Clark,crit=2718,"$43,693",02/03/2009,Noah,Needs improvement,Asian,Needs improvement,Wednesday,"$95,006","$41,422",EMP-68616,2020-09-28T22:58:30Z,Meets expectations,8.65,richardthomas@acme.org,657,EMP-46558,harper.davis,Latex,Mr.,WP-US-653582,Liam,3.4.48,"$214,179",Non-conformance: access control,"$21,928",Prof.,Aiden,EMP-25030,Outstanding,399,Sales,MRN-512225,Finance,221.62,2022-03-04 14:58:27,Olivia,Dr.,4743 shares @ $148.95,Competitor Catalyst Ventures launched SmartHub X1,366.55,Y,Lee,Outstanding,5.9,Anna Garcia,Moore,N,Oliver Jones,Harris,William,EMP-52861,EMP-53952,Software Engineer,Walker,Legal,postgresql://user:****@db-staging.internal:5432/analytics,"$93,189",Jackson,Martinez,Cash,"$23,970",Lucas Davis,EMP-82237,Amoxicillin,Dr.,Lee,2698 shares @ $211.25,false,3299,"$69,923",Support,Master's,09-23-2006,Garcia,17.044,CTO,L,0004-03-2006,"$177,391"
0002-03-1948,Sales,Rev.,Mrs.,"$41,501",HR,"$35,992",,3WZNTF3GLYNG109OQWHH,Miller,warn=3112,"$12,230",08/03/2007,Sophia,Exceeds expectations,Asian,Exceeds expectations,Saturday,"$220,129","$210,357",EMP-18557,2025-01-25T03:19:14Z,Needs improvement,9.35,jessica_martinez@example.com,288,EMP-37542,elizabeth.young,Latex,Prof.,WP-AU-559725,Mason,0.13.50,"$240,005",Observation: backup schedule,"$1,135",Ms.,Liam,EMP-54099,Exceeds expectations,376,Support,MRN-839985,Marketing,125.01,2026-02-07 09:01:58,John,Ms.,4209 shares @ $373.97,Competitor Alpine Systems launched NanoCore SDK,7797.45,Y,Thompson,Outstanding,21.5,Patricia Clark,Wright,J,Amy Williams,Brown,John,EMP-49520,EMP-44486,Data Analyst,Jackson,Engineering,postgresql://user:****@db-staging.internal:5432/analytics,"$193,643",King,King,ACH,"$14,137",John Harris,EMP-24462,Metformin,Rev.,Jones,2864 shares @ $369.04,false,1442,"$247,378",HR,Master's,09-10-1973,Taylor,2.681,CTO,U,11-19-2008,"$58,105"
04-08-1959,Finance,Hon.,Dr.,"$20,697",Finance,"$15,830",2026-08-17T03:00:51Z,YSNWCQYY4S79LOG5C6ZI,Davis,min=5992,"$36,091",0006-03-1971,Susan,Needs improvement,Asian,Outstanding,Saturday,"$32,749","$160,610",EMP-35440,2020-09-24T08:44:03Z,Exceeds expectations,7.18,sarah.robinson@gmail.com,743,EMP-55267,sarah.moore,Penicillin,Ms.,WP-BR-156754,Olivia,0.3.90,"$170,887",Non-conformance: access control,"$1,170",Prof.,Richard,EMP-50604,Meets expectations,362,Legal,MRN-326957,Engineering,132.49,2026-04-17 13:30:39,Emma,Hon.,1114 shares @ $250.4,Competitor Alpine Systems launched FlexPay Platform,6299.32,P,White,Meets expectations,-35.0,Patricia O. Brown,Rodriguez,W,David S. Young,Lee,Linda,EMP-62019,EMP-96019,Sales Rep,Lewis,Engineering,postgresql://user:****@db-staging.internal:5432/main,"$160,371",Harris,Johnson,Cash,"$47,923",Lucas Davis,EMP-20109,Amoxicillin,Mrs.,Lewis,2911 shares @ $157.91,true,7521,"$136,524",Legal,Bachelor's,0008-02-1977,Brown,18.941,CTO,D,04-06-2005,"$71,755"
03-18-1997,Sales,Prof.,Rev.,"$13,595",Sales,"$28,668",,3E8GG2FAGG0S2PRJ72JO,Lewis,warn=5648,"$40,065",02/18/1971,Mary,Meets expectations,Hispanic,Exceeds expectations,Sunday,"$160,651","$91,434",EMP-15325,2021-06-11T15:32:33Z,Outstanding,3.42,loganjohnson23@gmail.com,844,EMP-29062,sophia.harris,Peanuts,Mr.,WP-BR-752333,Susan,5.11.59,"$170,254",Non-conformance: access control,"$35,117",Mr.,Richard,EMP-34347,Exceeds expectations,422,Legal,MRN-570698,Operations,251.76,2024-04-03 11:08:00,David,Dr.,2450 shares @ $216.83,Competitor Quantum Dynamics launched NanoCore SDK,2225.39,F,Taylor,Meets expectations,26.8,Jessica Lee,Martinez,F,Mason Thompson,Lewis,William,EMP-86239,EMP-61057,Data Analyst,Moore,Legal,postgresql://user:****@db-prod.internal:5432/main,"$137,325",Clark,Williams,Wire Transfer,"$47,255",Michael Wright,EMP-59364,Metformin,Prof.,Martinez,986 shares @ $393.53,false,7947,"$123,024",HR,Bachelor's,02-16-1983,Garcia,13.283,Sales Rep,T,01-18-1992,"$49,446"
07/11/1985,Finance,Hon.,Prof.,"$18,062",Operations,"$43,986",,5BPNFTTKFBRGTTSAH5NW,Martinez,min=1259,"$9,486",10-14-1944,Jessica,Exceeds expectations,Other,Meets expectations,Saturday,"$156,086","$226,611",EMP-14730,2020-10-23 16:37:01,Needs improvement,1.07,anna.thompson@gmail.com,26,EMP-45097,richard.lewis,Shellfish,Prof.,WP-DE-467492,Susan,3.10.85,"$233,415",Observation: backup schedule,"$12,509",Ms.,Linda,EMP-40326,Needs improvement,760,Engineering,MRN-516703,Sales,158.31,2019-12-24T21:41:19Z,Sarah,Mrs.,1561 shares @ $130.48,Competitor DataCraft Inc launched NanoCore SDK,5935.84,Z,Rodriguez,Meets expectations,48.4,Elizabeth Clark,Moore,L,Mary A. Clark,Walker,David,EMP-53327,EMP-46036,Sales Rep,Smith,Sales,postgresql://user:****@db-staging.internal:5432/analytics,"$50,000",Martin,Taylor,Debit Card,"$4,693",Michael Davis,EMP-57275,Aspirin,Dr.,Thompson,4211 shares @ $429.17,true,4006,"$82,343",HR,PhD,09-08-1941,Anderson,7.483,Sales Rep,O,0012-01-1972,"$230,129"
08-27-1976,Operations,Rev.,Ms.,"$6,161",Legal,"$39,998",,XZWSNLBS5TLF6HWNFAXW,Garcia,max=2008,"$16,798",0008-18-1959,Ethan,Exceeds expectations,Other,Meets expectations,Saturday,"$244,287","$245,765",EMP-13076,2018-02-18 22:00:56,Outstanding,1.71,sarahrodriguez@yahoo.com,509,EMP-38931,sophia.king,Shellfish,Dr.,WP-MX-896682,Robert,1.14.49,"$216,601",Observation: backup schedule,"$8,367",Mr.,Linda,EMP-34094,Needs improvement,618,Support,MRN-586606,Sales,226.28,2025-12-20T21:42:59Z,Oliver,Dr.,1035 shares @ $454.64,Competitor Acme Corp launched NanoCore SDK,581.0,T,Rodriguez,Exceeds expectations,21.6,Aiden Davis,Williams,X,Elizabeth Moore,Williams,Aiden,EMP-80163,EMP-53880,CTO,Moore,Legal,postgresql://user:****@db-staging.internal:5432/main,"$213,480",Jones,King,PayPal,"$29,362",Richard Q. Moore,EMP-47636,Amoxicillin,Ms.,Thomas,4509 shares @ $344.75,false,9338,"$139,538",Engineering,Bachelor's,02/09/1952,Harris,10.34,Data Analyst,J,04-12-1960,"$127,197"
0005-13-1995,Sales,Mrs.,Rev.,"$48,740",Engineering,"$48,001",,3DDWXYCJZFXZN7S7U1EF,Brown,min=3075,"$1,818",0003-21-1943,David,Meets expectations,Other,Meets expectations,Thursday,"$114,951","$69,913",EMP-12902,2021-11-06 15:56:25,Meets expectations,8.91,olivia.king74@yahoo.com,509,EMP-14937,noah.lewis,Latex,Mrs.,WP-BR-941792,Harper,1.0.81,"$247,236",Major finding: data retention,"$39,376",Prof.,John,EMP-86398,Meets expectations,415,Support,MRN-254054,Engineering,122.98,2022-10-21T07:18:52Z,Harper,Hon.,2195 shares @ $52.61,Competitor Pioneer Software launched Widget Pro,668.6,I,Moore,Exceeds expectations,27.1,Lucas Young,Davis,Z,Mason Moore,Miller,Ethan,EMP-95492,EMP-99176,VP Engineering,Smith,HR,postgresql://user:****@db-prod.internal:5432/analytics,"$113,961",Young,Taylor,Credit Card,"$42,366",Patricia Rodriguez,EMP-43941,Amoxicillin,Ms.,Davis,3912 shares @ $198.16,true,7908,"$158,269",Legal,High School,04-26-1989,Smith,16.402,Software Engineer,J,12-08-1963,"$212,183"
02/09/2005,HR,Mr.,Dr.,"$43,550",Operations,"$14,121",,4ZSEADH2XH2W7L3AI6MF,Lee,crit=1084,"$38,837",0010-02-1981,Lucas,Exceeds expectations,Black,Exceeds expectations,Saturday,"$133,994","$42,519",EMP-25545,2025-05-01T18:42:27Z,Meets expectations,1.64,emmamartin@acme.org,895,EMP-62161,linda.davis,None,Mrs.,WP-DE-558335,William,2.18.68,"$214,609",Non-conformance: access control,"$45,629",Mrs.,Logan,EMP-57147,Needs improvement,610,Sales,MRN-310293,Sales,128.81,2022-06-08 17:46:25,Mason,Ms.,2082 shares @ $298.55,Competitor Acme Corp launched DataSync 3000,4115.88,D,Smith,Meets expectations,33.6,James Anderson,Lewis,J,David Williams,Thompson,James,EMP-25042,EMP-64963,Designer,Clark,Operations,postgresql://user:****@db-prod.internal:5432/main,"$157,815",Smith,Brown,ACH,"$37,029",Oliver Walker,EMP-93800,Metformin,Mrs.,Anderson,4213 shares @ $219.06,false,9572,"$105,504",Marketing,Associate's,04-24-1959,Jackson,12.237,CTO,Z,05-11-1971,"$197,273"
03-06-2002,HR,Ms.,Hon.,"$39,305",Finance,"$22,317",,SRTCMFW8P6IZHEQUEC5Z,Miller,max=1680,"$40,538",04/17/1985,Olivia,Exceeds expectations,Mixed,Outstanding,Wednesday,"$64,397","$222,139",EMP-65592,2025-12-11T10:41:01Z,Outstanding,4.42,lucas.clark@company.com,845,EMP-10666,sophia.rodriguez,Shellfish,Prof.,WP-BR-255840,Noah,2.20.54,"$195,396",Major finding: data retention,"$1,426",Prof.,Richard,EMP-90510,Needs improvement,628,Finance,MRN-512370,Support,224.56,2025-09-16T14:18:18Z,Ethan,Hon.,2134 shares @ $54.38,Competitor Vertex Technologies launched StreamLine ERP,5687.02,V,Walker,Exceeds expectations,29.1,James Walker,Harris,U,Lucas Johnson,Clark,Noah,EMP-23123,EMP-91932,Software Engineer,Young,Finance,postgresql://user:****@db-staging.internal:5432/main,"$90,551",Harris,Lee,PayPal,"$26,448",James Brown,EMP-97212,Amoxicillin,Mrs.,Martin,4928 shares @ $190.77,false,7105,"$93,905",Engineering,High School,11-08-1944,Walker,17.21,Designer,N,12/12/1996,"$230,507"
01-17-1967,Sales,Prof.,Prof.,"$20,736",Legal,"$34,137",,AYY6DN62O60I3U3DL2XP,Martin,warn=5240,"$16,744",07/09/1946,Amy,Needs improvement,Asian,Meets expectations,Monday,"$154,303","$161,490",EMP-91234,2021-08-07 15:39:53,Meets expectations,3.59,michael_young@yahoo.com,316,EMP-31706,sophia.johnson,Pollen,Hon.,WP-BR-200576,Linda,3.5.57,"$236,297",Major finding: data retention,"$44,162",Rev.,Aiden,EMP-93633,Outstanding,525,Support,MRN-425047,Sales,43.11,2024-11-21T19:11:48Z,Emily,Hon.,754 shares @ $242.14,Competitor TechCo Industries launched CloudGuard,6872.16,G,Young,Needs improvement,12.6,Amy H. Davis,Lee,U,Emma Walker,King,John,EMP-90170,EMP-28848,Designer,Anderson,Finance,postgresql://user:****@db-staging.internal:5432/main,"$153,395",Young,Walker,PayPal,"$33,342",David Rodriguez,EMP-78769,Amoxicillin,Prof.,Harris,3248 shares @ $227.22,true,7619,"$225,408",Sales,Associate's,07/21/1943,Wright,11.874,Software Engineer,S,11-02-1951,"$172,022"
07-18-2006,Legal,Mr.,Mrs.,"$11,783",Sales,"$41,629",,LE4DN5UQTAXC30TCLOB3,Garcia,min=401,"$34,823",0010-07-1995,Harper,Needs improvement,Other,Meets expectations,Thursday,"$153,459","$172,551",EMP-91905,2022-02-22 03:18:46,Meets expectations,1.54,logan.martin18@yahoo.com,507,EMP-61471,richard.wright,Latex,Mrs.,WP-FR-825506,Linda,2.11.57,"$195,478",Non-conformance: access control,"$4,128",Rev.,William,EMP-28577,Outstanding,392,Support,MRN-602755,HR,353.41,2025-10-13 01:34:04,Emma,Mr.,2812 shares @ $186.46,Competitor TechCo Industries launched VaultKeeper,5382.86,K,Wright,Exceeds expectations,-0.3,Oliver W. Clark,Robinson,I,Emily Wright,Young,Anna,EMP-53954,EMP-59425,Software Engineer,Martinez,Sales,postgresql://user:****@db-prod.internal:5432/analytics,"$150,765",Robinson,Harris,Credit Card,"$34,181",Patricia Moore,EMP-74676,Aspirin,Prof.,Garcia,2466 shares @ $92.46,false,707,"$132,529",Support,High School,05/15/1942,Anderson,8.195,Software Engineer,F,0004-19-1948,"$214,027"
07/02/1967,Operations,Dr.,Rev.,"$25,947",Finance,"$28,751",,IQUYEMHUHRECSM56JFT0,Rodriguez,crit=8421,"$5,042",12/01/1972,Mary,Exceeds expectations,Black,Exceeds expectations,Thursday,"$170,284","$175,394",EMP-22825,2024-03-01T03:07:32Z,Needs improvement,7.84,oliverdavis@example.com,119,EMP-31079,aiden.taylor,Penicillin,Mrs.,WP-FR-559238,James,1.1.36,"$130,274",Observation: backup schedule,"$8,773",Rev.,Oliver,EMP-33973,Exceeds expectations,696,Legal,MRN-484680,Sales,22.81,2019-11-02T15:07:00Z,Sarah,Rev.,2764 shares @ $347.93,Competitor Alpine Systems launched CloudGuard,1278.5,N,Taylor,Exceeds expectations,22.1,Linda Miller,Martinez,I,Noah Taylor,Lewis,Jennifer,EMP-33513,EMP-69754,CTO,Garcia,Marketing,postgresql://user:****@db-prod.internal:5432/main,"$98,920",Thomas,Jackson,Cash,"$12,878",Emily Jackson,EMP-25344,Ibuprofen,Rev.,Williams,2669 shares @ $39.2,true,7331,"$159,074",HR,Bachelor's,11/10/2001,Young,17.283,Designer,G,10/23/1941,"$159,121"
03/27/1959,Operations,Ms.,Hon.,"$10,524",Legal,"$18,765",,QL88FXT8EHCEK5GKJYMA,Jackson,max=3846,"$35,097",02/20/1963,Lucas,Needs improvement,White,Outstanding,Tuesday,"$200,773","$217,935",EMP-19589,2026-09-25 19:29:03,Outstanding,6.7,michaeljackson@acme.org,7,EMP-76137,mason.white,Pollen,Rev.,WP-CA-618414,Aiden,4.2.25,"$72,814",Non-conformance: access control,"$31,500",Ms.,Elizabeth,EMP-30097,Exceeds expectations,714,Legal,MRN-820460,Support,287.74,2021-03-27T08:24:28Z,William,Rev.,2323 shares @ $141.26,Competitor TechCo Industries launched AuditTrail Plus,5966.73,M,Moore,Outstanding,-20.1,Jennifer Martinez,Martinez,K,Robert Y. Taylor,Thompson,Robert,EMP-76864,EMP-23737,Designer,White,Marketing,postgresql://user:****@db-staging.internal:5432/analytics,"$120,032",Robinson,Walker,ACH,"$17,644",William Lee,EMP-67666,Ibuprofen,Prof.,Brown,1731 shares @ $342.68,true,8521,"$98,616",Operations,Associate's,0003-06-1984,White,14.076,Data Analyst,P,11/21/1979,"$71,957"
02/14/1943,Engineering,Dr.,Dr.,"$18,232",Finance,"$9,002",,PMRWJPF3YDSMQH5VQ6YB,Johnson,max=7317,"$29,920",12-27-1979,Patricia,Exceeds expectations,Other,Needs improvement,Monday,"$122,151","$121,845",EMP-46146,2018-07-14 09:55:48,Meets expectations,4.42,william.harris68@gmail.com,29,EMP-83774,mason.moore,Peanuts,Hon.,WP-US-133576,Liam,4.13.49,"$135,578",Non-conformance: access control,"$41,622",Ms.,John,EMP-44516,Exceeds expectations,746,Marketing,MRN-896891,Legal,186.38,2019-02-24 11:27:23,Robert,Dr.,3362 shares @ $468.84,Competitor Global Solutions launched Sentinel Monitor,302.03,X,Johnson,Outstanding,-38.4,Susan Martin,White,U,Mary Lee,Rodriguez,James,EMP-64037,EMP-73654,Software Engineer,Taylor,Finance,postgresql://user:****@db-staging.internal:5432/main,"$247,091",Lewis,Martin,PayPal,"$29,177",Aiden White,EMP-76437,Ibuprofen,Dr.,Thompson,2207 shares @ $472.11,false,2216,"$98,348",Legal,High School,10-13-1955,Anderson,11.331,Data Analyst,J,01/08/2010,"$40,296"
0002-13-1940,Legal,Rev.,Dr.,"$15,533",Marketing,"$21,708",,CQ49SLBW301M2T7NKC9M,Martin,warn=6782,"$17,180",09-21-1961,James,Needs improvement,Asian,Meets expectations,Thursday,"$175,386","$186,912",EMP-58150,2019-01-15 12:19:00,Needs improvement,0.84,sophiathompson@gmail.com,70,EMP-88230,john.brown,Latex,Prof.,WP-US-123072,Aiden,3.12.53,"$38,109",Non-conformance: access control,"$9,663",Ms.,Emily,EMP-90792,Outstanding,471,Operations,MRN-342655,Finance,85.51,2024-04-19 15:35:40,Olivia,Ms.,1233 shares @ $127.63,Competitor Global Solutions launched Widget Pro,4966.59,Y,Miller,Meets expectations,40.9,Aiden Z. Clark,Taylor,R,Logan Lewis,Davis,Emma,EMP-60980,EMP-97151,Product Manager,Martinez,HR,postgresql://user:****@db-prod.internal:5432/main,"$190,658",Garcia,Jones,PayPal,"$44,594",Linda White,EMP-51895,Ibuprofen,Mrs.,Rodriguez,2988 shares @ $169.04,false,6339,"$240,615",Finance,High School,0009-06-2003,Moore,15.156,Designer,S,01/03/1965,"$249,422"
12/09/2002,Marketing,Rev.,Mrs.,"$37,560",Sales,"$30,608",,J6VVW97CV1QHFETBORAT,Anderson,warn=985,"$11,760",0007-06-1977,Richard,Needs improvement,Mixed,Exceeds expectations,Wednesday,"$231,950","$108,598",EMP-74548,2021-02-27 06:31:14,Exceeds expectations,3.97,oliviawhite17@company.com,983,EMP-41592,mason.harris,Penicillin,Mr.,WP-US-409629,Richard,1.1.75,"$210,097",Non-conformance: access control,"$31,228",Prof.,Anna,EMP-56597,Needs improvement,571,Support,MRN-883127,HR,63.7,2019-05-26T08:07:04Z,Linda,Rev.,201 shares @ $429.82,Competitor Alpine Systems launched VaultKeeper,7862.61,G,Brown,Needs improvement,-27.8,Olivia Walker,Young,V,Jessica I. Moore,Lewis,John,EMP-96733,EMP-13461,VP Engineering,Taylor,Legal,postgresql://user:****@db-prod.internal:5432/main,"$135,121",Thomas,Martin,Debit Card,"$17,162",John Brown,EMP-26665,Aspirin,Rev.,Rodriguez,3363 shares @ $409.6,true,5509,"$200,680",Marketing,Associate's,0010-03-1980,Harris,17.345,VP Engineering,P,0006-20-1971,"$200,482"
01-12-2007,Marketing,Ms.,Hon.,"$41,198",Support,"$27,552",,8GOU4J0P8VD82EGGNL2H,Walker,max=5848,"$32,353",0004-12-1989,Patricia,Outstanding,Asian,Exceeds expectations,Monday,"$79,002","$161,319",EMP-51906,2023-01-05T02:20:18Z,Exceeds expectations,7.9,noahdavis@acme.org,772,EMP-33853,sarah.williams,Shellfish,Hon.,WP-JP-290296,Liam,1.3.30,"$89,402",Major finding: data retention,"$11,754",Rev.,Ethan,EMP-58525,Needs improvement,462,Sales,MRN-406112,Sales,170.79,2024-12-11 16:19:53,Richard,Prof.,4359 shares @ $64.0,Competitor Skyline Partners launched SmartHub X1,3280.33,N,Williams,Exceeds expectations,-14.3,Linda Miller,Jones,E,Aiden Jackson,Martinez,Patricia,EMP-40698,EMP-90304,Product Manager,Williams,Operations,postgresql://user:****@db-staging.internal:5432/analytics,"$92,344",Brown,Moore,Credit Card,"$48,053",William Garcia,EMP-44906,Aspirin,Hon.,King,861 shares @ $170.07,false,7517,"$56,718",Finance,High School,06-10-1955,Miller,14.558,CTO,A,02/02/1954,"$125,663"
0001-23-1944,Support,Hon.,Ms.,"$35,227",Engineering,"$32,991",,83JJYCUKCDNXM93BQFQ8,Lewis,crit=8609,"$3,100",07/12/1995,Logan,Outstanding,Other,Needs improvement,Wednesday,"$246,524","$246,288",EMP-29303,2020-12-22 18:26:33,Outstanding,9.98,linda.harris89@company.com,599,EMP-49231,robert.brown,Shellfish,Rev.,WP-GB-824570,Jennifer,5.17.95,"$186,932",Non-conformance: access control,"$2,254",Dr.,Robert,EMP-93965,Meets expectations,571,HR,MRN-428957,HR,91.95,2025-10-07 00:16:46,Robert,Ms.,4911 shares @ $287.27,Competitor Global Solutions launched Sentinel Monitor,3205.78,H,Brown,Outstanding,-23.2,Logan Young,Jones,E,John Lewis,Smith,Logan,EMP-20707,EMP-67450,CTO,Rodriguez,Operations,postgresql://user:****@db-prod.internal:5432/analytics,"$48,415",Thomas,Harris,Wire Transfer,"$46,664",Emma H. Jones,EMP-16160,Ibuprofen,Mr.,Miller,2551 shares @ $77.72,false,88,"$219,245",Marketing,High School,0009-27-2005,Thomas,13.741,Software Engineer,B,09/04/1966,"$34,827"
02/27/1960,Engineering,Mrs.,Rev.,"$37,290",Operations,"$14,906",2021-10-25T00:00:24Z,S81AVDQR3GF06O6CBAUX,Williams,crit=4053,"$11,081",05/20/1984,Anna,Meets expectations,Black,Outstanding,Friday,"$160,043","$154,782",EMP-26410,2023-05-11T14:46:37Z,Exceeds expectations,2.54,lucasbrown20@outlook.com,217,EMP-91091,susan.thompson,Penicillin,Dr.,WP-MX-126300,Amy,3.2.23,"$57,733",Observation: backup schedule,"$32,877",Dr.,Aiden,EMP-37105,Meets expectations,550,Sales,MRN-652048,Marketing,218.48,2019-09-06T20:57:35Z,Noah,Hon.,1877 shares @ $168.63,Competitor Skyline Partners launched StreamLine ERP,2561.05,S,Lewis,Exceeds expectations,-25.8,Mary Harris,Lee,O,Elizabeth Harris,Moore,Jessica,EMP-81971,EMP-49942,CTO,Harris,Marketing,postgresql://user:****@db-prod.internal:5432/main,"$33,985",Rodriguez,Lewis,Check,"$34,454",Jessica Young,EMP-77789,Metformin,Prof.,Jones,4483 shares @ $362.62,true,8682,"$236,504",Operations,Associate's,08/25/1981,Lee,14.932,Sales Rep,Q,04-10-1955,"$243,690"
04-12-1982,Finance,Dr.,Prof.,"$31,206",Engineering,"$40,204",,6QL7KYJ9DYYA9Z54VLNF,Harris,max=3168,"$46,912",0010-07-1949,Mason,Outstanding,Black,Exceeds expectations,Saturday,"$207,103","$91,202",EMP-82023,2022-07-26T18:51:16Z,Exceeds expectations,5.73,oliver.robinson83@gmail.com,213,EMP-96248,elizabeth.davis,Pollen,Ms.,WP-IN-902667,Logan,0.13.28,"$69,068",Major finding: data retention,"$8,127",Rev.,John,EMP-99062,Outstanding,771,HR,MRN-585910,Sales,145.03,2018-05-11T08:24:46Z,Olivia,Ms.,3554 shares @ $380.59,Competitor DataCraft Inc launched FlexPay Platform,6862.29,R,Clark,Outstanding,-31.2,Richard White,Harris,T,Sophia Smith,Anderson,Mary,EMP-16630,EMP-16880,Designer,Taylor,Engineering,postgresql://user:****@db-prod.internal:5432/analytics,"$105,457",Jackson,Johnson,Cash,"$21,577",Logan Wright,EMP-51369,Lisinopril,Mr.,Anderson,854 shares @ $167.1,true,6702,"$62,014",HR,Bachelor's,05-13-1955,Lee,11.249,Designer,E,08-14-1942,"$177,565"
01-27-1985,Engineering,Hon.,Prof.,"$41,459",HR,"$46,466",2024-10-11T22:29:36Z,LONAVIKDSXJ3TI221LOW,Lewis,crit=4637,"$35,625",02/15/1961,Emma,Outstanding,White,Exceeds expectations,Wednesday,"$120,968","$137,687",EMP-57316,2025-11-14 10:57:22,Meets expectations,8.73,masongarcia@gmail.com,808,EMP-63204,mary.white,Latex,Mrs.,WP-MX-792589,Susan,2.1.22,"$195,627",Major finding: data retention,"$31,019",Rev.,Anna,EMP-22427,Exceeds expectations,351,Operations,MRN-449670,Support,198.68,2018-01-22T16:18:50Z,Lucas,Mrs.,4769 shares @ $255.36,Competitor Acme Corp launched FlexPay Platform,706.01,A,Taylor,Needs improvement,-26.3,Richard Smith,Young,R,Oliver Robinson,Martinez,Anna,EMP-50437,EMP-47598,Designer,Clark,Finance,postgresql://user:****@db-staging.internal:5432/analytics,"$54,826",Clark,Robinson,Cash,"$28,934",Patricia Martinez,EMP-16383,Aspirin,Mrs.,King,2920 shares @ $392.29,false,5511,"$117,378",Marketing,Bachelor's,10-09-1963,Martinez,18.836,Software Engineer,A,12/16/1970,"$76,906"
07/26/1968,Legal,Rev.,Dr.,"$27,637",Marketing,"$6,158",,MR5DG8X7XOZ8F09QB833,Miller,warn=5424,"$25,337",0001-07-1958,Susan,Meets expectations,Black,Outstanding,Tuesday,"$33,185","$30,562",EMP-18601,2025-09-18T13:10:55Z,Needs improvement,7.16,richard_young@outlook.com,92,EMP-34064,jessica.clark,Penicillin,Dr.,WP-CA-698534,Lucas,3.16.79,"$161,515",Major finding: data retention,"$36,866",Mr.,Noah,EMP-26271,Meets expectations,774,Operations,MRN-928580,Support,164.47,2018-06-02T23:51:18Z,Noah,Mr.,596 shares @ $434.04,Competitor Acme Corp launched DataSync 3000,5664.24,D,King,Needs improvement,7.2,Amy Garcia,Thompson,I,Richard Wright,Williams,Anna,EMP-55318,EMP-45426,CTO,Anderson,Support,postgresql://user:****@db-prod.internal:5432/analytics,"$235,107",Robinson,Davis,Wire Transfer,"$17,194",Jessica Wright,EMP-42044,Ibuprofen,Dr.,Garcia,2461 shares @ $310.54,false,2346,"$207,180",Operations,Associate's,08/17/1991,Lee,0.102,Sales Rep,R,0001-05-1996,"$218,195"
04-17-1951,Engineering,Mrs.,Rev.,"$43,395",Support,"$45,423",,VZBDLXHHYYETVIJQ7YAN,Moore,max=1450,"$3,538",05/16/1950,Mary,Needs improvement,White,Exceeds expectations,Monday,"$223,591","$227,341",EMP-25010,2023-03-23T16:25:40Z,Needs improvement,2.36,olivia.martinez@yahoo.com,23,EMP-57645,noah.king,Shellfish,Rev.,WP-MX-717434,Elizabeth,2.3.97,"$195,674",Non-conformance: access control,"$26,873",Ms.,Harper,EMP-80195,Exceeds expectations,806,Legal,MRN-216139,Support,37.4,2020-02-14 12:51:20,Susan,Ms.,1993 shares @ $334.05,Competitor Alpine Systems launched VaultKeeper,3135.27,B,Martin,Outstanding,9.6,Mary Smith,Garcia,D,Aiden Lee,Lewis,Elizabeth,EMP-55407,EMP-83486,Sales Rep,Lewis,Finance,postgresql://user:****@db-staging.internal:5432/main,"$69,740",Moore,White,Cash,"$2,628",Richard Thomas,EMP-38078,Amoxicillin,Mr.,Brown,310 shares @ $102.83,false,5898,"$234,100",Sales,Bachelor's,07/20/1981,Walker,15.743,VP Engineering,S,11/27/1951,"$225,993"
06-23-1958,Sales,Hon.,Ms.,"$24,209",Sales,"$39,177",,W2GC34KDM11O6CSK2WLU,Thompson,crit=7795,"$2,016",01-25-1965,Emma,Meets expectations,White,Outstanding,Wednesday,"$230,824","$95,754",EMP-76053,2020-08-24T18:48:33Z,Needs improvement,9.04,emily_garcia@yahoo.com,993,EMP-33273,william.williams,None,Prof.,WP-IN-571922,Patricia,4.16.63,"$37,525",Major finding: data retention,"$15,824",Ms.,William,EMP-56786,Needs improvement,706,Marketing,MRN-669706,Sales,206.08,2018-08-28 17:16:38,Jessica,Dr.,2245 shares @ $498.29,Competitor Skyline Partners launched AuditTrail Plus,3259.67,Y,Lee,Outstanding,12.9,Amy White,Robinson,O,Liam Miller,Martin,Aiden,EMP-91603,EMP-30400,CTO,Lee,Support,postgresql://user:****@db-prod.internal:5432/analytics,"$128,453",Walker,Johnson,Credit Card,"$45,817",William Harris,EMP-23226,Amoxicillin,Hon.,Jones,4770 shares @ $358.76,false,1060,"$191,104",Support,Master's,07-18-1992,Lewis,16.631,Data Analyst,O,0008-17-1998,"$228,365"
0005-06-1999,Operations,Hon.,Mrs.,"$46,956",Finance,"$30,929",,C51UFKNK5M3X4OEH2KYN,Harris,max=8379,"$48,262",06-10-1958,Elizabeth,Needs improvement,Hispanic,Outstanding,Monday,"$62,806","$169,803",EMP-87798,2021-08-23 15:45:36,Exceeds expectations,7.12,sarah_thompson53@gmail.com,889,EMP-92613,elizabeth.king,Latex,Ms.,WP-JP-252966,Michael,0.14.44,"$73,528",Major finding: data retention,"$48,398",Prof.,Jessica,EMP-49415,Exceeds expectations,426,HR,MRN-267871,HR,187.8,2019-05-11T15:47:27Z,Sarah,Mrs.,334 shares @ $181.11,Competitor TechCo Industries launched Sentinel Monitor,5834.2,K,Garcia,Meets expectations,5.0,Olivia Jackson,Young,N,David Anderson,Wright,Lucas,EMP-18823,EMP-66435,Product Manager,Garcia,Operations,postgresql://user:****@db-staging.internal:5432/main,"$116,537",Johnson,Smith,Check,"$23,195",Anna Davis,EMP-94494,Ibuprofen,Ms.,Brown,412 shares @ $126.68,false,3747,"$132,569",Engineering,Master's,12/12/1959,Anderson,0.653,CTO,Z,07/07/1955,"$51,286"
0011-15-2004,Finance,Rev.,Mr.,"$21,106",Engineering,"$22,860",,1R1S9JJA5HS6HUUF80KT,Wright,warn=5925,"$8,048",08-01-1970,Ethan,Exceeds expectations,Hispanic,Needs improvement,Friday,"$131,980","$240,871",EMP-91959,2023-04-15 02:33:12,Meets expectations,7.94,emilyyoung14@yahoo.com,283,EMP-38495,richard.moore,Peanuts,Ms.,WP-MX-916209,Emily,5.18.88,"$93,209",Major finding: data retention,"$8,132",Rev.,Mason,EMP-96719,Outstanding,842,Support,MRN-716029,Operations,352.23,2021-07-05 06:27:17,Elizabeth,Dr.,4035 shares @ $86.68,Competitor Quantum Dynamics launched AuditTrail Plus,3832.01,C,Thomas,Outstanding,12.6,Oliver D. Young,Harris,L,Logan Clark,Robinson,Jennifer,EMP-83882,EMP-26608,Software Engineer,Young,Marketing,postgresql://user:****@db-staging.internal:5432/main,"$113,578",Johnson,Johnson,Cash,"$12,935",Harper Young,EMP-14920,Ibuprofen,Rev.,Lee,3227 shares @ $203.45,false,1696,"$116,993",Sales,High School,05/23/1988,Rodriguez,11.343,Designer,G,01/09/1993,"$208,262"
03-23-1992,Support,Rev.,Dr.,"$28,795",Finance,"$49,100",2020-02-25T11:10:36Z,XXK9O1SY3HVH70H8HBBF,Walker,min=3902,"$30,665",08-19-1947,Liam,Meets expectations,Other,Needs improvement,Tuesday,"$89,399","$217,101",EMP-64735,2025-06-27 03:04:09,Meets expectations,6.8,sarah.lee@example.com,450,EMP-86649,elizabeth.lewis,Peanuts,Prof.,WP-AU-830735,Lucas,0.16.69,"$154,193",Observation: backup schedule,"$31,423",Mrs.,Harper,EMP-23884,Exceeds expectations,671,Finance,MRN-759972,HR,6.91,2020-10-23 09:27:23,Mason,Dr.,3432 shares @ $436.77,Competitor TechCo Industries launched Sentinel Monitor,52.56,I,Williams,Needs improvement,12.7,Jessica Williams,Walker,L,Richard Brown,Lee,Richard,EMP-41501,EMP-68502,CTO,Smith,HR,postgresql://user:****@db-prod.internal:5432/analytics,"$204,995",Jones,Martin,Credit Card,"$45,699",Noah Thomas,EMP-61689,Amoxicillin,Mr.,Jones,4918 shares @ $341.23,false,9705,"$120,683",Legal,Associate's,01-03-1943,Davis,10.818,VP Engineering,C,09/23/1980,"$216,996"
0010-06-2010,Engineering,Ms.,Mrs.,"$33,689",Support,"$1,981",,MOS7JQ7VGCCO6TKANP1Z,Martinez,warn=2334,"$25,180",05/07/1978,Mary,Exceeds expectations,Mixed,Outstanding,Tuesday,"$137,038","$241,270",EMP-77700,2019-12-23T07:03:45Z,Outstanding,9.5,ethangarcia@yahoo.com,59,EMP-26773,sarah.harris,None,Ms.,WP-AU-215532,Olivia,0.5.27,"$163,377",Major finding: data retention,"$13,831",Dr.,Oliver,EMP-73460,Meets expectations,549,Engineering,MRN-262002,Sales,142.98,2018-11-17T22:16:19Z,Ethan,Dr.,3109 shares @ $221.81,Competitor Vertex Technologies launched DataSync 3000,4343.12,Z,Davis,Exceeds expectations,-38.1,Mason Garcia,Garcia,B,Mason Harris,Jackson,William,EMP-50351,EMP-31205,Software Engineer,Martinez,Marketing,postgresql://user:****@db-staging.internal:5432/main,"$97,504",Garcia,Lewis,Wire Transfer,"$43,707",Sophia Wright,EMP-47606,Lisinopril,Ms.,Thomas,4093 shares @ $408.78,false,5412,"$41,635",Sales,PhD,0006-10-2000,Thompson,5.648,Data Analyst,D,08/06/1986,"$216,449"
0003-19-1975,Sales,Hon.,Ms.,"$23,970",Sales,"$2,408",,RNZWB7RVRW84SLXLC1SX,Williams,warn=4317,"$28,868",07/28/1980,Michael,Outstanding,Asian,Outstanding,Thursday,"$175,625","$180,071",EMP-83539,2025-12-06T22:11:39Z,Outstanding,0.71,harper_davis@company.com,466,EMP-94308,william.garcia,Shellfish,Mr.,WP-US-221083,John,1.13.88,"$118,652",Non-conformance: access control,"$16,339",Prof.,Emma,EMP-58704,Exceeds expectations,589,HR,MRN-175327,Finance,344.87,2026-11-13T21:40:01Z,Emma,Hon.,4440 shares @ $175.75,Competitor Quantum Dynamics launched SmartHub X1,4658.98,S,Johnson,Meets expectations,45.4,Robert Miller,Walker,P,Emily Harris,Moore,Robert,EMP-10315,EMP-91438,Designer,Martin,HR,postgresql://user:****@db-prod.internal:5432/main,"$112,576",Martin,Garcia,Wire Transfer,"$45,381",Elizabeth Jones,EMP-63347,Amoxicillin,Dr.,Martinez,4248 shares @ $64.99,true,8443,"$201,786",Sales,High School,11/18/1958,Jackson,8.854,Designer,O,0007-04-1945,"$91,870"
0011-09-1970,Sales,Mrs.,Ms.,"$40,799",Engineering,"$19,783",,SHPWE7K6UYEBOSIN8DIL,Thompson,min=9807,"$19,556",09-14-1941,Jennifer,Needs improvement,Hispanic,Outstanding,Friday,"$80,307","$241,892",EMP-98294,2021-02-24 15:56:43,Meets expectations,4.83,james_martinez62@outlook.com,942,EMP-21733,richard.young,Pollen,Hon.,WP-DE-464779,Logan,5.13.24,"$185,944",Major finding: data retention,"$31,619",Ms.,Olivia,EMP-79131,Outstanding,388,Sales,MRN-531448,Marketing,223.72,2021-01-18 11:47:46,Sophia,Mrs.,718 shares @ $198.72,Competitor Global Solutions launched DataSync 3000,6802.64,I,Anderson,Needs improvement,-22.0,John Lee,Jackson,Y,Amy Lewis,Martinez,Michael,EMP-23390,EMP-25017,CTO,Anderson,Engineering,postgresql://user:****@db-prod.internal:5432/analytics,"$33,444",Davis,Smith,Check,"$6,147",Michael White,EMP-57703,Ibuprofen,Hon.,Johnson,3554 shares @ $370.53,true,8882,"$191,873",Marketing,PhD,0002-01-1965,Harris,19.424,VP Engineering,O,08-12-1967,"$213,395"
09/09/2000,Marketing,Mrs.,Mrs.,"$15,307",Finance,"$40,905",,6VMF08I5RZ1UMGZEWUI1,Moore,warn=4353,"$18,111",01/09/1960,Lucas,Outstanding,White,Meets expectations,Saturday,"$48,302","$210,717",EMP-47616,2024-02-28T04:50:25Z,Meets expectations,7.57,ethan.brown@acme.org,232,EMP-17146,emily.miller,Shellfish,Prof.,WP-AU-226155,Mason,3.13.28,"$167,938",Non-conformance: access control,"$26,264",Dr.,Jessica,EMP-14404,Exceeds expectations,591,Marketing,MRN-927580,Legal,240.34,2022-01-24T17:25:52Z,Susan,Ms.,567 shares @ $148.69,Competitor Beacon Analytics launched Widget Pro,4815.42,S,Williams,Needs improvement,-21.8,John Williams,Johnson,Z,Anna Smith,Thomas,Ethan,EMP-44806,EMP-32229,Data Analyst,Jackson,HR,postgresql://user:****@db-staging.internal:5432/main,"$33,877",Lee,Young,Wire Transfer,"$37,779",Elizabeth Williams,EMP-31420,Ibuprofen,Hon.,Smith,1058 shares @ $21.52,true,4818,"$36,809",Operations,Associate's,0007-26-1967,Miller,3.98,VP Engineering,X,11/25/1975,"$207,800"
11-20-1997,Operations,Mrs.,Hon.,"$15,960",Sales,"$49,226",,0UTGNUVT9FY76FNZXNQX,Harris,warn=5310,"$33,975",07/11/1979,Linda,Meets expectations,Asian,Outstanding,Friday,"$53,487","$62,404",EMP-79472,2022-06-19 23:43:28,Meets expectations,8.44,emily_brown@acme.org,575,EMP-30883,michael.miller,Peanuts,Ms.,WP-BR-252739,Harper,1.1.37,"$188,709",Non-conformance: access control,"$23,386",Mr.,Jennifer,EMP-97735,Outstanding,786,Finance,MRN-174754,HR,311.84,2026-11-10 19:08:10,Patricia,Ms.,3827 shares @ $477.97,Competitor Meridian Health launched FlexPay Platform,5226.99,H,Anderson,Outstanding,29.3,Richard Williams,Garcia,X,Mary Clark,Martin,Emma,EMP-57861,EMP-36461,Designer,Walker,Finance,postgresql://user:****@db-prod.internal:5432/main,"$41,833",Lewis,Martin,Wire Transfer,"$5,841",Aiden Williams,EMP-86823,Ibuprofen,Ms.,King,3867 shares @ $255.88,true,3284,"$50,888",Support,High School,0009-07-1974,Moore,10.198,Sales Rep,V,0010-20-1993,"$160,846"
0011-13-1979,Finance,Ms.,Prof.,"$22,224",Support,"$37,961",,1MUMZ9A026QO5383UL84,Williams,warn=2572,"$40,721",04/26/1947,Patricia,Outstanding,Hispanic,Meets expectations,Sunday,"$50,628","$155,293",EMP-18246,2022-08-12T00:21:11Z,Exceeds expectations,3.59,mason.davis8@outlook.com,380,EMP-94398,emily.white,Peanuts,Rev.,WP-FR-236839,Lucas,4.11.57,"$61,975",Observation: backup schedule,"$46,848",Hon.,Liam,EMP-95076,Exceeds expectations,574,Operations,MRN-677372,Legal,296.39,2022-06-12T06:24:09Z,Robert,Ms.,3432 shares @ $328.88,Competitor TechCo Industries launched NanoCore SDK,1001.04,T,Johnson,Meets expectations,23.1,Harper Q. Anderson,Miller,H,Jennifer Smith,King,Emma,EMP-46222,EMP-83366,Software Engineer,Rodriguez,Marketing,postgresql://user:****@db-prod.internal:5432/analytics,"$237,873",Robinson,Young,Check,"$28,194",William Young,EMP-61752,Aspirin,Prof.,Jones,3935 shares @ $224.64,false,9220,"$248,450",Sales,PhD,11-27-1945,Wright,6.92,Product Manager,V,0009-07-1943,"$236,374"
0004-21-1995,Sales,Ms.,Dr.,"$11,673",HR,"$24,551",,BP52HLZCN8DXGSN575TG,Johnson,warn=2426,"$4,833",03-14-1964,Mason,Outstanding,Mixed,Exceeds expectations,Monday,"$115,351","$51,616",EMP-82299,2023-07-03 21:09:32,Meets expectations,5.4,susan.johnson75@yahoo.com,341,EMP-15826,william.lee,None,Hon.,WP-IN-313865,Lucas,4.15.13,"$139,045",Major finding: data retention,"$1,737",Rev.,Sophia,EMP-89479,Exceeds expectations,465,HR,MRN-140391,Finance,353.19,2019-09-28T20:09:01Z,Jennifer,Mr.,2281 shares @ $170.55,Competitor Alpine Systems launched Sentinel Monitor,228.72,W,Martin,Exceeds expectations,-30.5,Amy Young,Robinson,V,Noah B. Robinson,Martin,Oliver,EMP-45704,EMP-11084,CTO,Johnson,Legal,postgresql://user:****@db-prod.internal:5432/analytics,"$142,041",Robinson,Garcia,ACH,"$28,603",Sarah Thomas,EMP-13515,Aspirin,Prof.,Robinson,1261 shares @ $285.3,false,5830,"$149,373",Operations,High School,05/24/2001,Jones,10.864,Data Analyst,L,10/18/1974,"$172,673"
01/05/1959,Support,Prof.,Prof.,"$48,000",Sales,"$17,239",,YI2ZEBSPECHY7T5CXHMO,Moore,crit=8802,"$36,378",04-13-1948,Michael,Meets expectations,Black,Needs improvement,Tuesday,"$86,469","$205,526",EMP-14514,2018-11-10 23:15:14,Meets expectations,9.85,ethanjones@gmail.com,798,EMP-83188,sophia.king,Peanuts,Mrs.,WP-FR-323864,Emily,4.5.63,"$135,094",Non-conformance: access control,"$31,195",Prof.,Jennifer,EMP-77009,Meets expectations,739,Engineering,MRN-797191,Sales,58.51,2025-01-03T19:11:14Z,Michael,Mrs.,3131 shares @ $278.86,Competitor Pacific Research Group launched FlexPay Platform,1790.4,I,Martin,Needs improvement,-24.2,Michael Brown,Martin,U,Olivia Thompson,Harris,Oliver,EMP-42451,EMP-53928,CTO,Young,Legal,postgresql://user:****@db-prod.internal:5432/main,"$145,116",Smith,Walker,Debit Card,"$3,323",Richard Lewis,EMP-17692,Lisinopril,Hon.,Young,4748 shares @ $48.23,false,4851,"$43,614",Operations,Bachelor's,0002-15-1969,Wright,6.347,Product Manager,C,05/08/1950,"$183,212"
03/05/1979,Marketing,Ms.,Dr.,"$3,110",Support,"$44,934",,IJBCBQBBKW3N9SGAWN5B,Thompson,max=5826,"$28,798",07/21/1961,Ethan,Meets expectations,Hispanic,Exceeds expectations,Monday,"$190,963","$189,118",EMP-79852,2023-12-03T02:06:31Z,Needs improvement,6.73,aidenwilliams@company.com,471,EMP-43844,robert.lee,Shellfish,Prof.,WP-GB-377004,William,5.0.62,"$179,892",Non-conformance: access control,"$26,001",Prof.,Harper,EMP-63605,Meets expectations,694,Legal,MRN-400084,Sales,159.48,2026-12-03 14:03:57,Anna,Rev.,3208 shares @ $158.71,Competitor Quantum Dynamics launched Sentinel Monitor,7413.46,X,Moore,Exceeds expectations,34.9,William Miller,Thomas,Q,Logan Miller,Martin,Michael,EMP-74561,EMP-55456,Product Manager,Martinez,Support,postgresql://user:****@db-staging.internal:5432/analytics,"$124,101",Jones,Harris,Wire Transfer,"$14,515",Amy Young,EMP-14700,Amoxicillin,Mrs.,Jackson,875 shares @ $344.53,false,3839,"$61,669",HR,Associate's,0003-07-2009,Taylor,11.934,VP Engineering,E,0008-28-1958,"$222,770"
0001-13-1950,HR,Prof.,Ms.,"$39,931",Engineering,"$31,720",,NQKMS8MIDQ6V82QZD65X,Thomas,max=7373,"$19,527",03/16/1962,James,Outstanding,Black,Meets expectations,Monday,"$160,903","$33,704",EMP-16406,2025-05-22T06:32:03Z,Outstanding,9.57,richard_johnson@company.com,29,EMP-89329,susan.wright,Penicillin,Prof.,WP-JP-612669,Richard,5.10.63,"$207,060",Observation: backup schedule,"$20,995",Mrs.,Patricia,EMP-20759,Exceeds expectations,425,Legal,MRN-451659,Support,316.99,2020-07-27 22:53:34,David,Ms.,1856 shares @ $400.99,Competitor Alpine Systems launched VaultKeeper,9610.7,C,Rodriguez,Meets expectations,-24.4,David Thomas,King,R,Noah Lewis,Lee,Ethan,EMP-79377,EMP-24744,VP Engineering,Brown,Marketing,postgresql://user:****@db-staging.internal:5432/analytics,"$183,611",Rodriguez,Harris,PayPal,"$49,726",Robert Williams,EMP-30677,Metformin,Dr.,Young,4042 shares @ $83.04,false,2617,"$182,209",Legal,Master's,0011-05-1951,Thompson,6.352,CTO,C,0001-07-1958,"$191,835"
07-02-2000,Sales,Mrs.,Prof.,"$11,222",Legal,"$25,878",,TUS6RA1QAI4WPT3D8XM1,Wright,warn=8789,"$23,962",05-25-2006,Amy,Exceeds expectations,Asian,Exceeds expectations,Thursday,"$172,596","$56,451",EMP-31568,2026-06-17T09:51:29Z,Exceeds expectations,9.08,lucas_thompson@example.com,675,EMP-82217,susan.thomas,Penicillin,Prof.,WP-DE-531364,Emma,4.1.80,"$183,399",Major finding: data retention,"$10,341",Rev.,Lucas,EMP-38369,Exceeds expectations,369,HR,MRN-238234,HR,86.47,2026-05-24T00:14:30Z,Anna,Hon.,4206 shares @ $319.68,Competitor Skyline Partners launched NanoCore SDK,5062.18,B,Taylor,Needs improvement,-28.8,Emily J. Williams,Harris,O,Susan Young,Jones,Mary,EMP-95578,EMP-86798,Sales Rep,Garcia,Operations,postgresql://user:****@db-prod.internal:5432/analytics,"$202,067",Rodriguez,Miller,Wire Transfer,"$13,984",Elizabeth Q. Taylor,EMP-98629,Amoxicillin,Prof.,Jackson,1416 shares @ $146.93,false,4650,"$66,404",Marketing,High School,08/09/1964,Harris,15.179,VP Engineering,K,12/02/1973,"$210,542"
10-22-1970,Operations,Ms.,Dr.,"$3,049",Operations,"$24,231",,PWBSFRIH67330JGYQ5J8,Rodriguez,min=1083,"$4,758",08/03/1958,David,Meets expectations,Hispanic,Needs improvement,Thursday,"$99,024","$112,026",EMP-51031,2024-10-26 12:49:45,Needs improvement,8.5,amy_walker@company.com,851,EMP-14314,mary.martin,Latex,Dr.,WP-US-860797,Emma,0.15.47,"$128,499",Major finding: data retention,"$9,971",Rev.,Lucas,EMP-76012,Meets expectations,845,Operations,MRN-684182,Support,344.94,2023-03-15T08:06:45Z,Richard,Prof.,3788 shares @ $65.26,Competitor Vertex Technologies launched FlexPay Platform,4364.11,D,Jones,Outstanding,28.0,Noah Martin,Rodriguez,X,Jennifer Thomas,Taylor,Robert,EMP-76947,EMP-57913,Designer,Taylor,Support,postgresql://user:****@db-prod.internal:5432/analytics,"$192,261",Thomas,Lee,Debit Card,"$3,438",John Anderson,EMP-92059,Amoxicillin,Hon.,Moore,4852 shares @ $213.61,true,2598,"$154,075",Operations,Associate's,09-23-1993,Thomas,14.298,Designer,C,12/05/1999,"$116,825"
08-06-1987,Legal,Dr.,Prof.,"$18,247",Engineering,"$47,073",,W0KOR69YPW56M7F8WZLR,Walker,min=493,"$8,154",10-19-1943,Oliver,Meets expectations,Asian,Exceeds expectations,Friday,"$218,922","$85,347",EMP-42028,2023-11-14T23:43:17Z,Outstanding,4.31,john.thompson@outlook.com,497,EMP-34741,harper.taylor,Latex,Mr.,WP-AU-906965,Mary,0.4.93,"$123,734",Observation: backup schedule,"$35,103",Mr.,James,EMP-25010,Meets expectations,328,Marketing,MRN-507242,Support,172.75,2021-11-26 06:23:21,Liam,Prof.,961 shares @ $130.28,Competitor Beacon Analytics launched VaultKeeper,4355.84,Y,Anderson,Meets expectations,-23.8,Linda Rodriguez,Jones,U,David H. Young,Rodriguez,Ethan,EMP-87566,EMP-44994,Data Analyst,Garcia,Finance,postgresql://user:****@db-staging.internal:5432/analytics,"$178,694",Wright,Walker,Cash,"$9,665",Jessica X. Thomas,EMP-42438,Ibuprofen,Mr.,Garcia,2219 shares @ $408.97,false,22,"$205,035",HR,Master's,02/15/1981,Anderson,4.785,Product Manager,Q,05-16-1945,"$167,315"
0011-03-1970,Support,Ms.,Mrs.,"$29,720",Operations,"$2,114",,P5UDTYKYYNNA66045ECW,Jones,crit=460,"$41,342",01/18/1974,Harper,Needs improvement,Mixed,Exceeds expectations,Thursday,"$203,872","$35,697",EMP-19327,2020-08-18T12:12:38Z,Exceeds expectations,3.6,david_robinson43@outlook.com,816,EMP-65596,mary.moore,Latex,Hon.,WP-MX-228187,Logan,5.4.77,"$240,863",Non-conformance: access control,"$17,522",Rev.,Ethan,EMP-53110,Needs improvement,708,Marketing,MRN-390335,Legal,142.77,2024-01-09T18:06:56Z,Jennifer,Mr.,2034 shares @ $154.36,Competitor Catalyst Ventures launched VaultKeeper,8708.93,G,Harris,Outstanding,5.9,Jessica Martinez,Brown,S,Olivia Thompson,Anderson,Linda,EMP-60929,EMP-89454,Sales Rep,Davis,Sales,postgresql://user:****@db-staging.internal:5432/analytics,"$178,994",Taylor,Taylor,Credit Card,"$18,803",Jessica N. Johnson,EMP-42816,Amoxicillin,Prof.,Johnson,462 shares @ $143.43,true,4716,"$80,072",Sales,Master's,06-01-1961,Johnson,8.639,Product Manager,X,0006-04-1994,"$160,617"
08/20/1962,HR,Rev.,Rev.,"$40,556",Finance,"$12,388",2025-11-03 06:21:41,7DYMJXDJQ9DXDKVGLQDP,Garcia,warn=7465,"$2,493",0001-12-1974,Patricia,Meets expectations,Hispanic,Meets expectations,Friday,"$118,711","$184,084",EMP-40692,2024-05-28 00:24:29,Exceeds expectations,4.03,michael.jones@gmail.com,41,EMP-82120,linda.robinson,Latex,Mr.,WP-AU-248669,Liam,5.9.73,"$153,621",Major finding: data retention,"$11,902",Prof.,James,EMP-38407,Exceeds expectations,457,Finance,MRN-580790,Operations,34.26,2026-03-28T15:18:14Z,Linda,Prof.,1065 shares @ $55.44,Competitor Alpine Systems launched Widget Pro,1647.35,W,Jackson,Outstanding,31.5,Emma Davis,Lewis,S,Lucas Moore,White,Noah,EMP-21466,EMP-65359,Software Engineer,Davis,HR,postgresql://user:****@db-prod.internal:5432/main,"$125,397",Taylor,Young,Cash,"$8,588",Ethan B. Williams,EMP-91030,Amoxicillin,Ms.,Martin,1036 shares @ $223.36,false,8007,"$62,396",Marketing,Associate's,06/10/1941,Lee,14.487,Designer,Y,04-20-1964,"$237,326"
0005-02-1965,HR,Rev.,Mr.,"$40,422",Sales,"$22,507",,LRI1IC0USH33RO3ZU089,Martinez,warn=9584,"$20,920",0004-07-1990,Richard,Needs improvement,Other,Outstanding,Friday,"$138,464","$214,821",EMP-58922,2025-05-28T10:13:54Z,Meets expectations,3.67,harper_williams92@gmail.com,982,EMP-84424,noah.martin,Pollen,Hon.,WP-JP-210008,David,1.15.7,"$177,792",Non-conformance: access control,"$16,608",Ms.,Harper,EMP-33218,Needs improvement,522,HR,MRN-787666,Support,135.95,2026-06-28T19:46:29Z,Jennifer,Dr.,954 shares @ $291.36,Competitor Skyline Partners launched FlexPay Platform,3374.96,A,Rodriguez,Outstanding,37.3,Ethan Harris,Jones,M,James M. Brown,Moore,Ethan,EMP-63179,EMP-41173,Sales Rep,Brown,Finance,postgresql://user:****@db-staging.internal:5432/analytics,"$93,709",Williams,Wright,Check,"$21,810",Olivia Taylor,EMP-65687,Metformin,Mrs.,Martin,225 shares @ $363.21,false,7749,"$39,579",Legal,Master's,09-10-1970,Robinson,10.513,Sales Rep,R,0001-06-1969,"$55,681"
10/18/2006,Engineering,Mrs.,Dr.,"$14,671",Legal,"$41,727",,EAPWTH93Q8D9EAFHAFXX,Davis,min=5147,"$8,050",03-26-1957,Ethan,Needs improvement,Mixed,Exceeds expectations,Tuesday,"$161,569","$217,173",EMP-22281,2023-06-03T02:57:31Z,Outstanding,1.4,jennifer.taylor84@yahoo.com,306,EMP-76005,amy.martin,Peanuts,Ms.,WP-AU-950951,Oliver,0.12.93,"$227,158",Non-conformance: access control,"$39,486",Hon.,Ethan,EMP-78921,Exceeds expectations,367,Support,MRN-656379,Finance,169.86,2023-08-19T08:59:22Z,Mary,Ms.,4879 shares @ $16.53,Competitor Global Solutions launched FlexPay Platform,5421.4,B,Rodriguez,Outstanding,29.1,Harper Taylor,Thompson,Q,Amy Martinez,Jackson,James,EMP-89591,EMP-80575,Designer,Lee,Legal,postgresql://user:****@db-prod.internal:5432/analytics,"$82,136",Smith,Johnson,PayPal,"$32,576",Anna Rodriguez,EMP-15292,Lisinopril,Dr.,Wright,1401 shares @ $258.87,true,5191,"$210,158",Engineering,Bachelor's,11/22/2007,Thompson,19.816,CTO,E,04/05/1982,"$248,637"
11/09/1972,Support,Prof.,Dr.,"$23,181",Sales,"$27,682",,A7QHW7PS4EQ4TE9762XW,Jones,warn=9790,"$31,571",03/05/1996,Amy,Meets expectations,White,Meets expectations,Thursday,"$187,123","$187,929",EMP-95163,2022-07-19T13:12:58Z,Exceeds expectations,4.62,michaelwhite@company.com,971,EMP-28703,james.moore,Pollen,Dr.,WP-FR-447162,James,3.7.24,"$36,691",Non-conformance: access control,"$17,767",Rev.,Michael,EMP-33804,Outstanding,797,Finance,MRN-757270,Operations,2.32,2020-05-12 16:12:38,Jessica,Mrs.,2248 shares @ $73.16,Competitor Pioneer Software launched NanoCore SDK,7129.33,Z,Jackson,Exceeds expectations,-0.0,Elizabeth Walker,Williams,N,Jennifer L. Wright,Miller,Jennifer,EMP-20735,EMP-44813,Data Analyst,King,Operations,postgresql://user:****@db-staging.internal:5432/analytics,"$239,820",Jones,King,PayPal,"$18,155",Ethan Davis,EMP-58246,Ibuprofen,Dr.,Anderson,1480 shares @ $318.5,false,5511,"$48,559",Support,Master's,07/08/1963,Jackson,16.2,Sales Rep,I,0012-16-2006,"$85,964"
0010-19-1968,Support,Mrs.,Hon.,"$36,321",Marketing,"$44,935",,BK47RXPTBCZP3HX59MWK,Young,crit=5896,"$36,717",12-09-1973,John,Exceeds expectations,Other,Outstanding,Friday,"$222,665","$121,227",EMP-11976,2023-11-07 13:05:30,Exceeds expectations,2.87,patriciagarcia@example.com,443,EMP-58216,emma.taylor,Peanuts,Hon.,WP-MX-994004,Jessica,0.18.90,"$109,105",Major finding: data retention,"$29,059",Ms.,Amy,EMP-46454,Exceeds expectations,826,Finance,MRN-992486,Operations,223.94,2022-02-10T15:08:41Z,Linda,Hon.,2852 shares @ $405.49,Competitor Vertex Technologies launched StreamLine ERP,505.42,K,Lee,Needs improvement,-7.6,Sarah Y. Johnson,Brown,P,Emma Y. Walker,King,Mason,EMP-78058,EMP-57262,CTO,Williams,Support,postgresql://user:****@db-prod.internal:5432/analytics,"$34,691",Young,Harris,Debit Card,"$19,965",Sophia Jones,EMP-15842,Lisinopril,Prof.,Walker,4663 shares @ $218.97,false,5005,"$43,530",Marketing,Associate's,06-02-1943,King,1.825,VP Engineering,D,02/17/1979,"$33,729"
03-04-1997,Support,Dr.,Hon.,"$4,617",Support,"$38,300",2018-04-13T15:48:31Z,O1TAGV884M1ZGVTEE8D5,King,warn=1879,"$4,515",08/08/1961,Robert,Meets expectations,Other,Outstanding,Monday,"$248,340","$175,991",EMP-19618,2020-06-04 23:00:55,Exceeds expectations,6.05,harper_young76@example.com,540,EMP-13565,liam.robinson,Penicillin,Rev.,WP-AU-297593,David,3.14.86,"$143,323",Observation: backup schedule,"$43,180",Prof.,Emma,EMP-50470,Meets expectations,451,Marketing,MRN-393262,Operations,192.61,2020-10-07T11:16:53Z,Sarah,Ms.,1798 shares @ $415.48,Competitor DataCraft Inc launched FlexPay Platform,9262.42,U,Thompson,Exceeds expectations,2.6,Jessica King,Thompson,B,Aiden Williams,Taylor,Patricia,EMP-58848,EMP-49764,Software Engineer,Martin,HR,postgresql://user:****@db-prod.internal:5432/main,"$65,149",Miller,King,Wire Transfer,"$10,164",Noah Anderson,EMP-31032,Aspirin,Dr.,Jones,4213 shares @ $116.59,false,7793,"$127,859",Engineering,High School,11-24-1947,Smith,15.957,VP Engineering,N,0007-01-1957,"$219,254"
01/24/1978,Sales,Ms.,Prof.,"$14,910",HR,"$48,299",,3N4FRN2OGXM186GCN5ZS,Robinson,min=5938,"$47,296",11/10/1980,Lucas,Meets expectations,Asian,Exceeds expectations,Sunday,"$31,113","$141,081",EMP-36660,2018-08-21T22:45:00Z,Exceeds expectations,8.45,jennifer_robinson65@outlook.com,361,EMP-93513,lucas.clark,Latex,Mrs.,WP-CA-472207,William,2.1.66,"$229,549",Observation: backup schedule,"$20,024",Hon.,William,EMP-74131,Needs improvement,306,Marketing,MRN-537854,Support,153.33,2021-05-19 20:07:48,Emma,Prof.,1515 shares @ $471.65,Competitor Pioneer Software launched FlexPay Platform,2551.94,B,Williams,Meets expectations,-6.5,Sophia Robinson,Martin,U,James Thompson,Wright,Amy,EMP-70468,EMP-39568,VP Engineering,Harris,Finance,postgresql://user:****@db-staging.internal:5432/main,"$77,399",Jackson,Jackson,Wire Transfer,"$46,147",Mary Williams,EMP-77342,Ibuprofen,Ms.,Williams,449 shares @ $135.21,false,8771,"$76,755",HR,Bachelor's,02-18-1977,Martin,8.994,Product Manager,F,12/11/1972,"$216,832"
12/08/1995,Engineering,Mrs.,Dr.,"$2,317",Finance,"$49,943",,0OTW2QX5UX564ILXOSCO,Johnson,crit=3349,"$4,001",01/26/1993,Michael,Exceeds expectations,Black,Outstanding,Tuesday,"$59,824","$118,965",EMP-29435,2022-10-21 06:02:41,Meets expectations,2.85,harper.smith@acme.org,746,EMP-31433,mary.moore,Pollen,Prof.,WP-FR-520079,Linda,4.6.58,"$38,516",Observation: backup schedule,"$14,534",Hon.,Noah,EMP-77948,Needs improvement,499,Legal,MRN-285229,HR,355.52,2019-01-25T14:59:48Z,Jennifer,Rev.,3116 shares @ $185.15,Competitor Vertex Technologies launched VaultKeeper,6686.13,G,Lewis,Needs improvement,41.6,Lucas Lee,White,U,Michael Wright,Davis,Sophia,EMP-98548,EMP-64534,Product Manager,Young,Legal,postgresql://user:****@db-prod.internal:5432/analytics,"$204,574",Johnson,Miller,Check,"$46,509",Jennifer Wright,EMP-70019,Metformin,Hon.,Thompson,4350 shares @ $347.63,false,3678,"$36,993",Support,Associate's,01-26-1960,Miller,7.949,CTO,U,08/05/1947,"$186,742"
0011-02-2010,Finance,Mr.,Rev.,"$43,775",Engineering,"$31,421",2021-08-23T13:38:03Z,HXHBZ91TUC1LMD209ZLJ,Taylor,crit=826,"$41,418",0009-09-2006,Aiden,Meets expectations,Other,Meets expectations,Monday,"$46,241","$146,019",EMP-37402,2026-01-26T06:29:35Z,Needs improvement,7.68,emily.anderson@outlook.com,825,EMP-55375,susan.thomas,Penicillin,Dr.,WP-IN-400995,Mason,2.5.93,"$82,999",Observation: backup schedule,"$44,799",Prof.,Liam,EMP-74400,Meets expectations,836,Legal,MRN-190278,Marketing,245.02,2020-04-10 02:48:00,Jessica,Mr.,1282 shares @ $16.38,Competitor Global Solutions launched CloudGuard,8204.72,I,Clark,Exceeds expectations,-0.8,Sophia Rodriguez,Williams,I,Amy N. Jackson,Smith,Jessica,EMP-76056,EMP-57891,Software Engineer,Miller,Support,postgresql://user:****@db-prod.internal:5432/analytics,"$128,057",Davis,Thompson,Wire Transfer,"$42,397",Elizabeth Miller,EMP-51765,Amoxicillin,Mr.,Thomas,211 shares @ $363.39,false,3102,"$144,229",Operations,Master's,08-23-1943,Williams,13.801,Sales Rep,U,0009-06-1954,"$106,271"
11/22/2002,Finance,Mrs.,Rev.,"$6,853",HR,"$11,152",,FAK7TALDOUN2G0AL2EBP,Harris,min=5701,"$34,211",0002-22-1953,Patricia,Meets expectations,Black,Needs improvement,Sunday,"$183,270","$172,225",EMP-53911,2021-10-27 18:55:05,Exceeds expectations,4.64,susan.walker42@outlook.com,722,EMP-10921,susan.clark,Pollen,Prof.,WP-DE-492586,Olivia,0.2.85,"$95,565",Non-conformance: access control,"$19,892",Rev.,Mason,EMP-59727,Meets expectations,681,Operations,MRN-786026,Legal,125.93,2022-01-04 01:05:54,Ethan,Ms.,2173 shares @ $436.2,Competitor Meridian Health launched Sentinel Monitor,5366.12,W,Walker,Outstanding,43.7,John Clark,Williams,J,Patricia Moore,Robinson,Sophia,EMP-58342,EMP-78854,Software Engineer,Anderson,Marketing,postgresql://user:****@db-staging.internal:5432/main,"$72,863",Clark,Johnson,Cash,"$31,069",Oliver H. White,EMP-58423,Metformin,Hon.,Harris,1484 shares @ $265.19,false,1997,"$76,751",Finance,Bachelor's,0001-18-1987,Johnson,0.962,CTO,P,05-14-1982,"$59,329"
06-12-1990,HR,Dr.,Mr.,"$17,497",Sales,"$45,260",,C4HYYMGFM9QDJ98XQYH0,Garcia,max=6390,"$44,771",0010-16-1992,Noah,Meets expectations,White,Outstanding,Saturday,"$79,734","$148,411",EMP-12961,2020-08-22 16:29:03,Needs improvement,5.96,mary_anderson@example.com,878,EMP-99212,robert.thompson,Penicillin,Rev.,WP-JP-308575,Sarah,1.14.52,"$195,320",Non-conformance: access control,"$31,738",Mrs.,David,EMP-43008,Exceeds expectations,703,Legal,MRN-773582,Finance,270.18,2024-09-05T23:20:15Z,James,Rev.,4034 shares @ $301.5,Competitor Alpine Systems launched NanoCore SDK,9998.95,J,Martinez,Needs improvement,-37.8,Richard Clark,Harris,B,Aiden Rodriguez,Jones,Michael,EMP-77313,EMP-59739,Software Engineer,Wright,Engineering,postgresql://user:****@db-prod.internal:5432/analytics,"$217,168",Thomas,Anderson,Credit Card,"$16,520",Noah Young,EMP-98631,Ibuprofen,Ms.,King,2476 shares @ $460.82,true,5000,"$45,606",Marketing,Associate's,11/07/1988,Jones,16.78,CTO,W,0007-22-1953,"$112,068"
08-24-1993,Marketing,Rev.,Mrs.,"$2,547",Finance,"$17,935",,HOZDTC2ZUNSFPTWI83WE,Thomas,max=4428,"$45,756",03-05-1988,Sophia,Exceeds expectations,White,Needs improvement,Saturday,"$247,054","$74,713",EMP-34075,2022-08-11T13:50:45Z,Meets expectations,3.87,richard.thomas@outlook.com,962,EMP-79952,noah.young,Pollen,Mrs.,WP-US-455120,Olivia,2.20.18,"$145,667",Major finding: data retention,"$18,330",Hon.,Emily,EMP-16889,Needs improvement,411,Legal,MRN-205184,Legal,266.9,2021-05-27T06:17:30Z,Jessica,Ms.,721 shares @ $57.99,Competitor Meridian Health launched FlexPay Platform,7197.58,W,Taylor,Outstanding,-9.3,Logan Miller,Jones,H,Amy R. Williams,Thomas,Michael,EMP-84111,EMP-54695,Software Engineer,King,Engineering,postgresql://user:****@db-staging.internal:5432/main,"$207,270",Jones,Harris,Cash,"$28,453",Ethan Thompson,EMP-40363,Lisinopril,Dr.,Taylor,385 shares @ $371.13,false,5820,"$156,246",Support,Associate's,0003-18-2003,Smith,14.968,Sales Rep,M,09-27-1949,"$66,164"
06-17-1960,HR,Mr.,Ms.,"$46,650",Finance,"$10,071",2024-01-23T01:30:52Z,6RSRUOX9BIRZYGYKEAUB,Young,warn=2076,"$39,946",0005-03-1941,Richard,Meets expectations,Mixed,Exceeds expectations,Thursday,"$91,734","$131,322",EMP-63732,2020-07-01T03:38:31Z,Exceeds expectations,1.66,logan_walker@acme.org,581,EMP-77096,amy.wright,Latex,Dr.,WP-JP-615433,Elizabeth,2.18.10,"$154,953",Non-conformance: access control,"$25,632",Dr.,Patricia,EMP-95250,Needs improvement,768,Support,MRN-515410,Marketing,185.17,2021-01-14T11:28:04Z,Liam,Mr.,3187 shares @ $453.39,Competitor Alpine Systems launched AuditTrail Plus,8104.95,F,Robinson,Outstanding,28.0,Ethan Moore,Lewis,H,James Anderson,Moore,Jessica,EMP-90383,EMP-40665,Software Engineer,Williams,Operations,postgresql://user:****@db-prod.internal:5432/main,"$70,185",White,Davis,PayPal,"$31,968",Elizabeth Young,EMP-82745,Lisinopril,Prof.,Rodriguez,3631 shares @ $245.1,false,7751,"$233,045",Legal,Bachelor's,03-05-1979,Walker,8.842,Designer,U,05-15-1992,"$136,325"
0010-11-1990,Operations,Rev.,Rev.,"$13,520",Sales,"$39,766",,2R06SMLDKVA1XZZ8VYB8,Taylor,max=5800,"$4,802",05-25-2004,Liam,Exceeds expectations,White,Exceeds expectations,Friday,"$146,630","$243,424",EMP-95909,2023-06-28 02:43:58,Meets expectations,6.16,emmasmith@company.com,342,EMP-35934,richard.williams,Latex,Hon.,WP-DE-830861,William,5.13.71,"$123,402",Observation: backup schedule,"$43,980",Rev.,Sarah,EMP-73634,Meets expectations,807,Support,MRN-170162,Legal,38.68,2025-03-27 23:52:55,Susan,Mrs.,2361 shares @ $498.05,Competitor Alpine Systems launched VaultKeeper,107.24,H,Thompson,Needs improvement,0.1,Logan Jones,White,B,Lucas Clark,Lewis,Emily,EMP-20154,EMP-29968,Software Engineer,Williams,Operations,postgresql://user:****@db-staging.internal:5432/main,"$112,495",Brown,King,Debit Card,"$39,500",Liam Y. Garcia,EMP-49438,Ibuprofen,Prof.,Robinson,3294 shares @ $432.66,false,5021,"$243,998",Sales,High School,0009-05-1965,Martinez,13.264,Software Engineer,A,06-22-1973,"$99,737"
0011-16-1989,Sales,Ms.,Hon.,"$44,990",Sales,"$16,027",,LFZJKZLRJUIZ7DJ0KINX,Wright,max=6601,"$44,137",0004-06-1997,Jessica,Needs improvement,Asian,Meets expectations,Tuesday,"$228,880","$108,427",EMP-28066,2022-11-04T17:56:49Z,Exceeds expectations,7.16,oliver.anderson@acme.org,221,EMP-92160,richard.jackson,Penicillin,Prof.,WP-DE-766366,Olivia,0.12.0,"$151,763",Major finding: data retention,"$20,948",Mr.,David,EMP-11281,Meets expectations,382,Sales,MRN-796714,Legal,275.47,2024-05-16 08:44:06,Harper,Mr.,1328 shares @ $18.61,Competitor Catalyst Ventures launched Sentinel Monitor,767.74,Y,Rodriguez,Needs improvement,-1.2,Harper Martinez,Garcia,B,Liam Harris,Jones,David,EMP-45431,EMP-27421,Product Manager,Lewis,Finance,postgresql://user:****@db-prod.internal:5432/analytics,"$229,267",Jackson,Martinez,Cash,"$45,549",Jessica Taylor,EMP-37825,Ibuprofen,Ms.,Moore,1992 shares @ $130.51,false,3224,"$79,903",Marketing,High School,02-12-1982,Robinson,16.105,Sales Rep,U,05/20/1965,"$55,207"
0009-11-1968,Marketing,Prof.,Dr.,"$18,786",Sales,"$40,091",,C3GR03A1F6BI6RP663LI,Thomas,warn=2696,"$12,120",0005-13-1965,Oliver,Outstanding,White,Needs improvement,Thursday,"$198,969","$242,541",EMP-31410,2023-10-08 20:47:32,Exceeds expectations,3.91,annajones66@company.com,511,EMP-94560,lucas.brown,Peanuts,Mrs.,WP-IN-906715,Emma,2.3.25,"$96,187",Observation: backup schedule,"$43,187",Ms.,Susan,EMP-82847,Needs improvement,600,Sales,MRN-317449,Sales,177.96,2020-12-26 08:56:08,Emma,Mrs.,4177 shares @ $344.85,Competitor Pioneer Software launched Widget Pro,1767.51,F,Garcia,Meets expectations,13.0,Noah Robinson,Young,Z,Jennifer Wright,Johnson,Olivia,EMP-26515,EMP-91182,CTO,Rodriguez,Marketing,postgresql://user:****@db-staging.internal:5432/analytics,"$193,869",White,Young,ACH,"$48,335",Aiden M. Jackson,EMP-42562,Amoxicillin,Dr.,Young,4214 shares @ $103.11,false,9581,"$147,621",Finance,Bachelor's,11/03/1960,Williams,15.968,Data Analyst,N,07-21-1995,"$82,679"
11-06-2005,HR,Dr.,Mrs.,"$39,337",HR,"$13,297",,G22K5E69IJVCLNI3HQLF,Lee,crit=6327,"$47,374",0012-25-1944,Sophia,Meets expectations,White,Meets expectations,Friday,"$184,421","$116,936",EMP-99714,2026-10-12 22:20:37,Exceeds expectations,7.81,liam.lewis4@company.com,30,EMP-55415,noah.miller,None,Rev.,WP-GB-108110,Logan,0.3.33,"$242,511",Non-conformance: access control,"$17,736",Prof.,Amy,EMP-56573,Exceeds expectations,592,Legal,MRN-163723,Legal,138.74,2024-01-20T00:55:35Z,Jennifer,Mrs.,1626 shares @ $252.49,Competitor DataCraft Inc launched StreamLine ERP,2663.39,M,Anderson,Exceeds expectations,40.1,David Thomas,Thompson,V,Oliver Smith,Robinson,Richard,EMP-19217,EMP-79984,CTO,Robinson,Marketing,postgresql://user:****@db-prod.internal:5432/main,"$147,847",Johnson,Davis,PayPal,"$6,956",Aiden White,EMP-27013,Ibuprofen,Mrs.,Young,720 shares @ $389.14,false,2435,"$112,102",Sales,High School,0009-18-1947,Brown,2.279,Data Analyst,O,0008-18-2004,"$48,463"
0002-09-1950,Marketing,Rev.,Prof.,"$33,840",Sales,"$43,714",,BXSKCTOQ3XBRNF3YL3X4,Jones,max=9790,"$25,983",0006-20-2006,Jessica,Outstanding,Mixed,Exceeds expectations,Tuesday,"$205,434","$104,644",EMP-41901,2019-08-20T10:25:32Z,Meets expectations,1.32,amyyoung28@gmail.com,253,EMP-12527,william.taylor,Penicillin,Mrs.,WP-IN-403222,David,1.4.31,"$35,709",Major finding: data retention,"$44,856",Rev.,Amy,EMP-22435,Meets expectations,580,HR,MRN-809604,Operations,124.79,2023-02-16 02:31:13,Jessica,Hon.,3113 shares @ $478.71,Competitor Quantum Dynamics launched VaultKeeper,2020.6,T,Wright,Needs improvement,-2.0,Emma Thomas,Garcia,Y,Jessica Lewis,Young,Emily,EMP-56352,EMP-23213,Product Manager,Walker,Engineering,postgresql://user:****@db-prod.internal:5432/analytics,"$116,975",Moore,Lewis,PayPal,"$19,752",Sophia King,EMP-41935,Metformin,Dr.,Garcia,4719 shares @ $138.88,false,1149,"$160,908",Support,Master's,09/09/1983,Smith,15.58,CTO,Z,12-18-2004,"$226,745"
0010-07-1958,HR,Hon.,Mr.,"$47,772",Support,"$43,586",,EAIYTBFPRFWBT4JRAAAM,Lewis,max=5513,"$21,675",12-27-2005,Amy,Meets expectations,Other,Needs improvement,Tuesday,"$237,675","$111,482",EMP-93134,2026-01-05 03:32:38,Needs improvement,5.08,amy_smith@outlook.com,635,EMP-31311,john.martin,Shellfish,Mrs.,WP-FR-159649,David,1.11.85,"$231,591",Observation: backup schedule,"$12,544",Ms.,Noah,EMP-95158,Meets expectations,316,Engineering,MRN-535834,Engineering,161.7,2024-04-17 02:32:48,Emma,Prof.,2790 shares @ $369.93,Competitor Global Solutions launched AuditTrail Plus,5464.47,L,Johnson,Meets expectations,-32.9,Emma King,Young,E,Richard Miller,Johnson,Noah,EMP-60621,EMP-13471,VP Engineering,Brown,Marketing,postgresql://user:****@db-staging.internal:5432/main,"$181,712",Smith,Johnson,Wire Transfer,"$41,861",Ethan Smith,EMP-57060,Amoxicillin,Mr.,Miller,2548 shares @ $336.59,true,7229,"$219,440",Operations,Master's,0010-21-1960,King,11.55,Sales Rep,C,10-16-1941,"$59,802"
10/07/1955,Operations,Mrs.,Rev.,"$14,567",Support,"$15,646",,FFKFTQY6M5IWJW4MW964,Walker,crit=124,"$23,651",0011-02-1952,Patricia,Meets expectations,Black,Meets expectations,Tuesday,"$183,123","$149,679",EMP-21397,2022-02-03T17:34:49Z,Needs improvement,5.95,emma.williams@acme.org,220,EMP-93070,robert.walker,Shellfish,Rev.,WP-US-512537,Lucas,0.11.8,"$100,564",Major finding: data retention,"$6,426",Prof.,Sophia,EMP-73069,Needs improvement,449,Support,MRN-370736,Operations,291.89,2023-07-15 19:12:39,Linda,Hon.,2782 shares @ $308.87,Competitor Pioneer Software launched FlexPay Platform,6742.05,Y,Thompson,Outstanding,-6.2,Logan Davis,Anderson,N,Lucas W. Smith,Harris,Emily,EMP-11640,EMP-67056,Designer,Moore,Support,postgresql://user:****@db-prod.internal:5432/analytics,"$113,782",Garcia,Lewis,ACH,"$13,022",Jessica J. Thomas,EMP-32512,Ibuprofen,Rev.,Rodriguez,1059 shares @ $282.62,false,8161,"$209,806",Operations,Bachelor's,11/02/1961,Harris,6.605,CTO,P,02/24/1983,"$183,265"
0002-02-2005,Finance,Dr.,Ms.,"$27,808",Legal,"$48,907",2023-11-26T10:51:08Z,AO7VAGWF7T4G2O0T77PQ,Garcia,crit=4559,"$35,589",04-09-1980,Lucas,Outstanding,Hispanic,Exceeds expectations,Friday,"$66,126","$241,500",EMP-27167,2019-08-24 13:37:57,Needs improvement,9.09,elizabeth.robinson@example.com,742,EMP-44701,richard.smith,Peanuts,Dr.,WP-AU-984216,Olivia,3.15.7,"$219,906",Non-conformance: access control,"$44,945",Prof.,Elizabeth,EMP-60286,Exceeds expectations,480,Sales,MRN-484986,HR,7.36,2025-12-24T00:37:57Z,David,Ms.,288 shares @ $475.87,Competitor Catalyst Ventures launched AuditTrail Plus,3019.94,O,Lee,Needs improvement,-34.7,Linda Garcia,King,L,Robert King,Wright,James,EMP-98223,EMP-61239,VP Engineering,Davis,Engineering,postgresql://user:****@db-staging.internal:5432/analytics,"$136,614",Moore,White,Cash,"$23,229",Harper Jackson,EMP-77533,Lisinopril,Prof.,Williams,4723 shares @ $82.43,false,796,"$170,814",Legal,Associate's,0009-20-1973,Harris,2.967,Designer,J,04/17/1993,"$89,199"
12/04/1995,HR,Rev.,Hon.,"$22,153",Sales,"$28,264",,0MDEJ4G4FNWMUHYOMQMW,Williams,crit=5277,"$19,660",12/14/1963,Oliver,Needs improvement,Other,Exceeds expectations,Wednesday,"$76,675","$36,148",EMP-99031,2023-11-04 11:09:58,Exceeds expectations,5.54,noah_wright@example.com,572,EMP-28499,mary.rodriguez,Latex,Dr.,WP-GB-857245,William,5.15.69,"$30,337",Major finding: data retention,"$27,966",Rev.,Richard,EMP-87928,Needs improvement,543,Finance,MRN-245881,Engineering,217.9,2022-05-16 19:49:48,Susan,Dr.,4253 shares @ $477.97,Competitor Acme Corp launched StreamLine ERP,2471.36,W,Brown,Meets expectations,-35.0,Jessica King,Clark,K,Aiden Harris,Brown,Linda,EMP-84146,EMP-14027,Designer,Lewis,Operations,postgresql://user:****@db-staging.internal:5432/main,"$174,406",Taylor,White,Cash,"$8,222",Mason Lewis,EMP-76948,Metformin,Dr.,Lewis,4620 shares @ $83.41,false,1745,"$177,837",Support,PhD,09/17/1991,Davis,16.732,VP Engineering,U,09/27/1952,"$208,405"
0006-15-1994,HR,Rev.,Mrs.,"$40,544",Operations,"$18,981",2026-05-28T17:22:30Z,EVV33PKGPXOZTPNF5FST,Wright,max=9573,"$23,125",01-12-2010,Liam,Exceeds expectations,Hispanic,Exceeds expectations,Sunday,"$234,196","$127,876",EMP-37307,2023-03-13 06:33:53,Exceeds expectations,9.32,loganmartin@example.com,557,EMP-76519,patricia.rodriguez,None,Mrs.,WP-GB-357226,Sophia,2.16.16,"$82,848",Major finding: data retention,"$32,851",Rev.,Emma,EMP-48624,Meets expectations,411,Support,MRN-119319,Finance,49.36,2019-10-23T21:31:14Z,Harper,Prof.,1919 shares @ $431.73,Competitor TechCo Industries launched Sentinel Monitor,332.92,V,Thomas,Needs improvement,29.6,Harper Lewis,Wright,N,Emily Johnson,Young,Harper,EMP-63487,EMP-24277,Product Manager,Harris,Operations,postgresql://user:****@db-staging.internal:5432/analytics,"$114,832",Brown,Taylor,ACH,"$48,022",Logan Miller,EMP-32281,Lisinopril,Mr.,Anderson,1481 shares @ $63.8,true,2125,"$59,766",HR,High School,0005-07-1970,Lewis,16.086,Data Analyst,K,07/23/1965,"$237,663"
12/12/1950,Support,Mrs.,Mrs.,"$37,389",Marketing,"$39,769",,LWODYIO788CR5UB9CGNE,Thompson,min=3221,"$21,884",0012-25-1971,Sophia,Exceeds expectations,Hispanic,Outstanding,Wednesday,"$124,188","$203,068",EMP-14980,2018-09-06 00:23:26,Exceeds expectations,6.86,emily.rodriguez@company.com,11,EMP-20407,lucas.lewis,Pollen,Mr.,WP-IN-532960,Noah,2.2.35,"$87,976",Major finding: data retention,"$9,107",Prof.,William,EMP-95586,Exceeds expectations,424,Finance,MRN-228158,Legal,326.26,2026-11-21T03:01:24Z,John,Rev.,566 shares @ $471.58,Competitor Alpine Systems launched StreamLine ERP,7151.38,F,Smith,Needs improvement,46.4,Jessica Harris,Williams,E,Liam Davis,Williams,Logan,EMP-59780,EMP-28794,Software Engineer,Young,HR,postgresql://user:****@db-staging.internal:5432/analytics,"$245,862",Clark,Davis,ACH,"$21,422",Noah White,EMP-40612,Amoxicillin,Ms.,Brown,3657 shares @ $364.39,false,764,"$65,478",HR,PhD,0007-02-1949,Walker,13.748,Sales Rep,S,0002-03-1982,"$242,860"
08/11/1963,Finance,Dr.,Prof.,"$15,363",Legal,"$44,504",,7Q7VWVKUUDJT3YD0XHF0,Jackson,warn=4044,"$31,337",04-12-1955,Sarah,Meets expectations,White,Exceeds expectations,Friday,"$120,426","$45,411",EMP-23856,2020-05-18T20:00:42Z,Exceeds expectations,1.52,johnking@example.com,282,EMP-62665,sarah.king,Pollen,Prof.,WP-CA-636731,James,2.10.24,"$49,086",Major finding: data retention,"$25,058",Dr.,Aiden,EMP-98615,Meets expectations,694,Support,MRN-467012,Marketing,23.24,2021-04-18 14:12:26,Jessica,Hon.,658 shares @ $217.8,Competitor DataCraft Inc launched DataSync 3000,2219.11,O,Jones,Outstanding,30.0,Patricia Young,Wright,E,Amy King,Smith,Mason,EMP-68783,EMP-96141,Data Analyst,Brown,Marketing,postgresql://user:****@db-prod.internal:5432/analytics,"$241,647",Walker,Wright,Debit Card,"$35,382",Susan Lewis,EMP-72737,Ibuprofen,Mrs.,Martinez,3942 shares @ $289.64,true,8136,"$232,343",Engineering,Bachelor's,09-12-1942,Miller,3.721,VP Engineering,H,0001-16-1954,"$117,836"
