col_full,c_lati,village,mapping,continent_38,kdje27,place,dock,landmark_poi,TIME_ZONE,dateval,dim_timestamp,p_739,col_mok,dim_location_text,elevation_altitude_14,source_system_raw,nullableFlag,iso_country_code,port_harbor_46,fact_etl_batch_id,iata_cd,user_cpu_usage,var_184,ADDRESS_LINE,airport,airfield,landmarkPoi,longitude,title_22,col_oz,encoding,addrline,x_dwbg,district_borough_info,location_text_38,time_of_day,col_cusi,geographic_coordinates_v2,location_text_v2,end_date,v_537,fact_city_town
Elizabeth Anderson,89.94514,Denver,input -> output,Oceania,JP,"Toronto, Canada",Port of LA,Statue of Liberty,America/New_York,2022-07-13,2018-09-25 07:41:09,Port of LA,2186 Oak Ave,"Berlin, Norway",6464,Workday,true,US,Rotterdam,batch-20200107-65,ZIB,4.5,BR,9793 Main St,LHR,SFO,Central Park,-124.541749,Quarterly Review 2021,EST,ISO-8859-1,5119 Cedar Ln,1995,West End,"Toronto, Mexico",17:37:04,WHIIUFTKZ,"-0.051833, -30.424237","Houston, Singapore",2023-02-18,84.231603,Portland
Olivia Smith,54.035105,Denver,field_a -> output,Antarctica,IN,"Chicago, Norway",Busan,Big Ben,America/New_York,2018-10-17,2021-09-08 03:40:57,Busan,6127 Elm St,"San Francisco, Sweden",3430,PostgreSQL,NO,BR,Rotterdam,batch-20260616-75,BTJ,11.0,FR,7742 Oak Ave,CDG,JFK,Statue of Liberty,19.581853,Executive Summary 2025,Europe/London,UTF-8,242 Pine Rd,1999,North Shore,"Dallas, Australia",03:24:21,727XLFJHO,"-44.498894, 99.650853","Paris, Singapore",2019-12-25,54.340428,Los Angeles
Harper Rodriguez,-66.783585,London,source_col -> field_b,Oceania,CA,"Toronto, Israel",Busan,Eiffel Tower,EST,2022-06-27,2025-02-21T16:56:37Z,Singapore,500 Oak Ave,"Berlin, Germany",6097,Salesforce,YES,MX,Singapore,batch-20180313-44,ERW,82.0,CA,8836 Park Blvd,CDG,LAX,Golden Gate Bridge,-42.867487,Executive Report 2020,Europe/London,UTF-8,1320 Pine Rd,2017,North Shore,"Chicago, Canada",06:43:34,BMKXU0TAM,"-13.917698, -105.094986","Denver, Sweden",2024-09-25,168.065505,Boston
Patricia M. Jackson,-9.718031,Seattle,field_a -> field_b,Asia,IN,"Austin, United Kingdom",Port of LA,Golden Gate Bridge,CET,2022-01-05,2023-01-28T08:21:54Z,Hamburg,7035 Pine Rd,"Chicago, France",1700,SAP,true,FR,Hamburg,batch-20260903-15,DTG,79.3,DE,343 Pine Rd,CDG,ORD,Statue of Liberty,-70.031779,Annual Summary 2026,America/New_York,ISO-8859-1,495 Cedar Ln,2006,West End,"Toronto, Mexico",13:57:10,V6V2X1AIV,"-38.596508, 65.038618","Tokyo, Netherlands",2022-11-18,-3.991656,Sydney
Olivia Martinez,61.853405,Los Angeles,input -> output,Asia,GB,"Phoenix, Australia",Shanghai,Big Ben,UTC,2023-06-08,2023-01-10T01:20:50Z,Busan,9803 Main St,"Boston, Mexico",-10,Salesforce,true,GB,Hamburg,batch-20200925-92,VWX,61.6,GB,9621 Cedar Ln,ORD,SFO,Eiffel Tower,156.744359,Executive Summary 2022,EST,ISO-8859-1,6103 Cedar Ln,2003,North Shore,"Paris, Australia",21:00:17,JDNVHH9UJ,"-74.275119, 112.604287","Toronto, Mexico",2026-05-18,60.846133,Denver
Aiden H. Robinson,-31.523814,San Francisco,source_col -> field_b,Antarctica,IN,"Paris, Singapore",Port of LA,Eiffel Tower,JST,2021-11-02,2024-10-11T01:17:23Z,Singapore,1897 Cedar Ln,"Tokyo, Japan",1729,SAP,NO,CA,Singapore,batch-20220414-86,MLY,8.4,CA,9680 Pine Rd,NRT,JFK,Central Park,-172.020169,Executive Report 2026,JST,Latin-1,7644 Pine Rd,2007,South Bay,"San Francisco, Switzerland",05:47:07,J90N5ZG2O,"11.014711, 115.956494","Miami, Italy",2026-10-29,-79.278808,Seattle
Susan Walker,-27.990159,Phoenix,field_a -> target_col,North America,MX,"Atlanta, Canada",Shanghai,Eiffel Tower,UTC,2018-11-16,2025-12-12T17:27:50Z,Rotterdam,2807 Oak Ave,"San Francisco, South Korea",7706,Snowflake,YES,MX,Shanghai,batch-20200126-35,YQU,82.1,BR,7206 Elm St,CDG,LHR,Golden Gate Bridge,-166.146907,Executive Analysis 2025,JST,UTF-8,8338 Elm St,2006,East Side,"Denver, Norway",08:32:38,FIVK58VGX,"-25.494207, 138.362057","Chicago, Mexico",2021-03-11,54.263282,London
David I. Robinson,4.813989,Phoenix,source_col -> output,North America,JP,"Portland, Netherlands",Hamburg,Central Park,JST,2023-02-09,2022-11-28T12:35:41Z,Hamburg,9126 Cedar Ln,"Houston, France",1309,Workday,YES,AU,Port of LA,batch-20210411-47,LWS,12.4,DE,7002 Main St,ORD,SFO,Big Ben,108.880544,Executive Summary 2024,America/New_York,Latin-1,6813 Main St,1994,South Bay,"San Francisco, United Kingdom",20:58:07,9T9PA43AN,"-55.679008, 93.644977","San Francisco, Norway",2022-02-12,96.421337,Los Angeles
Noah Martinez,-67.448651,Houston,source_col -> field_b,North America,BR,"Los Angeles, Germany",Busan,Big Ben,America/New_York,2023-02-13,2025-12-12 13:18:45,Busan,5203 Pine Rd,"Tokyo, India",6514,Kafka,false,CA,Busan,batch-20221215-29,WQS,53.3,DE,963 Elm St,JFK,ORD,Eiffel Tower,-31.618144,Annual Review 2020,UTC,UTF-16,6799 Maple Dr,2006,Downtown,"Tokyo, Australia",19:25:25,V5G1MOI4T,"-55.081881, -75.636791","Los Angeles, Netherlands",2025-05-28,134.409686,Sydney
Robert Robinson,-75.268981,Miami,input -> target_col,North America,DE,"Miami, Switzerland",Singapore,Eiffel Tower,JST,2024-10-25,2020-06-27T16:46:25Z,Busan,4652 Maple Dr,"Phoenix, Australia",5769,Workday,true,MX,Singapore,batch-20260729-39,FJC,65.1,AU,1522 Oak Ave,NRT,CDG,Eiffel Tower,-24.529495,Quarterly Review 2025,Europe/London,ISO-8859-1,3273 Park Blvd,2022,South Bay,"Dallas, Australia",15:42:35,NI6R83C7M,"-16.938643, 79.044834","Seattle, Sweden",2018-11-12,-46.884971,Miami
David Walker,58.940853,Houston,source_col -> field_b,South America,GB,"Dallas, United Kingdom",Busan,Golden Gate Bridge,EST,2024-10-16,2024-03-11T11:08:56Z,Rotterdam,6332 Maple Dr,"New York, Spain",3850,Workday,YES,BR,Busan,batch-20210219-59,DPK,54.3,AU,5773 Elm St,SFO,SFO,Golden Gate Bridge,-102.638778,Quarterly Report 2024,PST,UTF-16,8971 Park Blvd,1991,Midtown,"Tokyo, India",13:47:04,FK0L9P9NM,"13.239371, 51.554614","Dallas, Australia",2020-05-12,-58.438289,London
Amy Martin,28.883337,Atlanta,source_col -> output,Africa,IN,"Austin, Germany",Busan,Central Park,JST,2024-12-04,2022-11-08 01:46:20,Port of LA,298 Cedar Ln,"Miami, Canada",6604,Kafka,NO,GB,Hamburg,batch-20221019-09,KIY,20.4,IN,2371 Main St,ORD,JFK,Eiffel Tower,-160.757698,Technical Summary 2023,CET,UTF-16,2603 Oak Ave,2019,Midtown,"London, Germany",03:45:04,QSU68HB4B,"-17.786167, -4.592624","Berlin, United Kingdom",2021-09-26,52.064622,Austin
Emma Wright,8.722308,Sydney,field_a -> output,Asia,DE,"London, Mexico",Singapore,Big Ben,EST,2022-01-19,2026-03-22T14:29:42Z,Rotterdam,4815 Park Blvd,"Tokyo, Brazil",2395,Snowflake,false,BR,Busan,batch-20191109-25,PDC,61.6,IN,4027 Elm St,ORD,SFO,Statue of Liberty,88.387958,Annual Report 2020,Europe/London,ISO-8859-1,9360 Pine Rd,2021,South Bay,"Boston, France",10:09:34,9AHE0I0AX,"-31.147869, 111.709258","Sydney, Spain",2018-06-29,-142.38023,San Francisco
Jennifer Thompson,70.353282,Houston,source_col -> field_b,South America,MX,"Houston, United States",Shanghai,Golden Gate Bridge,EST,2026-09-25,2020-02-12 18:38:24,Port of LA,5224 Maple Dr,"Seattle, Netherlands",4187,Kafka,YES,IN,Rotterdam,batch-20251208-60,VCP,52.8,IN,679 Oak Ave,LHR,NRT,Golden Gate Bridge,19.78675,Technical Review 2023,CET,ISO-8859-1,4810 Elm St,2001,Downtown,"Tokyo, France",12:54:18,6XKOI3A8Q,"72.051418, -68.133266","Seattle, Sweden",2020-10-24,4.264617,Portland
Robert Moore,21.795573,Berlin,source_col -> target_col,North America,US,"New York, Germany",Busan,Central Park,CET,2019-03-19,2019-12-04T12:28:03Z,Port of LA,9978 Main St,"Los Angeles, Netherlands",2074,Kafka,false,BR,Busan,batch-20221122-18,ABP,17.2,FR,8004 Maple Dr,SFO,ORD,Big Ben,29.455694,Quarterly Analysis 2022,Europe/London,Latin-1,3384 Cedar Ln,1995,North Shore,"Houston, South Korea",15:37:48,1XGGU4WLY,"-76.02034, 166.484418","London, Australia",2026-05-30,-16.532668,Chicago
Liam Robinson,41.122452,Boston,source_col -> target_col,Africa,JP,"New York, Spain",Port of LA,Big Ben,UTC,2025-03-08,2021-12-24 00:43:30,Singapore,3605 Cedar Ln,"New York, Spain",3551,SAP,true,FR,Port of LA,batch-20230413-93,JBJ,45.3,FR,104 Elm St,NRT,CDG,Golden Gate Bridge,-27.156949,Technical Summary 2026,UTC,Latin-1,9126 Main St,2001,Downtown,"Austin, Singapore",03:44:37,IEM5SQ5LJ,"-50.08798, -20.396614","Denver, Germany",2023-12-14,95.73345,Berlin
Robert Jones,-37.77563,Sydney,field_a -> output,Antarctica,JP,"San Francisco, Canada",Rotterdam,Eiffel Tower,Europe/London,2019-06-13,2024-09-24 22:49:22,Shanghai,1450 Park Blvd,"Paris, United Kingdom",2586,Salesforce,YES,GB,Shanghai,batch-20220901-67,JJR,39.7,MX,7641 Oak Ave,LHR,NRT,Central Park,86.703451,Annual Analysis 2020,PST,ASCII,7408 Main St,2003,Downtown,"Toronto, Switzerland",15:15:58,D7YV8IZSI,"-28.72693, 122.510346","Tokyo, Brazil",2021-05-25,-5.816965,Toronto
Robert Thompson,-73.072889,Berlin,input -> output,Oceania,MX,"New York, Netherlands",Shanghai,Central Park,PST,2023-08-26,2022-08-25 23:40:52,Port of LA,2350 Maple Dr,"Miami, United Kingdom",2015,Kafka,true,DE,Busan,batch-20261216-86,YZX,88.2,CA,2946 Main St,NRT,LHR,Statue of Liberty,-146.326092,Annual Analysis 2025,America/New_York,ISO-8859-1,813 Oak Ave,2004,East Side,"Toronto, Canada",17:09:45,BBM6RFMSK,"-44.417804, -81.778367","Sydney, South Korea",2026-10-25,-74.659494,Austin
Aiden Williams,-20.380156,Sydney,source_col -> target_col,Asia,BR,"Austin, South Korea",Singapore,Central Park,PST,2019-12-12,2026-02-16 23:24:46,Shanghai,8985 Pine Rd,"Seattle, Singapore",1062,SAP,false,US,Busan,batch-20221005-98,STH,37.4,FR,4682 Elm St,SFO,JFK,Golden Gate Bridge,19.272209,Technical Report 2020,JST,UTF-16,1566 Maple Dr,1999,North Shore,"Houston, Canada",18:39:43,P4972UTGD,"-81.12708, -96.586462","Dallas, United States",2023-12-01,78.624792,Phoenix
Ethan K. Wright,37.429454,Los Angeles,source_col -> output,South America,GB,"New York, Norway",Shanghai,Statue of Liberty,CET,2024-05-02,2023-06-25 15:21:54,Busan,1358 Pine Rd,"Chicago, France",6169,SAP,false,CA,Port of LA,batch-20240703-56,NQG,94.2,CA,945 Elm St,NRT,ORD,Eiffel Tower,-149.802501,Annual Report 2022,EST,ASCII,3889 Pine Rd,2012,Midtown,"Sydney, Canada",09:20:08,XOVYQ2LRN,"73.946002, 57.498415","Phoenix, United Kingdom",2022-06-28,-105.165859,San Francisco
Logan Thomas,-33.755286,Houston,input -> field_b,Africa,AU,"Sydney, Israel",Rotterdam,Eiffel Tower,CET,2020-06-23,2019-04-27 02:13:28,Shanghai,4598 Cedar Ln,"Paris, Germany",7489,SAP,false,FR,Hamburg,batch-20220621-01,JLK,15.9,FR,6667 Main St,SIN,SFO,Big Ben,42.373468,Quarterly Review 2020,America/New_York,ASCII,3052 Oak Ave,2003,Downtown,"Phoenix, Sweden",06:18:52,GPZG4S550,"-36.544262, 26.625845","Los Angeles, United Kingdom",2020-05-07,48.729173,Houston
Linda U. Clark,-85.480973,Seattle,source_col -> output,North America,IN,"Phoenix, Canada",Rotterdam,Central Park,JST,2020-11-02,2026-10-17 21:32:30,Singapore,328 Pine Rd,"Miami, Italy",63,Workday,false,GB,Shanghai,batch-20230819-25,LZT,67.0,GB,8411 Main St,SIN,JFK,Big Ben,-154.603052,Quarterly Review 2023,PST,Latin-1,161 Cedar Ln,2017,South Bay,"Portland, Sweden",10:59:36,ATNDQYG81,"-51.746931, -88.518751","Paris, France",2025-07-10,108.507071,Phoenix
Oliver Miller,80.717882,Toronto,input -> output,Oceania,IN,"Houston, Netherlands",Busan,Golden Gate Bridge,America/New_York,2018-03-25,2018-07-14 13:39:51,Hamburg,347 Park Blvd,"Atlanta, Sweden",6795,SAP,false,FR,Port of LA,batch-20200626-48,BBA,22.1,GB,2729 Pine Rd,ORD,LHR,Statue of Liberty,38.268151,Technical Review 2024,PST,UTF-8,4639 Oak Ave,1996,Midtown,"Dallas, United States",08:03:10,ZI6QHBRWI,"38.99889, 150.394962","New York, Italy",2026-04-01,170.052721,Phoenix
Susan Young,-50.404075,Chicago,field_a -> target_col,North America,CA,"New York, Netherlands",Busan,Statue of Liberty,Europe/London,2019-09-15,2026-02-02 11:44:02,Port of LA,9511 Maple Dr,"New York, Singapore",2100,Kafka,true,GB,Rotterdam,batch-20180610-09,DAX,84.7,JP,3694 Pine Rd,LAX,JFK,Eiffel Tower,77.520196,Executive Report 2022,CET,Latin-1,1545 Pine Rd,2013,Midtown,"Denver, Norway",23:25:41,Z37SXUYBX,"45.742452, 71.784623","Houston, Brazil",2021-12-12,28.703526,Houston
Linda Lee,59.299798,Houston,source_col -> output,Europe,CA,"Seattle, Israel",Hamburg,Golden Gate Bridge,Europe/London,2020-04-22,2023-03-13T22:28:25Z,Port of LA,6250 Oak Ave,"Tokyo, France",4859,Workday,false,AU,Shanghai,batch-20220720-46,ENR,64.6,DE,6780 Cedar Ln,SIN,NRT,Central Park,174.476229,Quarterly Analysis 2020,UTC,Latin-1,3439 Park Blvd,2013,South Bay,"Phoenix, South Korea",00:03:53,K9O3S39V7,"-88.765875, 134.260127","Tokyo, United Kingdom",2026-02-10,-81.046472,Seattle
Sophia F. Jones,-13.96014,San Francisco,source_col -> field_b,Asia,MX,"London, Sweden",Rotterdam,Statue of Liberty,PST,2026-04-14,2023-06-10T19:31:18Z,Rotterdam,7387 Maple Dr,"Sydney, Brazil",3853,Snowflake,YES,BR,Shanghai,batch-20240426-92,YFI,26.3,DE,4227 Park Blvd,LHR,SFO,Central Park,61.068087,Quarterly Analysis 2022,UTC,Latin-1,270 Pine Rd,2019,Midtown,"Los Angeles, Germany",02:22:19,LBUDC00IY,"29.236256, 161.227694","Houston, France",2026-11-14,71.032247,Toronto
Jessica Davis,-86.951304,Phoenix,field_a -> field_b,Africa,IN,"Sydney, Norway",Busan,Golden Gate Bridge,UTC,2022-04-07,2020-12-23T06:35:22Z,Hamburg,6682 Elm St,"Dallas, United States",1716,Salesforce,YES,FR,Hamburg,batch-20211206-69,VCK,54.6,MX,7533 Oak Ave,ORD,JFK,Eiffel Tower,17.556839,Technical Summary 2024,UTC,Latin-1,8043 Park Blvd,2026,South Bay,"Miami, Sweden",08:44:58,A032XQKTF,"-2.974864, 157.311732","Miami, Germany",2023-05-16,39.99252,Austin
Robert King,44.326074,Denver,input -> output,Antarctica,AU,"Seattle, Sweden",Singapore,Big Ben,UTC,2019-11-23,2023-08-20T13:56:08Z,Busan,9727 Pine Rd,"Tokyo, United States",7958,Snowflake,NO,DE,Port of LA,batch-20221015-14,FMB,92.5,AU,1445 Pine Rd,LHR,LAX,Statue of Liberty,-103.348029,Annual Summary 2024,PST,ASCII,6376 Cedar Ln,2024,North Shore,"Portland, Australia",05:28:10,9QP3H1173,"-38.315427, -90.024035","Toronto, Israel",2018-01-16,-49.029222,Houston
Elizabeth Lewis,-9.662066,Chicago,source_col -> output,Oceania,FR,"Seattle, Japan",Port of LA,Big Ben,UTC,2019-09-12,2019-07-02 12:44:12,Rotterdam,9639 Main St,"Seattle, Israel",7456,Snowflake,true,JP,Port of LA,batch-20211016-45,ITH,37.5,FR,6101 Elm St,SIN,CDG,Big Ben,51.431537,Executive Report 2021,EST,UTF-16,5720 Cedar Ln,2000,North Shore,"London, Germany",05:10:49,JU07L70KR,"1.198157, 172.593134","London, Japan",2021-01-14,-70.975065,Phoenix
Aiden Wright,54.941348,Seattle,input -> target_col,Africa,BR,"Berlin, Canada",Rotterdam,Statue of Liberty,UTC,2021-04-03,2024-08-12 12:43:46,Rotterdam,8182 Main St,"Sydney, Brazil",2350,PostgreSQL,YES,CA,Port of LA,batch-20250122-64,XKN,30.8,IN,6218 Cedar Ln,JFK,JFK,Big Ben,-85.251132,Executive Analysis 2026,JST,ISO-8859-1,3439 Park Blvd,1993,West End,"Toronto, Mexico",13:53:52,8Q9V4RRKP,"-5.904936, -97.966658","New York, Italy",2021-11-04,130.459938,Miami
Harper C. Brown,42.824336,Berlin,source_col -> target_col,South America,DE,"Los Angeles, Sweden",Shanghai,Golden Gate Bridge,EST,2023-11-27,2022-11-02 19:09:03,Busan,594 Elm St,"Miami, Sweden",4030,Snowflake,false,MX,Hamburg,batch-20230911-46,HXE,24.4,DE,8183 Pine Rd,LHR,LAX,Golden Gate Bridge,139.550295,Executive Analysis 2026,JST,ASCII,1213 Oak Ave,2013,West End,"Seattle, France",15:11:40,TABNXFRD6,"59.940497, -88.958403","Atlanta, United States",2024-10-15,41.939636,Atlanta
Lucas Lewis,-59.711542,Tokyo,input -> target_col,Asia,GB,"Phoenix, Brazil",Singapore,Golden Gate Bridge,PST,2025-07-26,2021-10-08 02:54:49,Busan,5724 Oak Ave,"London, Mexico",5678,Kafka,true,GB,Rotterdam,batch-20190918-66,PFC,66.7,AU,6977 Park Blvd,NRT,ORD,Eiffel Tower,60.402264,Quarterly Review 2026,JST,Latin-1,9810 Oak Ave,1993,Midtown,"Toronto, Sweden",04:39:57,06Z9EBB9Q,"52.475604, -4.550967","Paris, Brazil",2025-05-14,12.648494,Denver
Harper Clark,-56.726766,Dallas,source_col -> output,Oceania,IN,"Austin, Switzerland",Rotterdam,Golden Gate Bridge,America/New_York,2023-12-15,2020-02-05 11:49:49,Rotterdam,5633 Oak Ave,"Tokyo, Israel",5267,SAP,YES,FR,Rotterdam,batch-20190416-67,UKW,44.3,IN,6951 Park Blvd,LAX,LAX,Big Ben,-10.630094,Technical Report 2024,PST,UTF-16,2711 Maple Dr,1992,South Bay,"London, Italy",20:22:13,4DXOHNSKL,"-45.314464, -28.688464","Miami, Australia",2019-07-03,179.066339,Miami
Emma V. Moore,-33.708524,Austin,field_a -> output,North America,JP,"Denver, Germany",Shanghai,Big Ben,America/New_York,2026-09-03,2026-10-14 19:58:41,Port of LA,9073 Main St,"Phoenix, South Korea",7227,Workday,false,US,Port of LA,batch-20240609-19,JKI,58.6,JP,8166 Maple Dr,SFO,CDG,Eiffel Tower,176.668957,Annual Analysis 2025,EST,ISO-8859-1,3417 Cedar Ln,1997,West End,"Berlin, Mexico",20:20:37,9BF1XS15H,"36.174193, 172.621952","Berlin, Canada",2018-01-24,-7.765178,Berlin
Richard R. Rodriguez,24.350375,Portland,field_a -> field_b,Antarctica,AU,"Denver, South Korea",Rotterdam,Big Ben,JST,2025-04-15,2026-02-23 12:36:44,Singapore,2497 Maple Dr,"Chicago, Australia",4790,Snowflake,NO,CA,Hamburg,batch-20220204-93,JLT,20.7,MX,7585 Main St,LHR,SFO,Big Ben,-43.049861,Executive Analysis 2023,JST,Latin-1,6497 Pine Rd,2024,West End,"Boston, Israel",22:34:58,SPDKBXGJF,"-29.297471, 78.518743","Tokyo, France",2024-12-21,124.091132,Austin
Anna Wright,-84.861353,Paris,field_a -> field_b,Asia,MX,"Atlanta, Israel",Rotterdam,Eiffel Tower,America/New_York,2026-02-03,2021-08-05 18:59:24,Singapore,9520 Main St,"Denver, Spain",798,SAP,false,GB,Rotterdam,batch-20240216-99,DNR,50.3,CA,505 Oak Ave,SFO,SIN,Central Park,-168.965365,Quarterly Report 2026,America/New_York,UTF-16,3128 Elm St,2008,North Shore,"London, France",19:18:55,ZLIT2GQBR,"-57.112544, 20.556362","New York, Germany",2018-11-07,142.492083,San Francisco
Aiden Brown,-58.20478,London,source_col -> output,Africa,JP,"Boston, Norway",Singapore,Golden Gate Bridge,Europe/London,2021-11-17,2018-05-11T03:35:18Z,Hamburg,847 Main St,"Portland, Brazil",5221,Salesforce,true,FR,Shanghai,batch-20250121-38,EFO,40.7,CA,4522 Park Blvd,LHR,CDG,Big Ben,-101.089962,Executive Report 2023,JST,ASCII,7135 Maple Dr,2010,East Side,"Paris, South Korea",23:22:09,ARI2KPS6T,"-66.287829, 64.452686","Miami, Brazil",2018-01-12,58.089376,San Francisco
Michael Walker,-30.689174,Berlin,field_a -> output,South America,AU,"San Francisco, Japan",Singapore,Big Ben,JST,2024-11-10,2021-02-01T16:48:57Z,Rotterdam,5182 Oak Ave,"Phoenix, Sweden",3433,Workday,false,DE,Busan,batch-20190211-69,PIS,88.6,DE,9252 Park Blvd,LAX,LAX,Central Park,-0.622498,Executive Review 2022,UTC,Latin-1,5899 Park Blvd,2004,West End,"San Francisco, Canada",00:38:08,2WK9UBSRB,"-69.953578, -91.778742","Houston, Italy",2025-08-01,-23.204602,Houston
Mary Lewis,-10.78565,Houston,field_a -> target_col,Europe,BR,"Los Angeles, Mexico",Busan,Statue of Liberty,JST,2023-02-15,2020-10-10T01:14:42Z,Busan,5304 Maple Dr,"Los Angeles, Italy",2641,SAP,YES,MX,Singapore,batch-20180825-98,SAW,22.0,US,1662 Cedar Ln,LAX,LAX,Statue of Liberty,93.23265,Quarterly Summary 2024,EST,UTF-16,3354 Maple Dr,2013,East Side,"Denver, United Kingdom",00:58:35,59RIUNRWC,"41.377678, 65.139283","Austin, Sweden",2021-06-13,-135.817481,Sydney
Noah Brown,-47.161466,Seattle,field_a -> output,North America,DE,"Seattle, India",Hamburg,Statue of Liberty,JST,2019-02-01,2023-10-24T04:06:18Z,Hamburg,5800 Oak Ave,"Miami, Switzerland",2300,Snowflake,NO,JP,Hamburg,batch-20260126-42,PAL,36.3,BR,6950 Maple Dr,JFK,JFK,Golden Gate Bridge,-76.603341,Quarterly Summary 2024,EST,Latin-1,7379 Main St,1999,Downtown,"Houston, Brazil",11:46:48,36OZUILG3,"65.331381, 62.3428","Atlanta, France",2018-02-12,-148.736547,San Francisco
Oliver Thomas,-14.441092,San Francisco,source_col -> field_b,Europe,IN,"Miami, Singapore",Hamburg,Statue of Liberty,JST,2026-07-23,2024-05-13T04:45:46Z,Hamburg,7478 Pine Rd,"San Francisco, Norway",1707,SAP,true,US,Hamburg,batch-20200115-26,JYQ,0.4,DE,9982 Park Blvd,ORD,CDG,Eiffel Tower,-52.803684,Executive Review 2025,America/New_York,ASCII,6087 Pine Rd,1990,Midtown,"Dallas, Germany",07:39:18,U3O4HRAJV,"71.643647, -144.344306","Los Angeles, Germany",2022-06-05,115.926634,Dallas
Michael Rodriguez,-27.815844,Paris,input -> target_col,North America,US,"Portland, Germany",Shanghai,Statue of Liberty,Europe/London,2018-10-01,2026-09-23T12:56:32Z,Singapore,7718 Oak Ave,"Berlin, Canada",1048,Snowflake,NO,JP,Busan,batch-20180519-30,FAF,91.0,CA,1519 Elm St,LHR,SFO,Eiffel Tower,59.112556,Executive Report 2024,JST,ISO-8859-1,1311 Park Blvd,2012,Downtown,"Dallas, Sweden",22:36:24,VWJKXPCEB,"15.5029, -84.382934","Los Angeles, India",2023-10-31,-21.909114,Seattle
Amy Young,35.872529,Toronto,input -> field_b,North America,DE,"Dallas, Mexico",Port of LA,Eiffel Tower,America/New_York,2026-09-15,2022-03-16T02:39:27Z,Singapore,9175 Oak Ave,"Chicago, Brazil",4875,Workday,true,IN,Shanghai,batch-20220712-30,FUW,56.7,MX,2185 Maple Dr,NRT,SIN,Big Ben,67.325126,Quarterly Report 2025,JST,ASCII,9181 Main St,2001,Midtown,"Seattle, Sweden",06:00:34,SWYVT8P96,"75.915867, -60.04193","Phoenix, Germany",2020-11-11,93.532853,Boston
Sarah Anderson,-86.929268,New York,source_col -> field_b,Africa,US,"Boston, India",Busan,Eiffel Tower,CET,2020-11-06,2019-04-13T02:12:25Z,Busan,1663 Oak Ave,"Atlanta, Spain",7016,Workday,YES,DE,Singapore,batch-20230410-31,KNJ,66.1,US,1186 Main St,SFO,LAX,Golden Gate Bridge,131.687752,Annual Report 2020,JST,UTF-8,6501 Park Blvd,2017,South Bay,"Berlin, France",07:38:04,HNL385SYF,"66.179912, -174.298309","Austin, Australia",2021-09-02,-171.628391,Denver
Harper X. Young,43.958959,London,source_col -> field_b,Europe,BR,"Dallas, Brazil",Singapore,Golden Gate Bridge,JST,2024-07-07,2019-03-20 22:43:24,Hamburg,7409 Main St,"Austin, Netherlands",-90,Snowflake,NO,BR,Port of LA,batch-20180328-75,NTR,44.8,BR,8833 Oak Ave,NRT,NRT,Golden Gate Bridge,-134.220923,Executive Analysis 2021,Europe/London,ISO-8859-1,6162 Pine Rd,2012,Downtown,"Phoenix, Israel",12:00:10,IU85PDZ4R,"-31.57411, -85.852589","San Francisco, South Korea",2021-04-12,120.581904,Berlin
Jennifer C. Brown,-60.063991,Austin,field_a -> target_col,Africa,CA,"Sydney, Mexico",Rotterdam,Central Park,PST,2018-01-22,2024-06-11T17:48:15Z,Rotterdam,159 Park Blvd,"Portland, Singapore",6575,Workday,true,IN,Rotterdam,batch-20181031-39,FBU,64.2,JP,1135 Pine Rd,NRT,ORD,Statue of Liberty,117.00573,Quarterly Review 2020,Europe/London,UTF-16,3072 Park Blvd,2008,East Side,"Phoenix, South Korea",05:54:34,Q55YGV4LW,"-4.087984, 34.05636","London, Sweden",2021-04-11,-41.975671,Phoenix
Emily Martinez,39.283155,Dallas,input -> field_b,North America,JP,"Austin, Canada",Port of LA,Big Ben,UTC,2026-10-19,2021-11-12T00:54:59Z,Rotterdam,2106 Maple Dr,"New York, Sweden",3851,PostgreSQL,NO,DE,Hamburg,batch-20260709-31,BMX,18.2,FR,5383 Pine Rd,LAX,LHR,Big Ben,58.184691,Annual Summary 2023,EST,Latin-1,6815 Elm St,1995,South Bay,"Tokyo, Norway",05:09:32,HPE270B0X,"36.021458, -3.762527","Miami, Netherlands",2024-10-08,-114.153083,San Francisco
Lucas U. Wright,-7.904335,Houston,input -> target_col,South America,GB,"Chicago, Mexico",Rotterdam,Statue of Liberty,EST,2026-05-25,2022-07-26T08:39:56Z,Shanghai,5995 Maple Dr,"Atlanta, Spain",821,PostgreSQL,YES,IN,Singapore,batch-20181201-66,IYD,38.1,GB,4916 Elm St,LHR,NRT,Statue of Liberty,51.294272,Executive Analysis 2022,EST,Latin-1,2901 Oak Ave,1992,Midtown,"Austin, Canada",01:53:49,BN4OMX554,"68.992417, 79.470106","Phoenix, Sweden",2026-08-04,-128.251663,Boston
Noah Brown,51.772737,New York,field_a -> output,Europe,DE,"New York, Norway",Hamburg,Golden Gate Bridge,Europe/London,2024-03-03,2021-05-01 13:13:10,Busan,4067 Elm St,"Tokyo, United Kingdom",5464,Salesforce,true,BR,Hamburg,batch-20190421-55,VOP,77.9,JP,5315 Maple Dr,NRT,ORD,Golden Gate Bridge,-179.401593,Annual Review 2024,PST,UTF-8,5720 Oak Ave,2000,South Bay,"Phoenix, Spain",08:10:58,EJ0F79AB1,"-65.931724, -65.914132","San Francisco, Japan",2022-02-05,176.619109,Miami
Amy Lewis,-24.517365,London,source_col -> field_b,Oceania,AU,"Atlanta, Norway",Rotterdam,Big Ben,EST,2018-11-16,2025-09-03T19:35:37Z,Busan,8528 Maple Dr,"Seattle, Norway",8593,Salesforce,true,AU,Port of LA,batch-20191224-94,CCN,12.5,JP,9802 Pine Rd,SFO,SIN,Golden Gate Bridge,-63.016545,Quarterly Summary 2023,JST,ASCII,6125 Park Blvd,2017,East Side,"Chicago, Brazil",01:21:56,EDK3893NA,"-61.71989, 70.070742","Berlin, Germany",2022-02-16,-100.932082,Sydney
James Jackson,-35.768426,Dallas,field_a -> target_col,Asia,IN,"Austin, United Kingdom",Rotterdam,Statue of Liberty,PST,2022-05-27,2022-04-23 09:35:32,Shanghai,9041 Park Blvd,"Portland, Italy",3067,PostgreSQL,NO,CA,Port of LA,batch-20201110-04,ABP,45.9,US,1284 Park Blvd,SFO,NRT,Central Park,118.31304,Quarterly Review 2025,PST,Latin-1,305 Cedar Ln,1998,Downtown,"New York, Brazil",16:32:21,I6S1RCF6I,"27.505066, -166.58088","San Francisco, Mexico",2018-12-25,-60.564076,Austin
Aiden Taylor,-58.485492,Atlanta,field_a -> target_col,Oceania,GB,"Seattle, Italy",Busan,Eiffel Tower,UTC,2024-06-07,2019-01-18 03:14:50,Port of LA,5196 Elm St,"Los Angeles, United States",5526,Snowflake,true,US,Port of LA,batch-20190110-70,RTC,65.8,IN,6417 Maple Dr,JFK,CDG,Eiffel Tower,72.260119,Annual Summary 2022,JST,ASCII,2471 Oak Ave,2016,Downtown,"London, Switzerland",06:45:03,OXVS48MHD,"48.549906, 99.319531","Portland, Israel",2026-07-15,-167.99638,Paris
Noah Clark,80.078775,Tokyo,input -> field_b,Africa,MX,"Los Angeles, South Korea",Hamburg,Central Park,Europe/London,2023-11-09,2019-09-17T14:56:58Z,Singapore,5391 Park Blvd,"Phoenix, India",4377,Workday,false,DE,Busan,batch-20260223-79,IPC,61.8,MX,4254 Maple Dr,SIN,SIN,Golden Gate Bridge,-155.956401,Annual Review 2021,EST,ASCII,1342 Maple Dr,2025,South Bay,"Phoenix, United States",20:17:02,B76HY1W1G,"-81.115189, -89.886626","Chicago, Singapore",2022-09-30,-148.85732,Dallas
Liam Williams,-46.90998,Sydney,field_a -> field_b,Oceania,AU,"Chicago, United States",Hamburg,Statue of Liberty,Europe/London,2019-09-18,2025-12-11T09:05:14Z,Shanghai,2034 Maple Dr,"Chicago, Canada",5510,Snowflake,NO,JP,Hamburg,batch-20230418-82,OJV,83.7,GB,2001 Maple Dr,SFO,LHR,Statue of Liberty,16.356927,Quarterly Analysis 2020,UTC,UTF-16,314 Pine Rd,1999,North Shore,"Sydney, Norway",17:34:42,H3EIH6AMC,"-38.48544, 155.635973","London, India",2025-10-14,-84.928556,New York
Liam Martin,-0.664152,London,field_a -> field_b,North America,DE,"Los Angeles, United States",Rotterdam,Golden Gate Bridge,Europe/London,2021-07-05,2026-06-23T09:10:56Z,Rotterdam,6017 Pine Rd,"Portland, Germany",8117,Workday,true,DE,Port of LA,batch-20190413-51,BTL,32.5,IN,8087 Maple Dr,CDG,NRT,Big Ben,48.638552,Executive Summary 2025,JST,UTF-8,1946 Main St,1992,Midtown,"Paris, Switzerland",17:16:06,F77H73L9W,"35.848777, 39.146976","Portland, United States",2023-12-07,-104.335785,Sydney
Olivia King,22.731273,Boston,field_a -> output,Asia,CA,"London, Australia",Hamburg,Statue of Liberty,Europe/London,2025-07-24,2026-01-06T05:59:39Z,Singapore,276 Park Blvd,"Chicago, Mexico",3162,Kafka,false,DE,Port of LA,batch-20210507-78,PXV,16.7,JP,51 Pine Rd,ORD,LAX,Statue of Liberty,14.160394,Annual Summary 2025,EST,ISO-8859-1,4869 Pine Rd,1993,Midtown,"Berlin, Netherlands",01:58:40,RF262905J,"-19.205828, 68.571798","Miami, Australia",2024-04-09,-172.886218,Miami
Mary Thomas,77.063188,Houston,source_col -> field_b,Europe,AU,"Boston, South Korea",Busan,Eiffel Tower,CET,2023-12-09,2024-01-04T14:46:07Z,Shanghai,9053 Maple Dr,"Tokyo, Mexico",4251,PostgreSQL,YES,AU,Singapore,batch-20260621-50,XWN,81.9,JP,8173 Elm St,JFK,SFO,Golden Gate Bridge,19.442282,Annual Review 2026,JST,ASCII,8755 Maple Dr,2006,Downtown,"Toronto, Singapore",04:00:54,TUEMLN36P,"58.680218, -174.751889","Sydney, Netherlands",2023-09-06,103.718626,Berlin
Jessica Q. Wright,-3.78918,Dallas,field_a -> output,Oceania,US,"Austin, India",Rotterdam,Golden Gate Bridge,CET,2023-08-19,2026-08-25T00:50:36Z,Rotterdam,6521 Elm St,"Toronto, Brazil",-9,PostgreSQL,NO,MX,Singapore,batch-20190102-32,NVL,0.6,BR,5877 Park Blvd,LHR,NRT,Big Ben,-103.847662,Quarterly Analysis 2025,UTC,ISO-8859-1,4213 Oak Ave,2022,North Shore,"Berlin, Spain",09:14:18,8WEL14DUE,"-19.768362, 165.118042","London, India",2026-06-07,-125.684422,Miami
Elizabeth Thompson,9.100888,Miami,source_col -> target_col,Oceania,DE,"Denver, Israel",Rotterdam,Statue of Liberty,CET,2024-01-25,2024-01-24 16:51:34,Rotterdam,9650 Cedar Ln,"Houston, Singapore",3404,Snowflake,YES,AU,Hamburg,batch-20220427-43,QSP,79.4,MX,1355 Pine Rd,JFK,LHR,Golden Gate Bridge,-45.289395,Technical Analysis 2026,JST,UTF-8,4223 Park Blvd,2006,Downtown,"London, Japan",23:48:05,LQESM1W8I,"-7.054086, 53.349801","Miami, Brazil",2020-04-14,-41.043682,Phoenix
Elizabeth Brown,36.675488,Houston,source_col -> target_col,Oceania,BR,"Los Angeles, Norway",Shanghai,Statue of Liberty,UTC,2023-11-26,2023-06-14 07:12:36,Singapore,9220 Main St,"Chicago, Canada",4465,SAP,YES,FR,Shanghai,batch-20251227-84,IXM,42.3,JP,6500 Park Blvd,LHR,NRT,Eiffel Tower,-81.57406,Annual Review 2021,JST,UTF-8,4601 Pine Rd,2008,Downtown,"Boston, Switzerland",23:53:43,4SL55F5LI,"55.873977, -117.048589","Toronto, Sweden",2024-12-13,126.356678,San Francisco
Patricia Harris,26.936651,Boston,input -> field_b,Africa,AU,"Toronto, Japan",Shanghai,Eiffel Tower,America/New_York,2025-02-04,2024-08-19 06:50:07,Busan,758 Maple Dr,"London, Italy",5559,Kafka,YES,AU,Port of LA,batch-20260114-38,MZS,30.2,CA,4901 Pine Rd,LHR,LHR,Eiffel Tower,44.055644,Executive Analysis 2023,EST,UTF-16,8954 Main St,2020,Downtown,"Houston, Netherlands",11:04:14,HE9U3AVMA,"67.43889, 102.45015","Phoenix, Singapore",2023-09-03,-149.206149,San Francisco
Liam Thompson,85.545319,Sydney,source_col -> output,Europe,GB,"Los Angeles, South Korea",Port of LA,Golden Gate Bridge,America/New_York,2018-04-22,2026-03-03T01:46:26Z,Busan,3520 Cedar Ln,"Sydney, South Korea",3518,PostgreSQL,YES,IN,Rotterdam,batch-20230909-08,ISM,95.1,DE,7233 Elm St,LAX,NRT,Central Park,172.574922,Executive Analysis 2025,America/New_York,ISO-8859-1,8698 Main St,2012,Downtown,"Los Angeles, France",17:09:34,0602R5J5T,"-70.961728, -94.535462","Seattle, Brazil",2021-03-14,168.955837,Houston
Oliver N. King,7.921761,London,field_a -> output,North America,DE,"Los Angeles, Sweden",Hamburg,Big Ben,Europe/London,2022-11-29,2023-11-25 06:08:53,Shanghai,254 Elm St,"Paris, Brazil",7096,Kafka,NO,CA,Singapore,batch-20200929-74,JYQ,46.3,US,6304 Maple Dr,JFK,SFO,Statue of Liberty,55.206515,Quarterly Review 2021,America/New_York,ASCII,1507 Main St,2017,East Side,"Chicago, India",10:18:50,D919R84TG,"51.902044, 144.583128","Dallas, Norway",2026-05-12,-63.498815,Berlin
Elizabeth Davis,54.099848,Portland,field_a -> target_col,Oceania,JP,"Phoenix, United Kingdom",Shanghai,Eiffel Tower,PST,2022-04-12,2018-02-23 13:42:00,Singapore,9943 Main St,"Phoenix, Australia",3211,Snowflake,NO,DE,Hamburg,batch-20251219-89,PSM,1.3,BR,7724 Pine Rd,SFO,CDG,Eiffel Tower,49.705623,Executive Review 2025,EST,ASCII,6221 Park Blvd,2002,Downtown,"Austin, United Kingdom",00:36:43,XRFQ25F25,"22.773883, -101.313751","Miami, Japan",2024-06-17,17.417328,Miami
David A. King,29.241815,Atlanta,input -> output,Europe,MX,"Sydney, Australia",Shanghai,Golden Gate Bridge,PST,2022-11-01,2026-11-12T10:07:28Z,Hamburg,2186 Cedar Ln,"Seattle, India",8621,Kafka,true,BR,Busan,batch-20211031-11,MYA,24.4,MX,2352 Elm St,SFO,JFK,Golden Gate Bridge,146.191012,Technical Summary 2022,UTC,ISO-8859-1,8528 Park Blvd,2015,South Bay,"San Francisco, Mexico",17:25:33,TYTQLU6WV,"-33.958195, 30.106774","Phoenix, Germany",2023-05-13,13.169084,Toronto
Susan Robinson,-22.947399,Miami,source_col -> output,Antarctica,FR,"Sydney, Israel",Shanghai,Big Ben,CET,2020-08-10,2020-05-21T00:27:26Z,Shanghai,7905 Park Blvd,"Sydney, United Kingdom",3097,SAP,YES,DE,Hamburg,batch-20200522-07,MLL,81.9,JP,3052 Cedar Ln,SIN,NRT,Central Park,8.854967,Executive Review 2023,EST,ASCII,319 Main St,2005,Downtown,"Paris, Australia",19:29:48,JAPHGHTFG,"14.180909, -145.984711","New York, Australia",2026-02-01,-9.533872,Chicago
Richard T. Rodriguez,-12.645161,Houston,source_col -> target_col,Africa,AU,"New York, Netherlands",Shanghai,Golden Gate Bridge,UTC,2019-01-30,2026-11-16 00:18:10,Rotterdam,1478 Elm St,"Atlanta, Norway",1716,Salesforce,YES,GB,Rotterdam,batch-20221006-16,HGB,29.0,FR,7378 Oak Ave,LAX,ORD,Statue of Liberty,-72.595647,Annual Summary 2021,Europe/London,UTF-16,6096 Maple Dr,2019,East Side,"San Francisco, Germany",11:30:03,6UZUYKZH0,"-47.356318, -13.63135","Denver, United Kingdom",2019-08-02,107.597726,Portland
Mason Moore,-61.20685,Austin,source_col -> field_b,Antarctica,GB,"Atlanta, Mexico",Hamburg,Statue of Liberty,EST,2020-11-11,2021-03-13 15:26:11,Port of LA,710 Maple Dr,"Sydney, Italy",7675,PostgreSQL,true,DE,Singapore,batch-20231106-71,HDE,68.1,BR,4879 Maple Dr,CDG,NRT,Big Ben,165.52581,Quarterly Report 2024,Europe/London,UTF-8,5916 Main St,2008,South Bay,"Tokyo, India",23:54:38,WLQ060T2X,"-34.440307, -126.969267","Paris, Germany",2018-10-18,-88.567328,Paris
Emma O. Thomas,71.804557,Los Angeles,field_a -> field_b,North America,JP,"Paris, Germany",Singapore,Golden Gate Bridge,PST,2026-11-17,2022-02-12T14:00:40Z,Busan,3173 Maple Dr,"New York, Norway",8618,Kafka,YES,CA,Busan,batch-20241208-53,TXE,64.6,CA,4936 Cedar Ln,LAX,SIN,Central Park,-96.128212,Annual Analysis 2021,CET,ASCII,1299 Park Blvd,2020,West End,"Seattle, Brazil",22:18:18,Z41ESEXUY,"-70.243351, -148.222624","New York, Singapore",2023-01-20,-143.398303,Miami
Linda K. Williams,-6.194194,Seattle,input -> field_b,Oceania,JP,"Atlanta, Italy",Rotterdam,Big Ben,Europe/London,2025-06-20,2026-09-24 04:52:55,Singapore,7765 Oak Ave,"Denver, Germany",4559,Snowflake,true,FR,Shanghai,batch-20201113-71,RXT,33.3,DE,4152 Elm St,SIN,CDG,Golden Gate Bridge,-140.373019,Technical Review 2020,PST,UTF-8,9704 Pine Rd,2008,Midtown,"Tokyo, Israel",07:39:18,TRQ527IEG,"-67.875681, 14.642077","Tokyo, Italy",2020-06-25,-132.296617,Berlin
Oliver Y. Jones,-77.473333,Paris,source_col -> field_b,Africa,DE,"Sydney, Spain",Shanghai,Golden Gate Bridge,Europe/London,2021-08-23,2023-06-21 04:43:07,Singapore,1778 Elm St,"Sydney, Israel",5333,PostgreSQL,YES,BR,Port of LA,batch-20260523-21,GFU,20.5,GB,3303 Pine Rd,SFO,ORD,Big Ben,-2.281542,Quarterly Report 2020,CET,ISO-8859-1,5813 Park Blvd,2011,West End,"London, Italy",04:47:31,311CJHK2V,"-16.439997, -108.320741","Denver, Spain",2026-09-18,155.939038,Berlin
Aiden Clark,-37.983891,Los Angeles,source_col -> target_col,Asia,CA,"London, Japan",Hamburg,Central Park,CET,2024-01-31,2021-02-07 11:44:41,Port of LA,9413 Maple Dr,"Denver, Netherlands",3153,Salesforce,false,CA,Busan,batch-20261116-13,WBR,97.3,DE,9135 Elm St,JFK,JFK,Central Park,19.595718,Quarterly Report 2020,America/New_York,Latin-1,8729 Pine Rd,2010,North Shore,"Houston, South Korea",06:05:56,IGRKAPEZZ,"85.537449, 64.134035","Sydney, Australia",2026-04-02,-136.704726,Chicago
Anna Thompson,-12.741972,Paris,field_a -> output,Asia,FR,"Paris, Norway",Port of LA,Golden Gate Bridge,JST,2021-12-22,2019-08-12T02:57:10Z,Busan,2866 Main St,"Atlanta, Japan",2217,Snowflake,YES,BR,Port of LA,batch-20220806-87,OBT,39.9,MX,4023 Maple Dr,SFO,JFK,Eiffel Tower,173.12531,Executive Summary 2023,JST,UTF-8,9649 Pine Rd,2018,West End,"Houston, United Kingdom",22:28:02,Q0XX4172X,"7.99227, 81.277938","Phoenix, United Kingdom",2026-04-27,61.942859,New York
Harper X. Young,49.029016,Boston,input -> field_b,Oceania,MX,"Atlanta, Norway",Singapore,Golden Gate Bridge,America/New_York,2026-07-08,2021-03-10 13:04:02,Rotterdam,6917 Cedar Ln,"San Francisco, South Korea",7459,PostgreSQL,false,AU,Rotterdam,batch-20180201-51,IQM,55.3,MX,935 Maple Dr,SIN,JFK,Big Ben,101.830367,Annual Report 2022,Europe/London,Latin-1,6083 Park Blvd,1999,Midtown,"Seattle, Australia",00:06:12,CM3XY7UN9,"-13.618255, 61.668726","Toronto, South Korea",2022-04-19,172.15203,Los Angeles
Emma White,-20.787148,Portland,source_col -> field_b,North America,BR,"Houston, Canada",Port of LA,Statue of Liberty,America/New_York,2020-03-13,2023-08-22T21:40:18Z,Singapore,321 Elm St,"Phoenix, Israel",5324,SAP,false,FR,Rotterdam,batch-20251130-76,AFF,27.2,JP,3519 Elm St,LAX,SFO,Statue of Liberty,27.16078,Annual Report 2020,PST,UTF-16,9556 Park Blvd,2004,Midtown,"Phoenix, United States",10:34:02,DDL54EKHB,"-43.123494, -41.997521","London, France",2019-03-14,176.621196,Sydney
David Wright,-82.305514,Houston,source_col -> field_b,Antarctica,GB,"Seattle, United Kingdom",Shanghai,Golden Gate Bridge,America/New_York,2018-04-24,2024-11-26 03:51:09,Busan,6973 Elm St,"Denver, India",6145,PostgreSQL,true,MX,Singapore,batch-20201027-10,VZQ,6.3,MX,8676 Maple Dr,CDG,JFK,Central Park,-47.760549,Quarterly Report 2021,PST,ISO-8859-1,8 Oak Ave,1992,West End,"Portland, Japan",06:54:16,3ZB1XRUE3,"-64.578606, 35.884766","Tokyo, Netherlands",2024-10-01,119.413085,San Francisco
Amy Robinson,43.892708,Portland,input -> field_b,Africa,JP,"Austin, Israel",Shanghai,Big Ben,Europe/London,2024-10-27,2019-01-19 18:01:47,Busan,6707 Maple Dr,"New York, Switzerland",4660,Snowflake,false,FR,Shanghai,batch-20241212-16,UGW,82.9,FR,204 Pine Rd,LHR,LAX,Golden Gate Bridge,21.584715,Annual Report 2022,JST,UTF-16,3509 Maple Dr,2002,South Bay,"Los Angeles, Japan",22:20:03,Z3KMLW09G,"-88.439058, 107.230808","Houston, United Kingdom",2026-06-04,138.529035,Portland
Mason Brown,-36.183799,Tokyo,source_col -> field_b,South America,AU,"Tokyo, Germany",Singapore,Big Ben,JST,2025-12-24,2025-05-01 08:22:42,Hamburg,6518 Elm St,"Dallas, France",5316,PostgreSQL,true,GB,Hamburg,batch-20210209-96,CUY,17.9,AU,848 Oak Ave,CDG,SIN,Statue of Liberty,144.608724,Quarterly Summary 2025,PST,UTF-16,3699 Maple Dr,2017,East Side,"Seattle, Netherlands",15:49:06,BTLE54QGL,"49.380317, 1.957844","Toronto, Netherlands",2020-07-21,-4.312261,Austin
Harper Robinson,-82.558566,Chicago,source_col -> field_b,Antarctica,CA,"Tokyo, Australia",Busan,Big Ben,Europe/London,2026-09-13,2026-06-24 23:23:17,Port of LA,2087 Pine Rd,"Atlanta, Mexico",1152,Snowflake,YES,FR,Shanghai,batch-20260726-85,LSH,39.1,BR,6633 Cedar Ln,JFK,SIN,Big Ben,109.405274,Executive Review 2022,CET,UTF-8,4996 Main St,2023,Midtown,"Austin, Netherlands",20:54:03,2QITO69SV,"-39.592138, 80.45507","New York, Brazil",2025-07-11,165.138332,Sydney
William Jackson,77.904244,Houston,field_a -> field_b,Oceania,US,"Phoenix, South Korea",Rotterdam,Statue of Liberty,CET,2019-05-23,2025-10-05 15:02:26,Busan,876 Cedar Ln,"Miami, United Kingdom",2634,PostgreSQL,true,BR,Rotterdam,batch-20220125-77,KNP,29.4,JP,389 Maple Dr,CDG,LHR,Central Park,31.34891,Executive Review 2025,EST,ISO-8859-1,7002 Cedar Ln,2014,Midtown,"Berlin, Spain",07:10:47,POMLB520Z,"-64.98702, -3.027825","Austin, South Korea",2024-12-22,154.558646,Austin
John Davis,-48.408807,Los Angeles,field_a -> output,North America,AU,"Chicago, Israel",Singapore,Central Park,PST,2022-02-05,2020-04-11T15:08:45Z,Hamburg,9248 Oak Ave,"Atlanta, Japan",8214,Kafka,false,DE,Hamburg,batch-20180127-90,YDK,68.4,FR,3364 Main St,SIN,JFK,Statue of Liberty,171.166887,Quarterly Summary 2026,CET,UTF-8,5889 Elm St,1996,Midtown,"Austin, Canada",12:27:59,CXBBPA3D6,"77.251043, -32.653564","Austin, United States",2018-08-11,23.070532,Los Angeles
James Martin,-89.013606,Berlin,input -> field_b,Europe,MX,"Miami, Brazil",Rotterdam,Big Ben,PST,2018-12-19,2023-04-10T04:48:08Z,Port of LA,5961 Elm St,"Chicago, Mexico",6802,PostgreSQL,true,US,Busan,batch-20260724-37,RSF,14.2,CA,6157 Pine Rd,LAX,LHR,Central Park,-25.002307,Quarterly Analysis 2023,UTC,Latin-1,3422 Pine Rd,2014,East Side,"Dallas, United Kingdom",13:11:59,KPF7NP30S,"-17.049907, 139.241734","Denver, Sweden",2021-12-16,-108.989037,New York
Harper Johnson,-67.156044,Berlin,field_a -> target_col,North America,JP,"Seattle, Singapore",Port of LA,Golden Gate Bridge,UTC,2018-04-30,2018-07-18T09:39:05Z,Port of LA,1940 Main St,"Atlanta, United States",3966,SAP,false,CA,Shanghai,batch-20180720-47,GLI,35.9,IN,9130 Park Blvd,JFK,LHR,Big Ben,45.416828,Annual Review 2022,UTC,UTF-8,6929 Cedar Ln,2013,North Shore,"Atlanta, India",03:03:12,RC0NJC1Q0,"-30.392071, 44.527426","Atlanta, Singapore",2025-09-09,131.667607,Chicago
Harper Garcia,-80.133408,Toronto,source_col -> target_col,South America,AU,"Chicago, Netherlands",Busan,Golden Gate Bridge,America/New_York,2018-05-25,2024-07-15T00:07:20Z,Singapore,1606 Oak Ave,"Austin, Australia",2421,Kafka,true,AU,Singapore,batch-20230205-74,DXX,85.1,JP,8636 Main St,NRT,SFO,Statue of Liberty,75.087512,Technical Analysis 2026,America/New_York,Latin-1,4727 Cedar Ln,2004,South Bay,"Los Angeles, United Kingdom",17:50:30,KG2KMX9YZ,"-1.115187, -139.034255","San Francisco, South Korea",2026-01-11,-137.997494,New York
Harper Brown,-19.640511,San Francisco,field_a -> target_col,Oceania,GB,"Atlanta, Norway",Shanghai,Big Ben,PST,2021-03-08,2018-03-15T10:49:55Z,Rotterdam,9292 Maple Dr,"Los Angeles, Australia",6111,SAP,NO,DE,Busan,batch-20210523-32,RCI,93.1,GB,7741 Maple Dr,LHR,JFK,Statue of Liberty,138.370936,Annual Review 2025,EST,UTF-8,3397 Cedar Ln,2023,Midtown,"San Francisco, Canada",09:12:44,2LRTRRDP5,"89.179037, 6.846601","Miami, South Korea",2020-12-27,102.701177,Chicago
Robert Rodriguez,-54.196625,Berlin,input -> field_b,Antarctica,JP,"London, Spain",Singapore,Statue of Liberty,EST,2024-04-03,2020-02-23 03:45:45,Shanghai,1318 Main St,"New York, Mexico",4518,Kafka,YES,AU,Busan,batch-20250322-31,PHI,70.5,DE,51 Maple Dr,CDG,CDG,Eiffel Tower,41.128326,Executive Summary 2022,JST,ASCII,6577 Park Blvd,1999,West End,"Toronto, Canada",14:52:13,OG8IEQ3NN,"-35.910389, 120.312934","Houston, Mexico",2022-03-30,24.532111,Los Angeles
Sophia Lee,59.019462,Dallas,source_col -> field_b,Oceania,DE,"Austin, United Kingdom",Shanghai,Golden Gate Bridge,EST,2025-11-15,2026-03-19 13:46:13,Singapore,2257 Cedar Ln,"Austin, Japan",166,Kafka,false,GB,Busan,batch-20190601-29,QWF,78.7,AU,7311 Maple Dr,JFK,SFO,Eiffel Tower,-8.263853,Annual Analysis 2026,JST,Latin-1,8133 Pine Rd,2003,Midtown,"Houston, Australia",20:31:15,PD4Q5SFL8,"-72.687393, -157.094495","San Francisco, Germany",2026-03-26,53.594876,London
David Martinez,51.165224,Denver,input -> output,South America,DE,"Denver, Italy",Port of LA,Statue of Liberty,America/New_York,2021-08-01,2022-03-19 09:37:08,Singapore,260 Cedar Ln,"Austin, South Korea",779,SAP,NO,BR,Busan,batch-20251005-97,DIR,16.7,BR,4867 Cedar Ln,SFO,SIN,Central Park,54.089572,Technical Summary 2026,JST,UTF-16,6473 Maple Dr,1992,East Side,"Austin, Norway",22:24:43,I26QVAKRH,"50.412529, -110.215279","Portland, Australia",2026-02-22,135.759248,Los Angeles
Mason W. Williams,73.809118,Portland,input -> output,North America,US,"San Francisco, Netherlands",Singapore,Statue of Liberty,UTC,2024-11-30,2025-01-02 06:16:50,Hamburg,9879 Maple Dr,"Atlanta, Spain",63,Workday,YES,BR,Singapore,batch-20181203-13,HLZ,52.6,GB,3140 Maple Dr,LAX,NRT,Statue of Liberty,149.440784,Technical Review 2025,America/New_York,ASCII,9377 Elm St,2001,Downtown,"Houston, Canada",22:31:54,WI6LW5543,"22.96823, -155.665345","Portland, Canada",2022-04-19,-171.13646,Boston
Mary I. Martin,12.973487,Dallas,source_col -> output,Antarctica,DE,"Seattle, United States",Port of LA,Eiffel Tower,UTC,2024-09-28,2021-06-19T21:36:17Z,Shanghai,7536 Cedar Ln,"Tokyo, Australia",7831,SAP,YES,DE,Rotterdam,batch-20211226-73,LBY,62.5,GB,7214 Cedar Ln,NRT,ORD,Big Ben,-29.241175,Executive Analysis 2023,UTC,ASCII,9258 Pine Rd,2003,West End,"Toronto, Germany",13:25:00,QXJ9DASVV,"-0.701323, 5.914579","Berlin, Germany",2021-01-24,20.869995,Portland
Noah Williams,57.098128,San Francisco,source_col -> target_col,Europe,BR,"Paris, France",Singapore,Golden Gate Bridge,America/New_York,2022-09-03,2020-10-18T22:58:42Z,Port of LA,8482 Pine Rd,"Chicago, Canada",7210,Snowflake,false,IN,Singapore,batch-20250322-45,JPV,26.2,GB,4171 Pine Rd,ORD,LAX,Eiffel Tower,151.634161,Executive Summary 2020,UTC,Latin-1,612 Elm St,2004,South Bay,"Dallas, Switzerland",15:53:24,4LI54VHMQ,"-17.39315, -78.695232","Miami, Sweden",2025-08-17,-6.090147,Toronto
David Lee,-45.194687,Atlanta,source_col -> target_col,South America,CA,"New York, Sweden",Singapore,Golden Gate Bridge,UTC,2026-11-15,2020-01-01T04:58:54Z,Busan,2579 Elm St,"Seattle, Germany",2443,Workday,true,GB,Shanghai,batch-20201229-07,AQX,24.7,BR,2101 Pine Rd,LAX,JFK,Golden Gate Bridge,-168.137972,Technical Review 2025,Europe/London,ASCII,4117 Maple Dr,2000,North Shore,"Los Angeles, Netherlands",13:04:21,TUM8L8T15,"-69.77994, 47.045734","Atlanta, United Kingdom",2019-01-11,-66.968024,Atlanta
Jessica Williams,-70.476055,Austin,field_a -> target_col,North America,IN,"Los Angeles, United Kingdom",Rotterdam,Statue of Liberty,JST,2019-06-21,2019-09-07 15:22:14,Shanghai,467 Pine Rd,"London, South Korea",3350,PostgreSQL,NO,AU,Hamburg,batch-20190606-45,UXX,24.1,IN,4760 Cedar Ln,SFO,LHR,Golden Gate Bridge,94.884607,Quarterly Analysis 2020,Europe/London,UTF-16,8819 Maple Dr,2007,North Shore,"Boston, United Kingdom",03:02:05,WAI9FHEMI,"24.320905, -127.692507","Chicago, France",2021-01-19,122.750369,Dallas
John Rodriguez,26.060808,Seattle,source_col -> output,South America,US,"Boston, Germany",Hamburg,Golden Gate Bridge,PST,2025-01-12,2023-06-23T09:10:56Z,Hamburg,5929 Elm St,"New York, Switzerland",3963,Salesforce,false,GB,Port of LA,batch-20200912-40,WXK,8.2,DE,9736 Pine Rd,CDG,SFO,Big Ben,-74.401796,Executive Summary 2020,JST,UTF-16,8292 Elm St,1996,East Side,"Sydney, Israel",02:23:27,9T1E8QWE5,"-76.019029, 74.531414","Tokyo, Germany",2022-03-31,29.575823,Miami
Logan J. Brown,-17.742663,London,source_col -> field_b,South America,MX,"Phoenix, United Kingdom",Port of LA,Statue of Liberty,JST,2025-10-22,2024-12-04T00:48:52Z,Port of LA,9390 Pine Rd,"Chicago, Israel",8007,Workday,true,MX,Singapore,batch-20190513-23,SSA,19.8,JP,7926 Park Blvd,CDG,SFO,Big Ben,-51.052351,Executive Review 2022,EST,UTF-16,5513 Elm St,2022,Midtown,"Los Angeles, India",01:36:05,4WW0QRD1V,"-63.275507, -8.789305","Portland, Australia",2021-08-27,69.659655,New York
Emily Johnson,37.616093,Toronto,input -> field_b,South America,DE,"Austin, South Korea",Singapore,Big Ben,CET,2025-03-13,2021-02-02T10:20:54Z,Hamburg,8894 Pine Rd,"Chicago, India",92,Workday,YES,DE,Singapore,batch-20210805-07,MSD,41.2,DE,5469 Park Blvd,JFK,NRT,Statue of Liberty,121.024451,Annual Analysis 2025,America/New_York,Latin-1,8179 Main St,2018,North Shore,"Chicago, Sweden",13:21:23,PKRVGMVLB,"65.204605, 52.876002","Boston, Mexico",2024-07-24,-64.372414,Portland
Aiden Young,67.205645,San Francisco,input -> field_b,Antarctica,MX,"Chicago, France",Port of LA,Big Ben,UTC,2024-11-27,2020-12-16T10:28:03Z,Rotterdam,1299 Elm St,"Houston, Germany",7500,PostgreSQL,false,CA,Rotterdam,batch-20200419-92,MIH,28.9,BR,8001 Maple Dr,ORD,LHR,Golden Gate Bridge,-53.850824,Annual Summary 2026,Europe/London,ISO-8859-1,2337 Pine Rd,2013,North Shore,"Toronto, South Korea",20:20:59,5WOCT9AB9,"31.828239, 134.393165","Sydney, Australia",2024-02-25,-51.958698,Phoenix
Noah Jones,-16.844943,Miami,source_col -> target_col,North America,DE,"Tokyo, United States",Singapore,Golden Gate Bridge,PST,2020-03-13,2021-06-23 10:20:18,Rotterdam,2971 Main St,"Berlin, Japan",7042,Workday,NO,BR,Singapore,batch-20190523-84,ACM,64.2,IN,1101 Cedar Ln,SIN,CDG,Central Park,-89.084619,Executive Summary 2026,Europe/London,UTF-8,9841 Maple Dr,2011,South Bay,"Portland, Mexico",04:23:50,Z4M3BR2DE,"79.965306, -57.136889","Austin, Singapore",2026-08-06,-39.667697,Chicago
Harper Jones,18.703626,Chicago,field_a -> field_b,North America,US,"Los Angeles, France",Busan,Big Ben,PST,2021-10-23,2026-02-12 22:25:23,Shanghai,2604 Pine Rd,"Houston, Australia",2668,Kafka,YES,US,Singapore,batch-20180213-02,POV,46.6,AU,4260 Pine Rd,CDG,LHR,Golden Gate Bridge,-33.084348,Executive Analysis 2025,EST,UTF-8,6920 Cedar Ln,2011,Downtown,"Chicago, United Kingdom",06:23:29,1PLTVVZV8,"-2.703669, 108.747441","Toronto, United Kingdom",2024-08-23,-102.73069,Portland
Logan Lee,-35.700935,Paris,source_col -> output,Asia,US,"Sydney, Japan",Port of LA,Big Ben,PST,2018-06-14,2022-03-01T20:58:04Z,Rotterdam,2000 Elm St,"Portland, Canada",2388,PostgreSQL,false,US,Rotterdam,batch-20240401-69,ZFD,67.7,MX,4192 Cedar Ln,NRT,CDG,Statue of Liberty,-68.323561,Quarterly Analysis 2021,EST,Latin-1,8967 Main St,2023,South Bay,"Tokyo, Spain",21:13:54,3XVK9M7V3,"-55.380964, 60.971875","Berlin, France",2024-07-11,79.610174,Sydney
