isocur,fingerprint,bth_place,raw_mean_average,phone_number_info,fingerprint_2,tax_identifier,full_name,social_media_handle,p_88,photograph,val_szq,passport_number,attr_795,partition_key,license,raw_status_code,socialMediaHandle,first_name,voiceprint_14,fax,record_id,birth_place_info,rahskw46,workPermit,lineage,customer_record_identifier,fullName,temperature,sts_code,mail_address,akvaqk20,dim_mari,employee_id_22,phoneNumber,val_work_,title_30,src_fax_number,gender_pii_22,last_name,var_soc,fact_nationality,col_370,dim_advertiser_id,instruction_text_30,p_462,lab_result_field,user_pressure,upstream,driver_s_license_number,contract_value,x_del,birth_place,field_879,voiceprint_raw,version_identifier,ph_level,loadts,nationality_22,employee_id_raw
EUR,fp_55ce774a8c08d86e,Miami,70.3119,498 878 1695,fp_3e70021eef95f717,40-6510447,Emma Thomas,@elizabethmartin479,588.912.7226,photo_91d31ed4.jpg,IG,P98728831,true,region=acme,MIT,active,@liamdavis662,Michael,voice_054c4941f9dcab7a.wav,+1-587-250-5269,1734942,Houston,5.9,WP-DE-230318,curated.users -> reports,9388730,James Miller,29.7,rejected,"721 Cedar Ln, Chicago, TX 53755",France,Widowed,EMP95136,981-815-7246,WP-AU-296346,Technical Summary 2025,+1-914-239-1481,Other,Martinez,@richardclark971,Netherlands,ADV-XCMOJI0JM7,ADV-SNUCPFVFE4,Step 3: Deploy the pipeline.,+1-884-275-8588,Cholesterol: 286.9 g/dL,1214.2,Kafka,MA3424032,"$4,991,157",,New York,Black,voice_83b8d682e3ed2fa8.wav,1.2.42,8.39,2023-07-13T01:22:39Z,Switzerland,EMP41064
GBP,fp_26877d65ad7815c3,Miami,-39.3176,+15263488222,fp_60285ed9e15b9ebe,47-4774467,Sophia U. Johnson,@robertjackson989,478-753-7822,photo_59c24c0c.jpg,ZUVZN,R26498057,false,tenant=acme,BSD-3-Clause,active,@johnwalker487,Olivia,voice_452d742a91f144ab.wav,+1-867-656-7037,4832223,Portland,2.5,WP-CA-155433,staging.users -> analytics,5893572,Aiden B. Davis,13.0,failed,"4647 Park Blvd, Boston, FL 33018",Norway,Married,EMP57354,462.943.2128,WP-US-867200,Annual Analysis 2024,+1-838-278-4908,Non-binary,Taylor,@jenniferthomas521,Australia,ADV-4EIK5M19S7,ADV-Z0SQICJ6MN,Step 5: Configure the system.,+1-435-254-9988,Hemoglobin: 89.3 K/uL,17.8,PostgreSQL,CA2269411,"$2,347,552",2024-06-13T11:35:54Z,Berlin,Asian,voice_3fb46f1bf319c1b5.wav,1.4.17,4.21,2026-03-07T19:23:26Z,Germany,EMP57028
USD,fp_8d83214ddb8ef19f,San Francisco,60.7233,(421) 560-8420,fp_3b12f60c3c11d632,97-1443444,James Taylor,@williamjohnson944,919.271.7337,photo_ddefa8a3.jpg,ZL,K88812551,NO,tenant=us-east,MIT,pending,@lindadavis504,Oliver,voice_8070f409af99a0f5.wav,+1-636-823-1065,USR-764647,Sydney,256.0,WP-FR-420755,staging.users -> analytics,124204,Olivia Anderson,-11.2,cancelled,"4819 Maple Dr, Dallas, NY 23449",South Korea,Married,EMP84192,804-830-5792,WP-AU-809018,Quarterly Analysis 2023,+1-486-567-5520,Other,Rodriguez,@harperdavis149,India,ADV-Y2UKXGMX8N,ADV-Q6RRMXYLER,Step 3: Configure the system.,+1-640-293-6636,WBC: 153.1 mg/dL,19.5,Snowflake,OH5606888,"$1,467,981",,Chicago,Black,voice_373e1b4765c7b2e2.wav,4.14.44,8.38,2026-10-28 11:06:12,Japan,EMP98978
CAD,fp_058ee71d3cc33be3,San Francisco,94.8164,201-272-2193,fp_16b0a41af1a792df,64-7767314,Robert Thomas,@robertdavis858,204.659.4741,photo_ddc6292f.jpg,SHVTR,W21450725,true,tenant=us-east,CC BY 4.0,rejected,@sophiaking249,Patricia,voice_8e3f90e6f1828b33.wav,+1-418-483-7905,9541504,San Francisco,293.0,WP-US-481971,raw.users -> analytics,1514694,Jennifer Clark,-8.4,active,"1853 Elm St, Boston, GA 79722",Germany,Married,EMP29830,939.717.2062,WP-AU-168836,Technical Analysis 2023,+1-865-347-6486,Non-binary,Thomas,@williamdavis360,Norway,ADV-YVBPDZ5X98,ADV-SLOHG2I145,Step 1: Configure the service.,+1-507-390-7158,Glucose: 209.7 K/uL,410.9,Salesforce,FL2632184,"$4,472,178",2018-02-03T22:04:17Z,Denver,Mixed,voice_24910ab7a677184e.wav,4.2.22,11.72,2021-07-09 17:35:04,India,EMP63004
BRL,fp_9fcf50b7f50e5abb,Seattle,-95.6567,729.604.6567,fp_c581bf7b071c26b1,16-4936570,Mason Moore,@noahjackson796,270-378-3693,photo_0bb4abc5.jpg,AT,Y57039692,true,tenant=acme,Apache-2.0,inactive,@annaclark425,Linda,voice_973b30d8d8af71af.wav,+1-985-648-4262,9414638,Phoenix,171.1,WP-DE-896791,staging.events -> exports,2076304,Susan Lewis,-9.6,active,"8160 Oak Ave, Los Angeles, GA 52898",Germany,Divorced,EMP89531,714 322 7550,WP-JP-660656,Annual Review 2020,+1-508-967-2177,Non-binary,Lee,@emilywilliams676,Norway,ADV-XLF11BM5RC,ADV-7XEZPEI3ZG,Step 5: Monitor the pipeline.,+1-256-423-4746,WBC: 94.3 g/dL,1561.5,Snowflake,MA2873444,"$6,531,049",,Miami,Asian,voice_57169fb6266404b2.wav,5.9.78,0.36,2022-03-22T05:35:11Z,Norway,EMP63115
GBP,fp_218a9f558fcd0064,New York,-3.4831,541.321.2247,fp_36dca9d0b0b3f8bd,18-3012019,Sophia White,@annathomas297,+16086697533,photo_107faa75.jpg,NDU,F14978999,true,region=2024-01,Proprietary,approved,@elizabethwhite97,Sophia,voice_54e0696c29de7ed6.wav,+1-537-266-7040,7862427,Chicago,265.1,WP-GB-315764,raw.events -> exports,9851709,Sophia Walker,16.6,completed,"3104 Pine Rd, Toronto, NC 54173",Netherlands,Single,EMP50749,228 259 4312,WP-FR-764612,Technical Summary 2026,+1-445-460-9518,Female,White,@patriciaclark359,Germany,ADV-3YLO4FRWXH,ADV-ADKL7EK6YD,Step 4: Initialize the module.,+1-654-369-9791,Hemoglobin: 299.9 K/uL,1102.6,Kafka,WA6423168,"$644,063",2024-02-26T00:09:54Z,Tokyo,White,voice_0de7d0b4cc5d345f.wav,4.14.58,2.64,2019-09-02 10:43:09,Netherlands,EMP67557
AUD,fp_c24a13a68b41718d,Phoenix,-38.9571,+18544173152,fp_70d2901de0165bd0,14-7022625,Mason Martin,@loganjones565,775-208-2134,photo_3c6bb9f3.jpg,WAYWX,Z93376011,false,region=acme,BSD-3-Clause,active,@ethanmoore263,Mary,voice_319308049519492a.wav,+1-592-856-2779,USR-299303,Berlin,186.9,WP-GB-647007,curated.users -> analytics,2617247,Noah Wright,-8.6,pending,"8603 Park Blvd, Houston, CA 38123",United Kingdom,Married,EMP61771,308.371.5996,WP-AU-214380,Executive Analysis 2026,+1-260-715-5591,Male,Williams,@jenniferharris326,South Korea,ADV-20AFJ541X5,ADV-YY85AD8K53,Step 5: Initialize the module.,+1-655-691-7795,WBC: 245.5 K/uL,1405.9,SAP,IL4362080,"$5,719,077",,Denver,Asian,voice_64c43b8bba523f3c.wav,3.7.8,12.57,2026-04-27T14:07:41Z,France,EMP67959
CHF,fp_cf3de83a0e517266,New York,-67.4649,+18334644222,fp_0b72dd94c2e060e2,56-5532971,John Smith,@maryanderson454,899.749.6128,photo_bca00535.jpg,VKZ,N55959555,NO,region=us-east,Apache-2.0,completed,@oliverthompson757,William,voice_a8690762bd8f00af.wav,+1-645-866-2854,ORD-645146,Paris,70.7,WP-IN-771691,curated.users -> exports,9321498,Anna W. Anderson,16.4,active,"9074 Main St, New York, TX 81302",Canada,Married,EMP13394,284 368 5550,WP-BR-127227,Annual Review 2020,+1-639-699-7959,Non-binary,Thomas,@amysmith994,France,ADV-VF7JI1KYYP,ADV-7M000BLMZI,Step 4: Initialize the module.,+1-566-771-8787,WBC: 286.3 K/uL,930.9,Workday,MA9204271,"$4,054,775",2026-06-05 00:03:29,Portland,Asian,voice_459b5d62bd28334c.wav,0.13.38,4.55,2020-03-03T12:12:52Z,United States,EMP58558
CHF,fp_04b7dca2246bf83f,Denver,58.2084,340-241-5116,fp_ba715f0abe2c27f7,19-5001891,Emma Smith,@liamrodriguez75,863 896 1041,photo_5cf1b889.jpg,NNKFQ,S25610800,true,dt=2024-01,GPL-3.0,cancelled,@oliviayoung455,Patricia,voice_142b5af3fb5c621b.wav,+1-318-702-3877,USR-735888,Austin,38.8,WP-CA-305338,raw.users -> exports,REC-513403,Emily Harris,-14.3,completed,"6738 Pine Rd, London, GA 47912",Mexico,Widowed,EMP47532,+17476057925,WP-FR-776799,Technical Report 2020,+1-223-744-3093,Other,Lee,@jessicaanderson499,India,ADV-8JDJV2ALDO,ADV-K8ER1RHQ71,Step 5: Initialize the module.,+1-771-846-1401,Hemoglobin: 205.3 mg/dL,1897.6,Kafka,GA7267617,"$4,833,309",,New York,Asian,voice_94b231529ba9ac2a.wav,4.3.50,9.77,2022-04-24 22:48:52,France,EMP19701
USD,fp_9d620d866f4f0b12,London,-45.2673,(245) 690-6087,fp_735e35acdf6f2c82,63-7013633,Jennifer Wright,@jessicataylor713,+12634234268,photo_065ea419.jpg,XERN,U85555338,NO,region=us-east,BSD-3-Clause,cancelled,@jamesyoung40,Sarah,voice_ac68914c23cfb171.wav,+1-513-960-7112,USR-596897,Boston,151.7,WP-US-448494,curated.users -> reports,4366234,Liam Moore,-17.8,approved,"9610 Park Blvd, Phoenix, NY 62288",Spain,Married,EMP82740,+13609334715,WP-GB-540332,Executive Report 2022,+1-253-882-6363,Female,Thompson,@loganbrown566,Mexico,ADV-BXHU9XPA9L,ADV-UVM3PDMEZ3,Step 1: Configure the service.,+1-382-347-4361,Glucose: 124.6 g/dL,1286.7,SAP,NY7826253,"$2,603,239",,Portland,Mixed,voice_c803e322cd125cf4.wav,3.1.99,3.73,2023-10-26 23:51:28,Spain,EMP10442
INR,fp_563218ecacd0d432,Berlin,2.1563,323.547.1201,fp_595f56f1bf148c4f,34-9159278,James Young,@elizabethclark869,258-662-4403,photo_87316bdf.jpg,FX,Z85000945,NO,region=us-east,Apache-2.0,inactive,@aidenmiller872,Mason,voice_3a6256431eac4b27.wav,+1-229-904-3764,9445803,Dallas,98.7,WP-BR-905750,staging.orders -> reports,USR-150923,Jennifer Thompson,-12.4,failed,"1876 Maple Dr, Seattle, PA 38840",Canada,Married,EMP36477,946-647-5759,WP-FR-338863,Technical Summary 2020,+1-549-952-5123,Female,King,@ethanwright892,Netherlands,ADV-U2D0WPMQPM,ADV-0LKRDLGHH5,Step 3: Deploy the service.,+1-507-291-9624,WBC: 145.6 g/dL,467.0,Kafka,GA9702887,"$9,261,727",,Los Angeles,Black,voice_0eda5e9142988ae7.wav,5.2.35,11.48,2020-02-09T09:10:52Z,India,EMP67612
EUR,fp_ec8ef14a968a3432,Toronto,22.2402,288.686.4894,fp_ec59213a57675a81,19-4250866,Mason Garcia,@masonlee504,748.990.4102,photo_76a55643.jpg,ESOSY,H74089568,false,dt=us-east,CC BY 4.0,cancelled,@noahmartin841,John,voice_68247ead4abb39d2.wav,+1-414-435-6371,9439979,Berlin,82.7,WP-DE-360028,curated.events -> reports,9943571,Liam W. Robinson,-1.0,completed,"396 Cedar Ln, Houston, OH 85825",Germany,Widowed,EMP96566,(883) 833-1416,WP-IN-531078,Annual Report 2025,+1-694-390-4079,Male,Smith,@ethanbrown778,Israel,ADV-44HDWF9C5T,ADV-7S7H8UHRC0,Step 1: Monitor the system.,+1-659-852-7491,WBC: 157.2 mg/dL,1693.0,Snowflake,GA2701027,"$7,894,758",,Denver,Black,voice_847d68002474a68d.wav,1.7.39,10.75,2020-02-02T13:35:22Z,United Kingdom,EMP29792
CAD,fp_5324eb7001678cde,Portland,-28.8058,345.235.6888,fp_a87cd0b3b181d8a0,73-1519899,William Rodriguez,@amybrown374,(277) 674-7053,photo_b5db2490.jpg,ZZK,W68313668,YES,tenant=us-east,Apache-2.0,failed,@emilymiller478,James,voice_11382a7a012939b5.wav,+1-802-405-9586,531256,Tokyo,281.8,WP-GB-193284,staging.events -> analytics,ID-650262,Olivia Young,31.4,approved,"1788 Main St, Paris, FL 19780",South Korea,Divorced,EMP32679,936-346-2923,WP-AU-342985,Annual Review 2022,+1-660-441-7228,Female,Young,@liamlewis404,Brazil,ADV-GG69UOSP49,ADV-2POVUKWBSU,Step 2: Monitor the system.,+1-681-291-8229,Hemoglobin: 201.6 g/dL,1566.4,PostgreSQL,IL5501135,"$4,997,946",,Paris,Hispanic,voice_440c772daca4ad08.wav,2.10.61,2.2,2021-02-01T19:12:34Z,Canada,EMP43350
JPY,fp_3d8f50a2d3673d2c,Austin,-31.9675,782.542.1315,fp_cd2059e1b9997c39,97-7200863,Anna Williams,@lindajohnson363,494 770 9186,photo_ede88776.jpg,UODZ,E67879038,false,dt=acme,Proprietary,completed,@ethanclark361,Mary,voice_15ed8c9fc44bedad.wav,+1-582-423-8236,REC-595306,Dallas,148.0,WP-GB-349620,raw.users -> exports,3875399,Oliver Young,-34.3,approved,"7406 Cedar Ln, Atlanta, TX 94721",United States,Widowed,EMP22793,643.675.2587,WP-AU-459050,Executive Report 2026,+1-307-371-3125,Male,King,@ethanlee613,Spain,ADV-PM6DI2ORW9,ADV-SNINKVWBU1,Step 4: Configure the module.,+1-602-422-2803,Cholesterol: 52.6 g/dL,1074.2,Salesforce,CO4522635,"$6,386,236",,Paris,Black,voice_981ec34a207335e0.wav,4.13.95,3.92,2026-07-03T19:32:33Z,Canada,EMP23157
JPY,fp_6eeb2712b570f0d5,Berlin,-12.4331,587.719.5019,fp_a3acd5426a78b567,86-2937575,Anna Lewis,@susanjones176,313.997.2584,photo_183543c3.jpg,MLMC,L71284094,true,dt=acme,MIT,pending,@susanclark604,James,voice_816e934aeae747a8.wav,+1-811-440-4700,REC-103306,Berlin,1.4,WP-AU-680464,raw.orders -> analytics,USR-135491,Michael Johnson,38.9,active,"2475 Pine Rd, Austin, OH 82215",France,Divorced,EMP97670,463-300-9688,WP-CA-633879,Annual Analysis 2020,+1-924-242-7060,Non-binary,Walker,@sarahking400,Singapore,ADV-X84CRGS1YS,ADV-JF45NH2ACK,Step 1: Verify the service.,+1-461-802-2968,Hemoglobin: 236.7 K/uL,397.2,Workday,NC4933032,"$4,257,695",,Boston,White,voice_481789a609e7d517.wav,5.8.95,7.24,2022-11-16 05:45:22,Italy,EMP52140
AUD,fp_8f1b5f904d331585,Boston,15.7662,+13863281039,fp_7822a71bed1480ca,92-9941515,Emma White,@oliviasmith916,927.818.1822,photo_202ef241.jpg,UKVT,E25217283,NO,dt=us-east,Apache-2.0,pending,@noahwright758,Anna,voice_5843860adf683c6f.wav,+1-918-815-3159,6085863,Miami,272.3,WP-US-993145,raw.events -> reports,9040636,William Miller,-29.9,pending,"4198 Pine Rd, Denver, CA 82942",France,Single,EMP31682,+18452148193,WP-DE-303736,Quarterly Summary 2024,+1-827-548-8806,Other,Lee,@aidenwhite826,Australia,ADV-ZAH5CYIP2P,ADV-MU6IHBUFLL,Step 5: Deploy the pipeline.,+1-317-973-2513,Glucose: 174.2 K/uL,1407.6,Salesforce,NY6519534,"$6,315,384",2019-09-06T00:31:00Z,Portland,Black,voice_c8296cfa08854a41.wav,4.10.38,10.04,2020-10-25 05:01:25,Sweden,EMP64937
CHF,fp_5dfe86ade1963fa4,Boston,71.5605,992-561-5214,fp_8fe7d85f5ae613be,35-5113371,Susan K. Martinez,@liamthomas648,(321) 262-5627,photo_55bb33ef.jpg,IR,U97839243,NO,region=us-east,MIT,cancelled,@johnyoung709,William,voice_8f7ced7fdd8114b2.wav,+1-692-696-4988,ORD-241409,Seattle,294.9,WP-AU-711603,curated.events -> reports,2228491,Patricia Martinez,1.6,completed,"2376 Park Blvd, Tokyo, IL 90303",Norway,Divorced,EMP57573,534-657-2019,WP-AU-372974,Quarterly Review 2022,+1-467-864-4552,Other,Thomas,@sophiaharris542,Canada,ADV-HU01B6EOYJ,ADV-YSM8P785PL,Step 5: Monitor the pipeline.,+1-796-245-5972,WBC: 279.8 g/dL,1366.6,Salesforce,OH2293378,"$2,457,180",,Chicago,Asian,voice_cf96dd2b12b22395.wav,3.12.37,3.34,2021-06-13T08:47:32Z,South Korea,EMP38416
INR,fp_5cdb37c009943816,Chicago,48.1122,705-217-1628,fp_343608c2025bd6c0,87-7806996,Robert U. Lewis,@sophiaclark588,806.275.9541,photo_710e10ad.jpg,GITNK,K69572102,YES,tenant=2024-01,Apache-2.0,completed,@oliverjohnson658,Anna,voice_ebfcb4f352882d3c.wav,+1-800-995-4441,8254609,Toronto,26.0,WP-DE-785931,staging.users -> analytics,8840349,Oliver Davis,20.2,approved,"9778 Oak Ave, Austin, PA 68048",Switzerland,Single,EMP55092,+16916803174,WP-GB-729029,Annual Review 2021,+1-261-294-8561,Female,Harris,@amyjones652,Norway,ADV-STUWQ3WT0G,ADV-501GIS4G9T,Step 3: Verify the system.,+1-276-277-8177,WBC: 186.6 mg/dL,1821.8,Salesforce,CA9870510,"$8,122,681",,Berlin,White,voice_5d8ccef7214f6e05.wav,5.13.95,2.8,2026-03-02 21:23:00,Singapore,EMP20701
JPY,fp_7c16f585f456fc3c,Austin,-3.1043,+13298779126,fp_8c33473fe9d20538,81-9724123,Elizabeth King,@oliviamiller829,375 260 4440,photo_57d21d63.jpg,LK,E95163855,false,tenant=acme,MIT,pending,@jameswilliams908,Robert,voice_06abd8f2b6125a13.wav,+1-596-406-1786,5300152,Atlanta,222.7,WP-JP-702693,raw.users -> exports,USR-230731,Richard Clark,47.8,cancelled,"2263 Pine Rd, Tokyo, MA 65945",Germany,Divorced,EMP92964,765-288-4622,WP-FR-312390,Annual Analysis 2026,+1-616-480-2647,Female,Thompson,@roberttaylor844,Sweden,ADV-HL70SB80Y8,ADV-LEZID2VBOQ,Step 5: Configure the module.,+1-542-376-2670,WBC: 62.3 g/dL,1144.8,Snowflake,CO7123048,"$1,963,012",,Austin,Asian,voice_2a72d342e993737a.wav,2.16.4,6.23,2022-11-02T08:53:03Z,Sweden,EMP28080
BRL,fp_faa912e83a741eba,Phoenix,87.014,+16044624324,fp_3ee3d7c3e7b1b337,39-4112993,Linda King,@elizabeththompson455,937.976.7591,photo_3665a406.jpg,MP,Q59892139,true,region=2024-01,Apache-2.0,failed,@sarahharris660,William,voice_1e4ca96044fbd34f.wav,+1-572-593-6885,USR-487876,Tokyo,230.0,WP-CA-326603,raw.orders -> exports,2198064,John Jackson,-39.4,inactive,"7644 Pine Rd, New York, IL 46886",Brazil,Widowed,EMP97820,270 214 4165,WP-IN-611084,Quarterly Analysis 2022,+1-702-413-5018,Female,Williams,@patriciataylor987,South Korea,ADV-74ZP8I8CEO,ADV-GMJLA4SY8R,Step 2: Configure the pipeline.,+1-759-893-6009,Hemoglobin: 139.2 g/dL,1932.3,Workday,FL7075684,"$7,817,520",,Phoenix,Black,voice_426d9411dadae66c.wav,1.6.33,4.13,2025-10-15 04:42:40,Sweden,EMP41489
EUR,fp_8dfa7fd4be9facf4,Paris,4.6142,762-563-5015,fp_86a0e25f63a32894,20-3605418,Linda Martinez,@noahrodriguez278,+19284306177,photo_aced712b.jpg,RMWVP,P73587439,false,dt=acme,MIT,failed,@sophiaharris100,James,voice_36643c8b7c20065b.wav,+1-968-588-8683,6121647,Seattle,143.0,WP-AU-782182,staging.orders -> analytics,REC-499852,William Davis,6.3,pending,"4282 Maple Dr, London, CO 40610",Italy,Single,EMP78674,246-385-6463,WP-GB-272588,Technical Report 2026,+1-513-419-7898,Female,Miller,@amylewis387,Sweden,ADV-OFK6NEI08Z,ADV-CG46W4SIIR,Step 2: Deploy the service.,+1-217-724-6818,Glucose: 236.5 mg/dL,1205.7,PostgreSQL,FL6342103,"$1,607,680",,Sydney,Black,voice_0a26b9eef6f87941.wav,5.14.55,1.05,2020-11-10T08:56:09Z,India,EMP55170
CAD,fp_6cfa5e656e611bc9,Austin,9.5154,956-644-5573,fp_d8a8b56a054bb170,56-3212032,Olivia Young,@marylewis397,678 270 6748,photo_e8f9c2d1.jpg,LDAV,D62563556,YES,region=acme,CC BY 4.0,cancelled,@emilymiller33,Robert,voice_5b3a106630a05c28.wav,+1-647-541-5557,TXN-346331,Sydney,185.6,WP-IN-360326,curated.orders -> exports,1880941,Robert H. Taylor,30.2,pending,"5111 Oak Ave, London, MA 98480",Sweden,Married,EMP49172,629 346 3582,WP-BR-411820,Annual Report 2025,+1-511-924-1469,Male,Taylor,@jamesgarcia735,United Kingdom,ADV-TI4Q91T5ZW,ADV-EP6NNOUEWH,Step 2: Monitor the service.,+1-417-988-4626,Glucose: 101.3 mg/dL,1960.9,Snowflake,NY3401826,"$5,589,634",,San Francisco,Asian,voice_311a036cbbaf65b9.wav,5.14.43,6.83,2021-12-13 08:39:43,Italy,EMP42342
CNY,fp_4f05a0daa83d611f,Toronto,60.9158,995-208-6888,fp_3b471e3d838f36ff,81-4658550,Susan R. King,@jennifermiller311,496-510-4173,photo_4dae308e.jpg,INL,H77507215,true,region=acme,BSD-3-Clause,rejected,@lucasjones117,Susan,voice_33995ecba9d2af19.wav,+1-407-712-9843,ID-733244,Denver,173.9,WP-CA-844574,raw.users -> exports,USR-795464,Michael Robinson,-29.4,completed,"8021 Maple Dr, Austin, NY 38373",France,Divorced,EMP11970,326-465-3117,WP-DE-817757,Executive Review 2021,+1-581-577-6502,Non-binary,Walker,@sarahmiller445,Brazil,ADV-KVOJ3PAP26,ADV-FR8UUGR7WJ,Step 3: Deploy the service.,+1-270-885-8600,Cholesterol: 236.0 K/uL,1951.4,PostgreSQL,CA2291389,"$1,359,112",,Portland,White,voice_a8f29a58f91bf936.wav,1.18.56,13.24,2023-07-11 14:09:24,India,EMP33962
CNY,fp_8c0b212535790233,London,-56.4727,(205) 972-6620,fp_6315c4304dd5c51f,25-7736555,Robert Rodriguez,@harperwhite147,669-455-1735,photo_f8afea05.jpg,QAYYJ,T24005956,true,tenant=us-east,CC BY 4.0,pending,@robertthompson782,Robert,voice_55e7219c1659839a.wav,+1-876-790-7050,TXN-902415,Los Angeles,39.3,WP-US-807390,curated.orders -> exports,3730915,James Thomas,6.9,active,"3907 Main St, Boston, TX 10024",Norway,Divorced,EMP29795,+19235521243,WP-GB-419609,Annual Review 2020,+1-557-693-4910,Other,Robinson,@emilylee932,Sweden,ADV-VVND7GKIX0,ADV-TNG3BOR3RF,Step 1: Monitor the service.,+1-509-644-8154,Hemoglobin: 108.9 mg/dL,677.3,Snowflake,FL4703828,"$202,651",,Sydney,Mixed,voice_bb0408da2c24f968.wav,0.4.0,4.39,2019-02-24 20:57:15,Spain,EMP51909
CAD,fp_6e8a8f178badc090,Paris,-51.1193,(622) 949-7800,fp_5015f8e5d29c5b2b,20-3249778,Ethan Davis,@harperlee157,+12294261352,photo_ea1d3f2c.jpg,KMTN,Z14597636,NO,tenant=us-east,BSD-3-Clause,pending,@oliviarodriguez342,Liam,voice_86fbc265b44f9d4e.wav,+1-590-937-8100,1282902,Portland,42.1,WP-DE-257064,curated.orders -> analytics,9115051,Noah Jones,-6.3,cancelled,"5197 Elm St, Miami, CA 87315",Canada,Widowed,EMP95698,880 513 2061,WP-JP-867785,Annual Review 2021,+1-668-584-9221,Other,Miller,@aidenclark75,Brazil,ADV-SRC8R2ONNV,ADV-CPDFLA6KZS,Step 1: Monitor the pipeline.,+1-382-825-8355,Glucose: 281.1 K/uL,1773.6,Snowflake,MA3377979,"$3,720,720",,New York,Hispanic,voice_2f80c5ac8ca1b694.wav,1.2.44,2.77,2026-09-25T10:15:32Z,Germany,EMP30624
CAD,fp_6b03ce1be39269db,Denver,30.7608,780.854.8373,fp_7b23f63bc9f0b2fa,41-1647241,Emily Y. Anderson,@williamclark675,588-706-7036,photo_045e07e2.jpg,IGJIU,I30625855,true,dt=2024-01,Apache-2.0,cancelled,@davidjohnson942,Robert,voice_7b50ca09a6051507.wav,+1-477-928-3408,245651,San Francisco,289.7,WP-FR-687479,curated.events -> analytics,9422769,Linda Smith,17.0,active,"3431 Cedar Ln, Phoenix, GA 35383",India,Single,EMP78859,512-575-7016,WP-JP-587340,Executive Analysis 2020,+1-307-416-9073,Non-binary,Walker,@davidking872,Sweden,ADV-3DWECFJ642,ADV-GWPHRR6CHT,Step 4: Deploy the module.,+1-767-974-1918,Glucose: 70.5 mg/dL,1807.0,Salesforce,FL7482268,"$6,762,694",,Austin,Mixed,voice_717f0049c538fb80.wav,4.15.9,4.03,2024-08-06T07:32:48Z,France,EMP18273
CHF,fp_b5ac157cc9c6a01c,Austin,46.0941,(285) 404-7674,fp_2283eaf0981a29ad,65-9370455,Ethan T. Martin,@williamyoung223,667-505-7879,photo_40f4d940.jpg,RLC,Q28461472,NO,tenant=acme,GPL-3.0,failed,@liamdavis728,Mason,voice_af8bbd9231593cd6.wav,+1-904-644-9579,ORD-250953,Seattle,288.7,WP-US-341037,curated.orders -> reports,REC-860950,Emily Z. Clark,-37.8,active,"511 Main St, Austin, MA 25616",Australia,Married,EMP51916,780-853-6968,WP-DE-152786,Quarterly Review 2026,+1-277-375-1192,Non-binary,Martin,@noahthomas95,Japan,ADV-U5GST3FPD3,ADV-O59AWAVTBG,Step 2: Monitor the system.,+1-328-350-2702,Hemoglobin: 85.5 K/uL,788.1,SAP,FL4477271,"$2,888,679",,Berlin,Mixed,voice_e42057ce6d506158.wav,0.4.6,4.8,2019-01-05T00:16:22Z,Canada,EMP73903
JPY,fp_8b5fc01b751fd758,Atlanta,60.5534,602-960-9746,fp_222bfb5e67010d61,88-7362772,Amy Lee,@emilyjackson527,+12438036010,photo_49945729.jpg,COQA,U28982379,NO,region=acme,CC BY 4.0,failed,@jamesrobinson428,Anna,voice_a7b96fa509ef962b.wav,+1-329-216-7933,ID-383333,Denver,64.2,WP-AU-666750,curated.events -> exports,1147796,Oliver G. Robinson,-9.5,failed,"6766 Elm St, Portland, OH 33414",Singapore,Widowed,EMP48393,(949) 832-7814,WP-DE-922082,Annual Analysis 2020,+1-429-824-1094,Non-binary,King,@patriciasmith363,India,ADV-YK8NVL6M8J,ADV-CVFOH57UPP,Step 5: Verify the pipeline.,+1-495-703-1135,Hemoglobin: 65.5 K/uL,625.5,Workday,CO1995885,"$7,903,295",2024-02-10 12:21:43,Chicago,Mixed,voice_47684a4a91b495c7.wav,4.2.94,8.82,2024-03-06 16:01:57,Japan,EMP88788
INR,fp_ab70d210d6c0a0c7,London,33.5483,485-445-8142,fp_a0556eb0f6959d32,37-8349735,Emily King,@richardjackson188,976.463.2463,photo_bcdd6c21.jpg,CKC,Z41206868,false,tenant=us-east,Proprietary,approved,@jenniferyoung603,Emily,voice_03f244dec74a9203.wav,+1-963-496-1159,5449389,Houston,287.7,WP-AU-382281,raw.orders -> exports,5216317,Mary Thompson,43.9,failed,"4950 Pine Rd, Berlin, CA 22626",France,Single,EMP19665,907.826.6786,WP-DE-707152,Executive Analysis 2023,+1-399-960-8972,Non-binary,White,@davidharris787,Norway,ADV-4543WHRTU3,ADV-MCWAPWNJCG,Step 2: Initialize the system.,+1-812-578-1997,Glucose: 166.9 mg/dL,738.7,Workday,CO5484072,"$3,835,620",,San Francisco,Mixed,voice_65003da320ebf270.wav,1.0.7,9.96,2022-06-24T15:04:35Z,India,EMP48259
CHF,fp_e519d7004c143c5b,Paris,39.7119,(330) 343-2101,fp_7c55c19ec202ab62,55-4805570,Noah Walker,@aidenthomas880,+18857779839,photo_83b9bd73.jpg,UIL,F71291266,false,dt=2024-01,CC BY 4.0,cancelled,@harperbrown331,Emily,voice_e9f3eb534fa84279.wav,+1-533-560-6458,REC-524861,Portland,102.2,WP-BR-557544,raw.users -> analytics,ID-865568,Emily Jones,11.1,cancelled,"6322 Elm St, Miami, CO 51571",Germany,Single,EMP12413,+17507057451,WP-FR-810518,Executive Summary 2020,+1-973-564-9459,Non-binary,White,@patriciayoung991,Canada,ADV-T4HORMJXYL,ADV-LY2WMQ4DK5,Step 4: Monitor the service.,+1-491-276-9895,Hemoglobin: 231.9 K/uL,588.9,Salesforce,TX9576567,"$7,083,771",,New York,Mixed,voice_9d9513a7e401cb73.wav,5.12.14,11.25,2019-03-19T01:56:38Z,Canada,EMP83996
GBP,fp_510741ffae2d05ee,Portland,93.9318,(718) 581-6795,fp_ccd0b6abb11b2a1a,89-5689564,Michael Wright,@jessicaclark538,275-992-7224,photo_8780c5f9.jpg,EWBO,J32047405,true,region=acme,Proprietary,inactive,@jessicalewis615,Susan,voice_63899bb61900a411.wav,+1-298-400-3299,9395147,Toronto,39.0,WP-JP-507335,staging.users -> analytics,4693349,John Johnson,-0.9,active,"9392 Oak Ave, Denver, TX 65824",Germany,Widowed,EMP44006,605.594.3724,WP-DE-696673,Technical Review 2026,+1-780-399-2116,Male,Young,@patriciajackson4,Brazil,ADV-6RIHIYOFKQ,ADV-ZNSUIW7XZT,Step 3: Configure the pipeline.,+1-973-748-9275,WBC: 290.2 mg/dL,1628.9,SAP,OH1609139,"$450,831",,Tokyo,Asian,voice_01880486a01f0389.wav,5.0.66,4.35,2026-02-27 07:28:07,Singapore,EMP19158
CHF,fp_65e0a5bc59543e8f,Austin,-31.8369,+18094924930,fp_bbd287af3b227b67,98-1897603,Susan Jackson,@michaelmartinez15,778-695-4138,photo_2baabd2c.jpg,EGKPY,B66917636,true,region=acme,Apache-2.0,cancelled,@michaelwilliams62,John,voice_4a9a8f9a2a27df35.wav,+1-435-833-4753,4857703,Dallas,13.8,WP-FR-529224,curated.users -> exports,225355,Emily C. Taylor,15.0,completed,"1043 Oak Ave, Toronto, IL 63816",Canada,Divorced,EMP43819,(343) 969-5622,WP-US-556291,Quarterly Analysis 2022,+1-595-694-7260,Male,Lewis,@patriciataylor90,Italy,ADV-BQM8TV36YV,ADV-T0EY03SY4F,Step 3: Verify the service.,+1-845-839-9497,Hemoglobin: 199.8 K/uL,1334.4,SAP,CO4293052,"$7,771,511",2021-02-02T12:09:03Z,Seattle,White,voice_89c27ba6debfdc39.wav,0.0.73,7.31,2023-11-03 06:50:54,Israel,EMP16189
CHF,fp_a57c1d2c160c3662,London,37.6362,(745) 423-1660,fp_b40d30cce61eff53,80-2450888,Mary F. Robinson,@elizabethbrown801,332-260-6460,photo_7fddfb96.jpg,DZ,X15026833,false,region=2024-01,CC BY 4.0,active,@ethananderson3,Lucas,voice_cebb3231d0c9d66f.wav,+1-404-211-5467,9859174,Portland,107.8,WP-FR-566983,staging.orders -> exports,7428762,Jennifer Brown,-7.3,completed,"9223 Oak Ave, New York, OH 90231",Singapore,Single,EMP30037,271.703.2201,WP-US-517803,Executive Summary 2022,+1-754-254-7146,Female,King,@michaelwright345,Italy,ADV-XHGWEXDI87,ADV-41EGCSLRTU,Step 2: Deploy the system.,+1-732-518-6646,Glucose: 112.1 mg/dL,125.2,Snowflake,OH7137000,"$1,486,719",,Chicago,Mixed,voice_50e3e05d94502c25.wav,0.18.62,13.63,2021-06-27T10:16:13Z,France,EMP12989
INR,fp_aaf0ca06c1412183,Berlin,-41.5888,563.215.4110,fp_ad70ad40c02055dd,93-6685078,Logan Jones,@sophiawhite971,+17829746276,photo_d43089ce.jpg,SM,H20440981,YES,dt=2024-01,GPL-3.0,rejected,@amyclark160,Robert,voice_514a32ac2b5e3cd1.wav,+1-857-607-9315,7967329,London,168.2,WP-MX-198101,staging.events -> exports,483358,Jennifer Moore,-28.1,cancelled,"7719 Oak Ave, Portland, NY 43142",Mexico,Divorced,EMP45594,893 615 4951,WP-IN-925617,Executive Summary 2021,+1-300-711-3514,Male,Moore,@amylewis795,Norway,ADV-9BAF7C0XPY,ADV-KXRYX3A704,Step 4: Deploy the service.,+1-308-443-2413,Hemoglobin: 197.4 K/uL,412.6,PostgreSQL,GA4712168,"$7,360,152",,Berlin,Asian,voice_5f16700d5c0b8a08.wav,4.7.99,1.54,2026-11-08 06:34:42,Israel,EMP56622
USD,fp_dfce546b4764c3e8,Portland,12.5101,298.414.4627,fp_b0b284ba018690b4,86-3074588,Olivia White,@harperthompson936,460 326 5821,photo_099536dc.jpg,YPS,V66802650,NO,dt=us-east,CC BY 4.0,rejected,@jameslee572,Jessica,voice_c0390e8e36618e2b.wav,+1-813-944-2718,4530786,Miami,230.6,WP-AU-803554,raw.orders -> exports,6895432,Amy E. Miller,-18.8,active,"5154 Oak Ave, Phoenix, NC 67261",South Korea,Single,EMP59251,(249) 321-6489,WP-GB-541947,Quarterly Summary 2023,+1-816-821-8796,Female,Smith,@masonlee501,India,ADV-AG5MS2BUFF,ADV-JNO3Y76S65,Step 4: Verify the service.,+1-848-572-3756,Hemoglobin: 262.6 g/dL,1255.7,SAP,TX6781624,"$9,138,475",,Sydney,Asian,voice_be153b1327d4833e.wav,4.8.18,5.33,2019-01-10T21:36:03Z,United States,EMP47161
EUR,fp_e4acbe139156977f,Denver,57.3994,+13095808945,fp_7a130cdb0a43bb20,85-4999305,Susan Anderson,@elizabeththompson502,448.323.3365,photo_45ee48ca.jpg,XQ,K56018257,true,dt=acme,GPL-3.0,active,@sophialewis318,Mary,voice_2104e44d453c31f0.wav,+1-602-461-4256,4740955,Portland,119.9,WP-JP-302797,curated.users -> reports,6433228,Olivia Davis,-29.4,active,"4269 Main St, Chicago, WA 90706",United States,Widowed,EMP12405,589-396-5013,WP-MX-534202,Technical Analysis 2026,+1-239-839-9773,Female,Wright,@johnanderson270,Canada,ADV-V4E0C5CFX4,ADV-QTXI4XFXCC,Step 5: Deploy the system.,+1-250-411-7805,Glucose: 289.2 mg/dL,1575.1,Kafka,OH5321085,"$3,909,371",,Boston,Hispanic,voice_9f820e74a0f13913.wav,5.19.4,10.29,2026-04-01 17:48:26,Spain,EMP94925
JPY,fp_a660f7da4a9563dc,Miami,28.9501,739 217 7564,fp_60d50e90ae0c9f41,83-4389572,Patricia King,@olivialewis488,959 793 9610,photo_26991913.jpg,XA,V71049051,false,dt=acme,MIT,inactive,@patriciawhite359,Patricia,voice_76a741697ecd712b.wav,+1-234-993-1639,6706380,Seattle,99.5,WP-BR-238058,raw.orders -> reports,6671749,Sophia Moore,47.5,rejected,"8764 Main St, Berlin, FL 45049",France,Single,EMP39940,+13332716868,WP-FR-506768,Technical Summary 2023,+1-728-659-7465,Male,Williams,@williamyoung615,Mexico,ADV-59WHTGU61B,ADV-3FKIUDWQRI,Step 2: Initialize the system.,+1-816-972-3370,Glucose: 85.4 K/uL,272.6,Workday,NY7384109,"$788,894",,Miami,Other,voice_c56ba8d470dca0aa.wav,2.12.48,10.44,2025-07-09T18:10:12Z,South Korea,EMP79841
USD,fp_3d19eaf02cf916f2,Berlin,-76.2533,781 558 5696,fp_e994b5a3ba5ff15a,54-3195526,Mason Young,@marymiller435,762.319.4204,photo_ee1a0e63.jpg,KNIXL,K61239770,true,region=2024-01,BSD-3-Clause,completed,@jessicawilliams700,Susan,voice_054cdd537d5d8a7f.wav,+1-590-870-1771,5102025,Portland,84.0,WP-IN-774386,raw.events -> reports,6474767,Logan Garcia,-26.8,active,"4913 Elm St, Denver, CO 47529",Norway,Widowed,EMP54543,802-495-8313,WP-BR-903298,Executive Analysis 2023,+1-314-511-1082,Other,Thompson,@ethandavis106,Israel,ADV-OKXE6RJYKO,ADV-FLMK4I57JV,Step 3: Configure the module.,+1-791-573-8992,Cholesterol: 240.0 mg/dL,1859.1,Salesforce,NC2305316,"$228,910",,Chicago,Asian,voice_69eff8158d9a532f.wav,2.11.47,2.16,2020-12-04T15:48:51Z,South Korea,EMP13219
EUR,fp_22cdc7a809dcefd4,Phoenix,50.2477,258 276 5557,fp_affdcef3390cc2fa,29-5491753,Olivia Moore,@sophiawhite524,933-252-5469,photo_2c29ce47.jpg,TA,T47839513,YES,dt=us-east,BSD-3-Clause,rejected,@lindabrown328,David,voice_5f651fca54102ed8.wav,+1-645-575-8496,TXN-674462,Seattle,279.6,WP-MX-732740,curated.events -> reports,2048177,Noah Johnson,-35.5,pending,"1172 Main St, New York, MA 25544",Australia,Married,EMP34557,701.748.8148,WP-BR-957845,Annual Review 2020,+1-860-769-2684,Male,Lee,@sarahtaylor815,Canada,ADV-NUWYILIUYB,ADV-FHZ7W1Z6R4,Step 5: Verify the pipeline.,+1-283-640-6895,WBC: 96.3 K/uL,1727.7,Kafka,OH1757677,"$1,678,305",,Berlin,White,voice_0371c286b0e93dc4.wav,2.11.11,4.79,2019-07-14 01:50:51,Sweden,EMP68368
INR,fp_34b29dc8e233b8d9,Seattle,-93.9208,445.909.4472,fp_c9239502e3c9fe42,94-5349968,Elizabeth Garcia,@aidenwhite640,571 702 6799,photo_b342ccdf.jpg,VQVG,M62203448,YES,region=us-east,Apache-2.0,pending,@marymartinez292,Mary,voice_0032bf7c006052cd.wav,+1-685-732-9825,9197416,Phoenix,110.2,WP-MX-929137,staging.users -> reports,ORD-752272,Sarah K. Taylor,5.2,completed,"9910 Maple Dr, Atlanta, FL 25121",Australia,Single,EMP39060,(428) 493-7162,WP-IN-279119,Executive Summary 2020,+1-909-889-9476,Female,Brown,@sophiasmith403,Sweden,ADV-ELWY4EGFFG,ADV-03UHF6744L,Step 3: Monitor the system.,+1-419-794-9414,Hemoglobin: 109.9 g/dL,1896.1,Workday,GA9468094,"$7,771,578",,Seattle,Other,voice_1ac55a67d6d2d580.wav,1.19.57,13.43,2024-10-17 17:43:05,France,EMP99042
INR,fp_4c7bd9a180b176b3,Phoenix,-66.6192,(202) 990-7171,fp_586198d68aaf33f5,28-6136693,James Wright,@harpermartinez874,(271) 633-9972,photo_bfec2737.jpg,SE,P96630981,NO,region=2024-01,GPL-3.0,approved,@loganlee901,Elizabeth,voice_5da4b3c180482e57.wav,+1-771-701-7201,3223991,London,199.5,WP-MX-503499,staging.users -> reports,REC-523502,Robert Martin,-27.8,rejected,"7361 Pine Rd, Austin, MA 22050",United States,Single,EMP78517,+18616629231,WP-GB-596854,Executive Review 2020,+1-630-342-4231,Other,Davis,@masonrodriguez151,Norway,ADV-PYZDAJ1S71,ADV-VGFQQ5H4NN,Step 2: Verify the pipeline.,+1-268-758-8853,Hemoglobin: 163.8 mg/dL,584.6,Kafka,OH2691651,"$6,863,602",,Chicago,White,voice_b66ff88d74882681.wav,5.16.41,11.15,2026-04-06T09:54:03Z,Italy,EMP52436
CHF,fp_ef4131efc0440727,Boston,-32.0251,(475) 687-3321,fp_59a3be681e586798,23-2154889,Robert L. Davis,@patriciadavis222,378.976.6855,photo_9ae56a01.jpg,YQW,P88969899,false,tenant=acme,BSD-3-Clause,approved,@michaellee436,Mason,voice_03b6bfb251600f43.wav,+1-956-552-4820,ID-272968,London,151.5,WP-IN-284110,curated.orders -> reports,TXN-544856,Emma Lewis,29.8,approved,"2440 Cedar Ln, San Francisco, NC 43464",Germany,Widowed,EMP30558,504.341.4312,WP-DE-422469,Technical Analysis 2025,+1-686-483-7826,Male,Garcia,@marymoore137,Sweden,ADV-832P806BO5,ADV-CKTEGKHOI6,Step 4: Monitor the module.,+1-481-705-7324,Glucose: 99.8 mg/dL,1644.9,Snowflake,TX3365000,"$1,845,690",,Atlanta,Asian,voice_6fda5ef0955121db.wav,1.5.43,10.78,2021-07-10T16:08:54Z,Spain,EMP77454
AUD,fp_e4c6563451eac598,New York,34.3957,821-334-4285,fp_9b1068f9e205a71b,70-4365240,John Lewis,@davidclark74,348-542-2704,photo_fa1f90f4.jpg,BPW,U31913677,YES,dt=us-east,MIT,inactive,@johnclark487,John,voice_18437a1090644613.wav,+1-253-371-3182,5648708,Dallas,291.2,WP-DE-891043,staging.orders -> reports,USR-738004,Ethan Williams,-8.8,rejected,"7218 Oak Ave, Atlanta, NC 86312",Spain,Married,EMP67349,(606) 711-8737,WP-BR-782558,Executive Report 2023,+1-725-314-4782,Female,Smith,@oliverrobinson626,Norway,ADV-C6GR0GS77X,ADV-1NOYWAN79T,Step 2: Verify the system.,+1-378-946-8484,Glucose: 63.6 g/dL,624.4,Kafka,OH3525973,"$5,492,186",,Phoenix,Asian,voice_072a1b3cc297b797.wav,2.1.23,3.06,2023-06-24T23:18:52Z,Spain,EMP68398
EUR,fp_ddf4109f2c1e8283,Portland,-49.1377,377-668-7942,fp_9d5bf3d80c733789,94-9552221,William Martinez,@robertjohnson840,242-899-3866,photo_92a78095.jpg,PKHVF,T51345717,true,region=2024-01,CC BY 4.0,pending,@marywilliams886,Sophia,voice_a8069917c3a9c1dc.wav,+1-686-409-4490,3001328,Portland,291.2,WP-US-861012,curated.users -> analytics,4780046,Mason Lee,21.0,active,"7027 Main St, San Francisco, CA 59152",South Korea,Married,EMP85682,446-681-1183,WP-IN-737576,Technical Analysis 2022,+1-620-999-9245,Other,Jackson,@davidjohnson258,United States,ADV-RM8SSX9VTT,ADV-BG4Z5YDDWU,Step 1: Initialize the system.,+1-937-503-7100,Cholesterol: 182.2 K/uL,886.6,Kafka,NC6146609,"$1,000,905",,New York,Black,voice_5a9a06f1c9e4edb2.wav,5.6.94,7.79,2020-03-11T14:40:31Z,Italy,EMP75269
CAD,fp_b34cf286687b25ca,San Francisco,-81.2773,809-218-8513,fp_e2f730089f6360eb,20-4564388,Emily Moore,@amyjones555,+19699102301,photo_f1946e6e.jpg,EKZUL,J33929943,NO,region=us-east,Apache-2.0,pending,@emmajackson876,Jennifer,voice_efdaa1a362352d30.wav,+1-519-978-4006,USR-613248,Houston,65.4,WP-FR-645746,curated.events -> reports,2256757,Oliver Garcia,-7.0,inactive,"4258 Maple Dr, Houston, TX 98096",Brazil,Married,EMP14072,900 358 9624,WP-DE-946348,Quarterly Review 2023,+1-718-727-7761,Female,Thompson,@jamesjackson589,Norway,ADV-SK283U42HP,ADV-7VG1MV7N6B,Step 4: Deploy the module.,+1-938-272-2706,Cholesterol: 247.9 mg/dL,855.0,SAP,CO7226508,"$1,251,704",2020-11-14T15:32:10Z,Los Angeles,Other,voice_8adda17a78b4b477.wav,5.11.66,13.43,2025-03-26 15:03:58,Switzerland,EMP28235
INR,fp_b3fc5294dbcf2cbc,London,-12.8719,(531) 689-6452,fp_65bd38c5915a7f21,37-5847488,Olivia L. Lee,@elizabethrodriguez438,+13815976737,photo_1f669e2b.jpg,FCBIY,A51225520,NO,tenant=acme,GPL-3.0,failed,@oliverjackson575,Oliver,voice_c8eee27e7ca64d6d.wav,+1-597-538-3747,ORD-492036,Atlanta,100.9,WP-AU-325561,curated.orders -> reports,3785871,Jessica Harris,33.1,cancelled,"4440 Park Blvd, Portland, NC 46136",Singapore,Married,EMP58706,445.709.4008,WP-MX-845854,Executive Report 2024,+1-239-892-6109,Male,Martinez,@oliviaking39,United States,ADV-4MMMFVUO2W,ADV-BPE5DV35W5,Step 2: Configure the service.,+1-806-519-6136,Cholesterol: 275.9 mg/dL,14.4,Snowflake,NC2530129,"$5,851,292",,Berlin,Hispanic,voice_4e4c484a2038aa9b.wav,0.0.66,11.92,2019-03-14T01:18:33Z,Sweden,EMP88204
INR,fp_989f6e53c59394d9,Miami,-5.0233,(562) 784-3999,fp_a87665ebfac7bfd1,34-1172559,Susan Walker,@lucasdavis792,281.723.3553,photo_ef3c3b63.jpg,MXSUF,E56390487,false,region=acme,Proprietary,active,@noahmartinez988,John,voice_c187a163ed748fdb.wav,+1-206-391-9439,ID-883617,San Francisco,6.5,WP-US-719261,staging.users -> analytics,6733941,Harper Davis,-29.5,inactive,"3168 Park Blvd, Denver, MA 95770",Germany,Widowed,EMP72378,+15439324838,WP-US-891149,Annual Analysis 2025,+1-958-826-1022,Non-binary,Smith,@johnanderson494,United States,ADV-A5PJIA2UAI,ADV-SU0D2YSW1U,Step 3: Verify the system.,+1-686-713-1059,Cholesterol: 183.5 K/uL,1240.7,PostgreSQL,MA3932251,"$8,466,208",,Sydney,Asian,voice_8af632974a91d9cb.wav,2.12.59,2.51,2025-01-16T07:34:58Z,Netherlands,EMP13266
JPY,fp_07b1aa962a3b9214,Houston,65.9333,294.426.3997,fp_96df4609a091b279,29-4956325,Patricia Moore,@lucasanderson162,628.224.9012,photo_42414890.jpg,ELZ,K52154885,NO,region=2024-01,MIT,completed,@lucasanderson844,James,voice_9e89d2add53b245e.wav,+1-404-615-2429,REC-249527,Seattle,184.9,WP-IN-959001,staging.orders -> analytics,REC-306094,Harper King,-2.4,active,"8027 Cedar Ln, Paris, PA 93582",Germany,Single,EMP39906,+19042926726,WP-JP-134311,Quarterly Analysis 2025,+1-790-979-3536,Male,Clark,@michaelharris772,Italy,ADV-VSKA7NAA64,ADV-OFMY60JZBO,Step 2: Configure the service.,+1-322-623-1987,Glucose: 192.4 K/uL,517.3,Kafka,TX8207091,"$34,341",,Houston,Other,voice_538ed340bc8a0933.wav,1.18.71,4.61,2020-03-18T22:51:39Z,Canada,EMP65729
AUD,fp_08b38ffb8422ebd0,Portland,-34.7825,889.504.8960,fp_4b131354f6935972,57-6876891,Anna King,@harperwalker179,793.756.2999,photo_22b1891f.jpg,WXZR,X64230324,true,region=2024-01,GPL-3.0,cancelled,@maryjohnson622,Emily,voice_4061e702d8705727.wav,+1-294-982-1994,6150017,Berlin,57.9,WP-DE-912248,curated.events -> exports,4757111,Noah Lee,2.9,failed,"2029 Main St, New York, CA 88958",France,Divorced,EMP95956,(264) 577-3224,WP-MX-416718,Annual Summary 2025,+1-257-939-8851,Non-binary,Miller,@oliverharris794,India,ADV-L0BRSSYW8G,ADV-PCHO72KZJO,Step 1: Deploy the pipeline.,+1-228-487-6442,Hemoglobin: 112.1 mg/dL,1783.9,Workday,NY7630141,"$7,136,537",,Los Angeles,Hispanic,voice_ff9ea98af9acee47.wav,4.11.26,1.8,2024-04-02 07:01:17,Norway,EMP92283
AUD,fp_eae0ce7f8c8fce10,Toronto,87.5168,375.728.4078,fp_f57dfd778a55f476,88-9409021,Sarah Anderson,@elizabethwalker885,+16352901744,photo_b4d843ba.jpg,QFHMO,C81948648,true,tenant=us-east,MIT,rejected,@davidmartin711,Mason,voice_8279ff475a5acac8.wav,+1-235-415-7473,8961735,Sydney,20.5,WP-MX-287618,curated.users -> exports,6941420,Lucas D. Smith,41.2,approved,"1370 Cedar Ln, Los Angeles, CA 66745",France,Widowed,EMP52312,887.646.1436,WP-FR-251581,Quarterly Report 2020,+1-266-706-3257,Non-binary,Robinson,@johnmartinez610,Italy,ADV-F426D4G7MH,ADV-BN7MKOIHOW,Step 5: Monitor the system.,+1-246-303-2534,Glucose: 188.6 mg/dL,1980.8,Salesforce,GA6495275,"$223,884",,Chicago,Hispanic,voice_009fb379c4243b96.wav,2.10.35,2.51,2026-06-14 03:57:21,United Kingdom,EMP10940
CAD,fp_833a4fe8283363f0,Sydney,72.7993,556-631-1840,fp_91a88be0d261f588,83-1187723,Liam Young,@harpermiller888,+18853219651,photo_78e38f2a.jpg,RBX,W18232752,true,tenant=us-east,BSD-3-Clause,rejected,@oliverlewis437,Sophia,voice_41c6ca5af3828d86.wav,+1-463-838-6916,TXN-915790,Denver,260.3,WP-DE-170339,curated.events -> exports,TXN-196726,Susan Z. Taylor,-14.9,inactive,"3618 Maple Dr, Portland, GA 54185",France,Divorced,EMP13849,497-278-9958,WP-DE-609112,Technical Review 2025,+1-219-464-9846,Non-binary,Smith,@oliviajones680,Brazil,ADV-USHJR8NNAV,ADV-MTIYMWW6SQ,Step 3: Monitor the system.,+1-908-956-8536,Cholesterol: 77.5 g/dL,1557.7,Salesforce,MA5194921,"$6,963,075",,Tokyo,Mixed,voice_0883ae9c55cc92a6.wav,0.4.47,6.74,2026-06-26T09:45:47Z,United States,EMP78157
CHF,fp_b417fb3f148791ab,Phoenix,3.9939,+16872379127,fp_cf9fbcb7cc62c171,15-6709708,Michael Anderson,@marylewis111,476 417 3356,photo_3874b537.jpg,VBDGG,G79462578,false,dt=acme,GPL-3.0,completed,@jenniferrodriguez520,Olivia,voice_668491a2384ced57.wav,+1-918-578-7416,7339990,Toronto,111.4,WP-FR-713433,staging.events -> reports,1391534,Noah Robinson,-16.9,completed,"6615 Main St, Sydney, TX 35166",Australia,Single,EMP91540,210.654.1480,WP-AU-729771,Technical Analysis 2024,+1-873-791-1599,Female,Lee,@lindathompson686,Italy,ADV-KTJVKX4XUI,ADV-IFBMX8I1XV,Step 1: Verify the service.,+1-446-898-9671,WBC: 296.0 mg/dL,164.3,Workday,CO3083306,"$1,136,555",,Dallas,White,voice_ff2b2d834f5fda05.wav,4.14.32,1.19,2021-01-27T02:49:42Z,Brazil,EMP18601
USD,fp_4d467b6962442200,Berlin,32.7002,(582) 201-2624,fp_8a7a59cae9ecf882,60-5495758,Mason Moore,@emmaanderson9,634 378 6521,photo_cf9f44db.jpg,MP,S17973637,false,region=acme,Apache-2.0,pending,@robertlewis276,Harper,voice_abd08519a8152d34.wav,+1-627-559-9082,USR-884092,Chicago,222.7,WP-IN-730185,curated.users -> reports,ORD-997940,Robert Brown,21.0,rejected,"5992 Cedar Ln, Seattle, IL 31086",Switzerland,Widowed,EMP16637,696-512-6358,WP-JP-227790,Executive Summary 2026,+1-817-304-3250,Non-binary,Davis,@lindabrown937,Switzerland,ADV-11X4OGB2I7,ADV-M71VOASNQ6,Step 3: Monitor the pipeline.,+1-567-909-7870,Hemoglobin: 241.0 mg/dL,303.1,Workday,MA4907864,"$7,701,730",,Portland,Asian,voice_9a9046ef9fd6a29d.wav,3.13.95,4.1,2025-06-04 10:01:39,United Kingdom,EMP31742
GBP,fp_04334b3b904c26d7,Los Angeles,57.3665,(429) 323-8106,fp_fc1ae4067f662103,90-8134799,William K. Davis,@elizabethsmith261,+19687545491,photo_6547b56e.jpg,FR,T40783096,NO,region=2024-01,GPL-3.0,rejected,@johnwalker208,Michael,voice_d167957579bb93bf.wav,+1-632-491-9949,7911632,Phoenix,223.3,WP-DE-645159,staging.users -> reports,USR-962804,Linda Johnson,-25.0,rejected,"9717 Main St, Chicago, WA 79686",Norway,Married,EMP42881,+16809626494,WP-FR-147670,Annual Summary 2021,+1-241-525-6838,Non-binary,Lee,@emmathompson876,United Kingdom,ADV-SDNB83W9BC,ADV-2JA50M4OTG,Step 4: Deploy the module.,+1-461-258-2368,Hemoglobin: 152.4 mg/dL,246.8,SAP,PA1288800,"$4,949,466",,Tokyo,White,voice_2dce76b3ce94f2e8.wav,2.3.68,1.53,2022-03-18T01:26:21Z,Japan,EMP62034
USD,fp_d368159e442992d9,San Francisco,26.9138,(585) 549-4221,fp_233f210735f23cb8,10-8283850,Mason Rodriguez,@annawalker962,501.508.8244,photo_d468782b.jpg,WZE,E47292903,false,tenant=2024-01,BSD-3-Clause,approved,@elizabethlewis668,Sophia,voice_39d539ada97c33f5.wav,+1-549-445-8615,7682405,Miami,189.4,WP-MX-787145,curated.users -> reports,ORD-452789,Aiden E. Wright,2.4,cancelled,"1086 Main St, Atlanta, NC 76161",France,Single,EMP68129,670-483-7087,WP-US-244797,Executive Report 2025,+1-274-482-4402,Male,Brown,@noahmartin310,Netherlands,ADV-2Q5PHY0WQX,ADV-PJADCDQJF4,Step 3: Deploy the service.,+1-332-925-5487,Cholesterol: 279.3 mg/dL,1186.6,Salesforce,CA2489806,"$9,544,741",2023-08-12 06:45:19,Boston,Black,voice_097af742f71c2fd9.wav,0.16.21,5.81,2026-09-15 03:11:36,Mexico,EMP17841
GBP,fp_eb7ead9b827c99c9,Los Angeles,-41.9142,730 971 3811,fp_5919b723dcd5c45c,55-6096994,Emily Johnson,@lindamoore432,+16018879170,photo_d23d14d2.jpg,OYJRC,R64011984,false,dt=2024-01,Apache-2.0,inactive,@oliverrodriguez59,Oliver,voice_fa13c38e06ed1a64.wav,+1-685-936-9956,USR-399684,Seattle,60.1,WP-CA-854538,raw.users -> exports,TXN-917617,Linda O. Clark,-2.5,failed,"6408 Elm St, Dallas, FL 61354",Sweden,Widowed,EMP33239,(386) 725-2800,WP-CA-248348,Technical Review 2026,+1-371-511-1376,Male,Martinez,@sarahmiller290,France,ADV-8KTXZWRN4H,ADV-UIL2NRQSRE,Step 1: Initialize the system.,+1-920-639-2980,Glucose: 169.3 K/uL,1989.4,Salesforce,CA9167416,"$9,890,492",2022-01-25 20:55:22,Portland,White,voice_404ab029a257219e.wav,2.5.2,7.5,2023-06-18 09:13:56,Sweden,EMP51199
EUR,fp_8434adda465ac91b,Toronto,66.8303,+17563702951,fp_382641cb15456b6b,84-7851287,Ethan Wright,@marymiller575,446 801 9625,photo_3f26f2d8.jpg,YY,K47292469,YES,region=2024-01,Apache-2.0,rejected,@davidlewis405,Liam,voice_4cc1172222565197.wav,+1-662-507-8774,TXN-243801,Atlanta,219.8,WP-US-638662,staging.orders -> reports,7789000,Oliver Wright,-2.1,inactive,"4694 Oak Ave, Denver, TX 48694",Germany,Married,EMP67245,753 890 8923,WP-US-241605,Technical Summary 2022,+1-283-596-5498,Other,Lee,@michaelking473,Canada,ADV-BP2S5BS6YF,ADV-A5DIZIC682,Step 5: Verify the system.,+1-460-860-7813,Cholesterol: 182.5 mg/dL,558.4,Snowflake,TX1625071,"$5,923,922",,Dallas,Other,voice_03a365082cc38e89.wav,0.2.66,11.15,2018-02-19 18:21:55,Spain,EMP82902
JPY,fp_673828cd0426531c,Austin,22.7303,609 360 2603,fp_954267107dba08bd,83-7290529,David Williams,@emilytaylor976,702.649.9596,photo_6ac6f4db.jpg,SQI,L54065533,NO,dt=2024-01,MIT,active,@liambrown336,Michael,voice_0245b20d0a87a149.wav,+1-313-846-2752,614917,Los Angeles,150.9,WP-AU-899793,curated.users -> reports,249521,Liam Garcia,1.2,pending,"2994 Oak Ave, Denver, OH 85974",Netherlands,Single,EMP59755,420 972 6650,WP-FR-457278,Quarterly Summary 2022,+1-708-331-5301,Female,White,@daviddavis102,South Korea,ADV-NFEYV774J5,ADV-UUEVDBTWM7,Step 4: Monitor the pipeline.,+1-330-407-4928,WBC: 171.8 g/dL,1275.9,Kafka,OH4520339,"$1,856,780",,San Francisco,White,voice_2b0d29d37ef095c1.wav,4.0.13,13.0,2025-02-12T04:46:34Z,Spain,EMP99569
BRL,fp_e27bf40467c7abbd,London,97.2995,485-711-2660,fp_31800c762e9ea586,89-3133880,Sarah Johnson,@sarahwalker906,990-636-1452,photo_0dada049.jpg,BDAA,Y38469307,YES,dt=acme,Apache-2.0,completed,@elizabethrodriguez735,Mary,voice_e5f214ab6f967195.wav,+1-832-677-5619,USR-701461,Portland,289.2,WP-FR-544452,staging.users -> analytics,ID-686976,Jennifer D. Lewis,-9.9,cancelled,"6752 Park Blvd, Dallas, TX 81099",United States,Single,EMP57780,291.402.7148,WP-MX-834583,Technical Analysis 2020,+1-853-840-5788,Non-binary,Smith,@lindayoung44,Netherlands,ADV-UDNU76YUEK,ADV-YA88MQIHBG,Step 3: Initialize the pipeline.,+1-804-784-6869,Cholesterol: 222.1 K/uL,439.0,SAP,MA9688992,"$7,588,560",,Boston,Hispanic,voice_94765f52227191a2.wav,5.10.79,11.81,2019-08-26T09:07:10Z,Switzerland,EMP99755
CAD,fp_4174cecb722867a5,Houston,75.5956,809-822-8106,fp_9b1f9a5cd6707fc3,85-5434018,Mason K. Johnson,@lucasmartin90,943.321.9383,photo_94b05f02.jpg,IFFYP,O36310459,true,dt=us-east,MIT,active,@marysmith106,Mason,voice_1eb4fb021d90168f.wav,+1-940-954-6576,REC-297135,Sydney,2.3,WP-JP-436650,raw.orders -> reports,ID-173324,Susan X. Jones,-39.1,inactive,"1324 Park Blvd, London, NY 11544",Mexico,Married,EMP65470,(410) 781-1190,WP-IN-171817,Quarterly Analysis 2022,+1-947-944-5893,Female,Thomas,@ethansmith948,United Kingdom,ADV-U4U6CCHYTF,ADV-IOYBQYGJMI,Step 2: Monitor the pipeline.,+1-628-416-4088,Hemoglobin: 289.9 mg/dL,289.4,Salesforce,PA8402200,"$3,286,629",,Dallas,White,voice_98225dcb644adca9.wav,0.16.69,6.03,2025-08-27T03:58:08Z,Sweden,EMP47598
JPY,fp_15e33ff9b371f941,Houston,89.273,787-329-5378,fp_28bdc2ce9597b36a,21-5682145,Jennifer Smith,@loganbrown193,599.894.2641,photo_4071dbdf.jpg,ULW,G77627782,true,tenant=2024-01,BSD-3-Clause,pending,@davidmartin583,Elizabeth,voice_c96c3529fd32ecd6.wav,+1-769-399-1369,7693469,Berlin,69.6,WP-BR-368638,staging.events -> reports,6123714,Noah Taylor,49.8,approved,"4996 Oak Ave, Tokyo, CO 84556",France,Single,EMP61525,+14048725461,WP-JP-842704,Annual Summary 2024,+1-614-932-3162,Female,Davis,@sophiathomas114,Brazil,ADV-FZ0TYDK2S5,ADV-SMFBAYD44N,Step 4: Verify the pipeline.,+1-784-421-7344,WBC: 72.0 K/uL,1048.3,SAP,CA6176010,"$2,090,212",,Portland,Mixed,voice_a33ec0c7500d241f.wav,3.0.28,4.48,2021-09-13 12:59:42,Mexico,EMP19513
INR,fp_f311969942792e07,Dallas,58.9149,983-250-3035,fp_f5a11ab3c52e0323,51-9576146,Patricia King,@susanrodriguez25,+17618937470,photo_6c6e3aa2.jpg,ZOYV,D71304847,NO,region=acme,BSD-3-Clause,cancelled,@ethanmiller285,Harper,voice_26937e0065880020.wav,+1-935-868-1395,316345,Seattle,23.1,WP-GB-397818,staging.orders -> analytics,5689757,Aiden Lewis,-30.2,cancelled,"9961 Maple Dr, Denver, TX 95485",Switzerland,Single,EMP23193,239 819 6159,WP-FR-439031,Technical Review 2026,+1-341-730-6102,Female,White,@ethanclark324,France,ADV-OGCRUI601X,ADV-1LXMWAIY23,Step 5: Monitor the service.,+1-279-823-7681,Glucose: 262.5 K/uL,1620.4,Workday,MA8279190,"$5,379,989",,Sydney,White,voice_4f14c6e58c407158.wav,1.15.57,3.3,2023-10-10T12:51:27Z,Germany,EMP90218
EUR,fp_9d28c69405fdcc0b,Sydney,1.9295,626.738.8104,fp_3fb87f5200fd2d27,78-4655980,Linda Anderson,@lindasmith904,720-780-7834,photo_ba5a6d3a.jpg,OUPZ,S70641095,false,region=acme,CC BY 4.0,completed,@emilyrodriguez225,Emma,voice_51b85de371f9e28e.wav,+1-702-830-8638,TXN-669886,Toronto,120.8,WP-CA-841746,raw.events -> reports,7848617,Sophia E. Harris,-28.7,inactive,"5782 Cedar Ln, New York, GA 55395",France,Married,EMP70981,+18703118837,WP-FR-124384,Executive Summary 2024,+1-404-573-2665,Male,Walker,@loganjackson990,South Korea,ADV-5KOBCTXQM3,ADV-6BVAZY938L,Step 4: Verify the pipeline.,+1-855-500-7317,Cholesterol: 277.5 g/dL,773.5,Workday,IL2722610,"$3,068,185",,Phoenix,Black,voice_91694979f60b97fe.wav,0.2.55,2.4,2018-01-23T14:02:20Z,Australia,EMP95706
USD,fp_b25a695687c81e2a,Dallas,44.4677,(978) 726-6850,fp_3ae73a196d83d649,27-4868636,Robert Walker,@emmarobinson470,538.379.9043,photo_b5ccceca.jpg,VAM,D15572829,true,tenant=2024-01,GPL-3.0,rejected,@maryanderson223,David,voice_701e37bc6c048944.wav,+1-787-304-6541,REC-637224,Paris,241.5,WP-FR-383464,raw.events -> exports,6275758,John Walker,-2.7,completed,"5238 Park Blvd, Boston, NC 20482",United Kingdom,Divorced,EMP49315,+12292266280,WP-JP-768737,Quarterly Analysis 2025,+1-810-405-8921,Female,Thomas,@lindajones888,Canada,ADV-M4QJJ9B3BF,ADV-J4Y66L1ZFE,Step 4: Initialize the module.,+1-994-244-9844,Hemoglobin: 251.6 K/uL,4.8,Workday,OH7525064,"$8,541,018",,Denver,Other,voice_545f0d8ddf56d5c3.wav,0.19.94,11.27,2021-10-14 02:53:03,Germany,EMP62276
CAD,fp_4aff2e6116987a5a,Los Angeles,-77.7386,701 581 4290,fp_f2e7cf2a1ba68911,33-5745730,Oliver Thomas,@elizabethmiller75,+13494171613,photo_fad19acd.jpg,FPPQ,Q58297724,false,tenant=2024-01,Proprietary,completed,@susangarcia833,John,voice_cb1962800fb9f2a4.wav,+1-384-501-2494,ID-944828,Phoenix,230.0,WP-CA-838811,curated.events -> reports,9248695,James Martinez,23.7,rejected,"5783 Park Blvd, Miami, PA 92779",Netherlands,Widowed,EMP72918,925-201-9284,WP-US-490417,Quarterly Summary 2026,+1-688-631-2174,Male,Lee,@loganmiller767,Italy,ADV-E9EVU4TNFM,ADV-SV0LNN7GZT,Step 1: Configure the service.,+1-905-433-8425,Glucose: 266.1 g/dL,1546.4,Salesforce,NY8313784,"$9,469,886",2021-06-16 10:59:21,Los Angeles,Hispanic,voice_294c510911a15bff.wav,4.18.46,12.76,2026-12-15T03:29:17Z,Japan,EMP39703
AUD,fp_ad17bb8422ef1230,Phoenix,7.671,(756) 522-9450,fp_7482fe3bc4671fc8,44-9547156,Oliver Anderson,@susanmiller555,(616) 890-6760,photo_f61046c6.jpg,AJPI,E30970986,YES,region=us-east,GPL-3.0,completed,@harpermiller652,Elizabeth,voice_05cebc2edeba4aac.wav,+1-295-201-1154,USR-648731,Los Angeles,70.0,WP-BR-580567,curated.orders -> analytics,ID-859061,Oliver Thomas,-39.8,active,"4263 Elm St, Seattle, CO 64593",France,Divorced,EMP13690,461 635 1129,WP-FR-939314,Technical Report 2026,+1-501-526-3597,Female,Thompson,@sophiabrown861,Germany,ADV-KUL40RFZPG,ADV-P54DFLEKWF,Step 4: Initialize the pipeline.,+1-831-504-9425,WBC: 248.7 mg/dL,114.8,Salesforce,IL4079674,"$8,794,684",,Houston,Mixed,voice_6281995248e8d113.wav,2.19.83,0.63,2023-02-20 10:34:41,Sweden,EMP43875
CHF,fp_cb39bd192176d4f2,Seattle,-8.2295,282.605.6258,fp_ea73e6306ed8c502,55-7668933,Aiden Taylor,@oliviaharris168,+15525739538,photo_d22085d0.jpg,TDEKD,N86479101,NO,region=acme,MIT,pending,@liamlewis564,David,voice_31326fa8fc5bdcd3.wav,+1-815-649-8745,2331390,Miami,166.4,WP-FR-785439,raw.orders -> reports,ORD-328707,Susan Robinson,-15.2,failed,"2776 Main St, Portland, NC 35907",United States,Single,EMP64750,994-719-2784,WP-AU-825678,Executive Summary 2025,+1-654-878-6591,Other,Smith,@sophiarodriguez405,Japan,ADV-XUN18Y2G3K,ADV-JZ73XS478S,Step 3: Initialize the system.,+1-538-605-7663,WBC: 116.7 K/uL,646.4,PostgreSQL,PA4188783,"$5,603,761",2024-03-01T00:30:01Z,Paris,Black,voice_2895acb12e045137.wav,3.16.91,2.11,2024-02-21T13:59:41Z,Switzerland,EMP43958
BRL,fp_c5adf9be0b4133f9,Miami,-94.6353,(870) 319-3667,fp_fed065fc5e740cbf,28-5123894,Harper Moore,@noahmartin869,772 645 3809,photo_19448b35.jpg,WM,N53884068,true,tenant=2024-01,GPL-3.0,failed,@johnwhite925,Lucas,voice_88b8bf46ebda3128.wav,+1-405-795-2154,ORD-257883,Phoenix,268.6,WP-BR-179760,curated.orders -> reports,1775994,Mason Martin,11.2,inactive,"1099 Maple Dr, Paris, GA 29476",Netherlands,Married,EMP85984,+18354576315,WP-CA-185747,Executive Report 2020,+1-911-204-1674,Male,Lee,@masonclark308,Australia,ADV-DU0UBB6FYT,ADV-6H2MN76N59,Step 1: Deploy the service.,+1-427-893-6611,WBC: 93.0 g/dL,997.6,PostgreSQL,MA9982453,"$4,624,856",,Toronto,Asian,voice_98e158c70b03053a.wav,0.5.87,11.68,2020-07-19 06:36:33,Germany,EMP56444
CHF,fp_37f65111db69d090,London,-84.2166,905 958 9999,fp_0af80fa6412e8371,68-9200273,Jessica Martin,@jamestaylor873,+12404747810,photo_a4ed29f5.jpg,UV,J55267301,NO,region=us-east,Proprietary,inactive,@susanjones40,William,voice_545a7e1c79474b52.wav,+1-317-930-9697,1611824,Boston,45.4,WP-DE-646528,raw.events -> analytics,7537273,Michael Martinez,22.9,inactive,"7068 Oak Ave, Austin, PA 62923",Australia,Divorced,EMP45691,425.230.5402,WP-GB-496625,Annual Analysis 2022,+1-271-836-2247,Male,Martinez,@davidyoung343,Australia,ADV-C66IZH5G7J,ADV-61J4J7CRGP,Step 2: Configure the system.,+1-893-245-2581,WBC: 249.3 g/dL,1142.8,Salesforce,FL9721822,"$9,270,615",,Phoenix,White,voice_73d99d258a846ed3.wav,2.3.39,13.12,2021-12-16T17:47:47Z,Brazil,EMP35533
AUD,fp_e677a31cb4976ae2,Sydney,48.9186,590.656.2950,fp_e26451156d03dd9a,43-1022763,Harper Johnson,@oliverwhite22,(536) 921-9186,photo_6ef24bb2.jpg,BMTL,V54919097,false,tenant=acme,MIT,cancelled,@loganking873,Logan,voice_80e603fd5554ed0f.wav,+1-208-372-5744,1485290,Phoenix,154.2,WP-MX-509498,curated.users -> exports,880936,Patricia Lewis,32.3,completed,"612 Pine Rd, Chicago, PA 27588",South Korea,Married,EMP77718,292 940 4828,WP-IN-538383,Annual Report 2020,+1-225-707-2997,Non-binary,Taylor,@davidanderson261,Mexico,ADV-CHUBB62I57,ADV-V8MZX4S1MB,Step 3: Deploy the module.,+1-628-743-7531,Glucose: 262.6 K/uL,1901.8,Snowflake,OH3482556,"$9,682,898",,Portland,Other,voice_e2494046e1b0c1d6.wav,3.10.87,13.92,2019-06-28 14:28:25,India,EMP38171
INR,fp_1e03a072ba8a977f,Miami,-90.0435,(784) 317-2368,fp_461ec597085c32eb,22-4074392,John Martinez,@jamesthompson705,360-215-3041,photo_dc080516.jpg,PPU,M82040248,false,region=2024-01,Proprietary,completed,@emmataylor994,Jessica,voice_dc78c4bcbcec07dc.wav,+1-720-757-2395,4068604,Paris,265.4,WP-JP-418204,curated.events -> analytics,4818714,Emily Johnson,35.0,active,"9216 Main St, Chicago, FL 74330",India,Married,EMP18537,+16394452228,WP-DE-706176,Technical Report 2023,+1-764-949-3498,Non-binary,Johnson,@emilymartinez464,Singapore,ADV-YDYOIN2VW1,ADV-VD6ZC62ZM8,Step 2: Deploy the module.,+1-227-668-5304,WBC: 79.9 K/uL,508.4,Salesforce,MA5461477,"$3,121,064",,Toronto,Asian,voice_f68daa276bade92b.wav,1.14.77,5.16,2022-10-13 21:13:44,Spain,EMP62444
CNY,fp_b5e00b25e8067a65,Houston,40.8676,582-248-1083,fp_55012207c5438c66,62-1326651,David Thompson,@robertjackson351,237-861-7680,photo_b40d8536.jpg,JSMVS,T69026871,false,tenant=us-east,GPL-3.0,cancelled,@oliviaclark126,Sophia,voice_bc9ebbb6d7497dfd.wav,+1-535-578-1384,5523690,Atlanta,266.6,WP-JP-595486,curated.users -> exports,USR-396901,Liam M. Walker,-28.8,approved,"2372 Park Blvd, London, MA 18745",Netherlands,Divorced,EMP97026,480-363-3105,WP-JP-898578,Technical Analysis 2023,+1-217-837-2508,Male,Lewis,@emmagarcia435,Israel,ADV-DP8ELU1Q6Z,ADV-ZKQHARWIKD,Step 4: Initialize the module.,+1-787-559-6703,Cholesterol: 77.0 K/uL,483.5,Snowflake,TX7953867,"$8,720,999",,Los Angeles,Mixed,voice_eac40cdf7a9a077b.wav,5.4.4,4.61,2019-02-11 10:29:56,France,EMP59728
GBP,fp_3d9df365406fd9b9,Atlanta,74.4683,684-670-3706,fp_b0aef7e81dced6f2,32-3777115,Sarah Thomas,@jennifermartin497,883.625.2305,photo_952cffe5.jpg,GFWU,X31088815,YES,dt=us-east,MIT,pending,@jenniferwilliams923,Susan,voice_a4cb2edcf86ca2b5.wav,+1-912-280-7313,USR-640108,Austin,143.1,WP-MX-717629,raw.events -> analytics,ORD-797907,Linda Martinez,14.6,pending,"9155 Pine Rd, Houston, GA 85649",France,Divorced,EMP89738,(677) 521-2029,WP-US-441611,Executive Review 2026,+1-655-727-2792,Non-binary,Young,@amywhite876,Italy,ADV-2GBWGQC9HZ,ADV-NX5I8SLZUS,Step 2: Configure the system.,+1-455-868-8885,Hemoglobin: 155.5 g/dL,1409.1,PostgreSQL,MA8574530,"$4,946,944",2025-08-27T19:33:24Z,Sydney,White,voice_f8f2f57b4a6715f5.wav,4.9.44,9.9,2019-09-24 04:12:30,Spain,EMP45344
EUR,fp_990d3086c4e17676,London,87.69,+17306618473,fp_cd9ec898a96279b2,55-8907976,John Harris,@robertwright461,302-688-7580,photo_45d16ff4.jpg,GYVYF,V82462302,NO,region=2024-01,Apache-2.0,cancelled,@jenniferwilliams713,Jessica,voice_a75714ab4162990e.wav,+1-347-770-1645,28354,Portland,109.4,WP-AU-341874,raw.events -> analytics,518932,William Z. Martin,9.9,rejected,"481 Pine Rd, San Francisco, NY 21859",Brazil,Married,EMP37711,203-449-9045,WP-US-705436,Quarterly Report 2024,+1-444-832-5182,Non-binary,Davis,@jameslewis182,Israel,ADV-4LUVEXEZAR,ADV-GMUSQ6KRF8,Step 5: Deploy the service.,+1-506-937-8431,Hemoglobin: 191.0 K/uL,1898.7,Kafka,PA6175115,"$5,839,006",2023-02-28 19:22:09,Atlanta,Hispanic,voice_1e729d62a8742dcc.wav,5.17.58,2.24,2026-09-22 08:08:01,Brazil,EMP23915
CHF,fp_c80bc9112fcebd28,Portland,42.8494,368.247.8898,fp_e4128a0ac653aaa1,56-5552417,Lucas Robinson,@noahmiller459,698-480-1607,photo_625041ff.jpg,KGBZR,Y86079767,false,region=acme,CC BY 4.0,approved,@liamrobinson475,Harper,voice_a6f23610eb9d5352.wav,+1-537-231-2404,USR-842366,Berlin,53.5,WP-US-253880,curated.users -> reports,ID-770710,Olivia Martin,-2.6,cancelled,"294 Pine Rd, Portland, WA 69529",Canada,Widowed,EMP56417,632 945 5133,WP-AU-167844,Executive Analysis 2020,+1-387-543-6001,Female,Lee,@masonclark389,Singapore,ADV-AM5ZPC6WI8,ADV-IE1ECRTFRI,Step 4: Monitor the pipeline.,+1-731-341-4377,Hemoglobin: 285.3 K/uL,26.8,PostgreSQL,CO9294917,"$1,259,981",,Seattle,White,voice_8cfa5aea9f39eca0.wav,3.20.6,0.43,2019-10-19 22:05:48,United States,EMP64642
BRL,fp_fd72440aa14f4626,Portland,-82.7783,+16868651677,fp_da586d7667ff932c,10-2301067,Ethan Moore,@emilyyoung871,(778) 788-4486,photo_2e8a7828.jpg,QV,L32192548,false,region=acme,Proprietary,failed,@sarahwright554,Ethan,voice_3efbdc292a8f3dba.wav,+1-495-768-4049,ID-822887,Denver,259.2,WP-MX-728620,curated.orders -> exports,ORD-799394,Susan Garcia,-1.1,rejected,"6587 Oak Ave, Toronto, OH 32585",Switzerland,Widowed,EMP22318,+13246084207,WP-CA-291739,Annual Review 2022,+1-819-888-2944,Female,Lee,@lindathompson245,Canada,ADV-M3CIQK7LZ6,ADV-LJOD8FUB52,Step 4: Deploy the system.,+1-287-570-2935,Hemoglobin: 155.5 K/uL,388.5,Salesforce,PA1182839,"$8,323,421",,Berlin,Asian,voice_c8d766a9fa539905.wav,2.18.23,11.86,2020-04-28T18:44:32Z,Canada,EMP95974
CHF,fp_e66aa1280683fb9a,Atlanta,11.0776,815.650.8699,fp_f7c8858dde6f93c8,42-8645674,Liam U. Lewis,@lindaclark932,(746) 323-5505,photo_afec1dc5.jpg,TZTIC,R66128130,YES,region=acme,GPL-3.0,failed,@robertjones829,Mary,voice_87d8f38162f86770.wav,+1-478-578-8171,660464,Portland,122.1,WP-MX-229599,curated.events -> reports,USR-294201,David Moore,-21.3,inactive,"2062 Pine Rd, Houston, CO 20944",United States,Married,EMP91286,966.514.9951,WP-IN-674417,Quarterly Report 2024,+1-835-636-8567,Non-binary,White,@harperrobinson188,France,ADV-U3AENKE96S,ADV-ANNUYOSB2U,Step 5: Initialize the module.,+1-902-689-9873,Glucose: 211.9 K/uL,209.4,Workday,NY7262557,"$3,676,495",,Denver,Other,voice_530e8a719ca799f1.wav,4.19.29,12.87,2018-03-05T23:18:24Z,United Kingdom,EMP59396
GBP,fp_70c840ebded6f5b9,Phoenix,66.4761,647-371-4837,fp_976fafe71bae5d55,88-8669042,Sarah Moore,@jessicagarcia650,842-897-8099,photo_1be28b7c.jpg,TWAF,A95023259,true,dt=us-east,Apache-2.0,completed,@elizabethrobinson162,Jessica,voice_5eb61ba2b71f0dd9.wav,+1-943-238-3907,ID-880378,Los Angeles,50.3,WP-US-180224,staging.events -> reports,5501293,Ethan Martinez,-32.1,approved,"7405 Maple Dr, New York, CA 74486",Italy,Divorced,EMP34086,635.989.7504,WP-BR-281574,Technical Review 2021,+1-675-366-8988,Other,Young,@jessicalewis744,Australia,ADV-4FXTT8IALC,ADV-63P6790V4R,Step 5: Monitor the system.,+1-440-810-5147,Hemoglobin: 70.6 mg/dL,1686.0,Workday,CO2643236,"$9,355,847",,Paris,White,voice_3457ba91f87c2154.wav,0.5.16,7.07,2020-03-05T06:07:46Z,Sweden,EMP50968
AUD,fp_5114b8d95babdb38,Los Angeles,-8.7349,596-897-5030,fp_51d2ad61ecf86236,33-8810943,Emma Thompson,@ethanyoung856,(264) 563-8109,photo_a4444f52.jpg,KMQ,Z31799807,true,region=acme,MIT,active,@jenniferanderson976,David,voice_000f71e49374a9b8.wav,+1-993-876-7029,3598154,Toronto,23.3,WP-US-176934,staging.users -> exports,USR-164241,Sophia Miller,48.0,active,"9162 Maple Dr, Berlin, TX 22392",Spain,Married,EMP28162,(732) 521-8549,WP-GB-203783,Quarterly Summary 2025,+1-229-336-9108,Other,Johnson,@loganjohnson859,South Korea,ADV-IV9Q3ICVL0,ADV-BTSQSPRKCV,Step 4: Deploy the pipeline.,+1-957-588-1340,Hemoglobin: 129.9 K/uL,652.0,Workday,PA6859680,"$1,691,464",,Los Angeles,Asian,voice_2f4172559df514b5.wav,5.16.26,13.96,2023-07-16T09:00:40Z,India,EMP23916
BRL,fp_960e1a462d943877,Atlanta,-23.7368,935 392 9544,fp_255178bb6a915892,77-1750139,Jennifer Robinson,@lucaswilliams677,(743) 616-7565,photo_0f2ae29b.jpg,LK,H88828740,true,dt=2024-01,Apache-2.0,failed,@logansmith620,Liam,voice_941e382fafff45f5.wav,+1-939-552-9388,7846134,Denver,144.5,WP-DE-999837,staging.orders -> analytics,USR-150715,Linda Lee,19.2,completed,"1995 Park Blvd, Denver, TX 83321",Japan,Married,EMP27321,656 667 9545,WP-CA-337565,Annual Report 2024,+1-482-448-8441,Non-binary,Walker,@loganlee676,Mexico,ADV-SMUK84WVND,ADV-NYCZLF23LD,Step 4: Configure the module.,+1-936-371-6651,Cholesterol: 194.1 g/dL,440.3,SAP,CA7814208,"$7,125,231",2022-01-01 11:19:10,Sydney,Asian,voice_b427739d5305aa63.wav,3.19.92,2.36,2024-11-03T20:15:30Z,Japan,EMP59494
CAD,fp_f1b3b0c5439eac15,Boston,-40.0112,409 847 9242,fp_36aaf89be63a43f9,95-7511637,Richard Thompson,@emilysmith916,426.840.2984,photo_cda63c38.jpg,SVKI,L52626317,NO,dt=2024-01,BSD-3-Clause,completed,@susanking688,David,voice_c93cb01722ac9623.wav,+1-924-532-1078,9829241,Miami,238.6,WP-IN-579099,curated.users -> exports,ORD-646597,Amy Moore,34.6,rejected,"6569 Pine Rd, Chicago, TX 47439",Brazil,Divorced,EMP87108,+19282112690,WP-AU-976519,Annual Analysis 2024,+1-342-279-8443,Female,White,@elizabethtaylor206,India,ADV-7I1A0POZAS,ADV-X2EL28SSC3,Step 1: Deploy the pipeline.,+1-838-806-1872,Cholesterol: 265.5 K/uL,643.6,Kafka,CO4977008,"$5,575,579",,Austin,White,voice_b47bed6f550da28b.wav,2.15.2,11.97,2025-10-19T16:00:10Z,Japan,EMP46767
BRL,fp_3d6499862e0a56e2,San Francisco,34.8212,787-968-1911,fp_5764af54b40e4878,12-9346503,Elizabeth Brown,@sophiaanderson659,(494) 592-8966,photo_ade54d54.jpg,ACSEQ,P91047054,NO,dt=us-east,GPL-3.0,completed,@harperjohnson917,Linda,voice_525cffe5d39233d9.wav,+1-802-937-7699,9857399,Dallas,275.2,WP-FR-977339,raw.orders -> exports,ORD-917853,David King,29.6,rejected,"6577 Park Blvd, Denver, CA 89751",Spain,Single,EMP78984,288-311-4409,WP-US-374367,Quarterly Summary 2021,+1-736-880-3864,Female,Rodriguez,@oliviamartinez771,France,ADV-HC8FO0AI4S,ADV-04IGLR1EGU,Step 1: Verify the service.,+1-256-358-8850,WBC: 190.1 g/dL,1704.1,SAP,FL6434057,"$9,143,361",,Portland,White,voice_da01f8ae2af69568.wav,2.9.80,0.4,2025-08-09T16:07:15Z,Australia,EMP21608
BRL,fp_58f7fa78cc92984a,Berlin,-67.7239,792-558-1261,fp_c6b2ef78d6110957,94-1363485,Jessica G. White,@lindamiller157,251-715-1162,photo_18f02974.jpg,ZXXGM,H25469041,false,tenant=2024-01,GPL-3.0,completed,@ethanwhite841,Harper,voice_3a7361b4db3e9b36.wav,+1-596-907-4960,REC-190604,Los Angeles,295.3,WP-DE-245139,curated.orders -> analytics,REC-399989,Michael Jones,40.2,completed,"7733 Maple Dr, San Francisco, IL 79719",Netherlands,Divorced,EMP29053,(603) 807-5212,WP-BR-241707,Executive Analysis 2022,+1-652-921-8550,Male,White,@sophiamartin706,United Kingdom,ADV-1ACMPOZQ32,ADV-IQZGAA2XDA,Step 5: Monitor the module.,+1-238-237-2381,Glucose: 200.6 K/uL,1215.7,Workday,PA2023031,"$3,094,186",,Boston,White,voice_485afef28dc78414.wav,3.10.68,9.6,2026-12-27 22:58:09,Switzerland,EMP50351
INR,fp_e37937b09a765c83,Phoenix,-13.7779,433.786.5899,fp_f01079c09dbb7217,36-5657914,Amy King,@ethanmoore859,313 452 7449,photo_cf368f52.jpg,RK,X28767655,NO,region=us-east,GPL-3.0,pending,@harperjackson26,David,voice_26a0e7abc0519c30.wav,+1-769-322-4250,USR-723420,London,20.7,WP-AU-145240,raw.users -> analytics,REC-965308,Mason Thompson,41.7,inactive,"7313 Main St, Denver, NC 68679",United States,Married,EMP87996,521 209 2034,WP-IN-898800,Executive Summary 2023,+1-368-581-6403,Female,White,@emmawilliams424,Netherlands,ADV-RIU25SBAFX,ADV-VVSN97BUHK,Step 3: Monitor the module.,+1-510-508-5606,WBC: 103.4 K/uL,756.7,Snowflake,NC5753808,"$2,463,066",,Toronto,Asian,voice_3c7d4fe31e88b07d.wav,2.19.50,12.25,2020-08-20 14:01:50,France,EMP96217
CAD,fp_0fc3a093c2d7b419,Toronto,28.6775,358 720 6136,fp_fa4fc7593b6120bf,98-4345658,Jennifer Walker,@aidenmoore927,+15414329065,photo_71fe6c6c.jpg,WZD,O32452229,YES,tenant=2024-01,Proprietary,approved,@patriciamiller549,James,voice_e3ed676f83af3041.wav,+1-598-638-8719,USR-327557,London,46.1,WP-CA-493558,curated.events -> reports,TXN-221009,Mason Thompson,-33.5,active,"6005 Elm St, Houston, NY 44218",Australia,Divorced,EMP20972,(789) 634-6350,WP-CA-643376,Annual Summary 2024,+1-766-496-4154,Non-binary,Anderson,@loganyoung742,Canada,ADV-5MQQCUMW2R,ADV-1J15A738KK,Step 2: Monitor the module.,+1-446-510-2039,Hemoglobin: 297.6 K/uL,1126.7,Workday,TX1315801,"$4,945,943",2025-02-16 19:02:36,Boston,Hispanic,voice_2a69c62bf2b91ead.wav,5.3.25,11.09,2023-09-10T07:39:12Z,Japan,EMP45268
GBP,fp_17a41cccc9607979,Toronto,-77.1924,+18785865283,fp_94165d269bb88e85,45-1930533,Anna Jackson,@davidbrown228,935.512.2062,photo_6e42b300.jpg,IWG,E57415166,NO,region=us-east,BSD-3-Clause,rejected,@noahking475,Oliver,voice_e61a3b0f43ec6136.wav,+1-293-404-8163,USR-215528,Berlin,53.4,WP-US-742423,raw.users -> reports,5514682,Robert Williams,10.3,completed,"1164 Park Blvd, New York, CO 66119",United States,Divorced,EMP65395,+18937878778,WP-US-731773,Executive Summary 2024,+1-579-995-5974,Non-binary,Smith,@maryjackson992,Israel,ADV-LVUD4U842C,ADV-7APFUU52PA,Step 4: Monitor the system.,+1-778-724-4266,Glucose: 247.3 K/uL,397.9,SAP,CA5931121,"$6,541,505",2024-09-22 04:29:44,Seattle,White,voice_30166e8cd4f4e284.wav,1.10.94,13.18,2024-07-17 10:38:24,Israel,EMP88335
CHF,fp_78705d70ec1ea1db,Berlin,91.428,(661) 745-7230,fp_66e37a8a454da4a6,62-6889002,William Johnson,@sophiarobinson691,+13717425803,photo_d9694925.jpg,IUJWK,A91147561,true,tenant=acme,CC BY 4.0,completed,@noahlee811,Logan,voice_6d83afde5f890a6e.wav,+1-695-543-4969,6991967,Atlanta,218.6,WP-CA-645303,staging.users -> analytics,ORD-168321,Ethan Harris,-3.2,cancelled,"8701 Oak Ave, Dallas, NY 47911",Canada,Single,EMP17019,809-654-5421,WP-BR-476194,Executive Summary 2020,+1-969-483-3234,Other,Smith,@ethanrodriguez158,Singapore,ADV-KXOROG6HB6,ADV-HHSFG9MW04,Step 2: Initialize the system.,+1-599-730-2120,WBC: 202.7 K/uL,1742.9,SAP,NY6892030,"$2,691,922",2026-02-25 13:46:34,Atlanta,Asian,voice_a22e945126b953fb.wav,4.1.6,3.53,2018-09-09 00:28:19,United States,EMP41134
USD,fp_032dd42bd06cc55e,Tokyo,-93.8072,679-938-3395,fp_a0e0d574028ab44d,29-1186160,Michael Johnson,@elizabethdavis312,(613) 833-3478,photo_47e5149e.jpg,KIQJ,B52113022,NO,dt=us-east,Apache-2.0,inactive,@olivertaylor767,Aiden,voice_3dc0d928a0b9061f.wav,+1-413-844-6881,2104970,Seattle,171.8,WP-FR-326446,raw.users -> analytics,ID-224582,Anna Thompson,49.5,inactive,"5632 Main St, Houston, OH 50624",India,Divorced,EMP37921,208-723-2829,WP-CA-708217,Quarterly Summary 2026,+1-505-896-1391,Other,Davis,@aidenyoung837,Japan,ADV-Y2YC2ISMLD,ADV-VXNSUPDAZK,Step 2: Monitor the system.,+1-226-374-7632,WBC: 278.6 K/uL,1488.4,Salesforce,IL5954146,"$3,510,823",2022-10-11T13:17:39Z,London,Mixed,voice_dd6de224408cb870.wav,1.11.20,4.01,2020-11-18 22:02:48,United Kingdom,EMP90663
CHF,fp_807368200c02da43,Atlanta,-78.3333,+16579936050,fp_702a051d19b1d6fe,53-6552905,Patricia Moore,@sarahlewis665,+18224045229,photo_80bb2ad3.jpg,OJ,S87308621,YES,region=acme,CC BY 4.0,pending,@williammartin443,James,voice_cd553ccf6b8c1b6e.wav,+1-590-493-5614,ORD-833702,Los Angeles,28.4,WP-CA-795717,curated.users -> reports,4696843,Linda White,-8.0,failed,"7795 Elm St, Chicago, NC 44841",Israel,Married,EMP12790,434-277-9162,WP-JP-484407,Annual Summary 2025,+1-973-883-9223,Male,Martin,@lucasmartinez219,Australia,ADV-VMB6G2LCDQ,ADV-EXX5Q53JC4,Step 3: Verify the pipeline.,+1-769-396-8350,WBC: 183.5 mg/dL,1435.1,SAP,OH8504362,"$6,845,741",,Chicago,Hispanic,voice_23476be8a864a126.wav,1.2.22,8.78,2022-09-18T14:54:05Z,Italy,EMP16912
CAD,fp_a7522deccf0f5163,Berlin,79.2086,+16597555226,fp_397df77a9817b0f0,99-1529491,Patricia Clark,@maryanderson20,(676) 681-9727,photo_a19c5b3a.jpg,JCYP,U14577769,NO,tenant=us-east,Proprietary,rejected,@lindajohnson256,Jessica,voice_7259bc37bc264ac3.wav,+1-829-290-9012,ORD-289561,Atlanta,259.2,WP-IN-145099,staging.users -> analytics,TXN-540844,Patricia X. Wright,21.9,pending,"1530 Pine Rd, Miami, WA 29072",Sweden,Divorced,EMP61670,345.512.9312,WP-JP-614362,Executive Review 2026,+1-235-714-7428,Other,King,@susanbrown222,India,ADV-E1AJ7QHB0A,ADV-JGHI887IQY,Step 4: Initialize the pipeline.,+1-294-364-4015,WBC: 174.6 g/dL,1504.6,Workday,FL8390005,"$3,695,805",,Miami,White,voice_9b31fd82d53fcdf4.wav,3.20.23,12.12,2026-02-21T12:18:45Z,United Kingdom,EMP76717
AUD,fp_a124839fd9270474,Paris,80.5142,+19298591095,fp_76baf90f243fa9c2,66-8084648,Oliver Williams,@marymartin366,(250) 966-4612,photo_b5fa0946.jpg,KIOC,E98750466,true,tenant=2024-01,BSD-3-Clause,inactive,@emilythompson112,Jennifer,voice_abb17a71e9879f97.wav,+1-889-802-4706,REC-501264,Tokyo,226.8,WP-CA-485667,curated.users -> reports,7566680,Oliver Smith,-38.7,completed,"5923 Oak Ave, Los Angeles, FL 79261",Israel,Married,EMP24184,+16599818259,WP-DE-709522,Technical Summary 2025,+1-524-235-3573,Female,Jones,@noahwilliams329,Germany,ADV-ACPUXYYT3S,ADV-280DSGJFEE,Step 4: Monitor the service.,+1-350-569-4956,Cholesterol: 98.8 g/dL,1818.2,Salesforce,NC3554989,"$1,376,219",2026-05-07T19:13:15Z,Miami,White,voice_337dda36662a9c4a.wav,0.13.90,8.41,2018-08-08T14:13:00Z,France,EMP28976
CHF,fp_31e8a42824f880a6,Houston,75.657,442.870.8364,fp_0d05b897752d1eed,39-5035072,Mason Wright,@olivermartin331,804.250.4713,photo_6a9a01bb.jpg,HDEI,J64680571,NO,tenant=us-east,Apache-2.0,rejected,@loganrodriguez880,Richard,voice_f0efa1f858d6b6e4.wav,+1-737-378-9738,USR-228482,Los Angeles,288.7,WP-CA-612412,curated.users -> analytics,REC-967163,Olivia Lee,-5.0,failed,"3236 Elm St, Paris, WA 88111",Germany,Married,EMP54071,875 921 2317,WP-CA-854624,Technical Analysis 2022,+1-604-235-2444,Female,Miller,@annadavis863,Sweden,ADV-YEXVNH25XG,ADV-MEB0TCZJNS,Step 5: Deploy the service.,+1-594-319-4011,Cholesterol: 266.7 K/uL,1383.8,Snowflake,FL6302920,"$5,200,241",,Seattle,Black,voice_be66c99d06745668.wav,5.0.69,5.37,2018-12-21 11:24:48,Germany,EMP93025
CAD,fp_7cb35d928bf3aed7,Atlanta,-14.7856,542-994-6054,fp_a6be0a6a072cd06b,48-8315790,John Anderson,@amymoore904,901.792.9466,photo_3b1d4a17.jpg,GH,W29980585,NO,region=2024-01,CC BY 4.0,inactive,@jessicamiller281,Jennifer,voice_4fedfad401052de8.wav,+1-381-750-8512,TXN-347710,Phoenix,22.8,WP-BR-536661,curated.users -> exports,ORD-845745,Olivia White,-36.5,failed,"7865 Park Blvd, Chicago, NY 56035",United Kingdom,Married,EMP13040,365-386-6210,WP-US-783106,Executive Report 2024,+1-386-826-3217,Other,Moore,@johntaylor936,Norway,ADV-PHQPXNI02G,ADV-BO78FI0HBU,Step 3: Deploy the pipeline.,+1-865-546-9190,Hemoglobin: 197.9 g/dL,1284.7,Snowflake,CO8599533,"$9,898,390",,New York,White,voice_6d5f70104f2fb622.wav,2.4.66,12.45,2026-11-20T00:15:50Z,Netherlands,EMP68317
USD,fp_876a25088bfced52,Toronto,-61.6208,212.931.3006,fp_742338110e4b52e9,97-6484816,Mary Anderson,@michaellewis691,860 366 1859,photo_5cf79690.jpg,UU,S98605461,NO,tenant=acme,Proprietary,completed,@emilytaylor531,Susan,voice_a7316550f749e121.wav,+1-451-782-5380,5047988,Toronto,199.5,WP-JP-373814,staging.users -> analytics,8116195,Lucas Harris,-14.6,failed,"1363 Main St, London, IL 66477",South Korea,Single,EMP40009,814.967.1626,WP-FR-672542,Technical Review 2026,+1-745-811-8808,Other,Walker,@susanbrown188,Japan,ADV-VK1EP6NCKV,ADV-NZXLRA6K6R,Step 5: Configure the module.,+1-474-983-6173,Glucose: 166.3 g/dL,686.4,Workday,FL6343746,"$4,223,773",,Miami,Mixed,voice_81fc244ca2640de5.wav,0.14.1,11.6,2025-12-15 07:45:55,Netherlands,EMP87547
CAD,fp_b1be265db0e7e4f2,Los Angeles,73.7777,619.820.9181,fp_1810dff3c015cdaf,20-8140746,Ethan Wright,@aidenwhite352,717-523-1449,photo_d1498600.jpg,QIFMS,T27205854,true,region=us-east,Proprietary,completed,@susanrodriguez263,Susan,voice_bcf4180020edff45.wav,+1-418-673-2049,TXN-416865,San Francisco,124.8,WP-JP-921929,raw.orders -> analytics,764835,Richard Miller,29.1,rejected,"6305 Park Blvd, San Francisco, OH 87887",India,Divorced,EMP54109,598.550.6822,WP-MX-485565,Quarterly Report 2026,+1-469-787-2151,Female,King,@masonwhite22,France,ADV-OT2IVX7JSU,ADV-2TKSRSNF7T,Step 4: Verify the module.,+1-295-703-9067,Glucose: 224.4 mg/dL,961.4,Workday,NC2024519,"$2,988,823",2026-05-12 16:12:08,London,Other,voice_b88a1a2dcef8d1c3.wav,4.15.40,2.31,2020-05-26T12:03:58Z,Japan,EMP17393
CHF,fp_f0c85123fc06a3e2,Tokyo,69.1214,+16997329506,fp_86c5f635351db100,12-8349503,James Davis,@loganjackson28,748-859-3172,photo_ea609823.jpg,RW,Z46201958,YES,tenant=us-east,CC BY 4.0,inactive,@sophiayoung141,Sarah,voice_b9a82652606656fa.wav,+1-701-801-4957,5700041,New York,21.6,WP-GB-550996,curated.users -> reports,9504172,Olivia Jackson,-34.4,inactive,"5431 Oak Ave, Toronto, CO 11483",India,Married,EMP29748,898.354.8627,WP-IN-195401,Executive Summary 2025,+1-468-528-2189,Female,Taylor,@annawhite439,Brazil,ADV-WC6VMPHFDF,ADV-YDJGL85NOS,Step 2: Initialize the system.,+1-627-284-2696,Cholesterol: 188.1 g/dL,672.5,Workday,CO2424930,"$1,010,541",,San Francisco,Hispanic,voice_c5da64f90a13bd2e.wav,3.8.45,7.21,2022-08-27 17:34:02,Singapore,EMP44277
INR,fp_5b9ac9b3d155adfe,Miami,-95.8506,745.798.2032,fp_7877ff856142a1e7,66-3175178,Jennifer White,@lindamartinez165,914 282 1100,photo_d759cd42.jpg,MC,R24437847,true,tenant=acme,BSD-3-Clause,pending,@emilymartinez438,Emma,voice_aef15f1b26a2da03.wav,+1-346-679-3171,6538341,Boston,178.0,WP-JP-255403,staging.users -> exports,9449114,Logan Johnson,-10.6,approved,"4639 Park Blvd, Chicago, MA 97716",Netherlands,Single,EMP53415,+12526359190,WP-IN-797786,Quarterly Review 2020,+1-632-555-1781,Male,Davis,@harpersmith328,Canada,ADV-56R4EZX1MN,ADV-2LV3RK5GU8,Step 4: Deploy the pipeline.,+1-667-802-3612,Glucose: 274.0 mg/dL,711.9,PostgreSQL,WA7361185,"$7,055,487",2021-07-24 06:44:59,Chicago,Black,voice_4bea651972a67e0e.wav,2.12.35,0.87,2025-08-15T01:27:03Z,Germany,EMP35477
EUR,fp_24744217222fbedb,Berlin,31.9886,241 492 2221,fp_972c3f91c5a63f5c,20-2525677,Olivia Jones,@oliviayoung996,543 235 7082,photo_2f7e87cd.jpg,VQGXS,R83336846,true,tenant=acme,CC BY 4.0,failed,@liamanderson213,Mary,voice_560a7d477d358048.wav,+1-400-762-1090,ORD-507252,Los Angeles,206.7,WP-GB-645364,raw.users -> exports,USR-935321,Amy W. Brown,-39.8,completed,"5429 Oak Ave, Chicago, PA 36831",France,Single,EMP74629,405.718.1091,WP-FR-108812,Quarterly Report 2026,+1-731-661-8479,Female,Wright,@jamesanderson77,Japan,ADV-YWB4AJQZY1,ADV-KQTVD3MFAT,Step 2: Configure the pipeline.,+1-494-254-4443,Glucose: 264.9 g/dL,912.6,Salesforce,FL2531658,"$955,274",,Miami,Hispanic,voice_d47fa50adbcb442d.wav,4.18.78,13.79,2020-12-03T03:34:37Z,Sweden,EMP57127
BRL,fp_0b370f6a3572134b,Miami,1.9333,(222) 956-3904,fp_0d5774a296cb2875,86-2093459,William Davis,@noahdavis127,(253) 497-1899,photo_6e9e4a44.jpg,MZ,W44496154,NO,dt=acme,GPL-3.0,rejected,@elizabethrodriguez427,Harper,voice_f449d5375802d0cb.wav,+1-784-334-2995,USR-254497,Phoenix,280.0,WP-US-916536,curated.events -> exports,8373723,Harper Jackson,-33.3,approved,"931 Cedar Ln, Berlin, CO 58054",South Korea,Divorced,EMP22114,658.965.4214,WP-DE-483868,Technical Review 2021,+1-799-917-6438,Non-binary,Clark,@oliverwhite419,Netherlands,ADV-RVAUFD66QG,ADV-3YL2OOFHLI,Step 2: Verify the module.,+1-801-614-5604,Hemoglobin: 149.1 mg/dL,1693.0,Snowflake,OH3087717,"$6,766,105",,Atlanta,White,voice_413bc5427091ff7e.wav,4.13.2,4.88,2021-10-26T12:26:02Z,Israel,EMP18591
GBP,fp_e4b8a5997a38a260,Toronto,-35.0917,827-810-4069,fp_d41277d214729edf,22-9982337,Anna Smith,@jenniferbrown13,668-825-4301,photo_99be30dd.jpg,AA,J64841667,YES,dt=us-east,BSD-3-Clause,approved,@robertmartinez410,Michael,voice_fe4571b76d822635.wav,+1-258-586-3994,ID-935500,Austin,152.8,WP-MX-347091,raw.orders -> analytics,USR-216070,Aiden Garcia,19.9,approved,"3169 Elm St, Chicago, NY 99429",Switzerland,Single,EMP88144,400 750 2851,WP-FR-685206,Annual Review 2021,+1-836-930-6209,Male,King,@liamjackson644,India,ADV-W9A3F7QTEN,ADV-DGF7EB2EA6,Step 1: Deploy the system.,+1-945-647-2505,WBC: 263.3 K/uL,908.5,SAP,IL3905685,"$7,220,780",2021-04-26 13:17:07,London,White,voice_45899b211a7c9916.wav,2.19.36,1.23,2018-07-13T00:06:36Z,Norway,EMP93976
