fact_boolean_flag,x_role,xjxj50,DEVICE_IDENTIFIER,src_tenant_identifier,department,dateOfBirth,LATENCY_RESPONSE_TIME,load_ts,middle_name_raw,ezxnk25,user_salary_compensation,performance_review,distance_raw,f_183,RATIO,col_176,src_duration,xcq75,meta_594,middle_name,country_info,attr_stock,soft_delete_flag,vehicleIdentificationNumber,charset,day_of_week_raw,x_iut,dug46,maiden,time_zone,salary_compensation_data,mailing_address,FIRST_NAME,sourceSystem,dgff93,department_division_raw,name,mqq13,handle,department_division,tier,attr_627,EMPLOYEE_RECORD,v_330,dim_inves,val_xf,user_bonus_variable_pay,rbzbjb12,c_378,middleName,MIDDLE_NAME,nee,var_vuw,meta_562,val_pops,DEPARTMENT_DIVISION,caption,v_maide,maiden_nm,given_name,v_224,measpwr,user_performance_review,stock_rsu_grant,c_547,f_hvma,x_confi,stockRsuGrant,maiden_name,dob,dept,src_uptime_availability,user_first_name,maidenName,mname,DATA_FORMAT
false,Software Engineer,High,c65470c5-76b4-47e6-b229-60072cb18390,tenant-050,Finance,0003-03-1956,1447,2020-05-25 18:51:47,I,29 23 * * *,"$71,064",Needs improvement,7881.5,sig_46e6f5d75b8c1e3c,8.3993,Operations,9236,Sales,Taylor,A,United States,4844 shares @ $384.47,false,Y6F7N9O4GJ41TRG4X,UTF-8,Tuesday,Jones,"$116,142",Davis,EST,"$66,504","4994 Pine Rd, Portland, WA 85758",Sarah,Kafka,0012-02-1953,Marketing,Linda Martin,2024-07-13T03:42:14Z,jessica.walker458,Support,Hardware,"$9,692",EMP-68034,region=acme,INV-844739,1655 shares @ $128.93,"$12,912",104.985702,Support,Z,W,King,GRW-5133,Olivia,active,Operations,Figure 1: Distribution,Lewis,Smith,Patricia,2018-01-07T10:49:52Z,28918.6,Outstanding,3132 shares @ $490.13,Exceeds expectations,Garcia,"[23.2, 76.31]",2271 shares @ $273.75,Taylor,0005-01-1956,Marketing,98.0272,Robert,Martinez,F,XML
0,VP Engineering,High,5c3c3a13-f446-4747-bb41-2881588adc3e,tenant-015,Finance,05-12-1972,4155,2022-09-18 09:23:44,L,9 13 * * *,"$116,063",Outstanding,1495.8,sig_bbf6c0dde0fb08da,0.2363,Marketing,80805,Engineering,Wright,T,Canada,1733 shares @ $338.91,false,2C929RP7JAKB8HTJL,ASCII,Thursday,Davis,"$248,030",Thomas,Europe/London,"$104,033","2978 Oak Ave, Los Angeles, OH 76490",Logan,Workday,0005-22-1951,Legal,Michael Wright,2023-07-15 23:22:50,michael_walker820,Support,Services,"$7,252",EMP-44213,region=acme,INV-464846,1692 shares @ $226.17,"$2,322",-97.114632,Sales,Y,S,Jones,TPJ-2991,Mason,rejected,Operations,Figure 11: Distribution,Garcia,Williams,Emily,2020-01-15 13:16:48,13547.8,Meets expectations,472 shares @ $95.5,Outstanding,Davis,"[16.49, 64.02]",3579 shares @ $80.84,Martin,0004-04-1987,Marketing,97.4097,Ethan,Martin,N,Parquet
no,Data Analyst,Negligible,40ba24f1-1747-487d-b831-23341e3ac0ce,tenant-034,Operations,0004-04-1996,516,2024-12-22 10:40:55,I,2 10 * * *,"$227,368",Meets expectations,5968.9,sig_fdbdc8561f317642,0.0352,Legal,84244,Support,Martin,R,Canada,2800 shares @ $200.81,false,5Z216ZXYDKYQ1YZ0U,UTF-8,Sunday,Thomas,"$207,497",Rodriguez,CET,"$55,641","5681 Pine Rd, Berlin, MA 55058",Richard,PostgreSQL,10/22/1998,Sales,Sarah Jones,2020-09-03T06:25:12Z,david_jackson257,Support,Electronics,"$27,974",EMP-77405,tenant=us-east,INV-542665,2224 shares @ $422.28,"$34,582",-35.31607,HR,N,L,Moore,GTO-8938,Linda,approved,Legal,Figure 12: Distribution,Anderson,Lee,Sarah,2022-04-07T00:15:24Z,40542.9,Exceeds expectations,1574 shares @ $362.24,Meets expectations,Young,"[24.84, 98.79]",1573 shares @ $137.02,Martinez,0011-11-2004,Support,95.1621,Ethan,Walker,D,YAML
no,Data Analyst,Negligible,269bb9b3-978f-488b-b9fd-07e47c5975fb,tenant-011,Legal,11-19-1960,2890,2025-08-27 16:37:41,P,50 18 * * *,"$219,737",Needs improvement,3411.7,sig_9198959141af2c66,7.0086,Operations,81681,Marketing,Anderson,S,Switzerland,4581 shares @ $167.75,false,LIOHL5H7IOAL3FHP2,ASCII,Tuesday,Jones,"$188,847",Wright,CET,"$184,835","5298 Cedar Ln, Toronto, CA 14060",Emily,Salesforce,0001-28-1959,Operations,Lucas Taylor,2022-03-05 09:37:46,patricia_walker675,Sales,Clothing,"$18,293",EMP-77326,tenant=us-east,INV-531197,2716 shares @ $150.11,"$15,179",151.700519,Legal,S,A,Lee,GAT-2318,Sophia,approved,Marketing,Figure 16: Comparison,Smith,Jackson,Noah,2026-11-10 03:10:20,46396.0,Exceeds expectations,3913 shares @ $360.5,Exceeds expectations,Robinson,"[36.44, 68.42]",469 shares @ $353.5,Johnson,12-22-2004,Operations,96.2146,Sophia,Walker,E,YAML
false,CTO,High,7aad6e94-7e10-44f1-9d06-0b9d262928a0,tenant-002,Legal,06/12/2002,3936,2020-10-12 00:31:13,G,45 14 * * *,"$72,055",Meets expectations,7206.9,sig_8a95b8ea98b09bd8,0.9859,Operations,80176,Finance,Jackson,I,United Kingdom,3353 shares @ $113.75,false,ATWLUKGD5ERXQUDMW,ISO-8859-1,Thursday,Anderson,"$243,057",Robinson,CET,"$171,358","5823 Elm St, Chicago, PA 10361",Anna,PostgreSQL,07-26-1967,Legal,Michael Brown,2022-09-24 03:34:20,liam_smith308,Support,Software,"$46,441",EMP-60671,region=2024-01,INV-691181,1046 shares @ $448.51,"$32,976",-107.031699,Support,J,Q,Jackson,MPR-6523,David,active,Engineering,Figure 14: Timeline,White,Moore,Susan,2021-04-04T03:58:19Z,25895.0,Exceeds expectations,1908 shares @ $477.59,Meets expectations,Smith,"[16.82, 78.2]",4126 shares @ $96.43,Williams,0002-11-1947,Operations,95.1172,Aiden,Johnson,C,Avro
0,Designer,High,f78437ab-76e1-475c-80a2-b90081fcb410,tenant-017,Support,11/07/1992,2945,2018-06-22T16:23:58Z,N,0 14 * * *,"$118,731",Exceeds expectations,6707.0,sig_1d23149e095be755,3.6169,Marketing,30990,Operations,Garcia,W,Sweden,3520 shares @ $137.78,true,9PUGUEE9F5CZ0K4Y3,Latin-1,Tuesday,Thomas,"$243,004",Davis,JST,"$183,222","1550 Oak Ave, Atlanta, CO 46990",Amy,SAP,01/07/2000,Operations,Emma Wright,2025-11-02T18:37:18Z,robert_king954,Finance,Electronics,"$25,656",EMP-27191,dt=2024-01,INV-964697,4996 shares @ $498.49,"$25,972",-106.740764,Marketing,O,X,Thomas,XCW-6727,James,rejected,Finance,Figure 17: Overview,Harris,Jackson,Sarah,2019-06-13 21:17:32,9198.2,Exceeds expectations,4450 shares @ $87.21,Meets expectations,Walker,"[24.8, 73.9]",2046 shares @ $68.94,Robinson,06/13/1949,Sales,96.5402,Oliver,King,U,CSV
0,Sales Rep,Low,fd1717a9-c80b-4393-b7c7-1ed09628c2a2,tenant-032,Finance,11-25-1984,2248,2018-08-28 06:22:45,K,21 0 * * *,"$142,998",Needs improvement,8823.1,sig_38bbd715af8b9496,1.5659,Finance,86327,Sales,Taylor,I,Canada,3176 shares @ $465.19,false,BRE9EHWSAK9YK0ZI2,ASCII,Friday,Thompson,"$184,159",White,EST,"$95,860","3423 Maple Dr, Miami, PA 94191",Michael,Kafka,07-05-1995,Finance,Richard Rodriguez,2022-03-09 07:58:30,jessicaharris800,Sales,Hardware,"$1,811",EMP-80787,tenant=2024-01,INV-745237,2406 shares @ $305.44,"$19,741",-68.141772,HR,S,X,Martin,SKG-3657,Mary,pending,Operations,Figure 16: Distribution,Jackson,Thompson,Mary,2025-08-11 11:44:21,13219.8,Outstanding,3378 shares @ $61.89,Meets expectations,Brown,"[11.32, 82.29]",285 shares @ $66.73,Smith,10/23/2006,HR,98.7833,Anna,Lewis,I,JSON
true,Data Analyst,High,303ee5ab-05f2-4264-9c1b-09e9984e3593,tenant-020,Finance,0004-02-1965,2191,2025-12-09 08:44:52,G,32 20 * * *,"$39,384",Exceeds expectations,3636.9,sig_216c90b32d5c11bb,6.389,Finance,42944,Engineering,Anderson,F,France,2642 shares @ $437.15,true,2CKBA3TXCRCOH40OL,UTF-8,Monday,Lee,"$232,090",Taylor,Europe/London,"$164,793","8497 Main St, Portland, MA 84488",Emily,Salesforce,0006-08-1969,Finance,James Johnson,2025-01-10 00:44:58,sarahanderson477,Finance,Hardware,"$44,311",EMP-25352,tenant=us-east,INV-956536,3313 shares @ $127.46,"$7,556",-20.979002,Engineering,G,I,Lee,UPM-2855,Mary,pending,Operations,Figure 20: Comparison,Lewis,Garcia,Emma,2020-09-01 07:26:53,22535.9,Meets expectations,2632 shares @ $31.8,Needs improvement,Anderson,"[38.39, 74.58]",3075 shares @ $131.05,King,07/11/1962,Operations,95.6155,Amy,Walker,D,CSV
1,VP Engineering,Negligible,d81a0b0e-8500-42f9-9636-c0c9caf5cad5,tenant-020,Operations,02-11-1975,1341,2023-12-04 03:39:37,R,6 1 * * 1-5,"$160,950",Needs improvement,9744.0,sig_78db1370a214ada9,6.6749,Marketing,73249,Operations,Young,T,Brazil,2397 shares @ $37.2,false,SKWFTFMAJZ0SSNW8P,Latin-1,Tuesday,Jones,"$152,238",Young,UTC,"$152,582","9522 Oak Ave, Denver, WA 10898",Patricia,Workday,0006-11-1968,HR,Robert Johnson,2021-11-16 01:58:19,mary_moore918,Operations,Electronics,"$21,366",EMP-57775,dt=2024-01,INV-440920,544 shares @ $265.9,"$33,027",-90.856413,HR,B,T,Wright,EVJ-2529,Sophia,pending,Sales,Figure 9: Comparison,Lewis,Smith,Sophia,2026-05-15 01:47:27,47118.2,Meets expectations,4012 shares @ $306.57,Needs improvement,Clark,"[33.67, 76.91]",2987 shares @ $494.37,Jackson,11-20-1967,Marketing,98.9191,Aiden,Miller,O,CSV
1,CTO,Critical,2777ad71-3088-4c6b-94c3-3d144350cc47,tenant-005,HR,03/12/1997,4073,2020-05-17 05:09:41,E,"38 22 * * 0,6","$217,231",Needs improvement,2160.5,sig_826e86acc4f69494,9.9388,Support,49581,HR,Anderson,I,Germany,2872 shares @ $11.94,false,9D94XFK26JL5SKQC1,Latin-1,Thursday,Jones,"$38,933",Garcia,CET,"$101,742","5251 Park Blvd, Sydney, IL 79376",Ethan,SAP,08/22/1954,Marketing,Jennifer Smith,2019-01-06 04:11:14,robert_king445,Finance,Clothing,"$40,177",EMP-41999,dt=2024-01,INV-700604,593 shares @ $145.96,"$11,659",106.893987,Marketing,W,F,King,UJL-3029,Emily,pending,Legal,Figure 11: Timeline,Williams,Harris,Logan,2024-09-21T03:11:23Z,46775.9,Meets expectations,4820 shares @ $445.75,Exceeds expectations,Rodriguez,"[12.65, 82.13]",2207 shares @ $391.17,Clark,09-20-1968,Engineering,99.5702,Mary,Harris,R,JSON
0,Software Engineer,Low,cccfd2db-5538-421f-b961-cc7702666307,tenant-017,Engineering,0009-04-1948,2678,2024-01-04 05:10:31,K,"50 14 * * 0,6","$228,838",Meets expectations,9390.1,sig_8909e2691c317f24,6.0174,Engineering,7740,HR,Rodriguez,B,Germany,3104 shares @ $280.44,false,T0B63VKMXD9F8E89G,Latin-1,Friday,Brown,"$202,869",Miller,EST,"$103,815","8756 Maple Dr, Denver, MA 86290",Sarah,Salesforce,07/18/1994,Legal,Jennifer King,2020-01-04 22:07:13,susan_moore542,HR,Services,"$11,190",EMP-89226,dt=us-east,INV-712049,3104 shares @ $310.18,"$15,830",168.665629,Engineering,T,R,Thomas,TVH-3846,Olivia,failed,Sales,Figure 19: Distribution,Miller,Moore,Liam,2024-12-09 08:43:24,13810.6,Meets expectations,4523 shares @ $31.88,Outstanding,Lewis,"[9.03, 61.53]",464 shares @ $350.98,Martinez,07/20/1995,Legal,98.3069,Ethan,Walker,O,JSON
0,VP Engineering,Low,8312a515-f70e-4bcc-afb5-913cfec8e3f3,tenant-038,Operations,03/05/1966,3832,2020-10-22T02:23:37Z,N,54 3 * * *,"$54,323",Meets expectations,5623.7,sig_9b9b0599036a3171,7.4586,HR,12908,Legal,Young,J,Germany,3018 shares @ $462.44,false,UFJUGQ1NO9IQ8KH4L,UTF-16,Saturday,Rodriguez,"$213,498",Davis,America/New_York,"$175,636","3277 Pine Rd, Chicago, TX 17491",Mary,PostgreSQL,0002-23-1971,Legal,Liam Brown,2021-07-17 14:49:08,michael_taylor866,Engineering,Hardware,"$27,600",EMP-67288,region=2024-01,INV-459007,1484 shares @ $478.06,"$42,485",-148.985046,Engineering,R,O,Miller,OFX-5284,Jessica,rejected,Finance,Figure 19: Overview,Lee,King,Noah,2026-03-26 05:34:50,37368.0,Outstanding,4246 shares @ $227.04,Meets expectations,Thomas,"[26.51, 78.51]",3328 shares @ $127.79,Young,12/24/1977,Engineering,97.4206,Amy,Martin,K,YAML
yes,Product Manager,Critical,e73ba91a-338e-4f7d-a3d9-1b2840a31e40,tenant-001,Sales,0012-24-1975,3432,2021-08-26 10:18:37,C,32 7 * * *,"$245,675",Meets expectations,5638.4,sig_31b457b5a2524ff1,0.1547,Marketing,73200,Operations,Martinez,V,Italy,268 shares @ $112.98,false,RVNELFLR0REOWVN19,ISO-8859-1,Sunday,Young,"$233,584",Smith,JST,"$226,846","5136 Cedar Ln, Berlin, WA 58402",Amy,Salesforce,07-02-2000,Legal,Logan Brown,2025-11-19T15:44:27Z,harperthomas147,HR,Food,"$43,376",EMP-78372,region=acme,INV-112447,2862 shares @ $90.38,"$30,678",158.002358,Operations,L,J,Brown,RKC-5956,John,completed,HR,Figure 19: Distribution,Anderson,Martin,Amy,2019-02-27T20:44:44Z,25800.5,Meets expectations,4415 shares @ $306.1,Exceeds expectations,Johnson,"[27.56, 74.93]",649 shares @ $71.4,Smith,0001-07-1991,Engineering,98.2304,Logan,Taylor,S,XML
true,Sales Rep,High,02e1b449-958d-4f92-9b8e-a95ca4c207b3,tenant-046,Support,0010-21-1942,4884,2019-06-09 04:08:26,B,3 8 * * 1-5,"$129,404",Meets expectations,4737.5,sig_0da6afadab2b7b89,7.5518,Legal,79337,Sales,Lewis,H,Italy,4544 shares @ $107.97,false,7DDQ8O3111PPBM421,UTF-8,Monday,Lewis,"$226,884",Anderson,Europe/London,"$212,887","2949 Pine Rd, New York, NC 40604",Patricia,PostgreSQL,01/01/1995,Support,Jessica P. Robinson,2023-05-23 21:30:20,noahrobinson939,Engineering,Food,"$22,392",EMP-54805,dt=2024-01,INV-440030,3915 shares @ $22.05,"$17,454",-52.132198,HR,K,B,Williams,TVB-1532,Noah,completed,Support,Figure 18: Distribution,Smith,Johnson,Elizabeth,2019-03-17 05:20:57,31657.8,Outstanding,1945 shares @ $260.43,Meets expectations,Davis,"[14.54, 66.78]",3642 shares @ $96.13,King,03/08/2009,HR,96.3055,Elizabeth,Thompson,A,Parquet
true,VP Engineering,Low,73013cbe-a1dd-460b-bab2-199f3dadec3b,tenant-006,HR,0009-25-1991,1734,2025-03-06 17:58:23,A,"5 20 * * 0,6","$112,660",Outstanding,3204.9,sig_1d36dfc83bf066ea,0.6008,Operations,29873,Legal,Smith,Y,Japan,3072 shares @ $60.8,true,DWIKC9VL1MAFK0BHI,UTF-8,Sunday,White,"$111,588",Robinson,JST,"$124,939","7129 Main St, Sydney, GA 40828",Susan,SAP,04/25/1989,Marketing,Liam Taylor,2024-08-12 20:59:20,logan.brown83,Operations,Services,"$47,768",EMP-50178,tenant=2024-01,INV-388928,4623 shares @ $224.49,"$32,344",177.88974,Engineering,T,Y,Jackson,YUV-1276,Noah,approved,HR,Figure 17: Timeline,Miller,Clark,Jessica,2023-08-09 10:18:56,686.3,Exceeds expectations,1232 shares @ $378.55,Exceeds expectations,Taylor,"[31.89, 82.85]",2489 shares @ $408.48,Garcia,08/17/1944,Support,96.3157,Richard,Garcia,I,Avro
no,Software Engineer,Medium,ba1ada7b-1339-416e-9b0b-27b40fbc2b6c,tenant-027,Marketing,0010-14-1950,909,2023-02-22T12:20:07Z,L,"48 9 * * 0,6","$49,300",Exceeds expectations,3745.1,sig_2c096e1ecf9921b6,7.3804,Marketing,28364,Legal,Moore,G,Singapore,2412 shares @ $276.9,false,QMGV0896VZSKQMVWK,UTF-8,Sunday,Harris,"$146,638",Anderson,CET,"$224,101","5921 Main St, Paris, OH 72349",Mason,Workday,0005-02-1949,HR,John Johnson,2019-04-24T05:26:01Z,michael_walker909,Finance,Food,"$2,045",EMP-99923,region=2024-01,INV-657698,3724 shares @ $115.76,"$4,818",-174.656226,Support,X,N,Jackson,TXU-5145,Harper,active,Sales,Figure 19: Timeline,Jones,Garcia,Harper,2022-10-01 16:09:17,42272.8,Meets expectations,1740 shares @ $427.29,Meets expectations,Miller,"[18.86, 93.32]",2911 shares @ $208.07,Johnson,0012-23-1953,Sales,98.2936,David,Harris,R,Parquet
false,CTO,Critical,e09a931d-dce3-451e-a35f-85d3f55aa81a,tenant-009,Support,03/27/1994,4490,2025-08-18T08:13:08Z,I,14 11 * * *,"$33,699",Exceeds expectations,150.7,sig_520aaad084298619,9.9606,Support,78322,Support,Davis,L,Canada,1307 shares @ $82.33,false,1SBGTUOM7VX8L7APK,UTF-16,Saturday,Wright,"$241,462",Clark,JST,"$63,468","9218 Elm St, Dallas, NC 22730",Mason,Workday,03/02/1958,Finance,James D. Martinez,2026-02-06 15:56:42,richard_martin188,Legal,Electronics,"$18,466",EMP-29634,region=2024-01,INV-854894,4080 shares @ $165.01,"$46,169",-72.235775,Operations,T,O,Smith,MHS-3080,Susan,active,Support,Figure 3: Comparison,Miller,Clark,Susan,2018-06-22T11:18:20Z,10321.9,Exceeds expectations,2547 shares @ $354.48,Needs improvement,Williams,"[22.04, 71.05]",2549 shares @ $274.16,Rodriguez,07-25-1995,Support,95.3016,Elizabeth,Rodriguez,K,Avro
1,Software Engineer,Low,9c9d719d-da1a-4002-9b7f-ce7148fc5395,tenant-033,Marketing,12/25/1981,4448,2026-05-03 14:49:24,R,"49 2 * * 0,6","$184,941",Outstanding,6155.2,sig_e00655d955e3c7e2,0.7434,HR,8851,Support,Davis,A,South Korea,2216 shares @ $36.95,false,EKRTRY0BDEH7AZOQB,Latin-1,Wednesday,Garcia,"$33,203",Davis,EST,"$77,482","4476 Oak Ave, San Francisco, MA 15626",Aiden,Snowflake,0007-02-1949,HR,Mason Williams,2019-06-07 17:55:53,sarah.robinson307,Engineering,Services,"$35,951",EMP-83417,region=acme,INV-243941,2847 shares @ $63.03,"$9,791",136.631719,HR,P,C,Robinson,HBH-2889,Mary,inactive,Sales,Figure 9: Comparison,Lee,Garcia,Emily,2021-04-06 09:05:31,2351.2,Outstanding,4732 shares @ $287.55,Outstanding,Lewis,"[36.57, 89.84]",2393 shares @ $395.57,Wright,0011-05-1999,Engineering,99.7003,Elizabeth,White,D,Parquet
1,VP Engineering,Critical,bf87582c-d818-418f-b7d8-471522160bd6,tenant-014,HR,12-28-1954,1377,2023-05-03 15:38:07,W,41 4 * * *,"$194,538",Exceeds expectations,6294.5,sig_03a3a8ecccb2c374,3.6403,HR,40691,Engineering,Brown,I,Sweden,398 shares @ $68.51,true,S2S7KLM6ELN3NFJ4A,UTF-8,Friday,Martinez,"$94,247",Johnson,EST,"$53,199","6550 Maple Dr, Boston, GA 11653",Patricia,PostgreSQL,0008-21-1982,Engineering,Robert Martinez,2019-02-01 00:12:14,richard.robinson312,Support,Clothing,"$26,061",EMP-21315,region=2024-01,INV-809809,4390 shares @ $197.9,"$22,547",-92.185033,HR,V,D,Moore,XCV-2558,Liam,pending,Support,Figure 5: Comparison,Martinez,Young,Patricia,2023-03-27 02:00:50,27629.1,Meets expectations,3779 shares @ $261.47,Exceeds expectations,Young,"[6.88, 96.89]",636 shares @ $283.73,Garcia,02/22/1988,HR,97.3085,Aiden,Rodriguez,J,YAML
true,VP Engineering,Medium,b44aa192-d3f6-4a93-9737-bd50bdad548d,tenant-005,Marketing,08-19-2002,3219,2022-11-24T01:33:09Z,E,22 12 * * *,"$227,463",Needs improvement,1112.2,sig_dd7da8d85d3f2407,7.596,Engineering,50045,Marketing,Martinez,O,France,2490 shares @ $318.83,false,9VX1RQPUUG3TZDP63,ASCII,Monday,White,"$92,977",Robinson,EST,"$183,688","2386 Maple Dr, Atlanta, WA 40496",Patricia,Salesforce,03-14-1945,Finance,Logan O. Thomas,2020-03-13 03:06:04,john.jones603,Sales,Services,"$10,698",EMP-77909,dt=us-east,INV-680297,1804 shares @ $455.58,"$49,794",-125.784353,Marketing,E,P,Lewis,PGO-1347,Susan,cancelled,Engineering,Figure 10: Overview,Garcia,Clark,Logan,2023-09-24T17:28:39Z,44478.7,Needs improvement,4373 shares @ $138.57,Needs improvement,Davis,"[30.59, 77.29]",3152 shares @ $336.31,King,07/22/1996,HR,97.1149,Amy,Brown,O,YAML
true,Software Engineer,Low,f642c217-dccd-46eb-9dca-73a1cfb9f450,tenant-050,Finance,0002-27-2003,2303,2019-01-12T05:40:16Z,U,9 23 * * 1-5,"$37,435",Needs improvement,7620.5,sig_1791a7ad66008a7f,8.3942,Marketing,67736,Marketing,Lewis,B,United Kingdom,2604 shares @ $234.7,false,VGTQORZJQSNKP232Q,UTF-8,Wednesday,Taylor,"$214,636",King,America/New_York,"$216,485","9237 Maple Dr, Sydney, MA 86315",Harper,Workday,01/20/1970,Engineering,Sophia Rodriguez,2021-12-09 01:45:25,liam_smith512,HR,Services,"$45,354",EMP-18201,region=2024-01,INV-846164,3966 shares @ $477.87,"$23,293",-49.421165,Finance,C,O,Garcia,DSX-8121,Mason,completed,Support,Figure 4: Comparison,Anderson,Martinez,Patricia,2020-04-24T19:11:28Z,39110.9,Exceeds expectations,2979 shares @ $490.71,Meets expectations,Wright,"[33.02, 66.64]",4182 shares @ $199.38,Jones,02-11-1984,Finance,95.1626,Jessica,King,K,JSON
0,Data Analyst,Medium,83c43ed5-92e9-4d2b-b58a-1e314ef815b7,tenant-017,Legal,11/14/1967,3449,2024-12-16 04:05:57,Z,"7 4 * * 0,6","$227,434",Needs improvement,7678.8,sig_bb0181083b758b5d,2.1648,Sales,18406,Engineering,Walker,C,Norway,848 shares @ $109.64,false,CBIQJWPKCTBF1HFRS,ISO-8859-1,Tuesday,Lewis,"$207,321",Thompson,CET,"$60,048","6861 Cedar Ln, London, CA 10587",Robert,Kafka,06-25-1942,Marketing,Linda White,2022-03-20T23:37:46Z,olivia.martinez754,HR,Food,"$3,728",EMP-77443,dt=us-east,INV-798833,3454 shares @ $421.4,"$4,523",3.392147,Finance,H,J,Harris,PTG-6426,Noah,inactive,Operations,Figure 6: Overview,Wright,Smith,Ethan,2025-11-13T22:25:24Z,45213.7,Needs improvement,4400 shares @ $221.87,Outstanding,Williams,"[14.85, 62.52]",131 shares @ $339.79,Williams,0011-02-1940,Marketing,99.1267,Liam,Lewis,Y,XML
true,Data Analyst,Critical,e43e893f-925d-470c-94a8-e32a5f8bb810,tenant-050,Engineering,06/17/1999,3427,2020-08-13T10:28:04Z,V,14 2 * * 1-5,"$123,491",Outstanding,3241.9,sig_fca09f34ce822764,2.6514,Sales,76212,Operations,Taylor,T,France,990 shares @ $441.6,true,HZ3E6LI0CSYJA3VJN,Latin-1,Wednesday,Martinez,"$101,356",Miller,CET,"$204,077","7480 Cedar Ln, Los Angeles, FL 69707",Logan,SAP,02/09/1985,Marketing,Ethan J. Jackson,2020-11-20 16:40:58,jessica.king121,Finance,Food,"$24,852",EMP-19689,dt=acme,INV-559188,2348 shares @ $249.18,"$31,609",-6.026413,Operations,V,R,Thompson,TTY-2620,Logan,cancelled,Operations,Figure 4: Overview,Harris,Harris,John,2024-01-10 21:17:59,42214.7,Outstanding,2232 shares @ $299.49,Outstanding,Moore,"[31.55, 90.21]",3076 shares @ $250.62,Jackson,0011-28-1973,Sales,97.3666,John,Clark,M,Avro
false,Software Engineer,Medium,b8e527df-a169-4b2c-8bf1-e7cd486a1336,tenant-017,HR,11-12-1964,3775,2021-10-24 11:32:39,B,44 19 * * 1-5,"$37,753",Meets expectations,94.1,sig_4b67424d03fad065,3.522,Sales,17902,Support,Moore,C,Mexico,629 shares @ $83.97,false,KEE9HET7UE7CCK0KK,ASCII,Sunday,King,"$153,888",White,PST,"$211,526","8812 Park Blvd, Boston, FL 31251",Lucas,Kafka,02-11-1953,Marketing,Harper H. Walker,2022-06-12 01:23:51,jenniferdavis264,HR,Hardware,"$14,256",EMP-18480,region=acme,INV-420334,2299 shares @ $238.09,"$16,550",-111.169065,Finance,Y,N,Jones,PZC-5377,David,inactive,Support,Figure 7: Timeline,Garcia,White,James,2023-02-22T09:40:57Z,6364.0,Needs improvement,2877 shares @ $224.16,Needs improvement,Rodriguez,"[35.18, 63.2]",4932 shares @ $43.88,Johnson,04/12/1975,Marketing,97.829,Emily,Robinson,X,CSV
false,CTO,Low,90cb57c8-7a21-4632-9cbe-7b095fb63659,tenant-020,Finance,05-24-1983,653,2018-04-26 21:14:37,R,34 23 * * 1-5,"$60,689",Needs improvement,7094.2,sig_e201a36e2e5be1b0,6.5695,Engineering,14812,HR,Martinez,A,United States,1872 shares @ $413.79,false,Q7DWK3RQ6HVI3V1K0,Latin-1,Thursday,Walker,"$72,799",Johnson,EST,"$41,666","9803 Oak Ave, Berlin, GA 88532",Aiden,Snowflake,04-03-2010,Marketing,James Y. Williams,2021-03-21T12:59:34Z,aidenanderson676,Operations,Clothing,"$16,882",EMP-92354,dt=2024-01,INV-699286,1122 shares @ $270.22,"$31,449",-165.464236,Support,W,H,Rodriguez,CTI-4383,William,approved,Sales,Figure 11: Timeline,Miller,Johnson,Jessica,2024-07-15T13:57:51Z,24239.5,Meets expectations,536 shares @ $86.68,Needs improvement,Robinson,"[9.66, 68.75]",4618 shares @ $67.26,Young,04/27/1948,Engineering,99.6961,Mary,Williams,K,Avro
1,Designer,Critical,f50305be-7b0e-47d2-ac5c-e1b2c3939d73,tenant-029,Support,03/24/2010,1968,2018-11-04T18:48:30Z,M,36 19 * * 1-5,"$30,778",Outstanding,8691.1,sig_84efe1a6e3772803,7.7041,Sales,1999,Marketing,Jackson,R,India,4488 shares @ $303.39,false,IUYPLYTN973PG847C,ISO-8859-1,Sunday,Moore,"$45,924",Brown,PST,"$153,424","7987 Oak Ave, Los Angeles, PA 54744",Aiden,Salesforce,0009-05-1951,Support,Emma Walker,2019-06-05 05:05:15,patricia.miller804,Marketing,Software,"$23,149",EMP-62392,tenant=acme,INV-803254,3842 shares @ $498.86,"$46,430",-50.940344,Support,O,M,Lewis,PKP-1737,James,approved,Engineering,Figure 18: Overview,King,Thomas,Linda,2020-07-24 03:39:36,16371.8,Outstanding,1372 shares @ $15.86,Needs improvement,Williams,"[5.84, 85.62]",991 shares @ $343.82,Thompson,07/21/1983,Operations,95.3264,Mason,Miller,Q,Parquet
0,CTO,Medium,1fdd6255-821d-40ba-ba8c-15f5b21db68b,tenant-047,Sales,04-23-1956,2272,2020-09-18 10:44:16,Y,17 6 * * *,"$228,870",Meets expectations,163.7,sig_e3624c3952bbe8b0,1.574,Finance,66598,Finance,Robinson,R,Italy,4021 shares @ $430.34,false,IP42JUPI3LCRDL6GX,Latin-1,Thursday,King,"$45,023",Brown,EST,"$139,330","4222 Cedar Ln, London, FL 81585",John,Salesforce,0002-07-1953,HR,Anna White,2026-07-26T20:52:48Z,harper.anderson661,Finance,Electronics,"$29,533",EMP-12494,dt=acme,INV-228748,4606 shares @ $283.28,"$17,398",52.4881,Engineering,P,M,Lewis,NBN-3178,Lucas,pending,Support,Figure 13: Comparison,Davis,Moore,Emily,2018-06-17T22:53:28Z,25763.6,Meets expectations,2648 shares @ $45.84,Needs improvement,Wright,"[9.18, 97.7]",2679 shares @ $416.75,Williams,0012-08-1945,Operations,96.7425,Susan,Lee,G,Parquet
yes,Sales Rep,Critical,ee87fd2e-3ccc-4477-83fe-b7cfa8418335,tenant-032,Engineering,08-15-1986,2309,2018-03-01 19:01:03,P,28 0 * * *,"$126,869",Exceeds expectations,765.3,sig_6e76f027529827c9,6.5788,Support,16562,HR,Moore,P,Norway,3223 shares @ $489.36,false,NW2IFG8M1A7MAA27J,UTF-16,Tuesday,Anderson,"$84,835",Jackson,PST,"$32,768","8471 Cedar Ln, Sydney, TX 16787",Anna,Kafka,0010-13-1956,Legal,Aiden B. Johnson,2020-09-27 08:05:11,sophiajones500,Legal,Food,"$24,383",EMP-44899,tenant=us-east,INV-507892,4359 shares @ $394.45,"$43,253",-165.25789,Finance,H,S,Davis,QSO-6376,Mason,pending,Sales,Figure 8: Timeline,Garcia,Thomas,Harper,2019-07-21 17:07:17,44201.5,Outstanding,3942 shares @ $31.72,Outstanding,Wright,"[36.05, 74.08]",4389 shares @ $378.8,King,04/07/1940,HR,95.8964,Michael,Garcia,E,YAML
1,Sales Rep,Critical,ccec29a8-1a79-4090-a08f-cd8e43fdeeb1,tenant-001,Sales,09-17-1972,252,2025-09-15T18:11:07Z,R,24 0 * * *,"$174,171",Meets expectations,7594.5,sig_76580d24c598d161,1.001,Sales,76101,Operations,Lee,H,Sweden,3706 shares @ $407.44,true,CJT0KDZCWY3Y5ZV5D,UTF-16,Saturday,Wright,"$79,812",Davis,Europe/London,"$59,142","5842 Park Blvd, Tokyo, CA 93475",Jessica,Kafka,0006-10-1962,Legal,Mary Wright,2019-07-07 17:58:00,noahyoung422,HR,Clothing,"$9,008",EMP-90640,region=us-east,INV-802874,4459 shares @ $86.93,"$49,282",-156.005776,HR,C,E,Davis,SZC-7896,Elizabeth,pending,Finance,Figure 11: Timeline,Rodriguez,Taylor,John,2018-05-21T15:20:46Z,6965.0,Needs improvement,855 shares @ $350.95,Exceeds expectations,Lewis,"[11.28, 77.33]",2283 shares @ $377.5,Johnson,0001-11-1988,Marketing,96.1276,Olivia,Brown,Z,JSON
0,Product Manager,Negligible,524a884d-4038-44ef-905d-8f0f0d50cd06,tenant-033,Finance,07/22/1992,966,2018-06-20 18:24:45,X,48 18 * * *,"$164,371",Needs improvement,1982.9,sig_2750b3d123f0df6e,9.2492,Marketing,81258,Operations,Smith,L,Netherlands,379 shares @ $297.73,false,GDNTSH7893JHA5M0Q,ASCII,Wednesday,Thomas,"$235,197",Young,Europe/London,"$85,351","1004 Pine Rd, Paris, CO 40387",Logan,PostgreSQL,0001-15-2000,Marketing,Oliver White,2026-06-18 18:50:23,lucasbrown388,Marketing,Services,"$19,779",EMP-32154,tenant=2024-01,INV-639343,1173 shares @ $437.36,"$32,023",53.353086,Sales,L,G,Lewis,BWR-8642,Elizabeth,approved,Engineering,Figure 12: Timeline,Thompson,Brown,Emma,2020-02-13T11:33:41Z,32670.1,Meets expectations,4179 shares @ $203.55,Exceeds expectations,Williams,"[23.93, 99.41]",759 shares @ $268.71,Moore,04/19/1947,Engineering,98.608,Patricia,Clark,X,Avro
false,VP Engineering,Negligible,e140f023-685e-4ca0-856e-a503ee4fe6d6,tenant-028,Support,10-23-1993,1518,2023-09-20T06:05:36Z,Z,21 7 * * 1-5,"$129,032",Outstanding,4492.2,sig_cfffade7c98acff2,3.9101,Legal,4354,HR,Thomas,O,France,4683 shares @ $411.49,false,1IK8JAHLLOCQTX0JB,Latin-1,Saturday,Miller,"$48,793",Davis,CET,"$159,502","4810 Maple Dr, Berlin, FL 97033",Elizabeth,Kafka,02-16-1957,Sales,Patricia Davis,2026-09-06T17:30:35Z,johnjackson159,Operations,Clothing,"$20,510",EMP-17060,region=us-east,INV-239839,1593 shares @ $54.47,"$20,953",-98.911994,Sales,W,J,Harris,WXP-2626,Michael,rejected,Legal,Figure 17: Overview,Jackson,Davis,Sarah,2021-10-05 20:34:55,35356.8,Exceeds expectations,977 shares @ $152.17,Exceeds expectations,Jones,"[20.42, 64.53]",4130 shares @ $410.19,Smith,05-01-1943,Sales,99.599,Noah,Brown,E,JSON
false,CTO,Low,67368f4f-d76b-4d58-96db-3454f53d6601,tenant-015,Finance,0002-06-2003,4991,2025-09-14 06:43:10,L,21 3 * * 1-5,"$209,338",Needs improvement,9810.9,sig_92f68b258a94bebe,2.1686,Engineering,29965,Engineering,Martinez,I,Brazil,135 shares @ $444.7,false,LTO6IIC0WZ1HSNW37,ISO-8859-1,Tuesday,King,"$208,695",Martinez,Europe/London,"$206,902","5367 Maple Dr, Phoenix, IL 26518",Aiden,Workday,0011-21-1956,Sales,Ethan X. Martinez,2022-04-21 12:09:22,ethan.thompson964,Finance,Software,"$7,903",EMP-43715,tenant=2024-01,INV-411674,3235 shares @ $401.99,"$17,531",14.722358,Operations,X,U,Williams,SCL-4742,Ethan,completed,Legal,Figure 12: Comparison,Martin,Young,David,2022-08-05 08:16:59,37405.5,Outstanding,3095 shares @ $404.05,Outstanding,Thompson,"[26.41, 98.04]",2383 shares @ $198.39,Williams,0010-22-1941,Finance,99.2663,Anna,Lee,X,CSV
yes,Software Engineer,Low,268fcd9f-6336-46b4-8b26-ace6a7fce0ee,tenant-024,Engineering,08-08-1950,461,2018-03-28T05:31:37Z,Z,30 6 * * 1-5,"$141,800",Exceeds expectations,4376.5,sig_76213e87436bc976,0.1309,HR,20613,Operations,Thompson,D,South Korea,4467 shares @ $73.27,false,2CRSHSBUMII7IZP5U,UTF-8,Thursday,Smith,"$187,779",Clark,Europe/London,"$100,631","9638 Oak Ave, Berlin, IL 42691",Michael,SAP,09/22/1990,Operations,Mary Rodriguez,2018-04-28T17:37:24Z,robert_anderson930,HR,Services,"$20,553",EMP-46495,tenant=us-east,INV-313456,2903 shares @ $182.08,"$45,042",-53.945923,Finance,C,O,Moore,KUD-1110,Patricia,approved,Engineering,Figure 2: Distribution,Martinez,Johnson,Sophia,2025-04-23T14:29:47Z,20515.4,Outstanding,4932 shares @ $284.33,Outstanding,Lewis,"[26.65, 78.13]",2135 shares @ $61.28,Thomas,0004-02-1967,Support,96.2124,Emily,Johnson,V,YAML
yes,Designer,Negligible,872ffba7-35a6-4a91-ae50-046351aaf957,tenant-015,HR,0011-16-1959,1239,2018-12-22 12:55:45,H,24 3 * * *,"$180,394",Exceeds expectations,8893.7,sig_04fdf46f6220007d,0.0075,Support,68100,Engineering,Martinez,U,Spain,159 shares @ $112.32,true,DJM8BCB8837BPSE0C,UTF-8,Sunday,White,"$207,811",Garcia,Europe/London,"$59,067","7368 Maple Dr, Toronto, CO 25292",Jessica,Salesforce,05-12-1942,Operations,Olivia Robinson,2026-09-27T03:31:47Z,oliver_williams721,Operations,Electronics,"$45,237",EMP-25525,tenant=2024-01,INV-726234,1487 shares @ $358.28,"$15,634",59.865641,Marketing,Z,C,Wright,PGC-4741,Jessica,active,Marketing,Figure 19: Distribution,Jones,Miller,James,2022-07-17T05:25:36Z,35566.9,Needs improvement,1997 shares @ $282.48,Needs improvement,Smith,"[22.01, 94.03]",2250 shares @ $305.5,White,04-15-1955,Sales,99.881,David,Miller,V,Parquet
1,VP Engineering,Negligible,38badcc7-ae18-47a3-9f27-a3fe93256322,tenant-015,Finance,12-04-1984,2990,2020-06-14T05:54:51Z,S,51 20 * * *,"$117,780",Exceeds expectations,3809.4,sig_35178f734d67f344,6.7831,HR,78733,HR,Robinson,I,Australia,1661 shares @ $70.3,false,SYDFOCPF0S2J10OAE,ASCII,Sunday,Jackson,"$107,067",Smith,UTC,"$125,392","8138 Pine Rd, Miami, FL 60126",Amy,Kafka,0005-28-1952,Legal,Jennifer Robinson,2024-05-07 21:25:30,sophia.garcia507,Engineering,Electronics,"$19,055",EMP-87344,tenant=2024-01,INV-948707,3421 shares @ $78.08,"$42,518",114.77633,Sales,C,G,Martin,PKY-3954,James,active,Operations,Figure 17: Comparison,Rodriguez,Robinson,Anna,2023-09-16T16:50:26Z,7369.7,Meets expectations,923 shares @ $329.89,Exceeds expectations,Walker,"[18.32, 72.04]",772 shares @ $70.04,Rodriguez,07/04/1945,Legal,95.0821,Robert,Garcia,V,Avro
1,Data Analyst,Low,5a4308dd-d1fb-4cb3-bc94-dd3c081b8b3b,tenant-034,Engineering,04-28-1977,411,2019-06-07 20:33:43,K,27 0 * * *,"$163,912",Needs improvement,1316.2,sig_0f8472dca6419e87,3.149,Engineering,7137,Finance,Rodriguez,M,South Korea,911 shares @ $386.94,false,VDB0DTQ70QZ8K27XF,UTF-16,Thursday,Rodriguez,"$213,883",Moore,PST,"$79,374","4083 Maple Dr, Paris, TX 89268",Harper,Workday,10-02-2005,HR,Anna H. Davis,2018-04-10T13:26:21Z,james_thomas723,Support,Services,"$41,140",EMP-50868,dt=us-east,INV-747138,836 shares @ $85.18,"$33,173",-135.58026,Finance,O,U,Lee,KIS-1645,Logan,active,Sales,Figure 18: Overview,Martin,White,Anna,2021-07-13T05:39:05Z,20618.2,Outstanding,3876 shares @ $106.4,Meets expectations,Martinez,"[10.53, 74.63]",69 shares @ $452.58,Johnson,01-27-2001,Marketing,97.5793,Emma,Brown,K,XML
true,Sales Rep,Low,db4d23b3-e5e6-4391-b7cd-f641d9b4359a,tenant-034,HR,06/06/2004,755,2024-07-28T20:38:12Z,U,34 12 * * *,"$123,507",Exceeds expectations,3924.9,sig_e3a2d609f827cbb7,4.8145,Marketing,70982,Operations,Miller,I,India,1563 shares @ $450.23,false,IQDO9YGJ7FFLFDLPJ,ASCII,Friday,Harris,"$116,579",Harris,America/New_York,"$198,926","3957 Main St, New York, NC 50405",Logan,PostgreSQL,0002-17-1967,Sales,Patricia Miller,2020-07-03T11:44:42Z,richardmiller192,Sales,Clothing,"$32,103",EMP-84473,region=us-east,INV-457677,2905 shares @ $271.41,"$1,710",-164.781955,HR,O,C,Martinez,NQX-8717,Aiden,pending,Support,Figure 6: Timeline,Martin,Lewis,Noah,2021-03-10 04:12:56,17933.2,Exceeds expectations,3428 shares @ $217.28,Outstanding,Williams,"[25.15, 60.15]",4915 shares @ $440.84,Wright,0001-26-1981,Sales,97.082,Ethan,Rodriguez,V,Avro
0,Designer,Medium,73177562-7213-4e99-847f-8094245a636f,tenant-037,Finance,0002-21-1989,4931,2021-04-04 09:47:45,U,"50 14 * * 0,6","$207,404",Meets expectations,1691.9,sig_674cc73a5db07549,4.588,Sales,41308,Legal,Wright,N,United Kingdom,4854 shares @ $200.01,false,MORVBVAVDUXDQFZU3,UTF-8,Sunday,Miller,"$169,191",Garcia,PST,"$239,489","3237 Maple Dr, Austin, FL 49796",Logan,PostgreSQL,0010-07-1951,Legal,Ethan Johnson,2024-06-12 00:11:08,jessica_harris442,Marketing,Food,"$49,212",EMP-46645,dt=us-east,INV-149432,2812 shares @ $192.34,"$31,316",-54.69536,Finance,U,Z,Lee,HUX-4353,Mason,pending,Legal,Figure 1: Distribution,Miller,King,Sophia,2020-08-08T23:10:08Z,31467.7,Exceeds expectations,1992 shares @ $261.85,Exceeds expectations,Miller,"[32.87, 68.36]",354 shares @ $267.71,Williams,0009-12-1985,Finance,96.7828,Anna,Jackson,U,XML
false,Data Analyst,Critical,fc2b1601-8593-48f6-87af-9277ad4f2d8f,tenant-042,Sales,07/22/1988,4066,2022-11-25 06:36:37,Q,57 13 * * 1-5,"$214,689",Outstanding,4075.6,sig_ab96209b7184fa97,0.2129,Finance,19419,HR,Brown,Q,Canada,1405 shares @ $98.21,false,17CT4HVTEHSG73VG9,UTF-16,Tuesday,Wright,"$192,766",Davis,America/New_York,"$69,760","4119 Elm St, Denver, NY 60576",Amy,Kafka,10/18/1990,Operations,Susan Walker,2018-06-17T23:13:48Z,amy_robinson32,Support,Services,"$39,833",EMP-74839,tenant=us-east,INV-496521,221 shares @ $246.49,"$33,873",45.736518,Support,M,V,Walker,RZP-9241,Sophia,cancelled,Support,Figure 16: Distribution,Miller,Lee,Patricia,2021-07-22 10:46:27,5875.5,Outstanding,1138 shares @ $496.27,Exceeds expectations,King,"[11.44, 62.81]",1959 shares @ $98.38,White,0001-28-2006,Sales,98.868,Mary,Lee,S,Parquet
true,Data Analyst,High,2f74f646-32bc-4910-81f8-f74a168af600,tenant-020,Legal,06/11/2001,2535,2021-01-27 17:12:38,X,56 9 * * 1-5,"$68,068",Exceeds expectations,1268.5,sig_529d35314a093b35,2.3378,Engineering,72910,Marketing,Thomas,O,India,146 shares @ $55.25,false,7QRMWTLFB2I05E42Z,UTF-8,Thursday,Jackson,"$101,946",Thomas,UTC,"$44,211","1056 Elm St, Dallas, OH 16736",Richard,Workday,0003-12-2005,HR,Logan Moore,2022-12-25T04:32:28Z,susan.thompson885,Support,Services,"$24,941",EMP-74065,tenant=2024-01,INV-708493,1916 shares @ $90.64,"$16,733",24.813857,Sales,B,K,Miller,LAH-3021,Sophia,cancelled,Operations,Figure 11: Distribution,Clark,Thomas,Sarah,2024-11-21T08:25:09Z,39566.9,Exceeds expectations,4345 shares @ $39.51,Exceeds expectations,Wright,"[33.18, 89.43]",2986 shares @ $145.77,Brown,12/17/1996,Legal,95.1876,John,Taylor,B,YAML
false,CTO,Negligible,faf9f4dc-4b50-4c7e-a8f9-b285b2a953ca,tenant-038,Legal,0005-13-1978,2299,2024-10-02T22:56:42Z,S,51 13 * * 1-5,"$137,547",Needs improvement,1452.7,sig_b9f13d650f416b42,0.7382,Legal,40713,HR,Robinson,T,United Kingdom,4773 shares @ $94.83,false,59PKZU6H85V33L5DH,UTF-8,Saturday,Lee,"$79,513",Johnson,JST,"$175,581","1487 Oak Ave, Los Angeles, TX 38956",Lucas,Salesforce,11/14/1991,Operations,Harper Brown,2019-06-10 00:08:33,robert.lewis895,Engineering,Hardware,"$26,969",EMP-80893,dt=us-east,INV-319127,1077 shares @ $406.75,"$48,651",67.73538,Marketing,V,N,Martinez,LYF-2307,David,failed,Operations,Figure 2: Timeline,Miller,Garcia,Mason,2023-12-18T02:11:59Z,48977.5,Needs improvement,1761 shares @ $134.09,Meets expectations,White,"[4.02, 99.78]",1066 shares @ $58.53,Johnson,05/16/1992,Support,98.3493,Susan,Lewis,S,Avro
no,Designer,Critical,49c7d53f-471b-441f-b90d-dc7f11b9abbe,tenant-023,Operations,03-18-1984,3946,2026-12-18 04:42:22,T,30 5 * * 1-5,"$233,221",Needs improvement,3342.9,sig_a7ff800ee2222154,1.7476,Marketing,66353,HR,Young,D,Netherlands,78 shares @ $134.65,true,D2BU2UYDLV7UKNMUX,ASCII,Saturday,Martin,"$142,832",Smith,JST,"$64,423","7267 Maple Dr, Tokyo, CA 99978",John,Salesforce,0011-06-1944,HR,David Thompson,2026-05-10T08:26:47Z,sarah_anderson335,Sales,Food,"$36,309",EMP-91509,tenant=2024-01,INV-633726,4234 shares @ $461.35,"$42,080",177.840714,Support,U,O,Davis,WVY-6843,Michael,cancelled,Operations,Figure 11: Comparison,Lee,Jones,Richard,2019-12-11 09:07:00,32465.5,Exceeds expectations,1159 shares @ $174.24,Outstanding,Anderson,"[32.46, 62.88]",4642 shares @ $256.38,White,08-08-1989,Sales,99.8925,Aiden,Garcia,N,XML
1,Product Manager,High,96db4c2c-a43a-4621-9854-860a2f405a20,tenant-042,Finance,0009-27-2006,117,2024-05-15T06:26:41Z,A,15 9 * * *,"$96,914",Exceeds expectations,7038.7,sig_59405e95912aab12,2.7662,Engineering,5428,Operations,Lewis,X,Norway,2493 shares @ $304.81,true,DTR40KB5TA3EH44YZ,UTF-16,Sunday,Garcia,"$42,309",Garcia,UTC,"$247,278","496 Elm St, Atlanta, GA 77661",Jessica,Snowflake,0005-27-1978,Marketing,Logan Harris,2020-01-11 19:22:16,amy.robinson570,Engineering,Services,"$20,755",EMP-48192,dt=2024-01,INV-875072,4505 shares @ $123.41,"$20,551",5.215302,Operations,J,R,Moore,KKF-4590,Patricia,active,Support,Figure 1: Comparison,Williams,Brown,Elizabeth,2019-04-08T12:59:35Z,15632.4,Meets expectations,3807 shares @ $209.85,Exceeds expectations,Wright,"[34.19, 77.97]",116 shares @ $469.04,Martin,04/18/1953,Marketing,99.2472,Jennifer,Moore,P,Avro
true,VP Engineering,Critical,c41c2680-7689-4cce-b3f0-ff28d856d9f8,tenant-035,Support,06/25/1997,3287,2025-02-19T12:37:33Z,U,44 0 * * *,"$56,705",Meets expectations,4706.2,sig_61889ea3caa9b3d0,6.2397,Engineering,18326,Marketing,Davis,Z,Italy,1231 shares @ $218.49,false,7NZSJ54KANBQ9IW43,ASCII,Sunday,Wright,"$151,757",Martin,EST,"$107,901","5298 Pine Rd, Paris, TX 32439",Ethan,Snowflake,09/03/1947,Marketing,Lucas Williams,2019-03-18T07:35:38Z,richardmartin788,Operations,Services,"$36,537",EMP-72889,region=2024-01,INV-137081,2222 shares @ $163.41,"$45,035",-57.376843,Legal,G,C,Garcia,DMG-3218,Ethan,approved,Engineering,Figure 4: Distribution,Lee,Lewis,Noah,2019-03-12T01:15:43Z,25485.4,Needs improvement,4065 shares @ $483.12,Needs improvement,Martinez,"[16.23, 78.17]",4650 shares @ $376.95,Walker,0012-20-1992,Marketing,97.4276,Patricia,Lee,D,JSON
yes,CTO,Medium,a8616b03-6c63-4df1-a279-311bdf9afc36,tenant-005,Support,12/03/1999,4938,2023-10-26 08:25:28,J,56 15 * * *,"$81,773",Meets expectations,4864.7,sig_9aeb74f5ca085e2a,7.3424,HR,58825,Sales,Martinez,T,Canada,70 shares @ $247.03,true,18NYPACK2V4SB17XN,UTF-16,Monday,Lewis,"$54,357",Lewis,America/New_York,"$112,750","6563 Oak Ave, Atlanta, IL 92476",Susan,Kafka,12/20/1953,Finance,Noah S. Garcia,2020-04-14T22:40:30Z,aidenwhite102,Engineering,Hardware,"$25,628",EMP-83381,tenant=acme,INV-775832,4561 shares @ $258.71,"$34,359",-84.472853,Operations,M,C,Martinez,FWW-9293,Susan,active,Finance,Figure 1: Overview,Clark,Thompson,Anna,2023-11-18T22:23:33Z,13097.3,Exceeds expectations,3707 shares @ $337.14,Needs improvement,Johnson,"[10.35, 79.48]",4929 shares @ $155.79,Williams,0003-07-1951,Engineering,99.2622,Elizabeth,Taylor,D,YAML
yes,Sales Rep,Medium,b191e22b-c9f5-4691-be21-74fb82a9966e,tenant-018,Support,0010-07-1966,4498,2021-12-07T12:16:40Z,K,45 21 * * 1-5,"$110,939",Exceeds expectations,8584.5,sig_3146f72c19fd33f2,9.9397,Support,24254,Support,Rodriguez,B,Mexico,1087 shares @ $414.13,false,VMKXSBOAQD65NFYLQ,UTF-16,Saturday,King,"$234,142",Clark,EST,"$135,795","2840 Maple Dr, Houston, CO 74814",Olivia,SAP,0002-12-2005,Sales,Emma Jackson,2018-12-04T16:56:25Z,aidenwalker723,Operations,Clothing,"$19,484",EMP-78904,tenant=us-east,INV-940836,2892 shares @ $261.45,"$11,210",14.011459,HR,G,C,Moore,DEE-1336,Emma,failed,Legal,Figure 20: Timeline,King,Rodriguez,Mary,2020-03-18 19:22:15,29725.1,Needs improvement,3753 shares @ $385.64,Needs improvement,Clark,"[18.7, 99.73]",1594 shares @ $456.21,Smith,0009-26-1961,Finance,96.612,Noah,Brown,N,YAML
1,VP Engineering,Negligible,ca41c1ae-a31a-4a21-a0c6-67af088e0c57,tenant-037,Marketing,06-02-2003,2703,2022-08-13T17:58:27Z,H,"20 6 * * 0,6","$36,853",Meets expectations,2458.5,sig_3a306cda13c8b798,3.6516,Engineering,59818,Operations,Jones,C,Netherlands,643 shares @ $86.19,false,1EWPF6S7R6NU92KWI,ISO-8859-1,Monday,Johnson,"$93,058",Moore,America/New_York,"$109,855","4807 Elm St, Seattle, GA 99641",Michael,Salesforce,0010-18-2010,Operations,Amy Clark,2023-02-26 03:22:55,emily_moore741,Sales,Services,"$35,879",EMP-53637,dt=2024-01,INV-811228,4081 shares @ $46.18,"$38,342",140.228968,Support,R,Q,Clark,HXD-1213,Jennifer,rejected,Support,Figure 5: Distribution,Wright,Moore,David,2026-12-12 10:27:39,12839.6,Needs improvement,2972 shares @ $222.17,Needs improvement,Jackson,"[32.2, 98.05]",3882 shares @ $359.18,Garcia,05/27/2002,Finance,97.2506,John,Clark,L,Parquet
0,Product Manager,Low,9cbb14d8-77e2-45d9-810e-5e279de9b07e,tenant-018,Sales,11/12/1997,2266,2021-12-22T04:44:19Z,B,50 12 * * *,"$178,178",Outstanding,1171.4,sig_964858dbd4f3dc20,4.3053,Marketing,6510,Engineering,Thompson,D,Australia,340 shares @ $425.08,false,6OIX3L4ZFS4T8LE0N,Latin-1,Saturday,Jackson,"$245,533",Smith,UTC,"$224,408","5369 Pine Rd, Atlanta, FL 87071",Elizabeth,SAP,12/27/1968,Finance,Michael Lewis,2020-12-27T11:44:20Z,patriciathomas592,Engineering,Electronics,"$46,087",EMP-87685,region=us-east,INV-898972,399 shares @ $120.57,"$22,227",26.594802,Engineering,R,W,Walker,BKA-7828,Emma,approved,Marketing,Figure 3: Comparison,Walker,Williams,Harper,2018-05-17 03:12:51,47950.5,Outstanding,2758 shares @ $305.93,Outstanding,Thompson,"[16.61, 93.38]",1149 shares @ $492.98,Harris,05-10-1996,Legal,95.8562,Harper,Lewis,E,Parquet
yes,Designer,Negligible,be96d59f-f3a9-41b9-856b-e1993ea16ae5,tenant-033,Engineering,0007-15-1989,3808,2020-02-27 22:05:41,K,"30 19 * * 0,6","$182,220",Exceeds expectations,1274.0,sig_7e23e379260e3d89,2.1376,HR,4845,Operations,Davis,N,Singapore,687 shares @ $160.01,false,44GX8HPFUYHNN5RI9,ISO-8859-1,Friday,Miller,"$215,683",Miller,PST,"$104,696","2148 Elm St, Paris, CA 14696",William,Kafka,06/27/1959,Legal,John J. Smith,2026-08-02 19:57:20,mason_lewis107,Legal,Food,"$41,884",EMP-78723,dt=us-east,INV-289240,4490 shares @ $47.9,"$36,007",40.676598,HR,X,T,Wright,WXM-9447,Emma,cancelled,Engineering,Figure 2: Distribution,Rodriguez,Jackson,Jennifer,2026-08-04 02:40:38,24408.5,Outstanding,3759 shares @ $180.93,Meets expectations,Walker,"[0.42, 61.87]",479 shares @ $86.34,Williams,11/19/1995,Support,99.2356,Richard,Thompson,V,XML
no,Product Manager,Low,78320c95-fd80-4aec-bb97-0c46dbc69551,tenant-035,Engineering,11-10-1967,223,2019-04-24T11:55:02Z,P,28 23 * * 1-5,"$187,763",Exceeds expectations,1927.3,sig_52606e5a5931744f,5.1207,Support,64628,Support,Jones,K,Japan,1164 shares @ $86.09,false,2W63AX9LJYRO2IZ72,ISO-8859-1,Wednesday,Young,"$184,632",Miller,America/New_York,"$163,147","4399 Cedar Ln, Boston, NC 58592",Lucas,PostgreSQL,02-24-1993,Engineering,Anna Davis,2023-12-07 07:15:00,jessicaharris316,Finance,Hardware,"$49,571",EMP-12026,tenant=acme,INV-915089,1078 shares @ $329.61,"$49,021",-102.839616,Legal,K,X,Williams,GVU-4703,Amy,failed,Finance,Figure 6: Distribution,Smith,Johnson,Linda,2019-11-18 23:30:26,13894.6,Outstanding,1468 shares @ $56.51,Outstanding,Johnson,"[5.52, 85.73]",2923 shares @ $337.49,Lewis,12-18-1946,Support,97.1955,John,Young,Q,Parquet
false,Designer,Critical,a5be2596-e719-433e-b8f8-65130454fadc,tenant-006,Marketing,02-28-1942,4017,2026-07-22T09:06:01Z,T,0 0 * * 1-5,"$79,182",Outstanding,2791.1,sig_5eaa821328cd3662,0.9957,Support,77031,Support,Johnson,M,Sweden,968 shares @ $252.27,true,DIZTMA66AVBVLEY22,ASCII,Sunday,Robinson,"$148,053",Robinson,EST,"$218,773","4522 Main St, Portland, TX 97437",Harper,Snowflake,03-23-1961,Support,Aiden Smith,2022-04-16T13:11:12Z,jessicarodriguez459,Engineering,Clothing,"$2,441",EMP-60894,tenant=acme,INV-588498,101 shares @ $112.46,"$17,053",29.482379,Operations,G,O,Brown,MSR-5827,Patricia,pending,Sales,Figure 1: Timeline,Thompson,Moore,John,2022-07-26T22:23:46Z,6435.8,Meets expectations,3829 shares @ $279.46,Meets expectations,Johnson,"[15.89, 83.59]",2075 shares @ $362.65,Williams,11/18/2010,Operations,99.2791,Michael,Williams,B,XML
no,CTO,Low,c671914b-51c0-49df-88a8-bd077b083acf,tenant-046,Operations,0005-02-1969,3725,2023-07-19 03:55:12,S,40 4 * * 1-5,"$173,060",Meets expectations,3446.0,sig_43a70ae5267c3c78,9.9791,Marketing,81301,Support,Rodriguez,G,Sweden,1597 shares @ $246.79,true,WW28VX9UXBH8YKEP3,UTF-16,Saturday,Anderson,"$123,062",Lewis,CET,"$161,766","4979 Maple Dr, Dallas, NY 83675",Liam,Snowflake,0002-18-1984,Operations,Emma Brown,2020-02-22T01:14:06Z,anna_jones968,Sales,Software,"$29,119",EMP-44175,region=us-east,INV-961357,3255 shares @ $403.07,"$11,609",-142.851169,Marketing,E,G,Martin,SHB-6465,Robert,cancelled,Finance,Figure 13: Timeline,Lee,Robinson,Susan,2021-01-28T03:42:42Z,36805.9,Meets expectations,166 shares @ $121.85,Outstanding,Robinson,"[13.7, 76.05]",4648 shares @ $137.99,Moore,0005-26-1952,Support,98.6118,Harper,Harris,V,XML
no,Data Analyst,Negligible,dfa640d3-f6a0-45e1-a13e-e47755095367,tenant-037,Support,0004-10-1985,2537,2019-02-03T10:07:47Z,N,3 14 * * 1-5,"$113,156",Needs improvement,2120.8,sig_289be4cf22a4b48c,7.8374,Marketing,4924,Support,Williams,J,Mexico,2008 shares @ $154.22,true,ODWT070V72S8CFMKX,UTF-16,Friday,Lewis,"$31,707",Williams,PST,"$95,031","5595 Elm St, Houston, NC 71302",Elizabeth,Snowflake,0009-23-1970,Finance,Sophia Young,2026-11-26T00:21:24Z,noah.robinson395,Support,Food,"$48,479",EMP-33719,tenant=acme,INV-626324,1755 shares @ $447.25,"$16,134",95.355926,Sales,K,B,Robinson,IXV-3110,Emily,pending,Marketing,Figure 9: Overview,Davis,King,Lucas,2024-03-13T18:12:09Z,2239.6,Needs improvement,1268 shares @ $120.32,Outstanding,Brown,"[38.83, 72.88]",4590 shares @ $402.36,King,0012-12-1946,Marketing,98.3683,David,Thomas,Q,YAML
1,Data Analyst,Low,f788c11b-d3fd-4720-aeb0-ae0ab529dcd5,tenant-007,HR,0012-09-2000,4904,2018-11-10T04:56:19Z,B,29 13 * * 1-5,"$238,408",Outstanding,5079.1,sig_23f3b280d7023f83,5.5925,Operations,22014,Finance,Anderson,Y,Singapore,762 shares @ $463.11,false,D16D7BR9QS7BNI7R1,ISO-8859-1,Friday,Davis,"$194,532",Young,PST,"$59,467","6896 Elm St, Berlin, IL 44961",James,Snowflake,12-02-2007,Operations,John Davis,2022-06-25 21:02:13,emma.harris873,HR,Electronics,"$42,297",EMP-54468,tenant=2024-01,INV-793849,3607 shares @ $218.81,"$1,918",81.593552,Finance,T,H,Lee,JXE-2242,Logan,failed,HR,Figure 7: Timeline,Martinez,Moore,John,2021-07-01T22:32:04Z,29335.2,Exceeds expectations,879 shares @ $499.19,Meets expectations,Johnson,"[4.35, 98.4]",2553 shares @ $371.79,Martin,04/07/1964,Legal,96.1524,John,White,S,JSON
no,Software Engineer,Negligible,183a4809-3b6e-46fe-9395-92826f71dcc3,tenant-015,Sales,08-19-1984,154,2023-04-08T00:01:46Z,P,"58 9 * * 0,6","$101,808",Outstanding,5844.9,sig_780bb7ec419bea54,2.6344,Operations,38299,Operations,Thompson,S,Italy,3145 shares @ $473.41,false,BKPA5EWDFCH55VRDB,UTF-8,Saturday,Miller,"$73,430",Thompson,CET,"$193,460","2153 Elm St, San Francisco, CA 57163",Amy,Kafka,09/13/1958,Sales,Susan Lewis,2019-03-12 17:43:07,robert_martinez763,Support,Electronics,"$6,140",EMP-50821,dt=acme,INV-107111,4546 shares @ $58.64,"$40,617",-67.077955,HR,O,K,White,TPO-7073,Liam,rejected,Sales,Figure 16: Timeline,Johnson,Brown,James,2024-03-19T03:33:33Z,35038.1,Exceeds expectations,369 shares @ $257.85,Meets expectations,Lee,"[22.79, 95.1]",755 shares @ $394.37,Taylor,05/07/1975,Engineering,95.6893,Sarah,Martin,R,YAML
no,VP Engineering,Negligible,4931b145-588b-461f-afaf-f1a0eaab1031,tenant-006,Support,07/19/2007,3215,2022-11-07 07:23:57,T,44 15 * * *,"$130,679",Exceeds expectations,5391.5,sig_994a879f0779df3f,3.1584,Operations,81722,Finance,Thompson,R,South Korea,3102 shares @ $394.49,false,NA2PHGK6WVK9TISA9,UTF-8,Friday,Walker,"$91,955",Thompson,Europe/London,"$161,874","1978 Maple Dr, Boston, OH 25984",Patricia,Salesforce,0005-10-1946,Finance,John T. Jackson,2026-08-11T17:16:32Z,jenniferwilliams66,Operations,Services,"$23,091",EMP-40327,dt=us-east,INV-507096,4830 shares @ $22.36,"$41,866",93.276998,Engineering,E,Z,Smith,EYF-3783,Anna,cancelled,HR,Figure 5: Timeline,Lewis,Martinez,Liam,2026-10-26T16:09:56Z,38933.4,Meets expectations,747 shares @ $52.89,Outstanding,Young,"[28.96, 77.1]",4309 shares @ $396.66,Walker,06/19/1944,Marketing,95.7803,Mary,Davis,O,Avro
0,Data Analyst,Medium,a568b2d9-f497-4552-b544-f9e44dee49f1,tenant-045,Support,07/03/2008,3769,2024-08-20 12:03:17,M,"15 6 * * 0,6","$163,118",Exceeds expectations,7138.1,sig_a88efd79a6fbe67b,7.6506,HR,78422,Operations,Robinson,C,South Korea,4590 shares @ $452.3,false,W4X99SZX0PQXE1RNJ,Latin-1,Friday,Davis,"$179,654",Brown,JST,"$93,542","626 Oak Ave, Toronto, MA 35127",Olivia,Snowflake,0008-17-1992,Engineering,Liam Jones,2026-02-14 20:53:38,sophia.williams171,Support,Food,"$28,252",EMP-12419,tenant=2024-01,INV-701462,3709 shares @ $180.84,"$35,536",126.278173,Sales,A,Z,Johnson,XJA-3624,Aiden,active,Marketing,Figure 16: Distribution,Lee,Martinez,Noah,2025-04-19T21:39:48Z,13211.5,Outstanding,342 shares @ $321.85,Meets expectations,Lee,"[25.56, 79.48]",591 shares @ $490.52,Martinez,01/07/2010,Operations,99.6086,Amy,Wright,B,Parquet
no,Sales Rep,Low,df49a179-343a-4ec6-8fdd-5b1f31a423ff,tenant-011,Engineering,01/23/1941,2663,2018-04-09 05:13:13,I,28 10 * * 1-5,"$235,269",Meets expectations,1786.5,sig_3e2d9eebc66b9f4f,1.9465,HR,76560,Marketing,Brown,Y,Israel,4232 shares @ $165.1,true,GOXVSSVSKXMWZVYQ0,ASCII,Monday,Williams,"$65,977",Anderson,Europe/London,"$127,011","6666 Oak Ave, Toronto, GA 94295",Amy,Workday,04-21-1967,Legal,Aiden Harris,2018-05-06 11:12:39,david_thompson669,Operations,Services,"$45,200",EMP-12521,dt=acme,INV-558014,703 shares @ $442.55,"$2,463",-2.349863,Operations,E,K,Thompson,WAG-9799,James,completed,Marketing,Figure 5: Distribution,Garcia,Lewis,Aiden,2018-11-15 09:13:36,47702.4,Outstanding,3190 shares @ $68.11,Meets expectations,Martinez,"[32.99, 79.94]",766 shares @ $368.17,Jones,03/03/1975,Sales,98.0355,John,Brown,W,XML
1,Sales Rep,Low,f9e6d86a-72b5-4c19-9f17-937015cf7b1e,tenant-047,Marketing,0001-16-1980,3455,2026-07-22T13:57:16Z,O,44 0 * * *,"$106,596",Meets expectations,3400.0,sig_8f50419dd5856ba1,8.8906,Sales,33672,Marketing,Jones,A,United Kingdom,1752 shares @ $150.83,false,83TGPCMMWJF61XM6P,ISO-8859-1,Sunday,Thompson,"$158,737",Moore,America/New_York,"$44,495","240 Oak Ave, New York, CO 75505",Linda,PostgreSQL,0008-23-1954,Finance,Sarah Jones,2021-09-02 16:26:24,lindajackson145,Finance,Software,"$1,111",EMP-68432,dt=acme,INV-196950,1582 shares @ $277.73,"$17,975",-20.76736,Marketing,O,L,Williams,LVK-8895,William,cancelled,Legal,Figure 8: Timeline,Harris,Wright,Logan,2019-06-07 05:15:39,41276.8,Exceeds expectations,248 shares @ $410.47,Exceeds expectations,Taylor,"[17.4, 73.95]",3547 shares @ $221.43,Lee,0010-28-1942,Support,95.9554,Robert,Johnson,K,YAML
no,Product Manager,Low,a2b4e1fc-1396-43f1-8daf-1bd453f021a6,tenant-038,Finance,0005-10-1950,2145,2024-10-23T22:54:07Z,P,"12 11 * * 0,6","$234,433",Exceeds expectations,6725.9,sig_ec714688b35a3768,9.7944,Engineering,62844,HR,Harris,F,Singapore,3933 shares @ $195.83,false,RH1QZAJS8RFCK4G32,UTF-16,Sunday,Miller,"$171,987",Jones,EST,"$235,112","8212 Oak Ave, Boston, PA 29437",Emily,Kafka,05-07-1966,Finance,William Walker,2025-07-10 04:54:01,emily.taylor506,Finance,Food,"$2,985",EMP-56472,dt=acme,INV-465277,3949 shares @ $153.4,"$15,792",8.83852,Operations,Q,V,Wright,KVW-8157,Patricia,active,Support,Figure 18: Distribution,Martinez,Young,Mary,2021-05-28 14:37:32,32264.0,Meets expectations,2701 shares @ $159.46,Needs improvement,Thompson,"[10.49, 76.23]",1580 shares @ $122.52,Smith,07-14-1977,HR,99.999,Michael,Clark,J,Parquet
0,CTO,Medium,9ba68f58-3eac-49cc-895a-9b6981bee628,tenant-045,Finance,09/13/1961,3246,2019-07-13 23:42:29,L,"16 5 * * 0,6","$140,420",Exceeds expectations,1727.1,sig_77b742b2fbb3cef0,4.073,Legal,31822,Sales,Jackson,D,India,2157 shares @ $443.79,false,R4NRKOYZ97S8JS0PZ,ASCII,Wednesday,White,"$247,690",Martin,PST,"$177,225","1910 Oak Ave, Paris, PA 88918",Lucas,SAP,10-03-1951,Sales,Mason Smith,2019-01-04T11:47:40Z,liam_lee581,Finance,Hardware,"$34,744",EMP-33036,region=2024-01,INV-667467,1279 shares @ $434.11,"$10,621",83.129773,Support,Z,K,Moore,OBY-1914,Anna,failed,Marketing,Figure 14: Timeline,Johnson,Martin,Aiden,2019-09-06T23:24:14Z,13952.6,Outstanding,3017 shares @ $32.65,Meets expectations,Johnson,"[1.46, 65.13]",3543 shares @ $98.04,Miller,06/07/1959,HR,97.3575,Harper,King,I,JSON
1,Data Analyst,Critical,811ef2d7-8530-4785-a9ce-76d66d576c2e,tenant-033,Finance,04-28-1968,4523,2022-04-19T18:59:35Z,Z,29 13 * * 1-5,"$42,525",Outstanding,3821.7,sig_905d84e7ece4ea8e,4.8497,Operations,49764,Legal,Jackson,Y,India,4649 shares @ $440.11,false,N2RF49COIVCEPKEYS,UTF-8,Thursday,Jackson,"$85,810",Clark,America/New_York,"$123,342","7498 Main St, Austin, MA 50695",Sophia,PostgreSQL,06/11/1963,Finance,Michael Taylor,2023-08-05T11:41:03Z,james.miller268,Sales,Clothing,"$16,174",EMP-65722,tenant=2024-01,INV-900582,3367 shares @ $25.01,"$32,695",156.511613,Support,O,G,Miller,PJP-1015,Liam,cancelled,HR,Figure 8: Overview,Lee,Lee,Mary,2025-03-06 06:02:07,5338.2,Outstanding,1121 shares @ $390.57,Needs improvement,Moore,"[23.19, 88.9]",3571 shares @ $91.14,Brown,0010-13-1960,Legal,99.9425,Ethan,Harris,Z,Parquet
yes,CTO,Critical,050fdb40-5f93-4acc-87fc-cb74cc7ebf53,tenant-025,Engineering,05-26-1984,1204,2021-11-17T12:41:00Z,W,7 2 * * 1-5,"$143,724",Meets expectations,6057.8,sig_b17b65b90575dbf3,8.7144,Legal,60104,HR,Jones,B,Singapore,1639 shares @ $306.92,true,2V8YULL82PL7H9KD9,UTF-8,Monday,Robinson,"$132,800",Wright,CET,"$158,816","2964 Oak Ave, Berlin, WA 38317",Patricia,Snowflake,05-27-1981,Engineering,John Robinson,2023-11-03 20:28:58,susan.martinez59,Sales,Clothing,"$23,908",EMP-60373,region=us-east,INV-852987,2588 shares @ $442.69,"$23,770",-169.821921,HR,D,A,Brown,GGK-4807,Mary,completed,Operations,Figure 8: Distribution,Walker,Robinson,Amy,2019-08-11T22:07:24Z,28181.0,Exceeds expectations,1540 shares @ $313.78,Needs improvement,Young,"[26.29, 86.75]",4084 shares @ $107.36,Harris,02/27/1980,Engineering,98.0402,Amy,Jones,N,Parquet
0,Sales Rep,Medium,862a7bf0-fb5b-457d-a6a9-58842f918d7d,tenant-025,Finance,07-08-1996,1019,2018-06-13T01:50:14Z,E,37 16 * * *,"$192,047",Exceeds expectations,7751.4,sig_299bbd17f16aab81,4.7764,Sales,24712,Legal,Martinez,Y,Norway,2257 shares @ $498.36,false,W2DVEEN5BPB9TJQLZ,UTF-16,Wednesday,Taylor,"$214,060",Martin,CET,"$102,890","392 Maple Dr, Seattle, CO 27874",James,Kafka,10-11-2006,Finance,Lucas Z. Martinez,2024-03-15 12:54:04,william_martinez381,Operations,Clothing,"$19,365",EMP-69148,region=2024-01,INV-369445,4386 shares @ $73.3,"$25,014",101.970688,Finance,I,G,Garcia,MNM-6034,Sarah,rejected,Support,Figure 12: Overview,Young,Davis,Anna,2019-04-21 10:17:48,42874.8,Outstanding,2052 shares @ $395.57,Meets expectations,Martin,"[15.57, 99.74]",1044 shares @ $420.52,King,10-14-1990,Operations,97.0724,Emma,Martin,U,Avro
true,VP Engineering,Low,ad8084bf-047b-42a8-98e0-8366b58074a0,tenant-017,HR,06-11-1976,4904,2021-06-25 02:48:42,S,10 20 * * *,"$158,374",Needs improvement,7881.3,sig_30b02bc586a89a4f,3.1583,Finance,78659,Finance,Garcia,E,India,1387 shares @ $355.15,true,RHVSBWFHNSIPHBOQ3,ISO-8859-1,Tuesday,Lewis,"$53,525",Garcia,Europe/London,"$109,772","3741 Park Blvd, Seattle, NC 48873",Michael,Workday,10-20-1963,Engineering,William Brown,2024-06-01T09:02:40Z,susan_anderson297,Support,Electronics,"$44,695",EMP-26400,region=acme,INV-807711,3027 shares @ $374.81,"$19,838",-177.632447,Finance,F,L,Moore,FPX-3147,Oliver,active,Finance,Figure 1: Comparison,Moore,Moore,Liam,2021-09-22T23:04:00Z,12999.0,Outstanding,904 shares @ $231.23,Meets expectations,Wright,"[17.22, 93.48]",3057 shares @ $496.54,Johnson,05-21-1966,HR,99.369,Michael,Jackson,D,XML
true,Product Manager,Critical,a79ab43a-9a89-40d4-a2e1-2dcc9ba5ed03,tenant-026,Marketing,11-14-1966,3950,2019-07-05 15:01:47,A,"28 16 * * 0,6","$71,239",Exceeds expectations,8216.5,sig_3c2d89a651f7fbf4,1.5058,Sales,65624,Engineering,Jackson,Y,Germany,796 shares @ $207.02,false,N06VC4RJK740H8J6Y,Latin-1,Friday,Martinez,"$50,363",Thompson,America/New_York,"$56,559","6432 Pine Rd, New York, FL 29848",Sarah,Salesforce,07-28-1955,Operations,Oliver Williams,2018-07-01 00:27:26,robert.thompson85,Support,Hardware,"$38,083",EMP-87762,region=us-east,INV-390348,379 shares @ $307.01,"$23,152",133.795854,Marketing,C,V,Rodriguez,WKY-7006,Elizabeth,active,Support,Figure 18: Distribution,Garcia,White,Mason,2022-05-23T19:07:36Z,34388.9,Exceeds expectations,2963 shares @ $186.56,Exceeds expectations,Robinson,"[36.77, 74.16]",3761 shares @ $331.63,Martinez,11-25-2009,Support,97.5907,Richard,Martin,T,XML
no,Software Engineer,Negligible,79dd15ad-9114-463d-9be6-9b63679f9993,tenant-023,Marketing,06-10-1963,1627,2018-05-07 15:38:03,M,23 0 * * 1-5,"$214,872",Exceeds expectations,5199.7,sig_f1e38868d587ce57,2.7222,Operations,6549,Finance,Lewis,A,Netherlands,1739 shares @ $117.85,false,R66FLQ0RQUXOSJYHR,ISO-8859-1,Friday,Taylor,"$148,796",Williams,UTC,"$172,332","2188 Park Blvd, Boston, OH 43640",Jessica,Snowflake,10-07-1996,Support,Liam E. Brown,2025-10-19 12:41:43,amy.moore484,HR,Software,"$5,611",EMP-20576,dt=acme,INV-212454,1764 shares @ $297.05,"$5,520",-120.658586,Marketing,J,S,Jackson,NEC-1660,James,active,HR,Figure 18: Timeline,Davis,Jones,Robert,2022-04-09T14:28:23Z,45546.3,Exceeds expectations,2959 shares @ $28.24,Needs improvement,Lee,"[12.82, 65.66]",2913 shares @ $439.97,Lewis,08-09-1962,Support,98.2457,David,Wright,X,Avro
yes,Software Engineer,Low,45504872-c8b4-4130-a6a6-91ec237a2a51,tenant-008,Operations,12/15/1949,2539,2022-02-04 13:06:53,J,41 16 * * *,"$32,513",Outstanding,6182.3,sig_c8d693b43cbddab1,8.8942,Operations,67333,Sales,Thomas,K,Israel,2237 shares @ $139.14,false,2WPQE6AO3LOB5FVZ7,Latin-1,Monday,Jones,"$32,191",Moore,PST,"$107,232","8387 Elm St, San Francisco, NY 40553",Linda,PostgreSQL,0003-01-1990,Operations,William Davis,2020-09-02 00:27:41,oliverthomas366,HR,Software,"$45,855",EMP-65009,tenant=2024-01,INV-293211,4362 shares @ $273.73,"$42,067",119.467546,Support,H,H,Moore,LRT-2312,Aiden,completed,Legal,Figure 2: Distribution,Rodriguez,Garcia,Amy,2018-07-19 19:03:01,47953.6,Outstanding,894 shares @ $24.55,Needs improvement,Johnson,"[21.62, 95.35]",4542 shares @ $215.71,Moore,0002-28-1971,Operations,97.3521,Jennifer,Clark,V,CSV
yes,Sales Rep,Negligible,9f379090-30a7-4513-a3ed-8608c8a14577,tenant-045,Operations,0008-12-1991,1283,2026-02-24 10:49:06,Q,22 21 * * *,"$118,000",Exceeds expectations,8377.6,sig_8377695ac15fefd8,8.6843,Operations,2612,Engineering,Williams,N,Singapore,2703 shares @ $488.73,false,BVLF88KAK32UEIKSZ,UTF-16,Saturday,Moore,"$118,754",Harris,America/New_York,"$45,132","4975 Cedar Ln, Austin, MA 51370",Liam,Kafka,08-01-1941,Finance,Harper Taylor,2018-10-20T19:13:22Z,elizabeththompson69,Finance,Food,"$2,612",EMP-92731,tenant=acme,INV-405259,382 shares @ $75.69,"$13,853",-58.419287,Operations,R,C,Williams,EXP-2712,Emma,failed,Support,Figure 8: Overview,Johnson,Rodriguez,Jennifer,2019-01-16T17:55:25Z,15841.3,Exceeds expectations,3072 shares @ $70.25,Needs improvement,Jackson,"[13.41, 95.94]",2222 shares @ $395.17,Walker,08-10-1947,Legal,98.6555,Harper,Young,B,XML
1,Product Manager,Medium,efc05bef-6d32-4b40-8995-ee2d9e1f2833,tenant-035,Engineering,12-10-1977,195,2025-02-19 19:00:41,A,8 18 * * 1-5,"$243,410",Exceeds expectations,6508.3,sig_dfe08c14da2dce78,6.7629,HR,60421,Finance,Anderson,Z,India,3163 shares @ $157.42,false,3HYKOBQI7KKDQSKXO,UTF-16,Saturday,Taylor,"$51,531",Martinez,PST,"$203,330","9335 Pine Rd, London, FL 11344",Jessica,Salesforce,0003-18-1960,Finance,Lucas Walker,2018-06-18T13:20:36Z,logan_jones38,Support,Clothing,"$38,604",EMP-12839,tenant=us-east,INV-683703,1006 shares @ $321.36,"$20,826",-44.12868,Support,B,E,Thomas,DFU-1298,Oliver,failed,Sales,Figure 14: Distribution,Taylor,Miller,James,2018-08-07T05:16:01Z,44114.5,Exceeds expectations,2097 shares @ $468.49,Meets expectations,White,"[25.1, 94.86]",2396 shares @ $326.52,Anderson,0003-23-1978,Operations,95.0725,Jennifer,Harris,C,CSV
true,Software Engineer,Low,a7177836-6163-477b-b48e-6a372244d981,tenant-028,Engineering,05-22-1998,950,2022-03-27T11:31:33Z,D,"1 19 * * 0,6","$85,269",Exceeds expectations,4745.3,sig_e27b7ec41ef2e7eb,8.5468,Engineering,55473,Operations,Lee,S,Sweden,3447 shares @ $211.25,true,UX584MRC7RGOYUL7C,ISO-8859-1,Wednesday,Harris,"$164,771",Lewis,JST,"$107,086","2538 Maple Dr, Phoenix, NY 86449",Emma,PostgreSQL,03/22/1947,Engineering,Oliver Moore,2019-04-23T01:43:46Z,noahdavis872,Finance,Food,"$16,376",EMP-33276,region=us-east,INV-413121,3970 shares @ $400.6,"$8,340",-179.024589,Finance,I,L,Lewis,VYL-1853,Sophia,rejected,Legal,Figure 14: Comparison,Davis,Thompson,Jessica,2024-08-27T20:15:48Z,37670.4,Outstanding,1918 shares @ $207.09,Outstanding,Jones,"[28.84, 82.64]",1499 shares @ $78.54,Thompson,0007-08-1994,Operations,96.4577,Ethan,Thompson,F,YAML
true,Data Analyst,Negligible,a4998c2d-ecad-4502-b973-27f46e16000e,tenant-039,Marketing,04/09/1990,3583,2020-07-16T16:52:13Z,I,32 18 * * *,"$249,483",Meets expectations,2998.6,sig_5b2bb7f637bb2afd,3.6834,HR,3470,HR,Lee,B,Israel,4849 shares @ $370.9,false,5JSP2X4YG6JUC0YIJ,Latin-1,Saturday,Davis,"$202,284",Davis,CET,"$170,480","1233 Park Blvd, Seattle, OH 11079",Mary,PostgreSQL,12-10-1970,Legal,Oliver Wright,2019-03-09 14:04:15,aiden.wright807,Engineering,Software,"$13,902",EMP-57720,tenant=2024-01,INV-415470,4370 shares @ $341.12,"$7,026",-22.505388,Finance,F,O,Thompson,YKM-1376,Sarah,rejected,HR,Figure 8: Comparison,Clark,Jackson,Liam,2022-11-16T11:12:41Z,40081.5,Meets expectations,720 shares @ $351.93,Meets expectations,Robinson,"[5.11, 77.23]",1240 shares @ $329.97,Johnson,0002-20-1981,Marketing,95.2133,Susan,Brown,Z,YAML
1,Designer,Negligible,c0481621-2a9a-45b9-b71e-69be3f0819e2,tenant-007,Engineering,06-13-2000,2086,2025-02-16T04:00:32Z,L,50 11 * * 1-5,"$173,013",Needs improvement,4252.3,sig_656d777dc0d8b6b1,8.4749,HR,32953,HR,Rodriguez,D,Brazil,1264 shares @ $124.25,false,VVXI5M0JC2LE2F4Q5,Latin-1,Sunday,Walker,"$184,337",Taylor,PST,"$35,362","5239 Elm St, San Francisco, TX 23902",Linda,Snowflake,0004-07-1946,Support,Emily K. Jackson,2021-07-07T03:41:53Z,robert.jackson846,Finance,Services,"$31,866",EMP-47967,dt=us-east,INV-105677,2316 shares @ $295.61,"$8,580",-87.187581,Finance,E,P,Lewis,FKJ-4744,Mason,active,Legal,Figure 9: Distribution,Young,Garcia,David,2021-04-15 15:36:18,48667.2,Outstanding,3972 shares @ $450.91,Exceeds expectations,Garcia,"[34.87, 75.82]",426 shares @ $429.0,Lewis,08/17/1956,Finance,97.2563,Sarah,Garcia,J,Avro
true,Sales Rep,Negligible,e68b0d40-a2ba-4536-88ec-6e5648466a89,tenant-011,Engineering,0003-15-1950,113,2023-08-02 23:08:30,D,18 18 * * *,"$205,720",Outstanding,8629.0,sig_987f4c3e8a440897,1.4169,Sales,45836,Operations,Lewis,X,Italy,3774 shares @ $480.7,false,WVZBMAWCGHAFKGT3V,ASCII,Wednesday,Walker,"$79,267",White,UTC,"$108,278","3262 Main St, Houston, OH 48420",Liam,Snowflake,0012-14-2005,Operations,Elizabeth Harris,2024-08-19T14:44:10Z,oliver_walker711,Sales,Services,"$17,177",EMP-82877,region=2024-01,INV-772208,3900 shares @ $457.14,"$49,347",69.092521,Legal,D,Q,Jones,IFP-8516,Ethan,approved,Support,Figure 2: Distribution,Clark,Johnson,Linda,2020-04-18 20:00:12,36045.4,Meets expectations,3791 shares @ $388.2,Outstanding,Smith,"[24.84, 66.29]",2477 shares @ $66.14,Davis,04-24-1945,Support,95.1542,Richard,Clark,O,JSON
1,Sales Rep,Negligible,70b589a8-34b3-4a30-ad45-1ecaaef9daa0,tenant-025,Sales,11/25/1967,2129,2024-02-05 22:27:50,L,48 8 * * *,"$155,288",Outstanding,4018.4,sig_04c4fa5026da559f,2.4286,Sales,73338,Legal,Taylor,D,United Kingdom,2929 shares @ $318.37,false,0IH01CVUAPR1K4VRO,Latin-1,Saturday,Jackson,"$131,812",Martin,UTC,"$38,340","5674 Park Blvd, Austin, PA 72755",Emily,Kafka,01/24/1979,HR,Sarah Robinson,2025-04-10 16:37:34,richard.davis755,Finance,Hardware,"$41,864",EMP-64549,tenant=2024-01,INV-461903,978 shares @ $210.57,"$13,030",-102.105768,Engineering,P,F,Garcia,FBL-6772,Jennifer,pending,Sales,Figure 7: Distribution,Taylor,Martin,Noah,2019-11-01T13:55:37Z,31355.9,Meets expectations,2198 shares @ $356.68,Exceeds expectations,Smith,"[17.42, 66.54]",2242 shares @ $333.39,Thomas,0004-02-1966,Marketing,97.1015,Linda,Taylor,Z,Avro
0,Designer,Critical,f96eb774-8b7b-4aa3-a3fa-a5853576e452,tenant-036,Finance,09/21/1990,152,2019-06-05 09:19:53,K,"47 2 * * 0,6","$113,210",Needs improvement,2573.6,sig_346804e4fdfb057c,1.4848,Sales,60820,Legal,Thomas,P,France,636 shares @ $58.93,false,FL7UE28HDOVOWPLID,ISO-8859-1,Monday,Robinson,"$93,426",Thompson,America/New_York,"$206,742","8430 Pine Rd, New York, CO 82726",Lucas,PostgreSQL,12/17/1987,Support,Olivia Walker,2018-10-03 04:20:21,jamesking100,Engineering,Software,"$25,611",EMP-31511,dt=us-east,INV-658325,1550 shares @ $386.13,"$20,654",141.643191,Legal,N,C,Wright,HAW-4615,Emily,failed,Finance,Figure 19: Timeline,Martin,Harris,William,2019-09-21T08:15:17Z,29914.4,Exceeds expectations,1808 shares @ $87.07,Meets expectations,Jones,"[18.72, 87.12]",788 shares @ $413.94,Moore,09/15/1964,Legal,97.6447,Patricia,Johnson,Z,JSON
1,VP Engineering,High,e5400c0a-0b85-40d5-8550-b283859f11bf,tenant-004,Support,04/07/1990,4424,2020-06-28 12:18:20,G,"56 19 * * 0,6","$144,666",Exceeds expectations,5804.7,sig_dfd8536ddffba035,2.7631,HR,18898,Legal,Thomas,U,United Kingdom,4125 shares @ $468.07,true,INVH3NA65MYTJ0Y2Z,Latin-1,Saturday,Lee,"$201,096",Wright,EST,"$126,824","6212 Park Blvd, Denver, WA 37259",Emily,SAP,10/21/1977,Legal,David H. Clark,2023-03-10 15:48:23,emma.johnson37,Support,Food,"$13,922",EMP-19808,dt=acme,INV-429103,1804 shares @ $169.21,"$37,513",-76.32579,Marketing,I,O,Smith,AON-2067,Sarah,inactive,Finance,Figure 3: Timeline,Rodriguez,Garcia,John,2020-11-24 01:37:57,42771.6,Needs improvement,3386 shares @ $443.53,Exceeds expectations,Smith,"[30.07, 91.4]",2300 shares @ $174.37,Johnson,07-22-1979,Operations,97.0942,Logan,Jackson,T,XML
true,Data Analyst,Low,1c670e46-04bd-478e-8438-fea966b9307d,tenant-010,Marketing,10/16/1950,3507,2020-06-01 02:14:15,U,40 21 * * 1-5,"$186,064",Needs improvement,3559.9,sig_1590804689c4439a,6.2562,Engineering,69446,Operations,Wright,N,Switzerland,3319 shares @ $141.91,false,MAOE7EV4BF9YW1GCV,UTF-16,Friday,Johnson,"$247,426",Williams,America/New_York,"$239,778","1114 Pine Rd, Boston, CA 98207",Sophia,Snowflake,12-24-2000,Legal,John Martinez,2024-11-15 08:54:25,richardmartinez473,HR,Software,"$11,468",EMP-45754,region=2024-01,INV-657988,4036 shares @ $277.58,"$14,899",9.766458,Sales,Y,A,Garcia,WSM-2813,Amy,rejected,Engineering,Figure 1: Distribution,Robinson,Garcia,Olivia,2018-11-25 17:19:24,44470.3,Outstanding,2761 shares @ $240.13,Meets expectations,Jackson,"[32.0, 61.82]",1659 shares @ $51.94,Brown,0007-15-1943,Operations,96.9053,Jessica,Martinez,I,YAML
true,VP Engineering,High,b28608d3-b6ba-4726-918e-33bfb7eb83e5,tenant-040,Operations,10/19/1989,3017,2018-11-22 00:58:56,M,21 0 * * *,"$30,549",Exceeds expectations,932.8,sig_e7295d10b1d661e2,2.0164,Engineering,82571,HR,Jackson,C,Spain,449 shares @ $359.03,false,95YJNWZUYZKB5EIYN,Latin-1,Wednesday,Williams,"$208,329",Johnson,CET,"$79,257","8900 Maple Dr, Los Angeles, CO 74570",William,Snowflake,06-16-2009,Sales,Anna Brown,2024-09-20 06:19:33,patricia.lee677,Finance,Food,"$39,494",EMP-57133,region=2024-01,INV-828459,3646 shares @ $224.52,"$35,262",29.698186,Finance,K,U,Martin,MNR-7623,Linda,pending,HR,Figure 11: Timeline,Taylor,Jones,Jessica,2026-04-12T10:10:17Z,41165.9,Meets expectations,4640 shares @ $475.8,Exceeds expectations,Johnson,"[28.0, 93.09]",3615 shares @ $137.27,Moore,0006-09-2005,Engineering,95.7349,Jennifer,Thomas,Y,XML
no,VP Engineering,Low,ca6f69e1-a803-4d18-8c3f-262ad8244e99,tenant-036,Marketing,08-11-1995,1699,2021-12-25T19:09:23Z,B,19 22 * * *,"$209,131",Meets expectations,1887.2,sig_15329cd9d8cdab29,8.06,Marketing,28347,Marketing,Lewis,Z,Norway,2619 shares @ $28.43,true,2WONF354SWR5UFXED,ASCII,Friday,Jones,"$134,333",Thompson,UTC,"$122,537","9282 Maple Dr, Atlanta, NY 90936",Oliver,Workday,08/26/1977,Sales,Sarah White,2023-02-24 08:39:19,linda.garcia216,Marketing,Services,"$49,680",EMP-80478,dt=2024-01,INV-434788,4519 shares @ $69.64,"$35,326",55.868726,Operations,O,K,Smith,FTA-9889,Sarah,active,Marketing,Figure 13: Timeline,Davis,Walker,Linda,2026-09-28 15:10:49,462.3,Exceeds expectations,1432 shares @ $153.15,Needs improvement,Anderson,"[34.62, 90.43]",4764 shares @ $423.29,Lewis,06-10-1949,Sales,95.3155,Michael,Thomas,G,CSV
0,CTO,High,409d6720-48eb-47a5-958b-056b6aa200ef,tenant-020,Engineering,06-22-1965,344,2019-04-03T20:01:30Z,I,40 6 * * *,"$174,824",Needs improvement,4629.7,sig_a1b2420170f6b726,5.0656,HR,23673,Sales,Jackson,V,Sweden,4377 shares @ $496.31,false,1HK2A42KRQKHBKPIV,ISO-8859-1,Saturday,Walker,"$192,045",Anderson,UTC,"$193,744","245 Pine Rd, Paris, CO 25191",Jessica,SAP,07/28/2001,Operations,Emily Moore,2022-07-04T07:32:27Z,noah.clark657,Finance,Software,"$35,879",EMP-41720,region=2024-01,INV-426878,679 shares @ $371.42,"$7,262",-157.733317,Marketing,Q,N,Thompson,BMX-8766,Mary,inactive,Support,Figure 1: Overview,Miller,Lee,Susan,2026-05-17 05:58:58,5472.0,Exceeds expectations,3167 shares @ $232.07,Outstanding,King,"[10.42, 93.67]",1073 shares @ $360.3,Lewis,0008-05-1945,Support,98.6828,Amy,Garcia,M,XML
false,Data Analyst,Negligible,89da40e9-cce6-4b3b-9243-878db0b9ce8c,tenant-011,Operations,0003-19-1995,831,2026-01-27 12:44:15,Q,"41 17 * * 0,6","$211,994",Exceeds expectations,2248.2,sig_f9eb0c5e8ce3c58f,2.615,Legal,5828,Support,Walker,B,Norway,4732 shares @ $106.8,true,CQFKWO2SN9Y06YFV6,ISO-8859-1,Monday,Smith,"$54,696",Martinez,CET,"$190,317","3281 Maple Dr, Miami, TX 74197",Ethan,Kafka,0003-08-1966,Support,Susan King,2021-03-22 08:00:01,patriciataylor815,Finance,Electronics,"$14,673",EMP-13853,dt=acme,INV-517421,2909 shares @ $300.81,"$11,289",48.970233,Operations,S,L,Johnson,IQA-2449,Linda,completed,Finance,Figure 9: Distribution,Lewis,Miller,Ethan,2020-04-08 13:56:22,24737.6,Outstanding,1317 shares @ $431.07,Needs improvement,Martinez,"[31.03, 80.73]",3902 shares @ $286.27,Garcia,02/27/1964,Legal,98.8722,Sophia,Moore,J,YAML
1,CTO,Medium,7a5d4bbc-1d2a-4c3a-88b1-726da39fa8c5,tenant-012,Engineering,0004-25-1946,2192,2024-09-26T07:42:55Z,L,20 5 * * 1-5,"$137,638",Outstanding,9311.5,sig_6773edc4f117bfab,6.202,Operations,19655,Legal,White,K,Netherlands,4690 shares @ $99.56,false,V2LGNIN59K7WUS0SJ,UTF-8,Sunday,Lewis,"$38,538",King,PST,"$189,524","5912 Pine Rd, Austin, WA 90221",Susan,Snowflake,10/03/1995,Support,Jennifer Johnson,2024-01-19T04:12:40Z,liam_jackson646,HR,Electronics,"$13,736",EMP-19819,tenant=acme,INV-803907,3307 shares @ $203.11,"$25,606",170.905896,Marketing,X,T,Moore,MVG-8440,Noah,inactive,Operations,Figure 2: Distribution,Thompson,Garcia,Lucas,2019-10-19 03:32:32,14605.7,Meets expectations,4546 shares @ $246.58,Meets expectations,Taylor,"[6.54, 64.18]",2278 shares @ $301.16,Young,11-01-1948,Sales,96.0239,Mason,Martin,C,XML
no,CTO,Low,2d7089d3-5352-4d31-9c11-8083b810eecd,tenant-007,Finance,08/06/1969,4787,2022-05-23 13:16:07,G,37 15 * * *,"$104,168",Outstanding,4451.2,sig_66b74423d339042b,2.7444,Finance,33178,Legal,Lewis,A,India,4511 shares @ $440.01,false,NUI3HWHMA32VTHS5C,ASCII,Wednesday,Lewis,"$175,836",Lee,America/New_York,"$155,791","5241 Pine Rd, Atlanta, GA 11325",Ethan,SAP,11-20-1946,Legal,Anna Lee,2024-02-11T22:53:33Z,harper.young358,Operations,Services,"$25,161",EMP-30157,dt=us-east,INV-821338,1823 shares @ $422.5,"$29,861",72.925148,Engineering,R,L,Smith,XJN-9550,Richard,inactive,Legal,Figure 6: Distribution,Thompson,Walker,Jessica,2022-09-07 02:38:13,44035.9,Outstanding,3954 shares @ $43.77,Meets expectations,Young,"[20.03, 64.39]",3928 shares @ $166.07,Jackson,0010-16-1992,Operations,97.6854,Michael,Lewis,M,JSON
1,CTO,Medium,f7bc7b48-5c42-4463-8ea7-6a97512220c6,tenant-039,Legal,09-05-1941,1751,2023-07-24T06:22:54Z,X,54 23 * * 1-5,"$179,427",Exceeds expectations,8973.8,sig_2295c19964d9d220,2.7246,Operations,70229,Operations,Thompson,Z,Italy,461 shares @ $104.27,false,HDMVI2D4YFME6KUFW,ISO-8859-1,Friday,King,"$168,356",Thomas,America/New_York,"$188,724","2869 Main St, Paris, IL 71584",Mary,Salesforce,02/13/1962,HR,Michael Jackson,2020-08-10 20:50:53,mason.anderson518,Legal,Software,"$31,942",EMP-31008,dt=us-east,INV-189996,3621 shares @ $253.71,"$49,912",-55.953481,Finance,Y,H,Lee,NKJ-4194,Mary,failed,Operations,Figure 4: Distribution,Taylor,White,Sarah,2022-08-24T20:33:44Z,7821.3,Meets expectations,2238 shares @ $334.81,Outstanding,Miller,"[6.81, 79.77]",2814 shares @ $451.67,Moore,0007-15-1941,Finance,97.5428,Elizabeth,Wright,F,JSON
0,Sales Rep,Critical,7bfed021-4c40-451a-8179-dae30936b6a2,tenant-034,Finance,0006-04-2007,2133,2018-08-20 12:51:38,Y,"49 13 * * 0,6","$38,498",Needs improvement,7544.6,sig_c6220a642afaa5b3,2.8341,Sales,84868,Support,Robinson,Q,Switzerland,4923 shares @ $31.14,false,8M4JQP3U8MXJJOHE4,ASCII,Friday,Thompson,"$40,551",Martin,America/New_York,"$59,350","2687 Pine Rd, Toronto, NY 81125",Robert,SAP,04-16-1941,Legal,Oliver Martinez,2018-09-18T01:00:49Z,patricia_lewis524,Legal,Electronics,"$32,827",EMP-19553,region=us-east,INV-691289,4698 shares @ $42.14,"$27,747",73.390643,Sales,G,U,Johnson,OWT-9752,Michael,pending,Support,Figure 14: Comparison,Lee,Thompson,Sarah,2023-06-24T18:07:49Z,36773.7,Needs improvement,4188 shares @ $192.95,Needs improvement,Harris,"[22.76, 99.06]",4049 shares @ $356.36,Wright,08-04-1969,Legal,95.8396,William,Johnson,T,YAML
no,CTO,High,0fbefd43-00d3-4c0d-877d-6042a42f8b1a,tenant-013,Sales,0007-13-1947,4938,2020-05-21 07:54:54,S,"21 22 * * 0,6","$215,825",Outstanding,7771.6,sig_f0c573d104362112,8.9392,Operations,86337,Engineering,Lee,I,United Kingdom,3017 shares @ $52.82,false,JFTBQ5LXKOAJ8SRST,UTF-16,Wednesday,White,"$38,099",Walker,JST,"$202,435","761 Elm St, Sydney, NY 52613",David,Kafka,0009-15-1994,Legal,Jennifer Harris,2023-05-09T00:50:27Z,oliver_wright279,Marketing,Services,"$15,562",EMP-78844,tenant=2024-01,INV-577735,4775 shares @ $42.28,"$8,167",-71.704822,HR,G,I,Wright,OHR-5042,Robert,active,Finance,Figure 4: Timeline,Moore,Wright,Mason,2021-07-02T16:30:54Z,49280.6,Needs improvement,1556 shares @ $166.34,Meets expectations,Smith,"[32.92, 65.83]",4558 shares @ $11.84,Miller,01/24/1966,Operations,97.1263,Aiden,Robinson,F,JSON
true,Sales Rep,High,6b315de0-5b55-4e17-8623-966ade658a14,tenant-003,Sales,04/19/1993,2630,2019-06-15 02:39:26,J,"18 12 * * 0,6","$62,581",Needs improvement,3748.7,sig_350daff340d70589,1.2015,Support,41933,Operations,Jones,V,Germany,2281 shares @ $314.34,false,PBYZSHVS39LK1YY5H,ISO-8859-1,Saturday,Miller,"$89,718",Wright,UTC,"$239,307","7989 Elm St, Tokyo, WA 26147",Liam,Kafka,0004-04-1963,Marketing,Olivia Davis,2020-02-25 11:36:19,jamesrodriguez650,Legal,Software,"$35,585",EMP-23708,dt=2024-01,INV-240233,830 shares @ $124.74,"$6,424",116.479486,Support,E,T,Smith,UKV-5982,James,completed,HR,Figure 19: Comparison,Williams,Robinson,Harper,2023-05-02T07:05:28Z,41512.3,Exceeds expectations,1747 shares @ $207.04,Needs improvement,Walker,"[22.87, 98.8]",1862 shares @ $236.8,Garcia,0008-28-1962,Finance,98.9635,Oliver,King,M,YAML
yes,VP Engineering,High,c70f4711-95e1-4180-97a9-dd4a1002affb,tenant-008,Finance,05/17/1943,624,2023-11-14T22:31:13Z,T,"32 6 * * 0,6","$155,654",Outstanding,9219.8,sig_b6a5a43beb3fe5f4,5.6662,Legal,70160,Engineering,Taylor,C,Sweden,870 shares @ $68.51,true,EUQ3KU0T0PKFVI3JQ,ISO-8859-1,Saturday,Rodriguez,"$239,490",Anderson,CET,"$167,865","9636 Elm St, Toronto, NY 63121",Olivia,Kafka,0003-21-1985,Operations,Anna Brown,2022-04-19T08:44:23Z,aiden.jones124,Support,Software,"$19,971",EMP-61138,dt=us-east,INV-249689,3266 shares @ $79.11,"$3,951",-154.65415,HR,M,U,Martinez,WDL-2619,Linda,pending,HR,Figure 9: Timeline,Young,Smith,Lucas,2023-02-19T09:59:16Z,33408.4,Needs improvement,2809 shares @ $259.84,Outstanding,King,"[12.27, 87.41]",250 shares @ $208.03,Walker,09-17-2010,Sales,95.1849,William,Thompson,D,Avro
false,Designer,Medium,310f608d-931d-4206-86fe-0a07d0280d6f,tenant-036,Operations,0003-03-1981,4619,2024-08-12 03:03:15,T,9 11 * * 1-5,"$142,054",Meets expectations,849.6,sig_15fcb9eb04affcc3,6.6097,Finance,30406,Support,Harris,N,United States,123 shares @ $95.94,false,5OVEERLLU5P8Q29TE,Latin-1,Friday,White,"$78,241",Robinson,Europe/London,"$233,495","6929 Main St, Boston, CA 37803",Ethan,Workday,10/27/1991,HR,Emma King,2020-04-18 11:30:08,susan.garcia429,Support,Software,"$26,838",EMP-56647,dt=2024-01,INV-402826,2543 shares @ $380.14,"$6,951",-118.180263,Sales,H,C,Thomas,RVR-2891,Susan,approved,Legal,Figure 13: Overview,Lewis,Johnson,William,2023-03-23T02:07:59Z,40460.4,Meets expectations,869 shares @ $167.21,Exceeds expectations,Walker,"[36.46, 86.41]",2263 shares @ $51.09,Lee,01-11-2005,Sales,95.6854,Mason,Jones,S,XML
no,Designer,Medium,de5c6f09-280f-45ed-ab06-a7c91a8b70a6,tenant-050,Operations,0004-17-1951,2188,2024-07-13 17:07:52,P,"48 18 * * 0,6","$244,840",Outstanding,2765.4,sig_cbd1830f74900002,7.5359,Operations,20677,Sales,Thompson,S,Australia,2944 shares @ $248.46,false,TKCBVL4F8B9C9LC71,UTF-16,Friday,Walker,"$126,459",Lewis,EST,"$101,624","726 Pine Rd, Tokyo, IL 32340",Michael,Workday,03-16-1992,Operations,Sarah Lewis,2020-10-11T07:55:28Z,patricia_davis704,Operations,Hardware,"$42,816",EMP-79903,tenant=acme,INV-314806,2995 shares @ $349.11,"$36,686",-32.905417,HR,B,P,Martin,DBU-9023,Anna,inactive,Legal,Figure 14: Overview,Harris,King,Richard,2022-07-28 17:54:37,45080.4,Outstanding,1154 shares @ $278.41,Outstanding,Taylor,"[13.19, 65.52]",4088 shares @ $171.4,Wright,0009-01-1994,HR,95.5954,Oliver,Anderson,O,Parquet
0,CTO,Critical,4c373f94-ba45-44b7-89a6-bf1fbfba13a0,tenant-041,Marketing,0002-25-1985,4795,2026-09-24 11:09:24,B,"34 18 * * 0,6","$96,712",Exceeds expectations,1110.6,sig_cb9494be002e80e9,1.9688,Engineering,53779,Support,Brown,R,Australia,3576 shares @ $230.88,false,JFV2XAR2WIMFA2QY8,UTF-8,Sunday,Young,"$193,492",Thompson,Europe/London,"$34,607","1942 Elm St, London, CO 78282",Ethan,Snowflake,0002-04-1960,Legal,Liam Young,2023-05-18 11:34:47,anna_brown475,Finance,Food,"$4,189",EMP-64691,tenant=2024-01,INV-582043,1528 shares @ $322.79,"$22,329",-163.01108,Sales,F,L,Jones,WYS-4407,David,rejected,Legal,Figure 10: Timeline,White,Garcia,Mary,2022-03-10T00:38:22Z,33550.0,Outstanding,1379 shares @ $42.84,Exceeds expectations,Lee,"[28.88, 93.11]",2199 shares @ $179.51,Thomas,04-04-1969,Operations,99.7745,Elizabeth,King,W,JSON
0,Product Manager,Low,edcf2d86-d524-4e17-b730-ff7772031a06,tenant-043,Legal,08-13-1983,1842,2021-02-25 20:21:09,J,14 7 * * *,"$101,131",Needs improvement,9390.0,sig_c3a2065379c6f5b9,6.3419,Operations,77296,Operations,King,E,Sweden,3854 shares @ $332.06,false,OW9IKMMAVMH007KVE,ISO-8859-1,Saturday,Johnson,"$202,632",Thompson,Europe/London,"$218,110","6212 Oak Ave, Berlin, GA 47840",Harper,Snowflake,09-09-1963,Marketing,Emma Jackson,2026-08-17T00:15:59Z,logan_robinson276,Support,Services,"$29,309",EMP-86034,tenant=2024-01,INV-694289,169 shares @ $400.55,"$29,550",-147.669598,Marketing,M,P,Brown,HMJ-1422,Lucas,inactive,Sales,Figure 11: Comparison,King,White,Amy,2018-04-09T02:18:02Z,31611.4,Outstanding,1966 shares @ $257.54,Exceeds expectations,Johnson,"[26.62, 90.95]",1114 shares @ $446.25,Robinson,06/08/2009,Support,97.5225,Patricia,Lee,I,XML
1,Software Engineer,Medium,2565de9f-f46a-4d22-b1de-cbc2b63b5854,tenant-031,HR,0003-25-1994,4291,2020-06-15 12:49:40,J,"22 13 * * 0,6","$227,957",Exceeds expectations,597.5,sig_5f1a297fd37ce967,4.4889,Marketing,84542,Sales,Walker,I,Mexico,754 shares @ $482.21,false,ODSFIWR830SQ28VH4,ASCII,Sunday,Thompson,"$54,527",Lee,UTC,"$183,190","5896 Oak Ave, Denver, IL 84720",Ethan,Snowflake,10-10-1943,Engineering,James Lee,2022-10-07T14:55:24Z,marythompson558,Legal,Electronics,"$1,734",EMP-20105,tenant=2024-01,INV-212036,475 shares @ $220.54,"$32,716",129.926629,Operations,G,T,Anderson,PUK-5483,Sarah,inactive,Support,Figure 5: Comparison,Davis,Thomas,David,2019-03-26T08:45:13Z,33421.5,Outstanding,3282 shares @ $135.87,Meets expectations,Thomas,"[27.78, 69.25]",3323 shares @ $296.2,Rodriguez,12-27-1987,Engineering,99.9399,William,Miller,O,YAML
1,Software Engineer,High,e97aa929-e23f-454f-9901-41a022be327d,tenant-021,Support,0001-26-1985,1759,2026-03-04T02:28:11Z,K,34 9 * * 1-5,"$61,517",Meets expectations,391.5,sig_116032fe1c561a91,6.907,Finance,18362,Finance,Smith,O,Sweden,1864 shares @ $236.47,false,2XU759QZSRLXVOSJU,UTF-16,Saturday,Moore,"$69,650",Anderson,EST,"$134,406","9968 Pine Rd, Portland, TX 63039",Sarah,Workday,07-03-1987,Support,James Garcia,2023-12-03 12:39:34,linda.garcia132,Marketing,Food,"$30,493",EMP-89091,dt=2024-01,INV-888376,746 shares @ $185.15,"$14,021",133.08818,HR,O,Q,Thompson,LFE-1204,Logan,cancelled,Marketing,Figure 4: Distribution,Lee,Johnson,Oliver,2018-09-25 10:55:06,20155.8,Needs improvement,1813 shares @ $88.47,Meets expectations,Thomas,"[10.08, 68.22]",3881 shares @ $201.95,King,0009-08-1979,Engineering,99.9285,Oliver,King,O,JSON
true,CTO,Medium,9fff8a82-650a-41e6-be60-313b2e4dc4bf,tenant-002,Finance,03-28-1976,4686,2022-12-06T02:13:17Z,O,35 2 * * 1-5,"$48,915",Outstanding,9434.7,sig_0d5c45e61e22be06,5.4901,Sales,61530,Engineering,White,O,Canada,4084 shares @ $131.67,true,IW2ECUNGTEFBNSTR3,UTF-16,Sunday,Miller,"$86,953",Anderson,JST,"$137,091","1455 Elm St, San Francisco, OH 59557",David,PostgreSQL,11-02-1983,Operations,Elizabeth Martin,2022-02-23 17:28:16,richard.smith610,HR,Electronics,"$20,980",EMP-30465,region=acme,INV-762727,2805 shares @ $307.49,"$24,016",47.423815,Support,E,C,Lewis,AFQ-5822,David,approved,Finance,Figure 12: Overview,Rodriguez,Harris,Linda,2020-07-12 14:32:54,40402.0,Outstanding,453 shares @ $483.98,Needs improvement,King,"[37.52, 68.14]",1619 shares @ $376.51,Wright,09/28/1979,Marketing,95.1088,Lucas,Young,R,Avro
no,VP Engineering,Critical,7e092762-bd32-4c3e-933c-736e176aacc6,tenant-019,Marketing,07/23/1961,3851,2022-02-13 18:49:43,I,"41 18 * * 0,6","$105,427",Exceeds expectations,5705.3,sig_069d50ac271979a8,7.08,Engineering,22534,Legal,Thompson,E,France,4714 shares @ $487.17,true,7Q2IXHAUSLDP9U4OO,UTF-16,Saturday,Thomas,"$240,506",Davis,UTC,"$48,355","1078 Oak Ave, Miami, PA 88739",Linda,PostgreSQL,11/03/1965,Legal,Harper Jones,2022-09-05 03:23:32,lindajones657,Finance,Hardware,"$35,380",EMP-63067,dt=us-east,INV-730222,158 shares @ $350.75,"$49,352",-86.281863,HR,Q,U,Garcia,IIF-7676,Anna,rejected,Finance,Figure 3: Timeline,Jones,Young,Susan,2020-07-13 20:42:46,37930.3,Needs improvement,3632 shares @ $282.32,Needs improvement,Garcia,"[28.18, 79.97]",865 shares @ $21.09,Taylor,0008-12-1954,Operations,96.6787,Mason,Rodriguez,O,XML
true,Software Engineer,High,5ced1c27-886c-4bf5-a268-e7894445e770,tenant-034,Marketing,01/06/1981,2873,2026-08-13T13:26:24Z,V,"56 19 * * 0,6","$64,977",Exceeds expectations,7964.7,sig_d8ab809e87b09553,2.6674,Sales,40764,Finance,Walker,M,Italy,4698 shares @ $127.06,false,K4XUY2C8X6JY6D9EX,UTF-16,Friday,Johnson,"$40,208",Jackson,EST,"$42,169","8841 Main St, Atlanta, WA 14329",Noah,Workday,03/12/1978,Operations,Liam Robinson,2025-10-16 17:06:30,olivia_smith405,Legal,Food,"$5,208",EMP-30371,tenant=acme,INV-194508,793 shares @ $207.76,"$18,541",-117.41826,Engineering,B,N,Wright,VLS-7951,Elizabeth,inactive,Finance,Figure 18: Timeline,Jackson,Lee,Emily,2023-12-09 03:24:18,49704.2,Meets expectations,2365 shares @ $121.17,Needs improvement,Lee,"[13.07, 77.38]",2973 shares @ $244.18,Thompson,06-09-1978,Legal,99.0802,William,Clark,L,XML
0,Software Engineer,High,8c865316-632e-4b93-8fb4-1e717bd1b78a,tenant-046,Engineering,06-16-1954,1519,2024-03-10 16:32:56,A,27 9 * * 1-5,"$248,473",Exceeds expectations,2004.5,sig_01fb7b5a2c2fd4b4,8.8914,Marketing,85309,HR,Young,F,Mexico,773 shares @ $369.03,false,WLRLT0E24Z7PWK7TG,UTF-8,Sunday,Walker,"$249,600",Thomas,JST,"$210,854","3080 Park Blvd, San Francisco, GA 17120",Patricia,SAP,0011-08-1964,Legal,Michael N. Brown,2023-02-06 16:27:04,susan.wright432,Sales,Clothing,"$42,294",EMP-57260,tenant=2024-01,INV-671670,1669 shares @ $351.45,"$42,261",-159.354392,Legal,M,V,Robinson,YSR-3670,Noah,active,Operations,Figure 18: Timeline,Garcia,Thompson,Richard,2024-05-04 06:45:20,8980.2,Needs improvement,2698 shares @ $460.76,Exceeds expectations,Rodriguez,"[36.26, 74.87]",1064 shares @ $196.84,Clark,0010-05-1940,Sales,96.4661,Richard,Clark,K,XML
yes,Software Engineer,Critical,e3f80613-6e7a-4112-a981-9b5e20879095,tenant-027,Finance,07-26-1957,142,2022-08-02 03:36:45,U,55 17 * * *,"$131,245",Exceeds expectations,1741.0,sig_8e2444f71d9fd2a8,0.8758,Finance,71644,Finance,Lee,A,Norway,4541 shares @ $175.51,false,M8WRC80XOWOB9WS51,UTF-16,Tuesday,Davis,"$210,749",White,CET,"$42,179","4278 Oak Ave, Toronto, PA 86287",Robert,SAP,0005-18-2006,Sales,Aiden Jackson,2024-01-08T08:55:05Z,emma.thomas919,Finance,Software,"$19,237",EMP-70260,tenant=us-east,INV-471239,4132 shares @ $451.2,"$39,274",88.806761,Sales,Q,D,Wright,QEF-7614,Mary,pending,Marketing,Figure 15: Comparison,Robinson,Garcia,Mary,2025-02-23T21:24:23Z,26651.7,Exceeds expectations,355 shares @ $325.4,Meets expectations,Lee,"[23.14, 91.41]",1513 shares @ $332.2,Young,06/01/1942,Support,99.2613,Patricia,Lewis,J,JSON
