txnamt,p_504,meta_cvv,bank_identification_number_field,f_961,col_836,paypal_acc,src_username,customer_card_verification_value,billing_acc,HASH_IDENTIFIER,strategic_plan,crd_verification_value,billing_account_field,dim_routing_number,CRYPTOCURRENCY_ADDRESS,field_802,iso_4217,d_shyz,card_verification_value_val,billing_account,salary_compensation,raw_ph_level,binary_value_val,billingAccount,rflgsb34,cryptoaddr,decimalFloat,fraud_score_v2,timestamp_v2,expiration,x_921,var_frau,meta_pmlg,salaryCompensation,bonus_variable_pay_field,trend_growth_rate,col_addre,priceCost,checksumHash,bank_identification_number,v_jmdr,default_value_field,bankIdentificationNumber,marital,partition_key,fglbx30,bankAccountNumber,content_type_6,continent_data,insurance_id_22,field_uwtx,BANK_IDENTIFICATION_NUMBER,card_verification_value,routing_no,credit_score,payment_card_number,customer_flow_rate,bin,caption,paymentCardNumber,routing_number_v2,global_trade_item_num,BANK_ACCOUNT_NUMBER,payment,issuer
"$13,583.69","$10,124",7439,372204,GBP,6648,susan.garcia@yahoo.com,annawright217,016,BILL-648678,14bc95eb8d97f904f134bc427c1f011e5b2a335b3918e94efc511b8f56ce8ac8,Acquire competitor,4560,BILL-103317,957294671,0x27cca46250a2d2a7680540bed0c5196ff77d1aba,FEM,EUR,null,772,BILL-199654,"$81,861",11.0,1,BILL-398949,14.7,0x58cdc1aacc318574dd44f7f276f61715dcb84d3f,7150.0197,40.3,2020-08-26T04:37:42Z,11/30,"[-0.9396, 0.5224, -0.8981, -0.3205, -2.8949, 1.8081, 1.6507, -0.7225]",70.7,0xe275555b6d6e73b4c1174d11e0c74dcb957c790d,"$106,875","$28,882",16.09%,"7717 Main St, New York, MA 40509",8828.28,1677fd4c96f7ee3c1588d3b6d6990140455a8f1922d4a0ab7a6e5006cb07f1ef,540218,3102,'',590500,Single,region=2024-01,Williams et al. (2004),746459236562,Podcast,South America,INS-227504,7676,601168525,051,097171851,759,6011-3038-7113-9298,506.56,60117800,Figure 14: Comparison,5764-2782-0452-9200,559972138,8433997944140,64171634,"$36,695.43",375111
20111.78,"$4,797",3003,454481,EUR,1034,sophia.king@outlook.com,ethan.thomas69,8361,BILL-936374,5912502590515ce0b5daff518657f4f6e92a249a9dc70337026038add7517031,Acquire competitor,666,BILL-215765,110796556,0x9bad99d56ab27ff81024cd90ed0a5219e709565b,XGQ,BRL,1,316,BILL-392110,"$164,573",10.25,0,BILL-576848,48.2,0x33d5b92f833290696b6d67798da3d2731da141d7,4370.8878,59.1,2020-12-12 04:37:46,03/28,"[1.7548, -0.4578, -0.4612, -1.9691, -2.302, -0.1156, 0.552, -0.8155]",81.4,0x8ccf531ca409d30b5ceb01dee82cff26cad82007,"$153,979","$11,903",41.3%,"7642 Park Blvd, Denver, WA 93651",6116.73,3cb4f337f2f95c39dbb661f5e6b7f4e194edce6b0d000ab833784b277f498e61,60115023,2904,0,45573,Divorced,region=us-east,Taylor et al. (2011),09346632,Image,Oceania,INS-488655,4046,60110400,449,349195514,468,6011-5310-7505-5815,322.52,375253,Figure 9: Comparison,4880-5080-9899-9338,251524506,3488901761151,12745023,37886.36,564057
"$86,628.55","$33,436",2065,60110215,CAD,0490,sophia.miller@outlook.com,william_young289,685,BILL-953921,df8e8d879cad820738bae8a14082d523084dbfa18f411e57acaef7f46e486a03,Expand APAC market,6098,BILL-351267,675792794,0xc24b417af607161baa60345d9cc8013beeabcf23,RTH,EUR,null,4742,BILL-732238,"$52,085",10.51,1,BILL-425314,29.0,0x576cbba27b5de3d12d3ba55c5b929ab6160e5157,5804.2914,66.4,2022-11-10 06:09:00,04/25,"[0.9282, -0.154, -0.4633, -0.8449, -0.0358, -0.4338, 0.0388, -0.6776]",32.7,0x60915e7e5bf770ace00b392b3e5b2402dcaa8367,"$69,352","$49,510",-38.51%,"2067 Oak Ave, Denver, OH 58104",9091.81,6b7fa8b8bd500e0999c02856660a91394f493da0adaa8f8283bf0bf47b8d66b7,60112961,1798,1,371919,Widowed,tenant=2024-01,Clark et al. (2015),660069986176,Video,South America,INS-951544,7301,43887,779,174528801,458,5376-2409-5983-3544,58.43,54424,Figure 16: Distribution,XXXX-XXXX-XXXX-4472,443149432,4058944595208,2622521929,77120.82,58197
61415.33,"$24,806",321,378454,JPY,9143,richard.white@outlook.com,maryyoung597,8285,BILL-313378,9b4aed03d1ab3f29d56f80a16eec77138b5a1c88fdef6628ee508c0d492c8c2d,IPO readiness,5884,BILL-480385,896292558,0x5dcf9f4fe2e8892c256f44d7870f9ad46bd547f7,DLR,AUD,CURRENT_TIMESTAMP,3152,BILL-990508,"$86,623",10.12,0,BILL-312905,86.0,0x4d3e51a396f6baa60dda638ac1c7060b7a570295,390.9523,30.7,2020-05-26T04:46:11Z,03/28,"[-0.5849, -1.1274, -0.2284, -1.6498, -1.3695, -1.0073, 1.0144, 1.2368]",82.6,0xd403183c8c4451f833826dacbb60efb5df330cab,"$206,696","$33,786",-4.07%,"8035 Maple Dr, Seattle, FL 29811",9463.77,b035f2a534c34700399719166e82ef71978b7a6e911f2e9bc6a1dd26081f1ef5,42128,4684,1,60119163,Widowed,region=acme,White et al. (2022),61890506,Image,South America,INS-926726,5278,372809,2150,207703155,309,6011-1098-3216-2315,804.37,60111701,Figure 11: Overview,XXXX-XXXX-XXXX-3379,950996634,4003052380139,92366557,"$77,268.48",601165399
"$16,805.70","$8,929",9224,3728654,CNY,7124,jessica.martinez@gmail.com,william.anderson673,6396,BILL-595373,ac8184017675961eff85e49c7f4cb1b9c32da31730088f5f2759614cc17f98b8,Expand APAC market,546,BILL-978349,930980360,0x8f49311e0c8b7ae7882b5664b58b09e6152af3f3,IFJ,CNY,1,3964,BILL-322663,"$194,158",7.7,0,BILL-849997,59.9,0x42a632f21cdad7e76134c691aca349565fc4ca32,5685.9791,54.3,2022-01-25T20:38:00Z,11/25,"[0.4122, 0.5654, 0.0969, 0.0698, -0.4566, -0.0087, 1.0415, -1.514]",41.3,0xb5d57c827e4625a2b48d4fba4e343d3e983ef697,"$211,929","$23,119",25.38%,"7918 Cedar Ln, New York, GA 52426",817.72,44bc396a477fc7a195d5a63d909fb2be8f26f8853645bd2e8a946b8fe8db60e9,421137,1635,'',45973,Widowed,dt=2024-01,Walker et al. (2009),6472942873,Article,South America,INS-771564,5422,3773623,6621,783096233,822,XXXX-XXXX-XXXX-4055,648.14,60119351,Figure 15: Distribution,4266-3749-6987-9749,512880670,8529027483417,1926617568,9664.95,520427
80200.87,"$10,905",3098,601143747,USD,6349,logan.thomas@yahoo.com,jenniferyoung143,4931,BILL-949302,5412f9f441d74c8cbd4883c09b9d5f0715250543b9893815252af013e1c5d934,Acquire competitor,8309,BILL-701720,592330137,0x14b46e9705ebef20277ad6742fb5f6e22dbd1978,FFV,INR,false,317,BILL-308925,"$240,385",6.03,0,BILL-294499,67.8,0x80cb98fe8009e4446ec855abb088c4b7ab5cf0e5,5178.5931,33.8,2023-02-24 08:41:06,02/25,"[0.1952, 1.9053, 0.2621, 0.9256, 1.0067, -2.339, -1.8455, 0.2785]",10.9,0x20a240ebee64b77277f65d9266660198d3fbc726,"$177,461","$6,517",-40.66%,"9516 Maple Dr, London, NC 40417",3197.71,c3c84da354232b2e82cb0451fb5ad9d525c83ab89b7e5f0873e787a69151b08f,54400,4757,1,40322,Divorced,dt=us-east,Smith et al. (2007),26313209,Article,Oceania,INS-201133,7621,378387,427,320009352,480,5460-5490-1296-3845,28.02,3758933,Figure 5: Distribution,XXXX-XXXX-XXXX-5950,941794374,2054561530578,229177450249,"$49,016.99",3741563
58162.00,"$23,838",2671,576691,INR,7213,mary.white@gmail.com,robert_jones219,804,BILL-424309,12d058baa4f6faf01223affef19a21a6a54fa41111b13bb57b4f1ab8c78f8dbb,Launch SaaS tier,315,BILL-459980,468473849,0x4975f71dd9d91e66b437a825b66bbd2b3ba6fabf,CNP,CAD,0,5458,BILL-881445,"$113,070",11.24,0,BILL-497130,83.5,0xec2dc12142a674882ee8cbe64fcbf45a7042df58,4479.1165,60.3,2024-08-04 11:15:49,10/26,"[-1.5663, 1.9485, -2.0257, 1.1491, 0.7582, 1.476, 0.5702, 0.4895]",68.0,0x2674207ecdaabf0fb56c9d574fe942ed750169a0,"$157,296","$10,014",-10.66%,"9138 Cedar Ln, Boston, NY 84936",6476.13,ba68b6f36499b8c2bbcb514596007234e19d218c4176a35576dbf7ba075b3635,44253,4112,CURRENT_TIMESTAMP,601195724,Single,region=us-east,Walker et al. (2007),4788699404,Video,Antarctica,INS-309174,4358,60113427,8813,301389038,373,XXXX-XXXX-XXXX-5959,706.07,42986,Figure 5: Timeline,3789-7685-7975-3840,394951381,8218569207125,999223001465,17584.67,3714147
"$60,282.65","$13,321",685,601100021,BRL,3323,richard.white@gmail.com,masonclark760,8146,BILL-538504,203e59e8cda8e1f48c1b633260a1fc456c4aa7a72178f0b13a9e80caf8f24fbf,Acquire competitor,659,BILL-874059,678830016,0x7c4df84705ff769bd764576995da88826882f61f,BQA,BRL,0,026,BILL-575357,"$105,385",4.84,1,BILL-275300,48.0,0xe928b90c792c7997452795672d536d5ee6130abc,5641.6097,13.7,2022-07-21 12:22:12,02/29,"[0.7504, -0.5366, 0.21, 0.1384, -0.05, -0.9184, -0.5849, -1.599]",50.8,0xa6ef6557be0f0d549579d5f3c0d42e5c7f7a399b,"$137,328","$26,013",-33.74%,"6894 Cedar Ln, Miami, NY 46930",1229.65,5f1c070353097f929643b81bdf0954398502e5c13546d16750f20a006adaade4,60115974,8884,'',531252,Widowed,dt=2024-01,Jackson et al. (2001),90471918,Infographic,Oceania,INS-186847,6909,52821,905,572625942,469,3797-6900-0367-1111,858.79,407917,Figure 16: Distribution,3769-7180-0377-4499,426365386,7594788754641,021388486784,"$74,362.17",50511
"$33,239.53","$46,677",339,3720833,BRL,7149,michael.walker@gmail.com,noah_taylor713,4140,BILL-830243,421ddf524c70c1740c70bdb7454b97b73c8fc72a39426f5a0bd42bca5fd32477,Acquire competitor,1491,BILL-876730,423607160,0x41c08b5b12af515506d66eba3b7a03f21e70cff7,VWS,CNY,false,442,BILL-537428,"$69,948",0.2,0,BILL-652633,20.4,0x0c94f4d054454ad08b7cc4fe5cd8115c73cf3e74,8040.7513,64.7,2018-10-22 16:43:29,02/29,"[0.6201, -0.1928, -0.1162, -1.4144, -1.2799, -0.3057, 0.3523, 1.7793]",59.0,0x8de51330867ffab5cc3bc6218e672724c85253d4,"$57,134","$15,828",35.19%,"4767 Elm St, Berlin, TX 40114",8311.39,6d15641f64a040e5d98f64858eec52d4b1b0bd256440b9bbdff5acc2b3893f79,372651,6121,1,601198401,Married,tenant=acme,Wright et al. (2026),263303161526,Video,North America,INS-683740,2092,3710257,796,189743556,545,5264-6594-3095-7290,181.98,60111778,Figure 7: Distribution,6011-0842-2708-4821,947042560,8131347591130,277073817444,10003.68,60118790
"$13,733.35","$38,210",631,601140897,EUR,8984,james.lee@gmail.com,emilyjones655,9099,BILL-663385,6f800d401e5c7d4e8b376ccdc371676f60ff1a592c3a90ea289cfa007adb1254,Acquire competitor,263,BILL-167470,488769003,0x89dd2dbb364618fde7067d9270154912682ee39a,HHS,BRL,0,1959,BILL-589364,"$156,129",7.08,0,BILL-689903,8.0,0x46c2e9b422c8bb07a3f8038801379f3347c4103a,2580.8897,72.5,2020-03-03T23:09:38Z,03/28,"[0.0845, 1.3247, -1.8188, 0.709, 0.3273, -1.1302, 0.0995, -1.0772]",89.2,0x97ef74d6af8846e042b916cc09b8136f497a2ab1,"$162,853","$10,154",33.76%,"2811 Pine Rd, Paris, PA 26404",5510.3,08d44d4d4fb3edbaf0954303532de0c4cd810102e948d5c5917fa616640ee863,372792,7107,'',440873,Widowed,region=acme,Williams et al. (2021),335629559747,Image,Asia,INS-116174,9088,556032,9541,374632244,564,5443-8946-7781-8512,614.43,374984,Figure 16: Comparison,3777-0955-6276-6367,747073383,7209172860411,1378709118,"$64,728.21",3767536
"$6,041.22","$14,513",1466,599531,JPY,9897,aiden.brown@gmail.com,william_harris50,2263,BILL-648034,0eaa84aaf94fd6870ec205f9e39634a5720ebbd66ddbf190e8c39c79311dc7ea,Acquire competitor,149,BILL-109051,114457707,0xa2d7268b94ecec12afde7033d86697612c8991c0,LDH,CHF,CURRENT_TIMESTAMP,532,BILL-854463,"$179,980",1.66,1,BILL-831359,3.9,0xe6150f1f61cfde34ddaae3f074c2a5d45d2728f8,9106.9709,17.1,2023-07-01 20:56:43,08/26,"[0.0558, 1.5731, 0.5848, 0.4788, 0.2738, -0.5588, -1.6868, 0.6396]",69.6,0xa0cfba1e4e2d815fbefa5e20e7bddf72e35c51f7,"$210,011","$30,558",-28.93%,"8924 Cedar Ln, London, WA 65586",5718.34,f511bfd849652fc5fd7635f280b5013732e6210f342cfefb54d6d73f6b18d770,478318,1126,false,601166018,Widowed,dt=us-east,White et al. (2010),8813395272,Article,Europe,INS-348969,4514,53119,471,240150048,606,4256-6606-8253-2450,191.78,601134975,Figure 10: Comparison,6011-5575-7248-1715,624188642,4161317007928,575555082766,97549.60,3739930
"$42,643.96","$3,874",0099,601124260,CNY,3451,michael.taylor@outlook.com,lindarobinson982,1883,BILL-721162,890932becb239784f459e784b3593a3e49bf536fd535b2d8b83ff0fa44f8a907,IPO readiness,0621,BILL-190070,156812428,0x0cecfa11fe56c2ea19bd21c205a6122d0702313b,VZW,JPY,0,673,BILL-565900,"$55,666",10.15,1,BILL-125384,15.5,0xa55359a0a39ac28a01d7ad5dc258ff2f764f820d,6318.4763,97.4,2018-11-09T01:57:16Z,08/25,"[-0.7471, 0.9743, -0.1469, -1.6764, -0.6605, 0.9578, 0.7483, 2.201]",48.2,0xea88063615964a4ebad20fcd0349f6777a5057b4,"$51,898","$14,159",-24.26%,"8606 Elm St, London, FL 16103",1738.34,853516cfa21eb0bed1700f373ddb7704a7a69cbf6769817eee13368db5516690,428881,0025,1,522216,Single,dt=us-east,Martinez et al. (2013),75207036,Video,Oceania,INS-887280,6555,51944,163,811161886,411,5854-2552-1992-2027,427.72,371059,Figure 19: Overview,5730-8252-0821-8556,732788044,6598381016818,798738067080,16960.67,54969
44350.56,"$38,603",7322,3747215,USD,4025,elizabeth.smith@gmail.com,david.smith357,231,BILL-556857,9d8c6bb4f4f5f800964205bbb12e2f4d9da2369dd770e9b250b5a49b9b09ef17,Launch SaaS tier,4671,BILL-185763,330348942,0xb2af52d92a3608a45e7f979099f70611ba7c240e,AKE,CHF,0,8771,BILL-272130,"$241,695",11.52,0,BILL-650771,38.3,0xe67c001c8c37e8eea3af1c4fcf3b053de098eaf0,552.3599,22.3,2020-02-06T00:40:35Z,06/28,"[-0.7974, -0.0034, 1.1767, 0.3164, 0.8715, 0.6796, -0.0279, -0.9512]",36.7,0x01bcdc6ecd595d9d28d67999e66a38af8609f166,"$72,903","$8,524",9.82%,"8858 Cedar Ln, Los Angeles, MA 99273",7832.09,67ef043e59adae9e67073ced05aab62543e28dcd72968418f76bdbfd35fe47d9,421845,6345,1,466232,Married,tenant=acme,Jackson et al. (2011),3643875634,Image,North America,INS-303615,8325,60118605,6860,533362182,407,XXXX-XXXX-XXXX-8574,454.25,544560,Figure 16: Distribution,XXXX-XXXX-XXXX-6888,922829215,3309905781566,39646478,"$14,904.27",44219
"$87,968.20","$5,241",0751,3795641,USD,1213,susan.johnson@gmail.com,amy_wright851,9803,BILL-154855,53d2bdc97e53af557a908d1ea69aae3375083de463bc2bd6d805b35a11ec0fbf,Acquire competitor,975,BILL-282076,261019374,0xd53e8437fd3e9f9fec01ccaeb3a9a5b602a64d90,IWS,CHF,'',6211,BILL-867545,"$117,768",3.91,1,BILL-807158,14.6,0x0cc0a663f1e7244157048004e721a1ca57d6e473,1129.2868,10.4,2021-11-03T08:10:06Z,09/25,"[-1.1152, 1.2994, 0.9608, -0.8701, 0.3998, 0.4968, 0.4088, -0.1065]",67.1,0xf01f06d8939aa8c7a0f740c9b2e63cafcd9d4fa4,"$248,283","$14,421",-24.46%,"8633 Park Blvd, Paris, IL 80683",5403.5,de04a1ec765175faea3ab2581e21ce10c3b1180daab9aeeb7f9b706112fbcba8,3723067,0754,'',3702779,Widowed,tenant=2024-01,Miller et al. (2016),709999967254,Article,Asia,INS-103260,2359,57362,5325,697221582,372,XXXX-XXXX-XXXX-7974,780.35,45376,Figure 8: Overview,XXXX-XXXX-XXXX-8873,113115768,9712200050963,6849304396,7132.23,378411
98828.12,"$44,641",7044,408161,INR,6041,logan.moore@gmail.com,davidgarcia694,411,BILL-497013,7be19e604d295685909a82832f858f15e02f7a5c1ee2612ef4d218c0a6ceb9bf,Expand APAC market,571,BILL-973863,403714312,0xcd61bd4837afd01bc71ff750b5b2309af624880b,ZZM,EUR,1,780,BILL-740480,"$248,585",9.85,1,BILL-246703,96.7,0x9d1d1f035e9c53267e07595b92e82b0e21fe0257,463.7214,1.7,2024-09-03 10:50:11,02/24,"[-0.1086, -1.5758, 0.651, -0.0777, 0.3634, -0.1886, 1.4642, -1.1231]",78.8,0x382de46f8464436d69156861401d42d1c684bd15,"$103,986","$49,960",37.75%,"3885 Oak Ave, London, NY 75512",6143.96,a62a92c9bf1e3aab654d11d4d4226f9fb3c272e8ff20f94cff45d7967448adbd,601194305,3994,null,479595,Divorced,tenant=us-east,White et al. (2017),87792074,Podcast,Asia,INS-310452,5457,377677,346,840440107,635,6011-3350-5884-3756,750.71,60116006,Figure 12: Distribution,6011-6600-0400-0249,202900485,0483915923583,152233735335,95806.91,601171317
"$16,416.39","$30,174",8092,56979,USD,7582,sarah.williams@gmail.com,oliver.davis728,357,BILL-315263,9834f3a9bfa44d1610c08720e7be8e21402faf659e916f0b724f78f436247926,Expand APAC market,7437,BILL-332897,187966393,0x6d24eb94c71de53a0ed3bcdf0fcf4b5c93f31d24,VEO,CNY,false,9299,BILL-152206,"$193,302",11.25,1,BILL-725681,28.5,0x87868804d6425747d64ca60270e61d3e024ba6c9,5303.3154,15.3,2018-07-28T02:25:33Z,09/24,"[-0.4947, 0.7618, 0.7973, -1.7301, 1.2554, 0.2712, -1.9718, -1.1086]",23.6,0xc7012f9900131bace8c97b2e22054bc4727f9f4a,"$101,934","$40,125",-39.7%,"5691 Cedar Ln, Sydney, IL 15410",2496.38,8f196cafd54ac86b7c1cd21078cdae1f5d2b78b5570c4001c6c57e2dc2cc573d,413228,6306,'',58346,Divorced,region=2024-01,Young et al. (2016),94085755,Image,South America,INS-470132,2524,3707626,742,303663766,515,3761-9296-3392-2778,669.13,373451,Figure 1: Comparison,6011-9868-5656-7563,894330001,2620386898863,692622200174,"$17,901.00",41894
66629.40,"$22,465",557,372153,CAD,5230,noah.thomas@yahoo.com,emma_clark163,306,BILL-479621,a03077224a8714b0b458bb6e2e3b154de7715b69d0e398bce2456a4bc5a2e2e4,IPO readiness,6036,BILL-677644,307293605,0x35198c0b49bef676c9fbedf6394b0665288f2296,QHS,BRL,0,306,BILL-138629,"$59,995",3.27,1,BILL-133965,95.9,0xa3c693f119302c5af7b243b1c7cd7f604af686e1,5381.6891,66.4,2024-05-27T02:36:42Z,06/24,"[0.4493, -0.0286, 0.5999, 1.8654, -0.1385, -0.3724, 0.3185, -0.3045]",0.2,0x2f8b00a4d33c12881039d2d38f080ae6f9a868b9,"$97,119","$31,026",-44.84%,"6121 Park Blvd, Portland, TX 73587",1025.58,f1e56b35f0d15139bc1e40874b9127f7d497abccaa7d2274ea954ba9eb2757e3,601126339,2582,CURRENT_TIMESTAMP,60111694,Widowed,tenant=us-east,White et al. (2003),48475807,Video,Africa,INS-315779,1676,601171761,119,311263550,835,XXXX-XXXX-XXXX-6691,4.39,601148024,Figure 16: Distribution,XXXX-XXXX-XXXX-1813,277282745,4450150136136,2581210817,"$62,109.14",56347
"$90,240.75","$40,165",1183,53976,CNY,8796,richard.robinson@gmail.com,jessica.king332,7458,BILL-984297,ed83b57318c93929c8d6be3fc00ecbb7744819b59b47547f272ebc8c2fcdf4cd,Launch SaaS tier,115,BILL-709428,723832028,0x3939278fdc1cb8591a008dce7748b46b5a68cb65,EPT,AUD,0,5808,BILL-208405,"$118,942",2.09,1,BILL-321773,50.0,0xa47ce88b29a3608d4a65157725c93e6e18a181ae,6111.1448,65.2,2018-01-09T16:06:59Z,11/25,"[-0.3332, -0.0253, -0.1847, 0.6662, 1.2012, 0.0463, -1.2041, -0.4943]",2.2,0x84a7787191ed0917c4f094929b4a27899a4211ed,"$72,122","$34,088",-31.69%,"2928 Park Blvd, Dallas, OH 34228",5690.58,a0ac2b0952588f0840ad76454281c8351defb6515a81929980dca62355992f47,3753878,1407,0,56568,Widowed,region=acme,Wright et al. (2011),2935158252,Infographic,Antarctica,INS-394706,5406,3776445,0697,997701015,651,5516-0997-1164-7577,591.1,3723457,Figure 19: Timeline,XXXX-XXXX-XXXX-1681,968405445,5759297513311,901653257506,"$13,484.03",421826
"$37,346.80","$13,459",8793,519324,CAD,8119,amy.miller@gmail.com,amy.lewis166,4402,BILL-759619,00bceec80d082bd9f338ea2afb5e8ec9624ff1870ff21211aedddd6e10838764,Acquire competitor,999,BILL-283085,940820934,0xbdae77a7ca46c9b6f8993bf72d2f97002cb5436a,IUA,AUD,false,4416,BILL-697668,"$106,800",10.29,1,BILL-151976,54.1,0x423b29d4a3c3dacb9777e2bec90b2ab9b51c3f6b,7784.8691,75.4,2026-11-16 18:55:25,09/30,"[-0.1889, -0.3127, -0.2514, 0.8837, -0.6532, -1.3326, 0.4224, 0.8404]",77.0,0x65cf940ee886350da7bf26227caf89ec87becfbe,"$241,688","$8,588",-29.64%,"3628 Main St, Phoenix, OH 97282",7964.32,9afe2a70e1142ebc261c6acc24e9808f75ac4086619c428bdbaed56d73c003ac,601107835,6597,false,430993,Widowed,region=us-east,Garcia et al. (2010),0886777461,Infographic,Oceania,INS-182855,7430,53300,307,497552952,794,3747-3787-4392-5276,711.03,44816,Figure 4: Comparison,XXXX-XXXX-XXXX-5211,288491149,2458804591867,4079626172,60151.01,43692
97269.85,"$5,913",2599,60113183,BRL,6167,noah.anderson@gmail.com,logan_lee257,662,BILL-404812,55a93ccdb283bc3a7b28b93941a1fc843213a2d433823163596a79be6af95814,Acquire competitor,7925,BILL-162817,729083679,0x1dd38be4552a9b3b49f252e81262e101280d3f71,HET,JPY,0,501,BILL-753570,"$242,494",13.62,1,BILL-294790,81.0,0x3514ddce1c9a1ff1da3197252848c19d28a5410d,2772.3435,43.0,2020-03-12 05:32:25,06/30,"[-2.6401, -0.5241, 0.7146, 0.1955, 1.4287, -0.4509, -0.829, 0.3022]",97.0,0x8554d9e4c1a8d339314d230c80e119141a1f3b73,"$153,147","$19,772",-15.83%,"7950 Maple Dr, Atlanta, WA 86604",5902.53,b89be999341075bdb8ceb499d00ab9250af6bb7597dba90d8a61718d135f8cfc,582021,2442,1,60116096,Married,dt=2024-01,Thompson et al. (2011),211805916981,Video,North America,INS-736040,1357,53045,840,456920654,810,XXXX-XXXX-XXXX-6828,41.86,40152,Figure 20: Distribution,5226-6075-3978-2034,463684869,8356087689385,91053961,48946.02,60111607
"$92,566.54","$29,818",8695,378465,EUR,5588,emily.lee@gmail.com,elizabeth.brown996,870,BILL-900168,fbb439b6bc7a38e612334811fefbabf0792b4da4f5ef555895c0e16ca221ddde,Acquire competitor,4475,BILL-720794,033461193,0xb7311d3bffb2f3b907e7061e533ba0f139881bd5,HNM,CNY,null,7813,BILL-651977,"$164,157",6.21,0,BILL-828939,71.1,0x2b07849c2f551b02bb32fc5054e3beb5bd0c4517,5523.6291,80.2,2025-07-12 12:51:18,02/29,"[0.2089, 0.0266, 0.2057, -1.0361, 0.0598, 0.0615, 0.0465, -0.8094]",2.7,0xb78e6e846719c48eeb939e0e9b43cdb3e02c50ba,"$118,642","$8,331",-9.85%,"5423 Main St, Miami, GA 34550",5537.35,a62abc86e6bef68c30b3d5f7416c5ad3dbe08756c9ec181928a7550ba14a6671,378374,8704,'',601127199,Single,dt=us-east,King et al. (2002),89430082,Article,North America,INS-820617,5515,60116137,0825,664235449,666,XXXX-XXXX-XXXX-6493,987.18,466282,Figure 3: Distribution,6011-2503-0474-2273,048809230,3196064521592,96674140,80168.89,441677
17197.99,"$22,895",5851,529683,JPY,2819,william.lewis@outlook.com,olivia.davis21,311,BILL-486756,7757f0e6f54410b194660e1a5b7d7a8de2a985872abba1340a2499cd718822f4,Expand APAC market,7387,BILL-560918,141561819,0x482a2550e22d51b7fc6a52c425deabe9b1658a29,VQI,EUR,'',2262,BILL-676474,"$148,645",1.09,0,BILL-857514,22.4,0x61fa76c800ff7e79aed6f5e34c2e0890e4599a91,2478.3329,32.6,2023-11-26T18:05:30Z,09/26,"[0.4866, 0.2241, -1.2999, -0.6708, -0.529, 0.9971, 1.7587, 1.8942]",87.3,0x8b0c03d7f7e43ef3483ac8d3c1079c3a2331cf9f,"$231,060","$44,692",-31.93%,"9649 Park Blvd, Atlanta, FL 65688",1587.53,99718c3ac81963814ea3991ea8c6935b8c5d73b151ce9620034bd01e99ecd386,582796,4197,CURRENT_TIMESTAMP,3792384,Married,tenant=2024-01,White et al. (2010),129134773514,Image,Europe,INS-205723,6871,601108384,691,192322082,753,5894-5495-7344-8208,831.64,439842,Figure 17: Comparison,6011-8968-9843-2269,855798365,1841697261599,246234474777,"$68,818.61",58617
"$76,265.56","$25,662",585,601116695,AUD,9292,liam.moore@outlook.com,noah.smith493,4568,BILL-418988,e43a3524735689979fcd42ae866beab9afd651dc2d4feb0a9b8b7097a3604831,IPO readiness,646,BILL-800930,058035632,0x182ef1318690a4b918711b74ee4971278c1da0f6,FKV,EUR,0,328,BILL-154189,"$80,493",13.66,1,BILL-827607,95.1,0x3ecfe91dc2bca6c81ef7d72ef7dfc15947f653b8,6189.271,42.8,2022-07-01T06:31:36Z,08/24,"[-0.1895, 1.6736, 0.7465, 0.3764, 0.3857, 2.0203, -1.2009, -0.8589]",10.1,0xc6fab4e5f7b7f29b412253c76ce8513cfb7db6fc,"$82,849","$9,981",-22.16%,"601 Oak Ave, Tokyo, CO 73954",6223.87,8013b1f26566a5c97367be53c49c5faa27e20ec1381ff1d728c3f2ac9e88197b,565014,3329,null,493342,Divorced,region=2024-01,Harris et al. (2010),096831775947,Video,North America,INS-778448,4424,558294,252,762373607,675,6011-7867-8152-6811,820.0,60115227,Figure 20: Distribution,XXXX-XXXX-XXXX-7874,553225265,9424680359243,170996972151,52303.40,60115129
58232.00,"$25,533",4315,499804,CAD,7779,susan.clark@outlook.com,patricia_garcia284,673,BILL-156303,cf2bf3e9a4cb8ff20f9c3989e6a035ea52a85acc94627e3034901b7f4261f1be,Expand APAC market,040,BILL-232482,129927430,0xe2f32bf48aa0c995dfdfc4b97450b33bc8cd0afa,VXG,CAD,'',5612,BILL-153147,"$212,958",3.42,1,BILL-735468,92.3,0xd45a2f9116cbb30fcf5992cbbb1e1b45ba2de8bb,2473.0415,71.1,2021-03-05 15:33:24,05/24,"[-0.1969, 0.2531, 1.8845, 1.1386, -0.8379, -0.1114, 1.1002, -0.9946]",7.7,0xba3ffec9fa739470e4f5b4fe9f2f7d73f9da1fac,"$77,716","$49,745",22.64%,"7378 Pine Rd, Houston, GA 46706",6354.15,4381c2421f95eccf6591b886316047b6fdcee63fd76617ac8739405e49baba9f,46283,0600,false,3733689,Divorced,tenant=us-east,Thomas et al. (2002),83831842,Image,Antarctica,INS-311404,2401,3757578,312,783495521,536,6011-9772-6507-9349,341.28,601139552,Figure 13: Distribution,4408-9208-7271-4945,192439201,8721117559591,0413729583,"$54,485.75",56387
2908.95,"$2,618",564,3771937,AUD,9252,sarah.thompson@yahoo.com,liam.white75,374,BILL-281706,eecd38819df8a1b1768deb1b42bc1a2573240c9816c5491f43bdbab37686f0a7,Launch SaaS tier,8565,BILL-443612,253976375,0xe8e3d1cd9133b3863ce38acdbeba1c30fae76683,HMI,BRL,0,147,BILL-881385,"$174,907",8.24,1,BILL-747570,46.7,0x71d0bebfba7e1bbd365479df58e704fc50449432,1915.6489,71.5,2020-01-14 21:44:21,02/27,"[-0.3251, -0.2115, 0.261, -0.771, 0.7022, -2.0668, 0.1752, -1.9385]",4.6,0x3a8589a66aab82867924527bc7009e9ae7ecaf6c,"$64,067","$10,287",18.67%,"1764 Park Blvd, Sydney, FL 23828",4865.39,9c5a5d960e4e046338620b13489f01d441d3d4a834cb858ad96fc026773faace,3797477,3993,0,375051,Divorced,region=us-east,Moore et al. (2024),1756889642,Article,Europe,INS-634051,3013,57157,9104,288343521,815,4055-2482-1666-1055,580.95,60115681,Figure 10: Comparison,3779-4702-0450-3323,388671678,2030520296715,730232175574,"$94,454.07",45734
91659.69,"$31,356",119,44397,INR,1451,amy.walker@yahoo.com,john.lewis987,3237,BILL-940541,616b550323e6eca33af7ae35a497e6781838c27f7a48db6740f4b73db890a880,Acquire competitor,2183,BILL-269621,306308624,0x1fcb3a9e5e08177e0ff18c969d8be7847a4709d4,RLY,USD,0,8049,BILL-997186,"$163,775",11.57,1,BILL-857085,98.3,0xb34d02233f8d368463166e892606d022cf173a05,9445.2391,15.2,2025-05-03T02:32:14Z,02/28,"[-1.3298, 0.381, -0.5069, -0.8372, 0.0392, -0.9543, 2.0516, 0.6127]",85.4,0x6ad2021b71e8f56c7003fd5667d97d631332846e,"$192,024","$10,407",4.01%,"9817 Maple Dr, Paris, OH 17875",7724.73,022d04c04183da910d9555ee9c60379ebe187d8e059b9388d28dae62ef4f25db,55416,4625,1,598125,Divorced,tenant=2024-01,Thompson et al. (2002),079369303066,Infographic,Asia,INS-217339,2151,57939,368,094848751,437,5126-3226-1695-9721,180.36,42551,Figure 7: Timeline,4793-9518-6322-5170,324852539,6709693416100,759175635090,83994.79,40622
"$10,967.99","$48,142",247,60113444,JPY,5525,harper.taylor@gmail.com,ethan.young184,949,BILL-798877,6bb2c5bab56e2764d364f5ac26cad10d67328176a4a344df85aaf57915c58708,Acquire competitor,9836,BILL-437505,050205268,0x76397ceb5da16885ce3e22cb2f99c536f1158b22,JMR,CNY,false,6552,BILL-867154,"$242,855",12.14,0,BILL-853977,54.0,0x7bf6f84a01e34a16640683e1b3028c9dfb7829d3,-914.0071,76.7,2023-11-11 22:00:58,12/27,"[0.1269, 1.06, -0.3924, -0.5797, 0.6358, 0.2674, -0.6934, -0.5711]",82.1,0x7534e40abd5b9dcf3e92d73d32055577d92220fe,"$178,036","$9,283",-23.37%,"1112 Park Blvd, Denver, TX 92363",6273.26,eaae16b13c2aec062fb9292d425b4fccf1692fd28b81159635ae0b0d4bbed47b,3796718,1072,0,3725763,Single,dt=us-east,Miller et al. (2020),2247258425,Video,Asia,INS-502280,3589,601176269,718,650683311,618,5993-9337-1937-3472,457.74,56870,Figure 11: Timeline,6011-3522-6132-4741,300201511,5922343459790,98131113,40693.79,371173
56008.06,"$44,286",451,60113169,BRL,0990,sophia.johnson@gmail.com,richard.lewis29,324,BILL-127168,a22c45a651122d604dd90446cd7f6d048ea91bc6ac90ab720f86e6a8e05433f3,Acquire competitor,4198,BILL-589064,960370642,0x51095b8e35cc912d76ece4eb38a77730a5b4723f,EKZ,BRL,CURRENT_TIMESTAMP,897,BILL-348398,"$38,996",4.23,0,BILL-820648,46.6,0x578871719f932cc6ef914792b975b66f818cfa89,5244.2108,91.0,2024-11-15T02:50:20Z,08/30,"[-1.0747, -0.5223, -0.4498, -0.1432, 0.829, 2.082, -0.6737, 1.0934]",28.5,0x992a90430a6c0bd152efe2acaeaf91900d8adee1,"$179,513","$6,189",1.11%,"9044 Maple Dr, Toronto, FL 12204",9445.36,c475b24f9b9f83287dbd70303a7f68dc2560c244917bfc409d5141f0fef43612,376284,5324,0,55301,Widowed,dt=acme,Garcia et al. (2012),8770141756,Infographic,Antarctica,INS-835741,719,43284,052,865028624,358,6011-9479-7522-1831,232.19,60110202,Figure 4: Timeline,3742-7727-4653-0520,200729363,3595228379196,02627112,7367.09,404036
"$10,210.98","$26,353",559,601191577,BRL,3429,mason.white@gmail.com,michael_robinson62,2064,BILL-548204,c44b7d7bbfcbbc20bbbf234d024c8b63faac6ec3b89c4f80dfc4436b7d61180d,Launch SaaS tier,8726,BILL-940236,729759523,0xb444c78ef982dd9471b8d89a7151c87e309c4263,BEG,CNY,0,3832,BILL-706395,"$55,744",12.06,1,BILL-910085,45.0,0x60578228b979e955c6f3cfedd12c6158b96f211d,6860.7929,98.0,2022-03-05 01:55:38,07/25,"[0.5644, 0.106, 0.2434, -0.5659, -0.7571, 1.5175, -0.6309, 2.0318]",58.5,0xc8067b4dbc52ad25a4dc0d7062c4771d61da8029,"$224,914","$31,606",-3.27%,"328 Main St, Toronto, WA 11770",8611.81,08323ff08d14dee9dfca297c7921a1cf17e512644efc04f6bce83b5599b26822,60117458,2886,1,48635,Widowed,tenant=us-east,Lee et al. (2016),3752163675,Image,Oceania,INS-333917,4337,487418,838,649059992,333,5358-8545-7690-8426,747.15,3785806,Figure 18: Distribution,4245-6361-0489-6405,157617322,0421754984289,60742195,"$92,138.65",54336
35325.04,"$33,107",1437,52669,CNY,9625,noah.anderson@yahoo.com,mason_martinez114,8623,BILL-885955,a3c6133d918ffee2e04e806ce83b8d5f71c23a08a3aa0d7386bb3181edc32f96,Acquire competitor,408,BILL-886455,593722561,0xef2640539f6d399ff2e609a6ce83e361a2a40bfc,NJZ,INR,null,1075,BILL-356501,"$91,773",10.05,0,BILL-568404,9.3,0x99800987a81c30e9e56859a64f191ef232d40f7e,5096.3718,85.3,2020-12-12T09:20:47Z,12/30,"[0.9288, -0.0568, -0.5923, -0.1368, -0.4587, 0.3434, -1.626, -1.139]",90.1,0x38362da100ec66add920ab47ae54f12d1a1d0898,"$239,861","$12,326",-2.92%,"4622 Main St, Los Angeles, CA 41875",9818.61,e991176ae8cf6b72c88606a50dcd356662405a538991707923e246df81bb0d7b,601113693,5430,CURRENT_TIMESTAMP,423411,Married,region=2024-01,Jackson et al. (2022),191491523714,Image,Europe,INS-872650,5976,507253,194,935964898,641,5753-9702-8389-3049,386.52,57133,Figure 1: Timeline,3735-6830-6273-5657,386538396,8171568962290,17841549,19973.76,50589
"$60,691.25","$14,420",9235,601178872,CHF,8289,james.jackson@gmail.com,noah_anderson549,378,BILL-175919,665b130d4f239ab005e1e2fbc87fd07e41b1a94b68889d4298949b6eed4f5cb0,Expand APAC market,626,BILL-958555,894105722,0xafd2208d5c1a8edce6051a6a49c4c73898b9a168,FPX,EUR,CURRENT_TIMESTAMP,372,BILL-488644,"$67,629",10.38,1,BILL-366876,99.1,0x5f80728c0b40f2ef18d9ae075c4f6ddc4becefa5,3482.8897,9.7,2024-11-14T20:45:16Z,06/27,"[-0.2105, -1.4935, -0.8759, 1.4167, 0.9358, 0.6063, -0.5151, -1.7816]",15.4,0x3e9e26eb7df19379f9772207274fca2d11948777,"$206,567","$6,096",-8.96%,"9651 Elm St, Dallas, GA 36962",8994.24,21696b45d81408ad3682324757a41fe6dd199353445c289fbc78879fd48b2756,44486,6552,null,60119759,Single,region=acme,Harris et al. (2020),238291382086,Article,North America,INS-951383,6024,377669,365,987734902,587,4700-3258-5950-6451,65.42,44977,Figure 19: Overview,5247-6238-1787-7759,095158555,4118903690543,3827598072,26687.31,60117623
60862.40,"$11,413",766,437932,CAD,0796,liam.miller@gmail.com,michael.robinson893,781,BILL-265369,affcde9d59f03a312a510f3a84cf45e23b97f2083633da7dd861876bedc2c056,Launch SaaS tier,416,BILL-591684,822541205,0x2eedd4030771aece619b233d587d3137bf5afe16,JXI,GBP,0,5119,BILL-887588,"$80,089",2.21,1,BILL-675563,47.6,0xfeba6323128396706df97c94f37e96957f607c85,-435.0706,56.9,2021-07-28 13:11:30,11/29,"[0.6922, 0.7398, 0.7762, -0.9225, -0.6587, -1.1152, -0.9088, 0.4097]",5.0,0xca21de92f3f60006d7a47ed7540bd2a69ee575e7,"$143,941","$31,160",-35.23%,"9079 Main St, Paris, IL 11787",9741.17,a40f6e9ede60a3c98913731e4dc94364dfaa3fdca41d5929873a04d6275009dc,3769860,1530,1,601187828,Married,tenant=us-east,Moore et al. (2016),6112912091,Image,Africa,INS-524306,9789,60114231,4357,379744272,600,3785-9462-9034-5797,425.59,46319,Figure 12: Timeline,4590-3506-9285-6753,139877693,5594933150397,974844229607,93717.56,376823
85377.19,"$17,490",8699,57536,BRL,0332,emma.johnson@outlook.com,elizabethwilliams244,0391,BILL-827408,b2bfe1844d43a67ef61d844309ed3f42fb186dd5862d1bd490394927f63e09c0,Launch SaaS tier,7172,BILL-721231,031424239,0x513a4305e70a27b34ff4ed3a1a229a0b016a490c,IGY,CNY,null,3714,BILL-274242,"$188,812",6.25,0,BILL-755225,63.8,0x49eb2cc4cde17cc954b8ff507460a43b24eccb96,3190.7798,48.0,2025-05-12T08:58:46Z,01/27,"[-0.6306, 0.5204, 0.8551, 1.0459, 1.2621, -0.8282, -0.2208, 0.0361]",78.9,0x323785118864810ddac567be0f7eaca90aca73de,"$237,086","$42,083",26.48%,"4457 Main St, Paris, FL 79157",2722.08,69bdabab791c3614c481f668120e8f18ef329c08ccf1ea5584d29a00a95c642f,3719023,1612,CURRENT_TIMESTAMP,371145,Married,region=us-east,Miller et al. (2024),71615681,Infographic,Oceania,INS-268124,2369,545444,9487,160625663,504,4096-8120-0987-1725,43.28,546577,Figure 15: Comparison,6011-6042-8631-0113,761726077,5065695299281,3834175250,"$97,967.43",44401
53339.23,"$1,031",0005,478334,BRL,2562,mason.miller@yahoo.com,jennifer_williams899,1582,BILL-127681,5547332033d1a13be0080078075a3b29589e2f09883c7dc26a85e910053095a7,Launch SaaS tier,9764,BILL-722722,826416704,0x54defa52b2c11fceb342c86de5a90efb996eb8e1,FAE,CHF,CURRENT_TIMESTAMP,042,BILL-480863,"$120,669",0.58,0,BILL-562852,83.3,0x89318e14b59ff2d6c300bbc512617e07c3257f1f,9260.4615,49.1,2018-04-24T10:20:39Z,06/25,"[-0.2214, 0.285, 0.8706, -1.04, -0.3168, -0.1697, 1.5627, -1.3844]",48.5,0xf94ecd788983059b509deacc232db21143a0e6cf,"$171,786","$36,607",-47.28%,"373 Oak Ave, Austin, NY 22786",9541.65,0cfba0516bee391f78e4884c0da0a8a9b3502ffaf6b91b425167810dacb09016,601135535,8443,CURRENT_TIMESTAMP,601125802,Widowed,region=2024-01,Miller et al. (2010),6490259052,Video,Oceania,INS-825859,2908,3778903,856,141038701,658,3707-4016-9322-6310,721.11,601101037,Figure 19: Overview,3792-5740-6009-1272,385995961,9334725145521,71901143,"$98,772.22",507899
36869.77,"$34,555",8923,3740497,AUD,8087,robert.garcia@yahoo.com,aiden_king481,091,BILL-591471,d3c344478c429681ffea81f281df6cf43d708c82a8d9eb661130d430f33408de,Launch SaaS tier,1879,BILL-358904,104745377,0xac640612d3b2e47f531ecbf48cbf399aa49f0c72,GML,GBP,false,009,BILL-812350,"$228,442",10.65,1,BILL-589586,74.1,0x5c3d03b88663033f9cbe3b1f4af9d55fd9b2eb47,4269.5696,23.5,2021-04-23T03:51:27Z,12/29,"[-0.3656, -0.3798, 0.7422, -0.1892, 1.3692, 1.0805, 0.0837, 1.0647]",8.0,0x14939d9d5902c7162a49c911e7d3e686f5e615b4,"$59,948","$4,571",-23.51%,"7010 Main St, San Francisco, IL 40456",6502.66,00269c221a6e69e84f90405a6ae26f7ca54779e5f8f3366f4cf8a6ee1eed7d3a,60111386,8720,false,507106,Widowed,dt=us-east,Anderson et al. (2013),1894231894,Video,Antarctica,INS-433237,9794,371619,768,336960227,510,XXXX-XXXX-XXXX-9532,174.06,512990,Figure 7: Distribution,6011-1826-0646-5601,818086917,8576597072483,7477944149,"$77,317.92",580851
"$75,581.12","$37,897",4792,3720783,USD,1001,sarah.robinson@gmail.com,linda.brown217,342,BILL-670244,8f80916f334184c7488432b763934c5523b48e733d6c68bf98bdbe053fe5929f,Expand APAC market,437,BILL-438372,885470005,0xb146063ef5f218f5f955c1014a3f9349cdf825c0,KPV,GBP,false,4699,BILL-516380,"$211,304",1.3,1,BILL-745309,59.5,0x4e84bce205685cce4820b8e0d664a9d157bd9ceb,5703.9869,1.9,2022-02-05 17:38:00,12/28,"[1.8643, 1.4053, 0.493, 0.5202, -1.4882, 0.4233, 0.9943, 0.1093]",89.7,0xfcacfb54256c25a72532e468270ca817a8e5eed0,"$227,361","$40,509",26.71%,"3851 Oak Ave, Paris, WA 99435",476.38,ccc8a9d783b34dbf52114c97003f93c355dff527a0dcce90d96257903f0f014a,507186,7699,'',3709428,Single,dt=2024-01,Garcia et al. (2007),174428888282,Video,Africa,INS-269539,7657,56309,3019,535884741,518,4459-6329-1571-0770,287.89,374597,Figure 16: Timeline,XXXX-XXXX-XXXX-5064,098196763,5149324934155,056748558615,51100.07,461760
"$29,268.55","$13,518",439,48282,JPY,6736,elizabeth.brown@outlook.com,lucas_walker229,963,BILL-218897,5f625ec0b4bfb65a47990b9e0ce033259befc269dd1492e4d74ede7d060dedc3,Expand APAC market,902,BILL-369493,546833885,0x792c350f69c18a3cbc52bbd47dd0730515070628,CFU,USD,1,204,BILL-100444,"$242,535",0.57,1,BILL-864398,55.6,0x3300765b37845e370d2f4cfae2974c576f6c6f68,1564.4862,14.5,2026-06-03T09:50:23Z,09/24,"[-0.9373, -0.1917, -0.2074, -1.6394, -1.3137, -1.2238, -0.9434, -0.7525]",96.1,0x15a457c08fe4e4711dfb66a0637ad597f72b127a,"$161,274","$24,760",-17.89%,"1087 Main St, Phoenix, PA 21228",1103.27,1d89ef799b1784ed3815fbe312efb12c4ba8cf64acd8b022dad89898cac6e31c,371723,8436,false,44140,Divorced,region=us-east,Thomas et al. (2015),5732871985,Infographic,Europe,INS-536257,5329,481258,5502,517783219,545,5826-9797-3344-4204,794.09,378704,Figure 11: Timeline,6011-2078-2318-3866,836384509,3048892075001,996023310062,"$76,598.07",3779105
99394.61,"$3,394",6047,60118957,JPY,6347,olivia.smith@gmail.com,loganwhite331,7646,BILL-364668,1fd09bd7f40a42c269b2cd41ecf1f44791fd7230bfea5a456ad17dde3f423517,Acquire competitor,621,BILL-164755,981604488,0x127ecb205f220f4f3e21f3a1744f94cfe69d0a7d,FBI,CNY,0,121,BILL-120603,"$169,351",0.16,0,BILL-347940,41.4,0x495da8aa30eaad4e87874001ba75e9b77ae35172,5965.423,9.9,2018-05-03T11:33:41Z,02/26,"[-0.8409, 0.0562, 1.4211, 1.0362, 0.6657, 0.0543, -1.894, -1.4181]",97.6,0x601f41063cbfb50d7098a6713c38c532c02f0190,"$131,708","$13,058",-17.57%,"4614 Cedar Ln, Paris, IL 91333",182.42,3c553b251ec022b83cb1a939fa78e833c06490544c3a5691136c29a6b8fef9b4,60115576,5409,0,431058,Widowed,tenant=us-east,Taylor et al. (2014),126147963342,Infographic,Africa,INS-291170,7263,3773866,853,891267777,764,XXXX-XXXX-XXXX-6068,156.79,487866,Figure 18: Distribution,XXXX-XXXX-XXXX-5470,845533558,3749083131530,94404049,"$40,146.38",40963
11436.61,"$33,439",6298,60112958,GBP,2487,sophia.clark@outlook.com,logan_robinson957,279,BILL-856288,4ddcd3cb52f01d16212550ebd5feb13f1b083cdfcdad118f1ca11fdbedf648dd,Acquire competitor,733,BILL-919594,056006077,0x52b9e5897a437f63cf0b8fd76145dc2257f99587,OVN,EUR,'',014,BILL-210101,"$169,937",12.96,0,BILL-946920,33.5,0x44f7a13b9f7b7b9487558c20714335a9ee824938,-753.5033,85.3,2018-02-11T15:51:16Z,12/25,"[-0.8452, -0.0487, -1.244, 0.9523, 0.1684, -0.581, 1.2254, -0.2694]",87.6,0x8393777aa0dac9dfb94628251ac577724dff4ca7,"$222,081","$4,767",-42.22%,"1436 Pine Rd, Portland, MA 11218",9396.94,3c0288d17a7b0c1ec03e460dfa25351785c7807f45d02c7ba9bf3962795f47d5,518077,1598,null,568275,Widowed,dt=acme,Anderson et al. (2015),9997725727,Article,North America,INS-610630,5522,601150905,2121,866103122,828,4274-6715-4754-9547,753.34,554889,Figure 7: Timeline,XXXX-XXXX-XXXX-9112,973901348,7581711956337,621625658296,"$18,512.35",60111350
"$7,686.12","$45,510",990,3741858,CHF,9652,lucas.thompson@outlook.com,emma_martin650,8238,BILL-805344,80481b346c6644dd2daa2d1cf947c21907855f8d7d0c79abdaef00279fcb2490,Expand APAC market,7759,BILL-293901,925022331,0x2c21f588a83b2607ce7e1592cc2e873e919ca46d,GLX,INR,'',2817,BILL-780001,"$181,080",4.69,0,BILL-622240,75.4,0x27a59b0001b482bff5643f2b6b50cba474738a69,2226.396,12.0,2022-08-06T14:06:31Z,04/25,"[-0.3117, 0.0767, 0.6134, -1.5647, -0.2818, -0.7737, -0.3931, -0.379]",51.0,0x397a531fdbad035d04df6850101a2458dc0af63b,"$229,645","$44,449",16.85%,"8816 Park Blvd, Paris, CO 88862",7042.33,e08ccc0d9c77be1b36cd278e7e7d74ec70944d4b869ae30c6fa33f340c48ce97,373927,9634,null,55984,Single,region=2024-01,Robinson et al. (2009),530579345912,Podcast,Africa,INS-866461,6779,371204,368,700539604,715,4107-8525-3464-3814,788.32,489614,Figure 4: Timeline,4580-3646-7971-8353,495009168,5611438350233,096713072551,"$43,627.25",521584
"$68,155.24","$36,585",9619,531431,GBP,2632,william.brown@yahoo.com,liam_robinson934,5391,BILL-427735,ee4cfa49659425d391b956d56b1757a12ac49f1dfc6f2aba1112152a1df34bef,Launch SaaS tier,7859,BILL-187546,134970908,0x72bf941aaae7b23510b9561b2646e4ec7790dabd,KDC,USD,false,782,BILL-163770,"$208,566",6.34,0,BILL-287706,59.1,0xfcea770e03764df59b1ad83543956373bc194857,5845.2458,12.6,2021-01-15T12:13:54Z,08/29,"[-0.9394, -0.2118, 0.2912, 0.9158, 1.5408, -0.4059, -1.0276, 1.1629]",19.1,0x92796c71eb604ec272a231e31430acda20aa75fa,"$151,451","$45,738",-32.19%,"9463 Park Blvd, Paris, WA 29109",4846.8,e432876be1ab5018e460b94f2b51eea9492842294fb25d6577ca480cd5784ac2,601140864,6729,CURRENT_TIMESTAMP,3771951,Widowed,dt=2024-01,Lee et al. (2014),07667818,Video,North America,INS-843547,6536,374109,2404,105944099,748,XXXX-XXXX-XXXX-3085,950.13,60114425,Figure 6: Comparison,6011-5082-7611-0859,536167886,6675441674272,5704892399,"$4,627.07",601147340
"$87,082.53","$19,366",3945,3768094,CNY,4903,ethan.walker@outlook.com,mason.johnson506,5353,BILL-905630,62d0e41756658dd7786e43babe3bc528d6ffd3693657c0174418e2b78943a651,Expand APAC market,595,BILL-581594,581995359,0x52184b8c25a13bf3288dee4d67870183eaf043e6,NEN,INR,null,986,BILL-793015,"$67,108",13.27,0,BILL-160233,6.1,0x4661eb6eab480de25bc6b06e97e032f2ace4aab3,2760.1911,79.2,2023-07-06 05:09:52,11/26,"[1.1229, 0.1624, -0.9516, -1.6037, 0.7823, -0.1785, 1.4828, 0.2034]",20.9,0x4e48c476355dabb8223d39df43c152fa88b511b9,"$225,910","$10,097",-30.2%,"3564 Maple Dr, Denver, TX 84420",5368.65,f5ce84e7c190594a3b4d7eef31c116e5d06ed1be766e2666eee590ad322243f8,601132470,6434,CURRENT_TIMESTAMP,60116317,Single,tenant=us-east,Thompson et al. (2007),0915876163,Article,Oceania,INS-154813,3429,47186,4694,853079456,543,4758-0243-5415-8740,117.87,60112837,Figure 3: Overview,6011-5978-2209-3401,929424118,0328554348382,000948293310,"$27,780.14",44234
"$13,005.54","$19,330",4780,601132302,AUD,5095,noah.clark@gmail.com,emma.white635,4841,BILL-519241,5cb7861a7e350b1527cea8c84e35536c8b256fbae84ca1d2b631a8a6bfc7aec6,Launch SaaS tier,764,BILL-102312,923839668,0x38f3647961f5adcaad9be58719510dd1111aafd2,IUT,EUR,CURRENT_TIMESTAMP,936,BILL-713608,"$86,312",8.12,0,BILL-926971,24.2,0x4cc6c722d2ec0e54ddbba6d608a33a7f23a98ec7,9696.0691,41.8,2020-06-11T22:51:28Z,01/29,"[0.3678, 1.3681, -0.5717, -0.2014, 1.1776, -1.3681, -0.5904, 0.1178]",28.8,0xaca1a001ba63a3f0579b15f88c2cd49529fc907b,"$61,670","$8,635",-5.85%,"3873 Maple Dr, Dallas, NC 56934",9181.71,4f3b757bb3388f63cedb2f43933c758d262072be2d3e48cf04be75b73564266b,426798,8736,1,570175,Widowed,tenant=2024-01,Robinson et al. (2003),51608434,Video,Antarctica,INS-937767,7543,489560,6978,828194411,824,XXXX-XXXX-XXXX-5882,711.73,52886,Figure 15: Timeline,3795-7486-7452-6141,782453904,5829790209926,8874542872,"$63,809.11",601119108
"$88,601.35","$3,085",279,51626,CAD,3079,michael.rodriguez@gmail.com,lucas.smith987,561,BILL-316740,68fd842cb595e9ef69c23bd492816717e410c1b37ff0fa084e7adfddaedb71b8,Launch SaaS tier,6301,BILL-328953,007170183,0x405ec132ffc4b27cd33bdc0ba6e2e2c856056ea7,AQZ,USD,null,423,BILL-464325,"$114,801",3.63,0,BILL-138029,46.0,0x64fff425df7ba03ab53c088af0f62d13530929ce,5792.4578,95.4,2026-11-04T04:16:28Z,05/25,"[-0.3625, -0.0818, -0.0953, -0.7846, 2.3449, 1.1122, 0.1347, 0.4238]",1.6,0xa839c286815abe308c60584214ddfcd494582ed3,"$122,058","$49,385",-12.14%,"458 Pine Rd, Portland, PA 27897",6086.05,324ca6ea32c0e50c1041fe9096bca6b9f496ad838568348fb6119af6a1eacf96,46853,2121,CURRENT_TIMESTAMP,472024,Divorced,region=us-east,Young et al. (2000),1146511193,Article,Europe,INS-220266,8960,3770800,2013,172211543,727,XXXX-XXXX-XXXX-5451,844.26,512285,Figure 16: Distribution,6011-2353-7398-3667,967198666,5285157197414,2844324234,"$3,918.39",601118370
"$53,182.99","$8,799",6338,60119308,CNY,0667,sophia.taylor@yahoo.com,elizabeth_king319,334,BILL-484915,4779bea2520af08159a9c0790afe96ec589d0183025f0ae2ec8718d04d819e81,Launch SaaS tier,409,BILL-694679,516453933,0xf710c4bc2279533aa594776ffc5844b8c1b1a3a0,NMV,AUD,0,979,BILL-950685,"$126,263",7.55,1,BILL-159266,56.7,0x3bb3544d1328ceb7cbc72cd04719842cda9d2e95,9395.5201,59.2,2021-10-07 02:41:33,11/25,"[-0.8054, 0.1437, 1.3856, 0.2656, -0.2854, -1.884, -0.194, -1.1607]",7.1,0xfc5f1f852d82763bd763394d5df7de1516774499,"$200,109","$31,966",-5.39%,"1027 Park Blvd, Miami, PA 76084",5411.23,39e9398aa81c6e4094cea8b72caa72169600abe2f668924e4989cf8616984e86,529517,9065,CURRENT_TIMESTAMP,403670,Widowed,tenant=2024-01,Jones et al. (2024),4187087758,Article,Africa,INS-345434,2537,60112441,2106,511679247,702,5813-0863-5585-4250,817.63,54395,Figure 3: Distribution,4197-9459-9441-9665,595290796,5762503692533,24834122,"$48,663.09",451733
"$73,859.09","$23,630",023,537266,USD,3974,patricia.jackson@yahoo.com,emilyrobinson622,919,BILL-877399,754acebb8944b75c1517d52873484c8959120c32504d909e4e1d3ce2962d4fce,Launch SaaS tier,8023,BILL-898654,137682731,0x29a7605077242e1484f48f8f7e5e14456090ecb1,JOL,EUR,0,551,BILL-245444,"$225,075",10.17,1,BILL-273165,20.4,0xf20dfc7855ec1b67a83200258a99f094a55fc098,3219.876,11.2,2024-01-10T21:36:17Z,04/30,"[-1.7593, 1.2262, -2.5212, -3.3555, -0.4546, 0.9035, -1.0776, 0.9338]",54.8,0x877ecb66ea32d6926c1d2a48d11172e449c14e67,"$168,241","$44,833",10.43%,"6175 Elm St, Tokyo, MA 27209",5644.26,efe4e9b24c846df96b8f19ad1704292d02d1326b4bab287312e5ad8e27a1412e,375921,9479,CURRENT_TIMESTAMP,56724,Single,tenant=2024-01,Young et al. (2025),2998582081,Infographic,South America,INS-458288,3158,452889,305,702791552,744,6011-9358-0282-1032,978.36,601187950,Figure 9: Overview,XXXX-XXXX-XXXX-0789,894159483,4874613899245,622191120551,54226.36,373848
"$30,531.40","$41,259",3315,40864,CAD,0715,oliver.davis@outlook.com,harper_brown584,929,BILL-220982,c306e1fab46cc981a27d8e5ff5d86e2b0527dba9f29879e4cd4601945b79e94a,Expand APAC market,843,BILL-278117,432052639,0x9db481d7b4aa515f0f097f2ee896e2105c7eb670,CHT,INR,0,0909,BILL-933734,"$90,131",10.59,0,BILL-636972,87.6,0xb06291b729ba6604d582a07db51eff1886bdfbc5,8970.6256,29.4,2021-04-22T03:21:52Z,05/26,"[1.7947, 0.0495, 1.225, -0.5405, 0.0842, -0.916, -1.3445, -0.3235]",21.5,0xd1384aaefe02ad69bdfe2cc22346d84d27c951b2,"$177,285","$27,292",-9.2%,"8532 Maple Dr, Houston, GA 71619",1765.07,aeb569102af0ef3ebbec129db0499f2c8df27afc2203935f9594c885d2ad6aec,41914,5796,1,3704830,Married,dt=2024-01,Martinez et al. (2014),6761144104,Article,Antarctica,INS-423181,6922,554111,9229,060383512,414,6011-2979-5058-8688,736.24,436775,Figure 19: Comparison,3795-1425-9782-7373,681318246,5047848884126,87449622,"$58,642.97",601154589
"$54,699.82","$8,741",770,378614,CHF,9102,michael.moore@yahoo.com,jessicalewis948,9102,BILL-698809,2c23cfcd5defd81aeccd31d9c23e241563f07f526fd8df88c1c063833c17127b,Expand APAC market,292,BILL-265635,551766094,0x6fedbd181dc1fda10145e29d93f19df0ab513b85,CKR,EUR,1,9376,BILL-401436,"$224,785",6.75,1,BILL-744964,60.6,0x46b88edb161667902544ebfc55379fd67fdea45a,9935.5922,81.9,2026-09-27 21:03:07,01/30,"[-0.7639, -1.4544, 0.9762, -0.497, 1.3756, -1.3975, -0.5517, 0.1723]",26.5,0xd6050c27064214ae10610fdeb3ad4b58b9d21632,"$243,370","$28,051",11.69%,"6264 Oak Ave, Houston, MA 64566",2739.44,2da74d993b64e02a3595ed1707bb2c7320efff3164c2ff9bfa2bcac5a99da6ed,46356,6488,'',457725,Widowed,tenant=us-east,Martin et al. (2011),46229720,Podcast,South America,INS-252720,7542,60118050,334,979235722,335,5776-1139-3616-6239,226.79,55518,Figure 6: Comparison,XXXX-XXXX-XXXX-3101,417377556,9592041912831,0362861118,"$23,433.99",60112128
49064.02,"$41,729",0662,60114306,AUD,0270,jennifer.brown@yahoo.com,mason.robinson709,0232,BILL-497064,a9291b86b3a1900ae816cb4690639ad97dccad2b2bfb194cbb65616241febc65,Acquire competitor,1602,BILL-162978,709372024,0x7e8b620ce30d7b244cc537621dedee5902cfd05d,UYY,EUR,1,738,BILL-639583,"$61,693",4.36,0,BILL-832202,54.9,0x9a351d0ab306eb2a24c71a56b1f853fccdb8656e,7763.8783,76.5,2020-09-10T13:29:08Z,05/26,"[-0.4009, -0.2138, -1.0604, 0.2291, 1.2422, 0.569, 1.0818, 0.0826]",33.7,0xf75312b3564c1059d321f73512bbe95d786abdc1,"$220,423","$28,319",38.87%,"4404 Main St, Tokyo, PA 40225",9965.24,ff66765b6bad7a716dbacc182eceb8205a7a082157db77aefa404472fb6ae514,378559,2370,0,408234,Divorced,region=2024-01,Lewis et al. (2010),06557825,Podcast,Asia,INS-795590,5787,47009,6663,691517956,607,XXXX-XXXX-XXXX-9379,280.02,370638,Figure 12: Overview,4905-8667-3764-1722,613026016,9535198061398,66440742,"$32,691.30",46284
87793.90,"$27,992",3497,379912,CHF,1921,olivia.lee@yahoo.com,olivia_rodriguez609,477,BILL-676267,569593af07267bb81617d4a3869496718f0f1af066a96dd7d9670a2ec8d2384e,IPO readiness,3329,BILL-975163,192110399,0x635d8d54aa3e34255c7839f9add879495f5ced66,WUF,USD,0,588,BILL-569904,"$230,717",9.81,0,BILL-439280,28.5,0x94dd7b5850ef02c55510c3833128e2854acdb7b8,3155.8117,71.8,2024-09-20T14:13:08Z,07/29,"[1.2015, -1.2979, -0.0884, 1.4463, 0.6004, 2.7349, -0.0794, -0.5786]",54.7,0xf85d380882f14de61e841ca243c38138a13fb5b0,"$140,979","$7,347",9.28%,"4299 Park Blvd, Atlanta, GA 12328",252.83,fd576bb2a7587ee08bb083dcae3652e3ffef32d743ef4668be966d085c58e9db,371839,9111,CURRENT_TIMESTAMP,378079,Married,tenant=acme,Taylor et al. (2025),17735515,Infographic,North America,INS-221231,9060,46404,5352,298313483,558,6011-3770-8656-4917,188.46,601148477,Figure 17: Distribution,XXXX-XXXX-XXXX-1645,452218526,2225531181213,85790618,"$54,409.28",404861
"$69,306.10","$12,240",530,601193189,USD,5011,jessica.taylor@outlook.com,jessica.anderson541,7546,BILL-859951,8a7fd2668a59ad7b0dc0c948862a7b31d4896f3b6edc639dd548135d555b64dc,Launch SaaS tier,627,BILL-326494,138241514,0x9d4d471a72b9c99f8f3f8eb349779c3a466af30c,NET,JPY,CURRENT_TIMESTAMP,720,BILL-182524,"$73,922",7.58,1,BILL-760205,29.6,0x8961441b707803e013fa9c3131aa89e3d51c7fd1,3649.5911,36.0,2018-06-21T13:18:01Z,11/26,"[0.431, -0.2732, 0.9838, 0.0124, -0.4212, -0.3154, 0.1551, 1.3336]",40.9,0x971e507483e3c2fa3bf1c0727e18e8ab72ce48cc,"$94,220","$6,335",-14.43%,"1093 Oak Ave, Chicago, GA 14110",9786.52,52bcb32825d1f30cf8275f7990a03af9b5b7dfa8f291acf42e2cd3c218747dbf,47603,5685,1,60116260,Divorced,dt=us-east,Robinson et al. (2017),5751420445,Infographic,Africa,INS-654204,6624,3781907,871,528717921,625,4793-9812-1600-8098,126.27,43205,Figure 15: Overview,XXXX-XXXX-XXXX-5783,881214660,7016724366498,07739590,"$88,274.93",60116569
42231.21,"$5,969",0232,376672,CHF,4433,logan.king@outlook.com,richardtaylor497,6918,BILL-221875,50dce550cd7d27063f1671acff4e5e39472844d0d47c988dd8e41b34371cd2dd,IPO readiness,157,BILL-193867,198512867,0xc27914d1374a1d889b7e6b8f306a46cc86713463,DFW,EUR,'',314,BILL-199168,"$70,581",2.53,1,BILL-319995,41.7,0xfc61640aa2276fa734fd8e7410547a12d7c43ad1,4930.0827,71.3,2023-06-18T02:31:51Z,12/25,"[-0.5685, -0.662, -0.3562, 0.2645, -0.2191, -0.4234, -1.0603, 0.3606]",49.4,0xd7905763a888cdd8e5dffd51bc926799095e08d7,"$31,300","$27,724",-8.93%,"3181 Elm St, Portland, PA 88382",6882.01,4838cc0587a0e5922857a93b0f3fc5be426204fc44c972c3a2a33855d269ffad,60113872,4821,false,372149,Single,tenant=us-east,Williams et al. (2015),988894843349,Infographic,Asia,INS-916505,5898,60112160,234,195262446,507,XXXX-XXXX-XXXX-9383,455.58,3713102,Figure 11: Comparison,XXXX-XXXX-XXXX-3946,879187510,4835453846022,6645595409,"$68,392.20",60112431
"$3,059.16","$44,202",4672,371250,AUD,9613,mary.williams@gmail.com,loganmoore784,261,BILL-667956,61d2b5a307eb5ec02c6d37a29fe23fc8ca0a686273170501f1c992f9e8ac7e76,Launch SaaS tier,315,BILL-286313,149263851,0x13efeba0346f6ce74daf5809ab749788a322362e,LUQ,USD,null,9372,BILL-929706,"$42,824",5.97,1,BILL-962136,4.2,0x6c8a1750eddd6c736f1ed81fd7b9014700298fbe,3591.6491,53.0,2023-04-20 05:44:47,09/24,"[-0.0265, -0.0353, -0.2368, 0.7006, -1.3713, 1.7409, 1.1006, -1.2626]",64.6,0x30d66db4cdc108e46cdc628d3a4cebe2caee5c34,"$190,176","$10,996",-46.01%,"4057 Main St, New York, FL 96860",7045.0,12bdbe76503754922af5b77b77c48a8d2daacc959da21cac73250833c96523df,48411,2792,null,47603,Divorced,tenant=acme,Young et al. (2015),268682569507,Infographic,Oceania,INS-269959,1126,3773396,672,287828775,432,6011-5243-6117-1313,816.89,3711840,Figure 10: Comparison,XXXX-XXXX-XXXX-7616,680864419,6800465119256,33316415,17511.39,371837
84306.14,"$37,624",7567,374662,INR,4149,mason.johnson@gmail.com,michael.jackson407,5555,BILL-734973,3d596183f24d827966b4b9d812b39fd39cc6766c258a4d0e48023f5abbca3d95,Launch SaaS tier,5315,BILL-349450,151180550,0x63f3a207ec2c9864d94840e7c4d7344d3d24b81f,JBC,INR,'',9325,BILL-299988,"$152,225",8.15,0,BILL-810447,16.9,0x5c8afa37e87420bf0e1348319f4b241cc31dfc9e,7401.1845,44.4,2022-03-08T20:43:14Z,04/28,"[0.5029, 0.092, -1.5684, -0.4108, -0.5411, -1.4308, 0.275, 1.3805]",78.2,0xa04373889622f035dbaf5c4b47c1d675de4c4e03,"$186,961","$13,941",-1.22%,"7401 Main St, Los Angeles, NY 55846",8242.11,48b1f91d5551fdbd850a74d577901e1a4275f3feeccc030b4382668303b10dac,474718,9760,0,60110712,Widowed,tenant=2024-01,Harris et al. (2002),0636289842,Image,Africa,INS-866963,1364,601182036,204,258536803,620,5241-9208-4152-5491,24.65,601136725,Figure 16: Distribution,6011-4314-3921-8925,193171790,4237044211599,30120368,"$13,733.95",418769
"$59,498.02","$5,720",3918,549729,AUD,9694,lucas.clark@outlook.com,sophia.miller196,0682,BILL-491559,69daca3afd77b90d552e4ea50a7de52d9d247fdb6a513d40d8c0ecd03783e79c,Launch SaaS tier,290,BILL-342310,525606057,0xf241b37c44bc89628a5544fde4f8c728cfb63600,AFS,INR,null,8973,BILL-290953,"$62,411",8.94,0,BILL-832160,64.1,0x5b47e5ffe7aaefe202b9fbeef3b5cd5ce34078aa,3568.4641,26.6,2019-08-04 06:08:11,01/24,"[-1.3565, -0.7381, 0.9843, 2.2001, 0.126, 0.2531, -0.677, -0.2804]",18.5,0x7fb13c31b20d7f67e63c34a64a6da1610a09ea8e,"$85,672","$11,273",22.85%,"534 Oak Ave, New York, PA 43913",2960.73,a5d12bd9cc6a4a0e3654cb7ad98c404264ad14d4af8d5bf9736388c9b755723d,601182018,8271,CURRENT_TIMESTAMP,580051,Divorced,dt=us-east,Lee et al. (2014),482868975262,Infographic,Asia,INS-762952,9157,601188097,0155,722951874,473,6011-0961-7704-2481,771.99,578594,Figure 10: Timeline,4392-1389-8784-5628,855794824,7508525806460,10391735,30720.04,375504
3729.90,"$34,021",9881,601125169,JPY,7293,richard.robinson@outlook.com,noahjohnson369,842,BILL-128913,647198ff9500a07204995f15f2ea8955f2d81dcbb8b76ddfda1c75cf6a34d150,IPO readiness,867,BILL-277652,000073673,0x3c41078a5235f1f6af4250fb9f82af22c8785eff,MPT,CAD,0,566,BILL-730294,"$88,771",4.66,0,BILL-856215,93.7,0xe89247b17f140fa456c3620452fc34875e5cbf27,4760.4862,56.9,2019-02-21 20:04:15,01/25,"[-1.6007, -0.4049, 1.0287, 0.5589, -0.1242, 0.6378, -1.5371, 0.7547]",48.3,0x07cf7561efeb8673a660b6ce5cf1376bf0defb85,"$34,574","$7,077",-18.48%,"5689 Elm St, Houston, MA 24348",4684.27,c01fe0c14e8474b0b284a67a9b08d5344f3a4996fc0281de37732c25d648dd0f,601164012,0877,'',3752278,Married,dt=us-east,Thompson et al. (2003),559279135784,Video,Asia,INS-885630,7820,60114901,360,444221971,832,3778-8373-1555-6633,129.41,51727,Figure 10: Timeline,4000-8621-7073-7402,029174567,6749945494827,12943089,81324.67,53873
"$27,815.13","$22,068",913,60110228,BRL,7843,ethan.thomas@yahoo.com,linda.king504,9894,BILL-116211,203684189076971b168d7ac61aa2feba81fbb86f06cf86b11d8b8d7a88f9689e,IPO readiness,572,BILL-669132,449775101,0x9724068cf801674a575dc0ad45b36f40ac7bd738,CWU,AUD,0,9541,BILL-807931,"$108,320",12.92,0,BILL-928398,59.1,0x58aed86c0c725f583b68564e8847c683a6cae565,7310.6571,61.8,2021-01-22 13:37:27,05/27,"[-0.9601, 0.5369, 2.438, 1.0479, 0.6059, -2.0402, -0.228, -0.5261]",66.9,0xe4b43e8f660aac96d50718fa17a256622c7412b2,"$169,261","$46,578",-18.19%,"3880 Maple Dr, Sydney, IL 53292",5527.37,b4712691b8d7cd3aa0dc46e65ea90db11e81b3fdc081621ae8230e9cd7fd7a20,3780729,5585,CURRENT_TIMESTAMP,507443,Single,tenant=acme,White et al. (2016),036074637947,Image,Africa,INS-735491,6764,601151255,8879,120612681,639,4636-1948-1538-8658,112.75,482151,Figure 10: Overview,3786-3799-1005-6665,138839404,3196026639405,81435604,"$62,874.95",601177384
"$78,982.18","$39,331",323,601115486,GBP,5831,emma.williams@yahoo.com,susansmith448,5515,BILL-199747,90f17573731fa9f2f38a6621a0e6aad8f3e705531b51b70d726f1db53618ee65,Expand APAC market,165,BILL-779411,540736515,0x2a7570889edb98d8467f4b3088edb50479b76122,VEU,GBP,1,6034,BILL-402989,"$197,376",4.09,1,BILL-900152,48.6,0x0c0e4563b45abad28744654ceb9f4302f218fbbf,3116.6124,13.6,2026-01-16T03:37:22Z,10/29,"[2.046, 0.4886, 1.8851, 1.0992, 1.6208, 0.4156, 1.4473, -1.2624]",18.1,0xd1980db5d9f1054517c6aa802f975cb0563270c8,"$83,997","$11,756",-38.03%,"2491 Main St, Miami, NY 24773",9703.59,b53eb2afb95a2f5fa159f905fb8ac3c9f8fc23a9ab1eb0b1a583eb3e932f6afa,54160,5936,'',51842,Married,region=us-east,Miller et al. (2016),6093409202,Image,Europe,INS-892123,887,60118528,0839,526505267,837,4817-7009-1406-3293,319.91,55027,Figure 4: Comparison,XXXX-XXXX-XXXX-0057,565183082,3126099059994,515095597761,"$47,420.49",60113767
"$75,750.42","$37,995",2247,55439,AUD,8622,william.young@outlook.com,lucasdavis936,098,BILL-733158,9dc8c53d882b114f351b5e34abcec69522b8758707b330e5b83314885a1e4f32,IPO readiness,818,BILL-121513,377441758,0x2e1fff6d321cd550c5b47c5711ce21fb2d04f7ec,BZT,GBP,0,506,BILL-837371,"$158,073",2.36,1,BILL-236986,65.5,0x6277bb24aa79a17814064812ff388b99fa10e3d3,506.9464,34.7,2022-10-06 14:20:24,02/28,"[-0.079, 0.1013, -0.4145, -2.1405, -2.2848, -0.7911, 1.394, 2.1274]",81.7,0x014c85ebe85551a31ddc4341f3ce54bc9ab2fd79,"$146,165","$10,558",20.93%,"7255 Park Blvd, London, FL 28720",7459.61,233d24f17cf1778888246cfda34919594a66ee9a968a25cf612d60108c66173e,43764,8314,'',379599,Divorced,tenant=acme,Lee et al. (2016),6228239966,Image,North America,INS-426500,5595,468546,205,347912667,472,5635-1416-8423-4951,209.82,403889,Figure 14: Overview,6011-9116-7010-9590,185893589,0386106838295,5567314276,"$18,819.47",591751
"$69,729.11","$27,168",0002,456054,CNY,8232,harper.martin@outlook.com,harper.taylor394,466,BILL-157817,7f45a0fcb1a172c8d751ca3b398ec2b49ac8b71d5cf1a2d215521bba40e40183,Expand APAC market,773,BILL-925663,234572262,0x738bdb6c2f07a45c7eb4c867a4c43f3fd4f05e1f,JIM,JPY,0,9674,BILL-830268,"$127,432",11.18,1,BILL-874035,58.5,0xfcd8a42301e0367f82f2e1d65ac38ebac5ed6e28,-37.8026,83.7,2025-02-10T19:59:59Z,07/29,"[0.1928, 1.7441, -0.6737, -1.2453, -0.3989, 0.4485, 1.3703, 0.5186]",35.0,0xfb6b582dc6ad23cc8331fc2ef2f2e172292d8fe2,"$66,561","$7,517",-47.78%,"3602 Maple Dr, Atlanta, TX 33231",7341.15,8449a595bc28f9a99ca6ea795513c3f0cd7bfb12a00df96874b733a1a26c53ea,52935,3328,'',470334,Married,region=acme,King et al. (2018),46031979,Infographic,North America,INS-960367,883,40090,1070,152373156,359,6011-2158-0960-6754,198.39,376412,Figure 9: Overview,XXXX-XXXX-XXXX-6123,954681931,4496588302359,095328510537,"$21,102.55",455181
580.64,"$36,657",7792,601176740,CHF,5792,sarah.garcia@outlook.com,emily_jackson904,202,BILL-293937,31d0c243b526b5368b9f1dc5e00fd7871b851089a8ce04a1d67e8f8d0a3251ac,Launch SaaS tier,484,BILL-364780,212313584,0xd92503e7e43bac27df809a90257173c1a2815121,PPN,CHF,'',020,BILL-930641,"$38,133",11.73,1,BILL-265747,99.8,0x0e62f41bee3f5b072c1260f6b4855f929215b5ef,4381.9109,40.8,2019-02-16 08:20:28,04/30,"[1.218, -0.1072, 1.0477, 0.2045, 0.0114, 0.1904, 1.1872, 0.5859]",46.0,0x951fff92b57bedd491aea224d0f7b96910bef700,"$127,943","$2,793",-1.58%,"8492 Cedar Ln, Dallas, NC 24710",3780.98,c79ee52096d4bd5ed609d180f0dc26f942e1c8ff31cb77085e92b642cb40e90c,45320,2313,CURRENT_TIMESTAMP,56614,Single,dt=acme,Jones et al. (2025),18070019,Podcast,Oceania,INS-770639,9890,601107332,5222,900491423,801,5908-0209-0048-9470,418.94,575855,Figure 4: Overview,XXXX-XXXX-XXXX-3426,731276108,1370626290494,389602130987,"$39,857.92",53868
68840.56,"$25,319",6685,601141646,CAD,7536,noah.thomas@gmail.com,anna_wright907,9067,BILL-982217,db52cd626bea17073e3bf551ad6bee2081deb37049b66712d7a52c13408e13d2,Launch SaaS tier,845,BILL-805745,570449685,0xc139522082c88928f8f75b14bceee6f7765c0b5c,GLL,CHF,null,1511,BILL-674815,"$78,646",3.4,0,BILL-372388,21.4,0x829c8129bf9458af70a7b6547b9f00f7d5c7cab7,9447.1804,38.3,2020-06-13T21:37:42Z,01/30,"[-0.9811, 0.0021, -0.7923, 1.8187, 0.0336, 0.0481, 0.4766, -1.3207]",48.4,0x8c572f37fe559232c4faa20b738d0ac09d50d5ff,"$69,847","$37,009",46.8%,"1373 Oak Ave, Atlanta, IL 86829",2383.58,163c3de13e058f8feaafde724003211f91dbf9533d771972d58de3255c5f0a39,450319,2760,null,581073,Single,dt=acme,Anderson et al. (2015),121606147526,Podcast,South America,INS-281870,1080,50858,8955,650972817,736,5041-3511-9991-5321,734.89,535206,Figure 12: Timeline,4606-0257-0371-8718,613987969,1303820445256,49247629,39056.53,3725110
27301.76,"$9,125",0202,446302,EUR,6978,lucas.johnson@outlook.com,jessicawright671,4096,BILL-893688,34dafc7b497c060b75286b668b63f636a20ee564e682e3dac739f14b122544c2,Expand APAC market,222,BILL-322996,423952322,0xee528bc2bf78bfe52202280842d3121e58e5d48f,FFZ,BRL,false,8748,BILL-421233,"$185,643",6.57,1,BILL-879936,44.4,0x198bf0d263f630a00f117f98cc0337d577477db9,3493.7427,66.1,2026-11-10T13:21:19Z,04/24,"[0.1816, -0.6831, -0.2762, 0.2595, 0.5997, -0.7438, 0.9535, -0.7047]",52.5,0xf77aaaa0f996591418782f1760991d63192b267a,"$38,176","$48,134",-15.43%,"2911 Pine Rd, Berlin, CA 39744",3061.42,72fde91168cae01b15ecd029c40dd2dc2db380232c1406cb6268baf5a436bfe1,601131703,2027,CURRENT_TIMESTAMP,59792,Single,tenant=us-east,Young et al. (2004),749190695082,Podcast,Europe,INS-423300,6906,601106840,795,675413687,657,5638-5775-0749-9641,712.6,601194648,Figure 1: Distribution,4703-9612-7375-4437,300605008,0837192569621,6844893644,"$34,763.41",3730712
64192.75,"$45,599",847,601135738,INR,0555,aiden.moore@gmail.com,logan.harris444,321,BILL-321877,d47ca00fc90b7cb429355cb706ab8a9cf4b06249568ec515137e41a56bd5110c,Acquire competitor,5566,BILL-588337,724962850,0xa4b244cac59c5dcde1dd2bd218bbb8dcf3cdfe39,UFX,BRL,false,6760,BILL-655138,"$226,157",0.17,0,BILL-647104,44.8,0x25ac36bdf1ac7491d5678962221f953f271c7fe4,7392.7688,80.1,2019-07-21 20:17:50,06/25,"[0.6854, -0.5484, 0.7954, -0.5279, -0.4523, 0.4997, 1.14, -0.0019]",27.8,0xc4d8bc36708bce7cbd148d3494d931407d0a6892,"$48,760","$21,070",-38.73%,"7713 Park Blvd, Toronto, CA 16126",1225.71,580057b679a17c81691636e3cdcbeda3802a53154d02d7c886598d567403137e,56904,0910,0,601195177,Divorced,tenant=2024-01,Taylor et al. (2005),563704601903,Video,Antarctica,INS-650275,1298,47021,093,069929478,799,4540-9045-1024-4490,467.35,3767828,Figure 17: Timeline,5091-3721-9409-3805,335447830,8237647425028,69596845,98150.00,499161
"$40,114.52","$9,849",9516,439879,CNY,4503,david.miller@gmail.com,richard.rodriguez392,363,BILL-244319,ba230a9686ff329d3e9bde437e815280f4113e98b45738db0b18f4c876d387bb,Expand APAC market,4442,BILL-953177,005552502,0xdfe03503c8abd4874de41c330ba0f04c5c57e12b,QDA,CHF,false,703,BILL-470083,"$96,755",6.76,0,BILL-175480,48.7,0x448b82193ef61d3cfe017d7cb77b9d9b8b00675e,8974.5309,44.9,2019-06-14T03:11:02Z,06/24,"[-2.1818, -0.6909, 0.2005, -0.8535, -0.6627, -0.043, 0.0916, -0.9944]",25.0,0xd1c364660e4f9a4c29d9d7295c877064cf7c82cd,"$134,693","$18,544",-46.05%,"9890 Pine Rd, Portland, OH 93700",46.42,c642052f793b6848d325c7df8a14c7d5227d7a8b2e02d04adcdef75912c642d6,374138,6430,null,527150,Divorced,tenant=us-east,Taylor et al. (2004),755668293434,Podcast,Asia,INS-798394,3006,412183,180,222914838,812,XXXX-XXXX-XXXX-4533,985.33,3772450,Figure 14: Overview,6011-5633-7011-0476,197401466,4366081346801,74824891,"$8,627.21",51066
"$27,645.60","$13,201",0312,43918,JPY,1840,michael.harris@yahoo.com,sophialewis911,4412,BILL-954523,8a5c6615bf4e530e2e5fd2380ec8e32ecbcb78088962066dfc066adc83bb347c,Expand APAC market,372,BILL-226623,537040873,0xa944475ce458eb4a8d3bbc57928c907eba6dc7ea,PYS,INR,1,0203,BILL-132662,"$58,956",10.85,0,BILL-414366,18.9,0x43fd61f214b4399e341b6ca51d34f95e5188b839,4375.0461,48.1,2022-08-15 02:37:10,02/27,"[0.1514, 0.8202, -0.3174, -0.8202, 0.177, 2.0385, 0.425, -1.2285]",12.3,0x80a9c2a2e6764666b5f16813121aa060bc6b09c9,"$60,299","$27,885",46.89%,"6126 Oak Ave, Houston, TX 28793",4618.44,bad8d3cb3a5a171e8a83609089ed0d70a46a55783cf0a6c7c6e4240141c42407,56297,9824,null,3797564,Married,region=acme,Lee et al. (2011),5255365526,Image,Africa,INS-921911,131,373999,5177,036459098,636,XXXX-XXXX-XXXX-2938,269.93,60111902,Figure 6: Overview,6011-4048-5527-5471,492695326,3309639857988,97610504,"$62,421.35",49425
34350.85,"$34,304",1536,601128479,INR,0212,elizabeth.clark@outlook.com,davidwright962,7922,BILL-470292,f202e36135e2028b08f67111c337edbaae05c43e98ef0f44a96d65766268947c,Expand APAC market,6611,BILL-279001,136212034,0x2623085931667e97b4a132c9f04cba444c91fcae,KCF,CAD,0,1115,BILL-220925,"$93,134",0.67,1,BILL-447107,89.3,0x9aa3aa280b6ae156b78f55bfcb129df464300256,9683.5339,87.5,2020-09-28T17:54:24Z,01/30,"[0.1796, -0.3526, -0.0857, 0.0146, -0.1184, -1.6237, 0.001, 0.4706]",71.1,0xbb1491e42b797c4a23f6f6e1c345681a81ff959b,"$129,427","$13,881",8.46%,"1356 Park Blvd, Portland, CA 36719",2168.87,53bfcdbae1c70d4d49f8a88b575a481f779d05db3df975ef87b6544c62f877f2,53597,6105,1,599730,Single,region=us-east,Anderson et al. (2020),7510790426,Podcast,South America,INS-728511,4202,48302,2948,997874621,539,XXXX-XXXX-XXXX-5509,7.16,542404,Figure 9: Comparison,XXXX-XXXX-XXXX-6960,895676279,4095198558312,715375641563,"$39,173.03",48107
45044.70,"$35,798",7699,404227,EUR,1609,amy.moore@gmail.com,olivia_walker528,6306,BILL-303959,74ba2bc64272f82912eb641e36cd05e6db2c314e4ccfb766e00af169f145e878,Launch SaaS tier,661,BILL-789436,976191624,0xfba5689c9de0c2d6dd7172e67038194a4a80efd2,DAS,CNY,false,277,BILL-465702,"$240,802",4.98,1,BILL-524253,6.4,0x5b2cab8fbf3cfbbff8837d435eb9f0f802dfd53e,3454.6213,84.6,2022-01-16T13:36:34Z,04/29,"[-1.1578, -1.3528, -0.0369, -1.0865, -1.7271, -0.8845, -0.3237, 0.8366]",74.6,0x1598f43e72ec7d400c9f0d430abf6829975650ef,"$42,726","$37,977",-48.06%,"4819 Elm St, San Francisco, PA 82444",8865.29,0bc6c7270e349cb6db07e884de17a688ba520445d5de94592833a1c6cb4fe109,43041,6684,false,518856,Single,tenant=us-east,Brown et al. (2014),432604953620,Article,Antarctica,INS-992781,3765,601132112,492,866787687,758,XXXX-XXXX-XXXX-1839,765.22,379585,Figure 19: Timeline,6011-2422-6192-3640,695290913,0583012139810,383012745274,"$20,769.82",60112644
"$66,051.01","$45,433",189,374645,BRL,4961,mason.moore@gmail.com,jessica_young798,572,BILL-728394,a565880370b1b9e2d7c05aa43b8bfa3d559e86961dc924f3d15119576ff4b959,Acquire competitor,2475,BILL-846563,669341116,0xc06ab9defd441b63e69f160927b1d27961978e07,OZZ,CHF,'',5731,BILL-315417,"$106,683",8.3,0,BILL-664041,2.1,0x351ffc4234d1b3121fb17ea5922d51638b901cfe,2236.9542,99.1,2026-09-05 10:41:20,11/28,"[0.8508, -1.625, -0.8993, 1.4357, 1.0082, -0.6461, -0.818, -0.3088]",2.6,0x5b4d34b8e7b238638d03ea048d9b6194a2a1d4a4,"$180,159","$40,869",-21.21%,"6796 Main St, Phoenix, WA 70344",8156.31,84bbfb9a0b71a7a408324ee43bedf1d95288d58941c5fee772845e61cd3d55dd,60119699,2124,CURRENT_TIMESTAMP,41153,Divorced,dt=2024-01,Davis et al. (2017),5464142425,Infographic,Oceania,INS-835880,945,372094,0403,693288532,677,3787-3322-2816-1399,681.12,447461,Figure 17: Distribution,6011-8186-2068-3500,790856431,6119643366597,6669600832,"$7,662.04",57248
72805.65,"$33,280",242,48680,CNY,4362,emily.wright@yahoo.com,sophiaclark636,766,BILL-995223,0bb93e3f7a0928bed79b18b0fe2a12a56cd628ce75e367226e9483dff0360994,Launch SaaS tier,805,BILL-754245,738876194,0xcfae1223e48e8690ec96960d25a49aa7757192bb,XHA,CNY,null,5413,BILL-941695,"$132,656",10.86,0,BILL-247852,0.6,0x17e8572e5d13526fa8bf56c8081b704c026157f9,6746.3147,24.0,2019-03-09 07:47:47,08/30,"[-0.8809, 0.0014, -0.7839, 0.3599, -0.6664, -0.4337, -1.3786, -0.7433]",0.6,0x58fad686bcad4e24d643c928fe455eadbe47b029,"$88,791","$37,282",30.03%,"5148 Park Blvd, Portland, GA 54170",6763.97,ec63ecf9d6caa4b187507442c7905df4921b7eba74bb47cecc9039e86b67ff18,3732108,7436,'',60111496,Divorced,dt=us-east,Miller et al. (2005),35320780,Image,Oceania,INS-206061,1401,432123,407,525898652,528,4931-2675-8914-0196,646.44,42932,Figure 12: Distribution,5184-8979-1371-0160,571359599,8654456625128,88649765,79679.57,371800
79837.00,"$35,707",364,561403,CNY,2829,patricia.moore@gmail.com,johnking375,3104,BILL-206331,503b6af638465b930583a00d646f0374e2e90776e980126e4edf551908483baf,IPO readiness,8409,BILL-237263,905233848,0xa0999739fc1ca84d2336f255c1735ec005b2170b,MAW,USD,null,715,BILL-112562,"$219,128",7.9,0,BILL-319344,1.7,0x228db5c2b53933eee42a7e37a9da6240e29d9838,7384.8723,62.6,2025-12-06T03:33:17Z,03/30,"[1.5639, -0.974, -0.4328, -0.3339, 0.3402, 0.7171, 1.0222, -2.101]",25.1,0x0d1ae838736db6a05565be28870ab19fddadcc32,"$77,423","$23,479",43.24%,"9917 Maple Dr, Los Angeles, FL 51747",1780.28,08d255aa51667773165637049fbf15c57a30e307c4daa4647807e3daf9ee2900,51626,6008,1,494877,Married,dt=acme,Martinez et al. (2000),8799667405,Podcast,Oceania,INS-110278,9531,45465,4188,643553506,341,6011-5185-6209-3086,63.03,370271,Figure 20: Overview,4195-7022-9908-8598,981147533,9404533019130,212010789606,72681.38,3755582
"$15,339.02","$28,508",4526,60118404,INR,6674,sophia.rodriguez@gmail.com,susanharris738,4417,BILL-913970,fcac742413bce0d06d05de94486327bbb93fa05f154e0b7516b335cea43eaf95,Expand APAC market,548,BILL-569732,772299407,0xec36e35b6e81954e458f566307ecd2a18849c95c,UWH,INR,0,3855,BILL-677046,"$153,039",4.72,0,BILL-111549,65.2,0x4da1fc5fd3984c0ffaf03c76dd5d07ebfecff429,5237.0164,77.1,2021-03-09T10:57:33Z,06/30,"[-2.3682, 0.962, 1.1731, -0.1472, -2.1332, 0.2677, -0.9798, -0.188]",53.7,0x6869dfe248f0bc67e9baa67a74e4b1ab077eb3e5,"$72,880","$4,780",41.63%,"4101 Maple Dr, Austin, MA 66411",4341.12,6126c31bd847c4f03360dd1703ae4927c32153a6923ec03d2afb174ec6f3089f,487915,3362,'',60112748,Widowed,tenant=2024-01,Lewis et al. (2022),36897121,Podcast,Oceania,INS-436245,6110,43338,8489,540936175,796,5379-0045-2346-1431,49.26,601143979,Figure 13: Overview,3773-7666-0090-8733,198335002,9271059709875,89366943,"$79,095.80",60111144
"$90,831.82","$38,468",875,601112550,CAD,8207,david.thompson@gmail.com,sophiabrown629,110,BILL-482742,4f48d7e15900decfaa4f9a4af49542f7345c39ab4fd4d72615b59bb03c8f3bd4,Expand APAC market,265,BILL-376644,033635898,0x69f3b6f42cecb2f033230e4773c8ecd817c63f45,VYX,BRL,0,5035,BILL-374149,"$234,576",10.86,1,BILL-114268,39.8,0xe60fb5e29b824d20feff43a4bbd1143a86a6c03f,3286.9572,70.8,2024-08-06 09:19:29,03/24,"[0.1835, 1.0054, -0.7217, 1.9739, 0.0576, -0.4005, -0.3606, -0.6681]",97.1,0x31ebb2f4a1dd0b3e718f8ee4a19b0bf1baec4491,"$138,207","$15,260",3.04%,"6789 Main St, Toronto, IL 68066",1473.43,dd363c6f5e5c37c52bed741dec908f887f5c3e2ca021150e4952e93cdae3fb06,601187616,6802,0,43308,Single,dt=us-east,Martin et al. (2022),3795992068,Video,Oceania,INS-151450,9569,40353,471,473564111,707,XXXX-XXXX-XXXX-3930,945.95,60118836,Figure 9: Distribution,XXXX-XXXX-XXXX-6668,149525005,8216318478519,8767903808,93393.54,543757
66905.57,"$25,354",9666,379807,AUD,4490,logan.martinez@outlook.com,oliver.white926,089,BILL-330670,3c52040e62c78f074ce2f66f04a46d409b78b319010cf027f953522f5b8a23f5,IPO readiness,719,BILL-288070,655351670,0x37c08f5de5df7e7bf0b894400c3ef7bc2445e74c,EBU,JPY,0,2230,BILL-969074,"$95,342",6.09,1,BILL-356192,86.8,0x70115d50a6cd1906e899533814e6ce7227be3b76,8826.3321,48.9,2024-10-04 19:17:21,02/26,"[1.5074, -3.7352, 0.753, -0.2003, 0.9706, -0.0428, -2.2444, -0.557]",8.6,0xabe0c953ecd9aef28486523ed8d09b96e96ed3d1,"$107,510","$37,346",-13.13%,"3420 Main St, Sydney, CA 71211",9048.83,e0c6e369b1042ae6400d905c16f6761a5156f7128b922fffd2a5d51ad83d296e,60113309,9887,CURRENT_TIMESTAMP,601143759,Married,region=2024-01,Johnson et al. (2000),37218280,Article,Oceania,INS-739155,2484,376965,734,050936746,367,6011-5815-8785-1118,794.96,52432,Figure 3: Distribution,5577-8516-3496-9224,584021214,6673205183818,80104573,"$33,443.02",60112426
88125.84,"$6,686",2539,47325,AUD,5453,elizabeth.rodriguez@yahoo.com,emily_lewis6,6312,BILL-734627,51757f77bb02d7292eb4383753fe7d0a045be468270b3c9915a49927bf3e2cbb,IPO readiness,2316,BILL-271411,429565139,0x9468ac29299d0dcb53bd6b68037c681377770513,TWG,JPY,false,1370,BILL-544077,"$187,504",5.05,0,BILL-573343,60.4,0x3fa34f0396e706b3a83dabea62826ccd2bf60f94,-160.1569,6.8,2022-09-10T14:43:57Z,11/24,"[-0.2456, 0.8061, -1.4948, 1.8831, -0.6015, -1.161, 0.2806, -0.4808]",86.4,0x122784775e20cb63316a77cfa54193fba005c25a,"$108,268","$42,254",-33.66%,"4198 Oak Ave, Chicago, NC 18432",9492.4,2c8a190e7cee09e45d1f0edc21fb81b36ffd7f0359de483e34114f0ec99d1253,60111168,0797,false,46522,Widowed,region=us-east,Young et al. (2018),5279864615,Image,South America,INS-956048,336,60115875,2881,240984140,553,6011-3266-5218-9645,846.54,370127,Figure 15: Comparison,3745-2614-1955-8303,736261888,3128014398247,9516641678,"$7,472.22",601107114
87662.78,"$36,269",540,54969,USD,7317,olivia.rodriguez@gmail.com,mary_thompson33,319,BILL-116420,b3533b887619e2a2d09768f4226425579bd0a64b6594d564156da9f95217a2c4,IPO readiness,9202,BILL-326631,930356856,0x9bd9d6de2f20550b53d4d307c75e27a9f9943b1e,XAQ,CNY,CURRENT_TIMESTAMP,6256,BILL-630014,"$51,400",8.43,0,BILL-428531,57.8,0x67ee5a89c60e1ab2f24f81bbb0f231e2cb874061,8938.5076,67.0,2019-07-21T05:57:01Z,11/25,"[1.5278, -0.6833, 0.2723, -1.0111, 0.2179, -2.0494, -1.452, 0.7387]",48.2,0x0866d40c2dc8b55b48a54c48c2175d03a5fd35b6,"$32,039","$6,957",-36.73%,"1454 Maple Dr, Boston, CO 21807",2461.99,6e2a48af32fe31aa559611a5e8ccf10d055b4c9e40da2e88a6024e2252e23695,60112852,1712,'',379402,Married,tenant=us-east,Lee et al. (2020),30140609,Infographic,Asia,INS-223616,5757,60111777,6914,676182943,439,3746-2747-2527-9130,281.09,60114176,Figure 20: Comparison,XXXX-XXXX-XXXX-6597,668176563,3426671304958,90198538,"$32,611.72",60119114
20571.44,"$10,585",5218,42523,INR,9133,emma.robinson@yahoo.com,william.jones739,0246,BILL-981416,ac83181759022095df5f82ce911d30f7811635288b39ba937dab9cdc4cff6875,IPO readiness,725,BILL-105463,140984035,0xdc636e123be803b6c957d891ea75be84063f603c,MKP,BRL,null,8396,BILL-371003,"$85,012",9.79,0,BILL-228252,48.5,0x355ad0595eaec8363909d10efa3dc94f1bb6d53e,3028.4267,32.4,2026-10-06T18:51:25Z,12/27,"[-0.2867, -1.3799, 1.7765, 0.4754, 1.3057, 0.6792, -1.1807, -0.5383]",96.8,0xba82320f3bff0271ddb4fd5278045c8a6d613dfb,"$160,091","$10,972",-28.22%,"9175 Cedar Ln, New York, WA 41327",8766.62,5a3cdf98f0c55a0b07f13a4f6de6867d6c95d9c8c3ba917370022bc45d69af5d,564552,9812,CURRENT_TIMESTAMP,601174691,Widowed,dt=acme,Johnson et al. (2000),582495810209,Podcast,North America,INS-191185,9365,60116177,0075,473994714,463,6011-6899-0906-7547,715.17,3774241,Figure 18: Comparison,4056-9539-8121-4124,345547737,6749728428148,0165844274,86444.90,376838
"$41,767.08","$7,534",847,417905,BRL,6889,linda.thompson@outlook.com,susan.lewis146,2995,BILL-132626,8dc15cfe5360da32a4913ee3219f5531bdc59695e8129b05d040e4e449f557f3,Expand APAC market,293,BILL-212455,842329992,0x013d7345c37e14b60cc57da39993d59c01af63c8,BRW,CNY,1,060,BILL-928856,"$195,924",0.96,1,BILL-841778,26.6,0xa4eb0ac7a0b61eda8486aabc76ee51dd6d3faf26,3382.3202,9.3,2018-08-11T20:52:21Z,06/24,"[0.3599, -0.5456, -1.8436, 0.1573, 0.2135, -0.5245, 1.1456, -0.343]",87.8,0xe73471c06ad7da1c81608a82bad7f02f31f6de0a,"$189,676","$26,498",41.6%,"6468 Oak Ave, Seattle, IL 95732",7979.04,4884f55c41ae15e64180eb08c337eab7c4c0a8839e5925cb12220eee3ae9eed4,601116849,6780,false,574869,Divorced,tenant=acme,Thomas et al. (2009),197630662607,Image,Oceania,INS-762385,6036,376623,3372,860898216,346,XXXX-XXXX-XXXX-4846,831.9,529887,Figure 3: Timeline,XXXX-XXXX-XXXX-7612,920450451,4792948665990,2008021916,1106.75,45922
38434.82,"$47,910",255,372039,CAD,4011,michael.harris@yahoo.com,elizabeth.johnson739,4492,BILL-984573,f1ce86d2f21e4c2650a99f9cbe7be576c9b8df6b2690bfb7377a38faa815ec8e,Acquire competitor,6618,BILL-459900,878542808,0xdfcbe3d42814dec634251d9b9fb959f12bab9ea0,PGO,INR,null,625,BILL-173644,"$118,564",13.35,1,BILL-463578,18.3,0x75ddd0bb0e135ed9649cd0c6256f2cc733ada035,5116.178,69.6,2026-01-10 02:47:17,05/24,"[0.0034, 0.0774, -0.239, -0.1972, 0.6344, 0.3495, -1.1482, -0.2597]",32.5,0xd339038aaa50f45c2c2cac5b0ce9903ca7c22a7a,"$72,546","$30,714",-17.61%,"5330 Maple Dr, Atlanta, TX 46230",7814.62,1e104b8ccabcc9fec34e6303a9c1f9906923d694922ee3b9b869df400e0532b7,529075,4313,0,601154562,Single,region=2024-01,Thompson et al. (2016),7502874764,Image,South America,INS-624889,544,3725035,731,068163309,690,5675-8046-0249-4460,525.2,601190414,Figure 18: Distribution,3737-0344-0095-8433,268854378,4040933296759,358277808963,16907.71,41426
"$26,287.96","$19,889",7639,595668,CNY,6355,elizabeth.robinson@yahoo.com,oliver_thompson660,3963,BILL-315304,ed32a6b1aba4ba1cc06b15f7b8b8fb843d68ae3575a0a164a2cfb9bf748fa4af,Expand APAC market,935,BILL-175003,253405284,0xe19df0dc54007abf8ac71688d84a2cebed75a551,WTA,USD,0,089,BILL-927501,"$127,017",7.99,0,BILL-485152,92.5,0x6bc450583e073c62922e530d87a78fcd47afdde3,5211.8338,67.5,2018-09-21 20:33:46,10/28,"[0.1076, 2.0386, -1.3725, 1.5868, -0.8484, -0.1845, -0.3413, -0.772]",23.0,0x7b189a2664156e293f9aee40490e10410f6f217f,"$153,614","$29,736",30.74%,"198 Maple Dr, Los Angeles, MA 98292",1100.63,7b0e0f353c7de686aeb35f91c99408e01128152a3d035349d4936a004832290d,509860,2456,CURRENT_TIMESTAMP,407767,Divorced,tenant=acme,Johnson et al. (2025),980182622229,Article,Africa,INS-361170,924,371310,490,026132140,421,6011-1208-4396-4020,506.68,566106,Figure 6: Overview,3758-0570-8731-5084,973234278,3461471110535,22154847,62582.52,431481
"$35,170.33","$33,481",968,376984,CHF,9877,sarah.wright@outlook.com,jennifer.jones950,222,BILL-427370,00b01bb0366d26b83c0caaa95df3f2b88326bbecc8de27b5872b76a709a3a53f,Launch SaaS tier,624,BILL-508428,187946727,0xa2e086044fd84e75fbfbe81d637905fe54fe399a,ATB,INR,null,241,BILL-849571,"$238,082",10.84,1,BILL-639609,9.2,0xf7de04ad4de84a5ce455077ccd628b87e8c67d13,5081.2695,50.8,2019-07-22T09:32:32Z,05/30,"[-0.9859, 1.8436, -1.3331, 0.0191, 0.4442, -0.6337, -0.2558, -0.5056]",57.6,0x2ed347153ab762c372ae05f39b168f7a436deea9,"$73,879","$13,295",-48.76%,"1458 Cedar Ln, Portland, WA 73585",4377.02,0df547f20b89bbd518735b1c75e8f1509c806e5b4455a0856b20d6ff043ce04b,45468,2090,CURRENT_TIMESTAMP,500274,Widowed,tenant=acme,Jackson et al. (2009),969422582945,Infographic,North America,INS-171961,4946,601187458,389,507682475,728,XXXX-XXXX-XXXX-5974,570.51,46151,Figure 7: Overview,6011-6026-8995-1130,638375912,6874405477358,18382335,"$93,562.46",460027
69551.91,"$1,633",338,3799853,BRL,3495,liam.walker@yahoo.com,noah.wright53,1595,BILL-784563,45b1409ce75a5fffe3ff5b5c9b8358871099d2e8cf28cf49c475d1f0d2474966,Expand APAC market,2068,BILL-173544,255866670,0xb31854ca3824b1cf558bffc58fc07a087e48d176,UGE,CAD,CURRENT_TIMESTAMP,027,BILL-276544,"$94,298",7.86,0,BILL-592950,43.1,0xdfaf78edf0dd49ef79c7e4f49a033acfde65ab56,2165.0425,66.9,2019-06-11T15:48:49Z,03/24,"[-2.0334, -0.3768, 0.3602, 0.1784, 0.8526, -0.1289, 0.9174, 0.7761]",44.9,0xc22adbce9f563fd81c63a352dd3a6f966e559e5e,"$145,763","$15,686",-22.52%,"9704 Pine Rd, Paris, NY 63269",3405.29,a93f27c8fd4e6f42d47610484efb75723026dd26624bdcc78938e09bc93b4590,3794627,2894,CURRENT_TIMESTAMP,526751,Widowed,region=acme,Lewis et al. (2011),0031961794,Article,Europe,INS-574523,2704,58862,437,287953885,521,6011-8770-4150-7265,948.59,3772206,Figure 7: Overview,3752-9674-6253-5511,128822552,9094343181037,4726570886,19923.10,601129917
5765.17,"$26,195",537,594496,BRL,3605,harper.rodriguez@yahoo.com,liambrown564,315,BILL-526856,a13a5d4286eade6c3f809e05613dc5c29089bf08917b55b6293694d6d83095ff,Launch SaaS tier,008,BILL-639003,362010381,0x173f94743949cea60bd893b16774f6075158a909,JCO,CNY,false,698,BILL-686836,"$236,074",6.98,0,BILL-133511,30.6,0xc440aa7639d6edd956272da17555be47b8ff2993,8661.4815,16.1,2022-07-28 21:37:11,10/28,"[-1.1219, 0.1526, -0.9903, 0.0899, 1.3827, 0.5244, -0.4988, 1.1885]",73.4,0x868632772ca0f79a5a0c11b45f6f49bd51f87ff7,"$183,987","$47,049",-10.78%,"8707 Elm St, Tokyo, CO 44541",8581.03,7f6f00a2ded5b851046f492a84f035c2e0762e347f675bcae3ab65ad277445bd,54264,9260,CURRENT_TIMESTAMP,53808,Married,dt=2024-01,Smith et al. (2023),5977532325,Video,Antarctica,INS-901868,4233,3792687,7419,777400953,446,5481-3704-7000-5385,980.41,41685,Figure 2: Distribution,3732-7431-1569-0457,658933600,9389364431846,944824914791,81885.70,52549
"$57,260.75","$45,937",696,60118380,CHF,2866,amy.lee@gmail.com,lucas_lewis55,794,BILL-993819,83de769d2cdbdc667cdf492e786f3bb88fc615010f646ba2dbe0d5af3e201f9f,IPO readiness,7382,BILL-884624,210596033,0x4d57ac65e9406d8fd016d529060721953abf5f2f,CQG,CNY,1,203,BILL-291181,"$76,363",1.92,1,BILL-708135,23.4,0xbe7809cd7efb732c0957f2459d301994a286559c,-133.3656,31.8,2025-01-25T20:04:58Z,12/24,"[-1.0462, 0.8874, 0.3034, 1.2913, -0.8275, 1.095, 0.8578, 0.6264]",90.4,0x7417f1829fcba239a80f13d4bb63d731dc5fbf1e,"$219,040","$12,518",42.86%,"223 Maple Dr, Denver, IL 19557",100.19,6d23174475de92e6e4b1580c8676f23fb337d2287338a787e18a461f0de272f0,499665,5151,0,44005,Single,tenant=us-east,Johnson et al. (2024),34130888,Video,North America,INS-160144,1964,48056,729,884107364,838,5018-6774-1430-4330,903.85,53035,Figure 4: Comparison,6011-1949-5132-9805,424153740,7417599395381,0842674278,62486.91,58952
7788.12,"$20,572",3022,53272,CAD,7583,mary.johnson@gmail.com,jennifer_jackson936,6531,BILL-106982,0583f0fefdc4f2795a3f77433a69850ecf24e0d3f9e5a2f52aec59ba5a8e9740,IPO readiness,3779,BILL-354762,614713959,0x79dd5f358f048679bd7ab153fb90234749faa27a,JHP,CHF,false,473,BILL-363322,"$52,953",5.22,1,BILL-850988,49.9,0x62460c2f74729770e746411f7ee53d87ebd2276a,6738.1099,94.7,2023-07-18 02:17:11,12/30,"[-0.1749, -1.1619, 0.2253, -1.1731, -0.8129, 1.9735, 0.1164, -1.2099]",6.6,0x6f5f9c763df092eb47a854a953a4ee35aaffec1c,"$144,500","$14,889",-28.97%,"9534 Oak Ave, Atlanta, CO 94041",4045.15,ff71572d2fda12a873345b11c966e4f184498856b7db9d57043f1ad9dc01f0c6,601128422,4225,null,60116864,Single,region=2024-01,Martin et al. (2026),779618068456,Infographic,Africa,INS-838904,7630,373751,7665,141666696,512,XXXX-XXXX-XXXX-8309,375.34,564941,Figure 19: Timeline,XXXX-XXXX-XXXX-9556,721653216,8440441943779,49381375,58462.23,3701848
"$15,420.06","$22,152",4209,58352,JPY,7327,elizabeth.smith@yahoo.com,richard.moore417,233,BILL-691436,6f06b5377c03bff988098d87553618aaafaa1cec9b4d08ec06f228c79e9cd623,IPO readiness,0845,BILL-986996,920604862,0xece0a86a444ecf1f95cc0605186d52519c8ea8ca,PRQ,EUR,false,6023,BILL-914143,"$224,204",9.31,0,BILL-618443,97.0,0x2b29478362e87ab59bbdaba0d34f08108334f2c9,742.3003,56.7,2024-02-26 04:38:50,05/30,"[0.1497, -0.4518, 0.3363, 1.1086, -0.7289, 0.8234, 0.1764, -0.4186]",25.3,0x93e3aa781be056a8375ea42e2c9603b49829c669,"$87,888","$23,667",24.47%,"9429 Park Blvd, Houston, IL 72814",2581.31,c07aa7f065099439fbbfb3b00f27bd957bb98bdac1223d3b6e34ffa55fd13411,537964,4779,false,3722879,Divorced,region=acme,Jackson et al. (2010),939051428250,Infographic,Antarctica,INS-192251,3550,57414,901,646559607,692,3758-8283-0876-6322,0.69,601191880,Figure 8: Distribution,4385-0569-0803-9519,882923724,8726155778065,23848158,"$74,019.83",48009
"$15,934.58","$24,997",1985,601102049,AUD,7162,elizabeth.walker@yahoo.com,lindaharris199,5433,BILL-806748,380104455f6804a9a99de7afa75b07f70ab15ebe54afbea6fc982e72efce0032,IPO readiness,132,BILL-652944,509394121,0x036cd7d3c45cb684f813671ba1b79a1e1f1c799c,ZWA,USD,0,838,BILL-244826,"$47,164",10.94,0,BILL-866778,22.3,0xcd0185a99c515cab38fc105f53ae305a77a2771f,4962.7234,95.3,2019-02-20T09:40:44Z,02/27,"[-1.0479, 0.4193, -0.6175, 1.9922, -0.6678, -1.2324, -0.4632, 1.118]",87.4,0x1dd5f0101378120388147036ee1f9a1dc8dc5e7c,"$203,348","$22,614",-47.07%,"6786 Park Blvd, Tokyo, NY 38207",2540.42,ef8e6919ef9006a9ec3a3a68db63fa7394e130c9d16e3ab1f850ed80547454a1,60111927,2285,false,55106,Married,dt=2024-01,White et al. (2012),811129952890,Video,North America,INS-499575,1860,56028,6932,892066702,753,XXXX-XXXX-XXXX-8325,81.8,60111099,Figure 17: Distribution,5995-3108-8628-4191,103674022,0832142866962,14338383,44707.60,53032
92335.91,"$32,052",778,56505,EUR,8436,jessica.thomas@yahoo.com,lucasjones506,164,BILL-321333,9b1a64c9f6e3c1b95dbd359a5bd641b365b2af6f90bbed583942855b3e9407bc,Acquire competitor,407,BILL-762624,438858854,0x8bbe0106eb873123f5090165cd4848becb7cc738,VBI,BRL,0,0014,BILL-418675,"$242,485",8.37,0,BILL-485848,60.3,0xae43564b53dd7d889e6e0caee6f3920624b92bb6,1343.7738,19.7,2022-05-27T06:09:58Z,02/24,"[0.3531, -0.6801, -1.1636, 0.1455, -0.1758, 0.0135, -0.0107, 0.1759]",39.4,0x9fcad2e3ce0eee29b274d7472e905355f6a18f1d,"$171,541","$48,665",17.29%,"9868 Maple Dr, Dallas, CO 34244",5749.52,dcd2c9cbfd40f7687c261115d08d392d689e157e245899e3ae4be3b20c1e4c5b,52286,9772,0,60114399,Married,dt=2024-01,Martinez et al. (2015),680815261884,Infographic,Africa,INS-342375,58,478948,3564,471325118,677,5096-5669-3418-3791,242.23,44029,Figure 7: Timeline,4745-1958-6407-5018,291573004,8379075569644,780880068714,"$34,558.28",42240
"$86,214.39","$33,496",976,58188,CNY,3171,elizabeth.brown@outlook.com,william.lee865,0142,BILL-385138,d7722dbb5b787888b150387149f10ed2c9b9318f40829234bb246af5ab083ed9,Acquire competitor,434,BILL-227705,971225162,0x25b2f1700fd04754f0beccd9522642d1e472ce18,YXQ,USD,null,7407,BILL-273938,"$176,736",1.04,0,BILL-893079,3.8,0x1f032f410063ece44b644adb24bf21d85d794c4e,2472.5826,5.1,2023-08-12 20:15:27,12/27,"[0.1536, -0.4734, 0.8723, 0.1248, 0.1976, -0.2168, -1.7637, -2.527]",49.1,0x0ca3db2bc81138bb8bfc06d454e290883283870d,"$93,019","$31,215",-19.45%,"7982 Oak Ave, Berlin, NY 51116",2364.77,39d05d6e1898604dd3e40f6f1c149a38652349aae0416791d137969d505e90df,377883,7930,null,601189853,Widowed,region=2024-01,King et al. (2022),45525767,Infographic,Europe,INS-392078,3557,374501,711,000213633,361,XXXX-XXXX-XXXX-7284,247.2,60116038,Figure 8: Overview,XXXX-XXXX-XXXX-8318,022899641,6578407867646,8412612200,47087.82,435193
"$69,369.73","$11,578",258,60112089,EUR,2877,aiden.lee@yahoo.com,olivertaylor798,4778,BILL-179738,a6b729d81118056d4de39437ab2c779dd4cd0333f85a61c9de980b1a74a4dac8,Expand APAC market,320,BILL-637590,078082973,0x564e9f8b5bcb530295dfbde0cf09587675b0340d,VHH,AUD,'',136,BILL-537900,"$206,081",11.55,0,BILL-713333,90.2,0xcf2b3e712b0948fca59e786b95432338835218c4,4293.7393,41.2,2025-10-16T03:17:46Z,05/27,"[1.3495, 1.0392, -1.161, 0.2819, -0.0532, -0.1142, 0.0802, -0.9213]",71.3,0xffae56ab92f8670661567673c389aec43bae62c0,"$178,103","$48,935",31.92%,"2022 Oak Ave, Dallas, OH 85672",3974.78,918e7e0394c4d7a27b781f2f758ef233717574c983b7f458b051bc060a3fdeb1,601195326,3396,false,60116342,Divorced,tenant=acme,Davis et al. (2014),51776753,Infographic,Oceania,INS-854828,3314,601195839,1297,620142651,581,4931-7570-7613-4220,460.92,3762204,Figure 5: Distribution,4859-3517-9712-3503,565823279,0772808006086,54420131,"$16,880.45",43126
"$64,506.02","$45,537",484,52092,CNY,7408,patricia.clark@gmail.com,noahwhite112,836,BILL-920488,491c7b40540f5aa344b262cb3a0b0950170db5dc2cad4de587d9feb579b38cc2,Acquire competitor,9240,BILL-181717,610534238,0xd8256ab37dc96a07ac06ccff451b59ebc8c1e3e2,CXR,EUR,0,818,BILL-923422,"$147,437",10.3,0,BILL-874118,12.5,0xe0587f7a4b5a77bf448588192b33fadb9fddd63d,4995.7672,18.0,2025-01-17 23:37:23,03/24,"[-0.7353, -0.0274, 0.088, 0.5231, -0.5878, 0.5524, -1.7909, -1.1605]",74.5,0xe531fe45c63d62f14d6d8ff81e413975ca2d9ec9,"$172,470","$30,937",38.24%,"8159 Cedar Ln, Los Angeles, OH 27614",334.29,993700ffb772cf1eede9243e0c39fca65b895f9da98fc715ff24a3b74b283068,449821,7353,1,3788286,Widowed,region=acme,Martinez et al. (2018),4139165952,Infographic,Asia,INS-836044,6499,3767102,380,506925603,732,5599-2146-2238-9206,820.5,51156,Figure 14: Timeline,4940-7281-1327-4119,974740543,0240329511543,050813081429,45432.93,60118062
"$43,055.96","$32,873",9291,574638,AUD,9553,james.wright@outlook.com,sarah_davis935,529,BILL-557096,20ad71b5091a583ab048185fca2fe1cd0506de7f13b18f792894c8ff6b7c4ad2,Acquire competitor,822,BILL-433283,528346338,0x3e1a820a1a00e5de9244314ea071f1a28081c4b3,PIX,CHF,false,717,BILL-490322,"$248,582",7.59,0,BILL-914886,64.3,0x65d69aacdbc68fe2fb34c15425fb12a4167b3dfd,6051.4158,75.5,2019-01-05 00:53:43,06/30,"[-0.5939, 1.9901, -1.3444, -1.1411, 0.5262, 1.5763, 0.5673, -1.7327]",68.1,0xece76cbe08766a9ac9ab24b758a43c6491b72946,"$226,209","$43,078",-31.77%,"5761 Pine Rd, Phoenix, NY 76191",9.1,afeb1151f90cc1df2420ab49d7462b790311bdb83f2d453493b6e25f0f81b1a3,517147,3578,0,601112158,Married,dt=us-east,Walker et al. (2024),609151318958,Infographic,North America,INS-616211,6744,44202,7117,557525299,769,3766-7028-4306-8807,800.82,379570,Figure 16: Distribution,3782-2605-1489-8187,832435212,1579741233956,1693842130,"$85,315.48",3788573
89682.02,"$14,121",850,444805,EUR,5743,sarah.wright@yahoo.com,michael.rodriguez111,761,BILL-459032,13a9bef1a5d871441881b00aab4dd785a7da09b25f1f92922d49aa26de54ae41,IPO readiness,448,BILL-661762,705370631,0xdfb9c53496f1ea96eba8b960c24252424d6f7cca,ZTC,CHF,0,512,BILL-525501,"$184,942",0.75,1,BILL-114932,96.4,0x778fa249faa0da682d2371ffd79421d9c119c005,5716.0598,40.8,2020-10-06 09:28:42,03/30,"[1.0504, 0.2808, -0.3458, 0.8734, -0.777, 0.0555, 0.6162, -1.0247]",46.6,0xc7fab04518bd799b85043c908a58edfab7c41413,"$133,432","$17,386",39.1%,"386 Cedar Ln, Tokyo, WA 26918",6169.4,5624a870b11b4f0ecf56f4ac45d9c674848d8e88c14f93b8e1844d5e7de911a8,40621,7000,null,3739145,Widowed,tenant=2024-01,Smith et al. (2000),01697330,Image,South America,INS-729569,297,46366,974,827541566,312,XXXX-XXXX-XXXX-3677,832.68,59396,Figure 18: Comparison,3791-3007-1868-8088,366937247,2810122841630,00447018,"$12,171.83",54623
"$98,867.64","$14,534",4111,499539,CHF,9825,liam.white@outlook.com,liam.anderson626,144,BILL-896837,67e7e563f57ef642f0ae29fdc8df6d4b6143cb7faf3b804cb05679342406b5bd,IPO readiness,7551,BILL-763550,479789807,0xda3c6a1442ed4dc3d43e140642d7f170d7078bd2,CKN,USD,null,234,BILL-994271,"$119,333",7.64,0,BILL-176986,1.8,0x80aa1bf19babae577a2106659f58723affdc7660,9497.7973,59.5,2020-07-05 15:01:52,01/24,"[-0.4382, 0.1528, -1.3918, -0.9333, 2.8164, -1.085, -0.1285, 1.6153]",82.0,0xc11efc33a7f28b0829898d97595d14c7331d2fc9,"$115,606","$11,401",-10.08%,"6493 Pine Rd, Seattle, GA 61121",2810.15,08526df909019eabb2cff0e3cee1835608c87069a1ea57b95b6148a83d95b5d0,373770,2521,null,3760398,Divorced,region=acme,Taylor et al. (2006),2848153450,Video,Oceania,INS-960828,8391,576982,1267,794489225,396,XXXX-XXXX-XXXX-5170,970.91,601150902,Figure 11: Overview,XXXX-XXXX-XXXX-8251,466697796,2263811174710,116884729496,92750.22,51684
"$42,360.64","$29,931",923,44510,BRL,3402,robert.jones@yahoo.com,michaelthompson989,4125,BILL-621710,c1aabdfef0fabfc7e3b65abb7a67cb7a2f9ab10eefb1e5f41dc0b9af0780504c,IPO readiness,9185,BILL-162088,873585461,0x078abbb6e0722df76584b09262ae11d9413a9d9a,DZW,EUR,'',986,BILL-296031,"$67,142",6.72,0,BILL-240013,24.6,0xa7b8abe7db336a34cc333b13082871f297e1f275,3367.2306,90.8,2025-05-08T22:20:47Z,05/25,"[0.7986, -0.3931, -1.2239, -0.0192, -0.7021, -3.0689, -2.388, 1.7028]",58.9,0xcc75092f4bfa5dd5ffeb802741c9b59eb6afcc5d,"$80,521","$4,385",-2.46%,"9353 Main St, Seattle, OH 92320",4598.76,d1b9ddbddc64c482621062eb5d1491e4f0d55661c531dd8ecbc50b78fb36863a,45628,3144,false,370510,Widowed,region=us-east,Anderson et al. (2013),639952084603,Article,North America,INS-300158,7840,60113467,990,037284852,727,XXXX-XXXX-XXXX-7486,317.16,379808,Figure 18: Timeline,4067-6035-7550-2710,909919408,8960266510233,11624394,37677.60,601197370
88528.45,"$30,058",3290,601117197,USD,9599,lucas.martin@gmail.com,amy_wright263,3200,BILL-699006,2dba9f092bdbe7d00f00ccf68309d749c45edde7c251af0841e28d784a05ebe4,Launch SaaS tier,7599,BILL-889244,323600809,0x4e6ecb229241a4ef9520bf400a1b1b1b0323f718,MMA,CHF,CURRENT_TIMESTAMP,4062,BILL-967907,"$34,329",4.31,0,BILL-118835,36.4,0xe1b36180e9a45d8fe2da6cf655d2063ea3d935f9,-698.737,56.5,2024-10-06 15:56:12,02/24,"[-1.6073, 0.537, -0.4104, 0.1669, -1.5214, -0.5906, 1.3627, 0.5395]",19.9,0x2f8993693a76bdfcf44ad0005a3de078ef1288c8,"$86,717","$42,234",-41.23%,"2926 Main St, Boston, NC 77567",5617.38,854aeb0117752d45889d3d70d385499798f15344e2baeecd7281cccf4ff7fdab,52727,7501,null,379765,Single,tenant=2024-01,Garcia et al. (2005),12276532,Image,Asia,INS-671431,176,40476,447,350415829,762,XXXX-XXXX-XXXX-0769,287.47,3740246,Figure 18: Comparison,3780-6338-2342-7463,006568503,4907896174247,84343925,62167.39,60113194
94743.15,"$16,459",756,533348,CNY,7339,michael.miller@yahoo.com,ethan.brown230,2048,BILL-826714,21c8db15cb5d9b658c0de6aa9dd88aaf242095320016544d5c217909e0522696,Acquire competitor,908,BILL-555432,029517817,0x3e5957645d909a3b3ba0ef3c66bf4a1d3869e42a,VFO,BRL,null,3961,BILL-642527,"$148,203",4.18,1,BILL-477071,85.6,0x78908ae7171f5264db528a87996fc0e207376a3c,2055.8117,35.9,2024-07-10T07:43:51Z,03/26,"[-0.9866, -0.1077, -1.9098, 0.3577, -1.397, 0.1613, -0.7162, -0.0887]",93.6,0x4375efe56ff4caf40f7842933281561973668131,"$37,898","$46,691",43.64%,"6004 Elm St, London, GA 39940",5632.14,ca04265ca817234235d27863f0ccfb3e9cece0447c00f5f978d70fe7364f3ad8,401805,0926,null,601166764,Widowed,tenant=acme,Moore et al. (2013),035769162421,Podcast,Antarctica,INS-537406,7681,57940,4163,409231349,610,6011-2859-7793-4921,537.88,60112960,Figure 19: Comparison,4462-1846-5609-1416,681778331,6032198616420,0087816002,4785.67,423624
23450.03,"$9,104",4275,56550,CHF,7582,linda.thomas@outlook.com,linda.taylor142,256,BILL-186423,e6531af1948deeede692f15d2919a101361216c1c791de535702582ed8ee3858,Acquire competitor,7740,BILL-344551,301495715,0x55ebff455a75297ae29eed196974c8782989bf3c,SHD,EUR,0,7561,BILL-734721,"$161,909",3.28,0,BILL-540797,45.9,0x63321e8c032de5b10ccf55f42cd2f98d51ec7410,7255.4265,68.0,2021-03-17 23:49:20,06/30,"[-0.4334, 1.6689, -1.2841, 1.1498, -0.1286, -1.2315, 2.1052, 0.3479]",12.5,0xe3109d52a78a3b7c9492847178b1f41738159a0a,"$156,271","$31,630",19.97%,"833 Pine Rd, Denver, NC 33245",5776.53,d2ea800370a29fcde30c8dbd8e8f510b7aad48585b844b0f8704d5566e821ab0,378269,6041,false,583453,Widowed,region=2024-01,Jones et al. (2015),65266863,Video,Antarctica,INS-547598,3791,573811,2655,271687458,465,6011-2139-4290-9927,836.33,3774999,Figure 16: Timeline,XXXX-XXXX-XXXX-9805,254818458,1645516772982,644019182845,"$34,600.17",570876
"$93,103.00","$12,531",8524,573581,JPY,7057,elizabeth.taylor@yahoo.com,noah_moore328,8463,BILL-497398,013d036cd9708011878c09dcdd4871936fab9af62026c12f3598ac312839e151,Launch SaaS tier,2144,BILL-921880,420697291,0xdcb85dc38f6f155ca1102b1ecb92e8cb8a2184fe,UXG,JPY,false,738,BILL-833998,"$89,058",7.57,0,BILL-117582,82.2,0x25194cf684c78b16b83a59df3c4bb846d11cca73,1667.6605,10.0,2023-07-02 22:39:21,12/29,"[-1.2246, -0.197, -2.3949, 2.0237, -0.0587, 0.7531, -0.7472, 0.0988]",10.0,0x090d9d0983321a6833312109a149477475c1972d,"$66,413","$30,002",26.9%,"2376 Main St, Chicago, TX 97404",3514.3,6b3e271984cbf8236922d5b528f89b1b7cf6ce3182b2226d8600095ae4585616,3760926,5622,'',51123,Married,dt=2024-01,White et al. (2002),1887898025,Podcast,South America,INS-638809,5156,3773055,7282,267546972,760,XXXX-XXXX-XXXX-9196,291.35,51510,Figure 6: Distribution,XXXX-XXXX-XXXX-1074,652003008,1421462559828,6977031089,"$4,172.23",518747
"$46,730.08","$30,493",474,601183036,GBP,2355,logan.robinson@outlook.com,noah_lewis566,4709,BILL-779950,8003be4c71bbc8e0af116ec6e98b8312592b2451d99706b86184b57c68af2963,Acquire competitor,816,BILL-916388,439093143,0x31c8a7734edbe34c16ea42521eb9247371c65f06,DRV,USD,CURRENT_TIMESTAMP,2381,BILL-656185,"$93,828",7.21,0,BILL-475954,79.9,0x80fa07fad26fe8cb22cc2e56a5e463ec1c142d5d,828.8429,48.4,2025-09-14T08:18:15Z,01/28,"[0.0554, 0.4671, 0.6454, -1.8096, -0.6814, 1.934, 0.2915, -0.9645]",76.3,0x714bad2a532d38c67c3b78ca833bb5a204cbb1da,"$39,661","$29,779",-22.54%,"4327 Cedar Ln, Toronto, NC 45790",1181.31,a671f24f57063141be18b38098d96b2f06082577a8b98a0734d6ae966dc9271d,45684,9048,false,60112953,Divorced,tenant=2024-01,King et al. (2001),400795118245,Article,Africa,INS-476338,4247,59041,7056,054455746,588,XXXX-XXXX-XXXX-4348,740.22,60110721,Figure 11: Comparison,3739-6705-4883-0025,616114479,5123310708426,8873333295,"$16,280.06",46295
