c_xqxp,SALARY_COMPENSATION,twoszf24,revenue,val_len,UPTIME_AVAILABILITY,concentration,attr_gkfm,humidity,PASSPORT_NUMBER,category,exchangeRate,bandwidthDataRate,database_connection_string,customer_checksum_hash,attr_gtin,signature,f_hum,measup,tbmdyk93,ENERGY,measscore,category_2,sla,AREA,LENGTH,VOLUME,MEMORY_USAGE,val_dxs,col_399,dim_715,portfolio,price_cost_info,attr_cvv,GLOBAL_TRADE_ITEM_NUMBER,meta_uqv,brandName,storage_size,CATEGORY,errmsg,price_cost,f_527,distance,marketValue,paypal,speed_velocity,dim_created_by,PRESSURE,concentration_2,measmem
15.136,"$116,947",138.44,"$5,176,317",539.88,97.2703,237.53,9.5,28.4,B53346976,Hardware,60.0171,2409,postgresql://user:****@db-prod.internal:5432/main,ae78c576b5871f779b9b4e8ba0e3346c0d12a18587c35787e38a5234a618c511,4396337658900,sig_7317372364026815,60.1,99.0248,14250,49032.7,5.58,Food,95.8042,72037.5,192.73,7578.54,4.8,https://example.com/users/data/docs,733.88,B+,INV-806704,2384.08,525,8259013957023,BDT-9588,EcoLine,998320,Software,FileNotFoundError: 9074,3959.12,Divorced,4526.4,"$554,780,867",jessica.moore@gmail.com,49.5,lucas.young,327.0,80.3,50.9
2.982,"$41,903",201.78,"$8,151,365",8.01,96.5481,916.15,8.58,91.2,A68369461,Services,103.0941,2479,postgresql://user:****@db-staging.internal:5432/analytics,c7e7840c6a06497431285c4c6bd9dc8527b35b11a114cb1084c12d5880bca7a5,3455900428583,sig_f07dc6b9e88ac6fc,5.8,96.9268,70500,79960.7,5.45,Hardware,96.7559,74254.0,503.39,6735.29,52.5,https://api.service.com/data,892.71,B+,INV-294054,7432.3,9552,3530981658383,JLX-9690,ProSeries,735397,Food,NullPointerException at line 1645,4246.6,Single,9721.2,"$571,504,075",jessica.brown@outlook.com,108.9,lucas.clark,1310.8,961.94,20.9
15.615,"$59,830",98.43,"$9,660,316",461.47,99.1346,241.65,2.03,69.0,M64170429,Clothing,50.7175,1714,postgresql://user:****@db-prod.internal:5432/main,bcf202070c7667b08b23ccef22e59de9abd4426639e3259657c3af72a8f77ccb,3046612736840,sig_a28eeb43aa382b0c,77.2,98.895,31477,8863.5,3.6,Services,95.4767,12685.4,385.6,4553.54,71.4,https://api.service.com/users/status/users,261.5,B+,INV-840839,6407.23,011,9527847955644,BUW-8452,ValueMax,824800,Software,ValueError: invalid literal for int(),338.14,Married,9300.4,"$506,307,774",sophia.walker@outlook.com,0.7,sarah.davis,549.4,528.15,76.6
0.52,"$44,294",330.21,"$397,812",279.09,99.8356,5.45,1.42,31.6,X33589797,Electronics,38.5698,4762,postgresql://user:****@db-prod.internal:5432/analytics,321915586f446256af787b3aea016bf357bde20c515fa0aea39846f70a103cc6,2146849162383,sig_f17e565dcfe47e59,87.1,95.8109,65339,73856.4,0.26,Software,98.6277,60660.4,607.38,4203.42,1.1,https://api.service.com/docs,265.79,B-,INV-865090,379.15,322,0277568474283,KKU-9596,SmartChoice,250059,Clothing,ValueError: invalid literal for int(),6738.84,Married,3936.1,"$524,983,313",elizabeth.martin@outlook.com,153.3,lucas.garcia,1641.3,102.85,46.0
8.728,"$174,604",352.98,"$1,517,758",928.37,95.8976,319.34,7.63,55.9,P77709080,Food,114.0288,8192,postgresql://user:****@db-prod.internal:5432/main,660cdd6c027df16e206f5929b69e4d63b5af8f5d4617507ee36315dd4c6cf725,5650436069621,sig_2790e251acc81a08,78.0,98.6468,60966,41016.2,2.85,Electronics,99.6271,91820.3,398.32,7771.5,41.7,https://data.io/api/v2/status,4.98,B-,INV-102732,4830.91,224,1673772772208,WEM-4160,EcoLine,688856,Hardware,NullPointerException at line 6548,8403.41,Single,9718.3,"$662,844,499",harper.jackson@gmail.com,3.7,patricia.lee,1564.5,190.1,82.1
17.697,"$38,255",233.13,"$241,490",446.9,99.17,988.0,1.2,22.7,B64800827,Electronics,116.6858,6852,postgresql://user:****@db-prod.internal:5432/main,39e2ea1f0f3675bdadd3bbb76b5b6fe96784b7f6f15e7bb1913e5d693263433e,3966444962537,sig_3be1f14212695e12,15.5,96.6052,37920,68104.0,7.0,Software,98.1675,13136.7,495.83,3208.41,13.2,https://example.com/api/data/status,509.39,B-,INV-271598,9320.36,012,9836372660915,JFX-6209,EcoLine,702715,Services,HTTP 503 Service Unavailable,8229.22,Single,4871.2,"$850,487,223",jennifer.brown@outlook.com,146.5,harper.wright,1598.1,660.41,8.2
18.772,"$229,997",282.49,"$6,233,377",591.68,98.2418,720.71,1.28,76.4,S28587150,Food,139.2599,2115,postgresql://user:****@db-prod.internal:5432/analytics,3c249c3803a25d5db5e47cc45b1b6183b43c86ad1f48df8c31abe15711380e68,1335582515835,sig_a36839583078defa,22.9,98.6619,66088,62550.6,4.44,Software,99.099,19306.9,563.82,9294.72,6.2,https://acme.org/docs,571.78,AB-,INV-435758,5307.99,792,7960978184330,AFI-7782,ProSeries,865731,Electronics,Connection timeout after 8363ms,4327.66,Divorced,134.3,"$200,454,953",sophia.jackson@gmail.com,271.1,olivia.clark,1068.0,732.77,69.1
15.315,"$65,237",202.44,"$1,100,665",957.79,98.7958,852.61,9.29,80.7,N60456566,Software,26.6106,1659,postgresql://user:****@db-staging.internal:5432/analytics,3349e09740796143dd0ee3476929fc534b2adfe5d7173a0c5ba7fc691c3827d1,1518587290908,sig_e6b55fa5d8c1213f,55.8,95.7458,30305,97741.7,9.47,Clothing,97.2073,50787.1,806.91,5395.61,35.7,https://data.io/users,702.32,AB-,INV-165809,34.65,1895,9139569794402,RJB-4660,TechBrand,36502,Software,Connection timeout after 7721ms,7677.71,Single,3268.9,"$720,375,134",emma.king@gmail.com,264.9,logan.davis,1781.6,579.17,5.6
13.868,"$230,104",2.15,"$3,134,999",216.13,98.82,475.48,7.38,20.7,Q61141752,Food,130.0381,9862,postgresql://user:****@db-prod.internal:5432/main,e5ecbff3eff3881e15365d58b5f9c34235700b1b05f91505b91d2db7bbd02fc5,7831315578616,sig_f163e6f45985483d,13.3,95.9902,9309,1667.3,9.61,Services,97.7938,14128.5,56.11,5909.14,90.2,https://example.com/api/data,489.04,O+,INV-578925,2608.11,310,6553842278144,VGV-7755,ProSeries,881705,Software,ValueError: invalid literal for int(),5829.71,Married,4136.4,"$804,800,027",sarah.martin@outlook.com,110.4,richard.miller,924.5,229.94,65.9
15.83,"$134,909",346.89,"$3,067,782",575.34,99.8386,251.48,0.41,64.9,L90892141,Electronics,32.743,3372,postgresql://user:****@db-prod.internal:5432/analytics,47213bc8436e8f485cc82b57aeb290426912b3573b3118389220a586bd4a1040,8111804149903,sig_5d07c8c2b2d21dcc,58.9,96.5271,30190,45876.2,3.15,Electronics,99.9083,23677.1,640.71,7185.96,38.3,https://example.com/users,336.27,B+,INV-961748,7581.95,950,4291473267137,ZLO-4803,ProSeries,915136,Services,NullPointerException at line 839,7532.9,Single,3850.9,"$192,414,332",jessica.robinson@gmail.com,110.7,logan.martinez,1579.5,150.08,78.4
5.153,"$202,704",18.9,"$8,160,756",364.62,95.8734,976.47,1.04,40.8,Z46864876,Software,55.2876,4903,postgresql://user:****@db-staging.internal:5432/analytics,da00f5faac9a6e722c3309334892b407684a48d42950d4e1609e5b3bc99f52e6,8040452345162,sig_2d31ee72e9d0800d,68.7,96.9202,74240,15406.0,2.61,Clothing,97.0658,96909.7,131.84,6298.82,98.3,https://acme.org/users/users,845.63,A-,INV-267828,449.48,6019,8199082667908,OYZ-1566,TechBrand,476395,Hardware,Connection timeout after 1261ms,41.4,Married,3647.3,"$538,716,366",olivia.rodriguez@yahoo.com,243.7,oliver.moore,1974.9,751.65,92.8
4.479,"$169,362",105.95,"$8,559,187",323.29,99.9455,837.57,2.86,30.4,J93233383,Clothing,35.2322,8725,postgresql://user:****@db-staging.internal:5432/analytics,dff48b794d87c75f793bea0bfd9ff5a0fde108e847b2160b112431422d49e1d6,1292022684881,sig_9c6b4fb5624e66b2,34.2,98.0797,60494,73891.8,2.87,Clothing,97.9252,23908.1,211.55,958.94,42.0,https://data.io/status,944.98,O-,INV-655681,314.69,4330,0366750231064,UWS-9603,SmartChoice,483338,Electronics,Connection timeout after 9355ms,8959.02,Married,605.8,"$311,236,274",elizabeth.johnson@outlook.com,294.4,jessica.king,547.0,416.2,55.6
1.733,"$100,421",269.57,"$1,574,801",235.2,98.6987,859.45,3.64,9.6,S75828790,Food,54.6473,6906,postgresql://user:****@db-prod.internal:5432/analytics,1e20cb9880ce2153a182de18b72bc3b293981a11ceff07cde5e496168daf3400,2307372185535,sig_28c229103b379edc,0.1,97.053,78295,9163.9,7.95,Clothing,97.4263,50933.6,300.13,4903.7,92.4,https://api.service.com/v2/users,280.19,O+,INV-995855,7054.24,096,0103163517576,JKH-6976,TechBrand,709252,Services,HTTP 503 Service Unavailable,3107.94,Divorced,1786.2,"$524,943,188",richard.clark@yahoo.com,17.6,william.wright,1721.8,20.28,26.1
11.475,"$249,000",12.63,"$6,590,116",62.74,98.7308,981.22,6.58,7.7,N58683085,Software,129.402,5921,postgresql://user:****@db-staging.internal:5432/main,247dbf1d5cf2ad17a686bc8b7c025d9f972fd737e8196afd7259b52c627b9b76,9950047572899,sig_b62dd87a8b78c2ee,51.8,97.7438,56538,79309.1,3.7,Food,97.7159,22986.2,305.59,6108.3,80.6,https://example.com/data/data,106.62,O+,INV-808288,580.07,002,7935261667784,OMY-3352,SmartChoice,327272,Hardware,Connection timeout after 2753ms,301.85,Single,2078.8,"$620,842,671",linda.martin@outlook.com,133.9,linda.anderson,1575.8,872.21,65.4
15.144,"$154,251",163.45,"$7,791,735",560.18,95.3883,111.79,8.99,25.2,P34230712,Clothing,101.2187,709,postgresql://user:****@db-prod.internal:5432/analytics,767877482a41a73b7bf343922764ca99870c8ffccd88ffe1fe7d857df59aa288,4962846755073,sig_5734b08ef61e8aca,7.0,96.5819,46304,44878.6,7.8,Services,95.2072,96114.6,230.17,1008.9,89.2,https://data.io/status/data,647.99,O-,INV-788157,2944.67,7868,3382632841805,URP-5944,TechBrand,362425,Software,NullPointerException at line 1386,9693.36,Divorced,4286.0,"$301,634,402",logan.miller@gmail.com,41.5,john.young,1623.7,553.7,80.4
18.654,"$217,574",36.53,"$7,224,032",971.77,97.422,928.05,3.02,76.9,Z66314492,Services,71.7107,491,postgresql://user:****@db-staging.internal:5432/main,2a8ca8ad4716f84db28c59cbf1786bb676b92a78e32dcfe055af25578404c7d3,8669846554026,sig_bba6db87dcd26c97,17.0,98.7999,39284,12868.5,2.94,Services,97.1508,20309.6,850.23,1288.93,19.3,https://acme.org/api/v2/data,721.66,AB+,INV-874461,9859.86,749,4259386889829,NKN-1351,ValueMax,22507,Electronics,FileNotFoundError: 5373,4790.41,Single,2541.7,"$633,686,257",patricia.lee@gmail.com,43.8,john.jackson,898.4,50.01,16.1
12.35,"$189,022",253.17,"$1,306,280",33.27,97.1546,362.77,0.94,87.9,A92498415,Software,119.6925,2976,postgresql://user:****@db-staging.internal:5432/main,16642298b2a456e1cf2f18cf67a7541aece3aba6e30345194a4cf8b51436d777,6275903963599,sig_63a95260e19b60ee,35.5,97.5283,67530,71518.0,8.58,Electronics,98.9577,73683.8,317.05,348.29,97.7,https://example.com/data/docs/docs,124.65,B-,INV-280582,9964.73,6949,4772574583652,ZQP-6774,ProSeries,673399,Services,ValueError: invalid literal for int(),7093.53,Divorced,2367.7,"$310,231,945",susan.clark@gmail.com,134.5,jennifer.jones,1763.1,201.06,98.4
8.295,"$97,949",81.02,"$2,303,375",150.21,97.9415,2.36,6.35,69.1,Z75381485,Food,7.2083,1767,postgresql://user:****@db-staging.internal:5432/analytics,094d0b037b27c12ba5ba77a9fa48b365ea0dbab8ac4deb659e072a645363eb9d,8402566816779,sig_6b389686b72b74be,44.2,97.3479,24623,81953.2,2.89,Software,98.737,20386.8,264.57,9805.31,66.2,https://data.io/docs/users,658.16,AB+,INV-627120,5293.75,6013,2306112179381,VAJ-5784,SmartChoice,619870,Clothing,PermissionDenied: insufficient privileges,4378.3,Divorced,5036.5,"$733,798,762",liam.walker@yahoo.com,42.1,anna.king,1019.1,481.28,92.7
0.276,"$96,761",75.95,"$5,179,844",915.39,97.4521,235.23,3.86,18.3,O18892258,Hardware,142.4792,7011,postgresql://user:****@db-staging.internal:5432/analytics,1e16da42a269935a23130a063f2022fc351a7df7051572e3664c94e90e1ac17e,6112077563921,sig_3cca248d0b59d2e5,24.6,95.5888,78178,36677.1,3.69,Electronics,97.9107,94625.1,813.81,3933.02,8.6,https://data.io/docs,619.14,A-,INV-345009,9533.57,7764,0637099233725,VPI-5958,EcoLine,727779,Electronics,PermissionDenied: insufficient privileges,797.91,Married,992.9,"$823,294,010",robert.jones@gmail.com,254.4,anna.jones,670.8,982.6,18.5
10.835,"$59,409",172.23,"$3,116,723",670.83,98.0171,549.11,4.06,64.4,I46828513,Electronics,54.7887,4634,postgresql://user:****@db-staging.internal:5432/analytics,55c631d8e4f5f5e173b37cde91336bb8fdfc23dc0d9e2b79eb25ebfc1d39b974,8388852261984,sig_190e2f97b25714d1,97.8,95.5937,43603,72192.2,1.26,Clothing,95.1484,6649.1,836.58,1504.42,12.2,https://data.io/users/api/users,267.12,AB+,INV-739344,2034.84,7611,8985405311904,BEW-3172,TechBrand,251390,Services,PermissionDenied: insufficient privileges,8814.8,Married,7859.7,"$735,666,198",michael.miller@outlook.com,17.6,sophia.harris,900.5,41.92,68.3
19.505,"$108,309",72.32,"$4,545,500",572.54,95.9918,162.85,8.37,42.2,S87200841,Services,35.742,3715,postgresql://user:****@db-staging.internal:5432/analytics,d264af69bfcfff4dd07fa873d65fa391cafc8c023bf73312c55d936ccb218822,1127557290350,sig_66285f98353ec704,99.3,97.968,33499,49365.5,4.19,Hardware,97.1058,48766.0,920.81,1224.18,44.9,https://data.io/users/v2,925.06,A-,INV-274063,6931.15,927,1360228521907,JTV-3549,SmartChoice,114338,Software,HTTP 503 Service Unavailable,7274.35,Single,5463.7,"$807,266,455",aiden.jackson@gmail.com,273.5,richard.davis,850.5,671.23,14.6
12.482,"$37,717",32.21,"$8,118,668",705.58,99.8724,895.62,2.12,91.1,J71137584,Hardware,114.5755,9595,postgresql://user:****@db-prod.internal:5432/main,fcdfa2d7df8db9c8900cff6f6e0968eec4db43fa460f81c708c4e6b67de7487b,1593775537236,sig_d26967a29fa1a107,25.5,95.3372,78297,87570.3,9.7,Hardware,96.9493,74374.6,950.69,3058.64,28.9,https://example.com/users/status,200.42,A+,INV-849380,3941.34,6586,1551215000782,XST-4068,TechBrand,270996,Clothing,ValueError: invalid literal for int(),5042.65,Divorced,7552.1,"$818,787,816",anna.king@outlook.com,169.9,liam.williams,1872.3,363.62,85.5
2.133,"$88,359",83.32,"$7,388,762",736.16,96.7654,790.64,3.91,92.8,W13600597,Electronics,122.7251,1646,postgresql://user:****@db-staging.internal:5432/analytics,0a5f0357b91c75a02dabd3546d979f0793d0b553a4059173df1f59c2a48327ee,9218454464942,sig_46f52676eadd9014,88.4,99.1635,24795,32796.2,4.34,Food,96.4281,5264.6,106.68,5030.74,79.9,https://example.com/users/data/v2,387.93,O+,INV-593222,9822.51,0346,1132492106238,FVB-4469,ValueMax,706707,Software,HTTP 503 Service Unavailable,9538.54,Married,7359.2,"$390,060,188",david.brown@gmail.com,190.9,linda.robinson,857.6,292.57,23.6
0.692,"$50,947",185.65,"$838,271",719.49,96.3329,423.02,6.79,95.4,F29959790,Clothing,141.177,1563,postgresql://user:****@db-prod.internal:5432/main,6bee637c51637706423c0a2b623fa8a0a109d6b24e599957f77bc1b698bee09f,5879694217033,sig_1c8429981d4a4566,22.2,95.9115,86348,72850.8,7.55,Electronics,97.4873,27627.1,962.7,9914.72,60.5,https://example.com/docs/users,884.9,O+,INV-565361,4382.4,4984,5542905711588,YXU-5729,SmartChoice,899885,Hardware,HTTP 503 Service Unavailable,5904.66,Single,8742.6,"$589,992,106",anna.thompson@outlook.com,166.4,liam.williams,1276.4,950.41,60.9
18.727,"$54,040",187.93,"$5,440,936",198.43,99.6836,871.97,1.08,54.5,E38364026,Software,10.8968,4752,postgresql://user:****@db-prod.internal:5432/analytics,2a98771eb4ba2140eb3c31ded81b6f95ccffc29c7a2cb01ecfa1cbbd3d6fa129,0179019913489,sig_7b92f41e972dae7f,78.8,95.4948,85322,54755.8,5.09,Software,98.0118,41813.6,746.25,6999.01,87.6,https://example.com/api,66.6,B+,INV-443529,1928.16,5265,8653762171531,XXI-6319,EcoLine,60494,Electronics,HTTP 503 Service Unavailable,2486.24,Married,2476.8,"$969,178,159",aiden.anderson@gmail.com,63.2,oliver.lee,1109.1,20.03,82.8
3.468,"$164,704",56.36,"$2,677,598",592.42,97.4785,925.25,1.27,63.8,M28025896,Software,135.3735,9206,postgresql://user:****@db-prod.internal:5432/analytics,049e8ac2de1dab82601ffabe0e9f6c8314ea82875c8e31216155e0a198b1637e,9681970858479,sig_7088a9a958432f1c,30.9,97.6767,80168,33469.1,9.31,Software,95.2027,65443.8,769.41,6377.68,30.2,https://example.com/docs,150.8,AB-,INV-686377,7669.15,129,9507091033451,HLV-3558,ProSeries,603188,Electronics,FileNotFoundError: 6242,3695.23,Widowed,7211.7,"$447,600,366",emily.moore@yahoo.com,276.9,patricia.williams,167.7,939.09,76.8
0.562,"$182,483",235.92,"$7,162,802",52.29,99.9802,979.65,6.51,31.3,Z25622278,Software,20.6605,2995,postgresql://user:****@db-prod.internal:5432/analytics,5ac130bd3a652cc4602a50c482b0e6740463d453e7b22cc2ff7d63515255364e,2396594182126,sig_d7f555b93cadf600,35.6,97.043,80270,69694.0,0.39,Food,96.7696,43350.7,255.19,4923.23,56.7,https://data.io/docs/v2,885.34,AB+,INV-755899,587.84,357,0010519267913,HWL-9584,ValueMax,148327,Clothing,FileNotFoundError: 1076,5612.32,Single,387.4,"$955,143,728",olivia.miller@yahoo.com,212.0,jennifer.smith,1125.1,367.28,1.8
13.769,"$229,390",281.95,"$8,358,249",916.21,95.3843,793.01,4.91,34.2,S48817430,Hardware,111.6034,8545,postgresql://user:****@db-staging.internal:5432/analytics,323a8390bf32e819fb22ae96496fa7f4889c2d504a5759a0843e49e7e239ae5e,4012368672999,sig_7d495639b61a56f9,95.2,99.0342,66353,42225.8,1.16,Food,96.5102,70530.3,526.9,9918.78,6.1,https://data.io/data/docs,971.59,A+,INV-352116,3659.15,0123,3949110814245,POT-9386,EcoLine,359774,Software,FileNotFoundError: 3285,8377.74,Single,8086.6,"$922,445,953",william.smith@gmail.com,290.3,aiden.williams,1766.9,995.21,5.7
11.741,"$89,000",51.34,"$8,068,787",862.65,99.7048,582.27,5.83,99.8,T91543341,Electronics,131.3317,9777,postgresql://user:****@db-staging.internal:5432/analytics,c227975ab08100a34c11372c3ebc60907f3dd41ba1ba54919a6ecab9d8c95fcf,1441670241865,sig_fc5d96fc25331523,12.3,96.8193,80418,38534.3,5.05,Hardware,98.5039,69060.2,759.21,3273.94,87.7,https://acme.org/users/docs,330.56,B+,INV-552909,6341.68,532,9540467526998,ZXC-7261,SmartChoice,132879,Food,Connection timeout after 2476ms,2551.94,Married,7293.3,"$849,214,493",jennifer.smith@yahoo.com,199.2,harper.miller,986.7,789.63,90.7
15.943,"$39,898",292.22,"$4,488,600",292.39,98.7004,959.47,9.61,91.3,Y76320130,Hardware,31.354,4758,postgresql://user:****@db-prod.internal:5432/analytics,c050562c27a1d2530089de7ed57ea4e02bf67f2c15f14803b8b490df7af9a11d,9639133822206,sig_d2205ac3c4769854,62.1,97.7707,7186,80196.4,9.35,Electronics,99.5577,33957.0,620.72,9423.58,40.7,https://api.service.com/users/api,145.26,A+,INV-726943,8581.33,7101,8853992486792,ZEO-5443,ValueMax,307100,Food,PermissionDenied: insufficient privileges,7666.78,Married,9475.0,"$309,680,043",olivia.harris@yahoo.com,184.5,william.lee,1508.9,490.72,50.0
0.592,"$31,658",312.55,"$3,484,917",633.08,96.1418,806.06,8.2,6.2,H94755418,Software,77.328,867,postgresql://user:****@db-prod.internal:5432/analytics,03b952888dccaf8ae301dc1a8cb304f332005e5fd3488f58da9b84c070c06174,5716781680821,sig_4653677eb1bb1a57,9.9,96.4484,12767,52473.4,0.71,Hardware,95.9127,22485.9,457.7,1462.09,0.2,https://acme.org/api/data,775.16,B+,INV-353752,9453.54,5807,8881996305104,PBN-6662,ValueMax,870890,Electronics,HTTP 503 Service Unavailable,2613.47,Divorced,7241.5,"$792,907,265",amy.williams@gmail.com,282.8,ethan.johnson,603.7,380.89,59.9
7.747,"$236,398",232.58,"$440,334",730.34,99.5145,367.92,7.3,4.0,J63275896,Clothing,95.1092,7125,postgresql://user:****@db-prod.internal:5432/analytics,2cb6ed252bb700895b467e0d79f2e7bae981ac9ce18e539687a5be9781ddb95b,3938906484201,sig_b2816e4b89a2a694,14.4,97.4183,40854,48044.0,5.25,Electronics,96.3872,98120.0,969.92,8677.89,28.2,https://data.io/v2,802.96,AB-,INV-211757,7986.17,927,3587288592683,NHV-6105,TechBrand,400913,Clothing,Connection timeout after 5360ms,8747.74,Widowed,8423.7,"$957,872,004",john.king@yahoo.com,25.6,michael.thomas,1966.5,883.1,30.5
17.625,"$122,801",341.06,"$8,037,875",488.15,97.6354,207.2,3.1,90.5,D25926126,Food,6.0794,5716,postgresql://user:****@db-prod.internal:5432/main,4feb8c09f1e37b2ebaad5b7d7f51c5d4b0e75b9c2f16afe2fa555cd550281754,6979837415385,sig_c353bb08afec4b72,98.0,96.407,1206,15921.5,6.43,Software,96.0027,15500.3,310.04,2845.42,84.5,https://data.io/data,416.97,A-,INV-370271,3179.46,4793,0289223216863,RVK-6971,ValueMax,688293,Software,ValueError: invalid literal for int(),8638.49,Divorced,8268.5,"$532,834,462",amy.anderson@gmail.com,189.2,elizabeth.lewis,423.9,695.36,58.7
19.087,"$56,821",169.63,"$3,137,594",858.01,97.2737,130.77,7.64,28.0,K53469159,Hardware,132.4498,5886,postgresql://user:****@db-prod.internal:5432/analytics,8171f61de3a08917b1dda4ee0ebf48276d198a0b1ec1d232b3f85e1d76b7201c,2091851945774,sig_8d2c779a8fe48c42,8.4,96.5806,5434,25309.2,5.2,Hardware,96.436,57761.7,112.6,9724.74,62.7,https://data.io/v2/docs,229.7,B+,INV-253475,3086.03,2786,0237268741392,RJW-4764,SmartChoice,641975,Services,PermissionDenied: insufficient privileges,8990.0,Married,5235.3,"$135,639,076",richard.garcia@outlook.com,64.2,logan.davis,795.8,931.7,44.5
11.193,"$124,045",8.85,"$8,284,980",857.87,99.6973,420.2,4.79,26.7,D31669878,Food,30.5263,3947,postgresql://user:****@db-prod.internal:5432/main,7dd7ab0c16e6adfbf62139cedcf6d953b5d562cf4b6b6ef0e96a921a8e968bc4,6975843118840,sig_541151080381f6ff,88.1,96.5794,40458,49048.1,1.58,Software,96.4172,86343.6,520.04,3757.27,62.9,https://acme.org/status/users/data,772.75,B-,INV-758755,6782.97,5375,5003909662543,KZC-6935,ProSeries,764408,Clothing,ValueError: invalid literal for int(),4027.1,Widowed,8266.4,"$771,995,495",anna.martinez@yahoo.com,23.3,noah.lewis,100.7,919.68,64.5
11.306,"$92,926",254.19,"$3,995,778",602.96,99.7747,654.42,2.94,67.4,S22841091,Clothing,138.1287,4876,postgresql://user:****@db-staging.internal:5432/analytics,904e14f08e8f2fbcd288c8c0e7259b7d0faae62131d80448128d3ce508ce35bf,0008677848350,sig_84ad7fa47b49e56f,32.4,98.2282,61361,9365.9,5.31,Services,96.52,90974.1,689.08,5253.7,19.0,https://acme.org/users/users/docs,33.95,AB+,INV-284193,2273.71,457,4672858177135,RZV-3475,ValueMax,967005,Clothing,ValueError: invalid literal for int(),7539.12,Divorced,9709.5,"$615,846,731",mary.martin@gmail.com,88.6,olivia.brown,977.4,363.8,96.2
2.08,"$118,415",206.28,"$4,893,162",561.04,99.7128,910.89,6.87,20.6,G19341641,Hardware,82.8545,5676,postgresql://user:****@db-staging.internal:5432/analytics,d62e397ba11ef56f3be5ba94e2b7172dadbcb8731051a389a3ea7b5d48b194bf,7868439280669,sig_4deffbdda780a9ab,5.8,99.8978,74870,92982.5,4.62,Electronics,99.4387,97471.1,203.98,1855.37,24.7,https://data.io/api/v2/status,586.17,B+,INV-104130,8298.95,300,6677685882368,XUI-7369,ValueMax,669478,Food,ValueError: invalid literal for int(),8339.3,Widowed,6265.0,"$697,628,111",susan.johnson@gmail.com,5.8,jennifer.king,707.5,377.24,81.9
1.93,"$49,510",207.56,"$4,323,078",608.45,96.4238,705.81,6.85,68.9,J49704334,Clothing,9.9443,3134,postgresql://user:****@db-prod.internal:5432/analytics,750831237f0b8c06597523f913a79c4408b87045f138f5ebee0cda71f3d3225a,7438714485319,sig_e8fd4208d7a18990,72.2,95.3858,85620,98144.4,0.88,Software,99.2156,69825.6,482.27,1853.86,10.3,https://example.com/data/data,231.35,A-,INV-201657,7858.73,9471,8884402597760,YCC-2081,TechBrand,248396,Electronics,NullPointerException at line 7826,2387.67,Married,9800.1,"$315,236,994",jennifer.garcia@gmail.com,33.6,john.walker,469.1,9.74,43.8
19.376,"$61,368",184.42,"$8,347,508",427.3,97.3725,207.72,1.69,27.8,S13149093,Services,96.7778,5104,postgresql://user:****@db-staging.internal:5432/analytics,120b195d1ba0fc78e4fe11ea02d862a07f4ba4466e6f665edb8b33eb1685fc9a,3081648163823,sig_10cff3a84dc7cad5,54.7,99.5584,68431,59263.0,0.73,Food,99.4562,67392.2,420.62,8670.67,47.7,https://api.service.com/status/data,883.95,O+,INV-436843,7521.04,7598,6941222735834,VZK-8788,SmartChoice,977573,Software,NullPointerException at line 7605,5582.48,Single,3670.4,"$533,294,867",david.miller@outlook.com,34.6,david.king,451.2,926.56,84.2
1.583,"$238,998",30.43,"$4,406,776",184.9,95.0782,348.22,5.49,38.7,M16279179,Food,132.3785,9241,postgresql://user:****@db-prod.internal:5432/main,e3f7bc11ba4b232b4db6e7c918783aaab17c60cb7a3367e5dad0a9a13083be75,9707054162939,sig_470cf2565ad4d4f8,21.5,95.0224,51366,65069.7,3.97,Software,95.6379,13360.8,995.9,2719.62,27.3,https://data.io/v2/status/docs,804.2,AB-,INV-634026,4806.52,506,0705414041178,ZRE-4544,TechBrand,868325,Clothing,PermissionDenied: insufficient privileges,3489.09,Married,4551.9,"$844,797,952",oliver.harris@outlook.com,131.4,richard.clark,39.4,975.64,27.0
2.677,"$67,861",231.06,"$7,887,974",994.14,99.5447,194.84,6.05,53.0,O52136197,Electronics,108.9629,5871,postgresql://user:****@db-staging.internal:5432/analytics,6815933634cf954f9f7927ffaf34929e2ee4bfe1bc207b38947880c16134a9a2,9386255412065,sig_980227230f85580f,94.5,96.0155,37165,93177.2,3.79,Electronics,97.942,24884.1,888.67,3771.45,76.3,https://acme.org/docs/data/users,227.38,O+,INV-356455,3264.31,059,3380162513811,IAJ-2296,SmartChoice,549479,Software,NullPointerException at line 5234,5459.98,Divorced,5088.5,"$513,380,639",anna.miller@gmail.com,227.5,william.young,847.5,314.42,52.5
11.192,"$151,388",305.14,"$3,148,784",28.7,96.1219,716.08,2.68,8.1,H32632151,Software,59.7855,4263,postgresql://user:****@db-staging.internal:5432/main,6e71bc05ba9626e62e4ac2b7433ce1124cc768a8f21deb5fc0f389635624c5d3,1296184773732,sig_1a08d377f5dd7522,43.0,95.9141,1517,48260.7,6.36,Software,99.8962,98094.6,388.72,263.09,22.6,https://example.com/users,758.91,AB+,INV-558730,9944.31,8720,5118648155649,TSU-8761,ProSeries,143889,Hardware,PermissionDenied: insufficient privileges,7978.35,Single,2127.2,"$96,435,006",sarah.robinson@outlook.com,251.2,linda.thomas,200.7,367.82,81.6
12.53,"$78,080",25.25,"$6,913,117",980.21,97.9936,671.35,6.69,77.7,P78352928,Hardware,50.4191,8416,postgresql://user:****@db-prod.internal:5432/analytics,362146695eda4c29f3215ae36d7d275fda01d8b19441251d834c9f1b92683bb0,5918978971431,sig_37ab91f87eed020f,76.8,96.1667,67820,27241.9,2.51,Hardware,96.2856,35199.9,906.23,4709.14,35.4,https://acme.org/api/users/api,257.95,B+,INV-909380,4819.87,259,9204801928710,FJQ-7338,EcoLine,682054,Software,ValueError: invalid literal for int(),5008.37,Divorced,2957.2,"$221,416,290",mary.clark@gmail.com,289.3,mason.harris,1026.4,537.41,60.9
11.777,"$34,779",102.56,"$4,246,159",236.28,96.5173,69.85,2.48,94.1,E23778749,Software,41.4437,4350,postgresql://user:****@db-staging.internal:5432/main,9359bca02bcf8146a55ac608f7ab379380085c8c480ca87088cda1c064bb7f71,9820674154223,sig_f1b147a231da0d86,5.1,95.3373,41099,31851.0,4.88,Hardware,95.1774,69944.0,62.77,5561.72,66.7,https://data.io/users/data,449.26,O-,INV-987305,3334.77,4125,8073606461323,GOG-4658,ProSeries,320425,Electronics,HTTP 503 Service Unavailable,8467.03,Married,7887.4,"$885,026,526",olivia.wright@yahoo.com,194.9,aiden.king,1617.8,893.07,66.3
4.307,"$86,038",23.43,"$2,105,064",81.92,98.6554,754.29,8.65,91.4,D19259109,Hardware,108.0031,1692,postgresql://user:****@db-prod.internal:5432/main,49e862074156322b270099d0e253af41b6167bfc6f296e22d4ce3789036afc0d,1487812343554,sig_28f97e1d64427cc0,69.5,95.2722,44520,45735.6,3.88,Hardware,99.7664,4888.0,368.31,2219.61,88.4,https://acme.org/v2,739.69,B+,INV-545084,6501.24,3928,3965501104282,XUZ-8871,ProSeries,698037,Food,HTTP 503 Service Unavailable,4063.26,Widowed,4427.4,"$49,601,520",mary.jones@gmail.com,2.6,linda.anderson,1690.4,312.53,0.5
15.951,"$161,443",108.53,"$1,377,917",313.27,95.6222,702.26,8.96,26.4,B60715534,Clothing,110.2066,1031,postgresql://user:****@db-staging.internal:5432/analytics,57475959c170cb68e65f82395ed92431167e953492c84ef663f87f3e14c49159,3750218706141,sig_3fa50dfef5d51d8e,15.3,98.52,29061,86963.2,1.78,Electronics,98.4869,33008.4,416.06,2527.43,34.3,https://data.io/status,100.66,A-,INV-918360,1661.17,6335,9366155052418,OJW-9548,EcoLine,772140,Software,FileNotFoundError: 8714,4739.06,Widowed,8742.8,"$517,457,400",patricia.walker@outlook.com,15.8,richard.anderson,1575.6,10.96,10.7
1.192,"$205,638",201.08,"$8,034,477",664.68,98.0851,900.38,7.88,52.8,K96645692,Services,5.4021,2972,postgresql://user:****@db-staging.internal:5432/analytics,a824b82823fe8ca6058a5fdf4248ce1752c680edcccb5d45fb323129e327f52b,0477434246639,sig_71427f8086348c64,46.8,97.7211,59475,11192.4,5.08,Clothing,97.4508,26939.4,261.46,8743.16,13.6,https://acme.org/data,578.24,A+,INV-744389,8598.38,164,1323293953020,WCT-2003,TechBrand,689323,Hardware,HTTP 503 Service Unavailable,9922.66,Divorced,7700.7,"$56,112,925",aiden.thompson@gmail.com,117.7,jennifer.clark,1968.2,384.2,52.7
18.118,"$137,922",235.33,"$5,483,010",635.93,95.1795,897.08,5.21,89.2,K99435976,Services,91.3489,7658,postgresql://user:****@db-staging.internal:5432/main,f9d92ed8be3495a627af5600d7bc47e0349d17d8e9eacc06ed1087b7feec4ae7,4288836494569,sig_83bcd9174624f6ea,5.9,99.3575,36989,97294.1,0.8,Services,96.5244,57853.0,145.33,2121.42,63.3,https://api.service.com/status/docs/data,963.58,A+,INV-423966,4524.37,656,8280569277004,NZZ-7932,ProSeries,289446,Software,FileNotFoundError: 908,7231.0,Divorced,6175.7,"$140,890,678",emily.young@yahoo.com,48.3,oliver.martin,543.2,514.2,16.0
19.28,"$170,982",141.63,"$7,152,869",799.76,95.7293,847.98,6.0,58.9,Y89836354,Electronics,2.5261,344,postgresql://user:****@db-prod.internal:5432/main,01de1bf5be7686c80b211165caa8c4aad3c626b14ae37fa79ca1f53ec08f8537,0451560885302,sig_c0b1ba6a70a5edfa,74.0,98.6413,645,90591.8,9.13,Electronics,96.095,6900.7,231.07,9405.37,81.0,https://example.com/docs/status,837.0,AB-,INV-182978,2113.94,9422,8168797387148,LUD-9551,ProSeries,903062,Services,NullPointerException at line 7060,7634.73,Divorced,8304.8,"$484,021,524",richard.miller@outlook.com,258.0,logan.lewis,1039.6,712.12,33.1
5.873,"$165,355",308.93,"$9,398,826",480.47,98.9367,5.74,9.89,7.3,V29484076,Services,31.2514,8082,postgresql://user:****@db-staging.internal:5432/main,4f55b5ad13e2cf068b9bb4480494437b3a95196e5040e63dd07825754656b27f,1224593580080,sig_881393e1300c0368,13.8,97.8057,11396,86347.7,2.85,Software,95.6615,57420.0,870.6,7341.1,29.2,https://api.service.com/users,143.7,B-,INV-498795,8904.6,162,6702379392248,ITM-4434,ProSeries,113896,Services,Connection timeout after 4795ms,596.47,Widowed,6261.0,"$182,589,014",david.davis@gmail.com,254.5,olivia.wright,1393.7,306.74,25.2
3.763,"$196,710",239.95,"$6,567,502",100.1,95.5784,585.74,0.11,35.6,L49672895,Services,81.6045,8708,postgresql://user:****@db-staging.internal:5432/analytics,662010ce8d917056789db48c7cba9a721d685b4d6e66df8c9d3e798e5051a074,8151709475835,sig_56f09e83f4605cdc,71.4,98.023,30307,56391.4,1.07,Hardware,97.8962,83837.7,207.66,8594.23,62.0,https://acme.org/data/status,719.49,B-,INV-362966,6724.12,8179,8725404853427,JJB-1708,TechBrand,708592,Clothing,NullPointerException at line 9397,5810.44,Widowed,383.9,"$259,749,791",patricia.garcia@yahoo.com,246.1,harper.jackson,1338.4,173.21,72.0
14.441,"$77,493",85.6,"$3,361,730",733.27,99.4668,746.76,3.9,87.0,O83715773,Clothing,75.4182,5128,postgresql://user:****@db-staging.internal:5432/analytics,7458e99bdb89c904bd425723c4da31416fd0e51d563190fe2b4d26e266a3d934,8888046059371,sig_3b1ad1cb40aded04,10.6,97.3081,20391,12461.6,9.01,Services,97.3122,40212.6,759.41,7157.43,13.6,https://acme.org/docs/users,826.23,B-,INV-124385,9711.06,629,5494947539080,VJQ-7390,SmartChoice,959413,Hardware,Connection timeout after 1068ms,3891.14,Married,6136.3,"$817,042,098",william.moore@yahoo.com,174.5,sarah.thompson,1537.4,669.29,71.4
3.156,"$129,820",190.84,"$816,700",271.81,95.3058,317.61,7.55,53.1,J71507926,Electronics,24.5178,3759,postgresql://user:****@db-prod.internal:5432/analytics,781c57eaebf25e64c73cb8b2664b7410515388590e95113618a91a3f5f4079ef,8953759698359,sig_035e28dccc34fd11,55.4,96.4393,12201,2790.5,6.16,Software,96.3078,47423.9,189.82,7183.52,42.0,https://example.com/api/data/v2,117.45,B-,INV-417431,7455.39,7833,8984446857097,PQF-3127,SmartChoice,614126,Electronics,Connection timeout after 1436ms,8171.66,Widowed,9188.9,"$334,513,759",robert.jackson@yahoo.com,9.7,linda.martin,528.7,195.67,13.4
7.93,"$178,299",315.22,"$3,499,068",852.29,98.2658,630.41,3.5,60.5,P12201482,Electronics,142.7204,8657,postgresql://user:****@db-prod.internal:5432/main,9667857afb5ddad09cb806eddca51c946f961dd1c2411970a3e7214873803071,3744911916649,sig_49b3b5dd81a16565,36.8,97.9781,83825,42135.7,6.25,Electronics,99.14,57739.5,262.23,3513.74,80.8,https://example.com/api/api/users,187.7,O-,INV-883549,1420.79,6218,8952912868945,CRO-9064,ValueMax,178371,Clothing,ValueError: invalid literal for int(),7239.39,Single,1773.1,"$559,171,387",john.young@yahoo.com,105.2,aiden.clark,484.8,575.84,55.8
9.554,"$219,192",233.34,"$1,713,569",47.99,99.8106,571.93,3.33,72.5,K70667956,Software,129.0144,7202,postgresql://user:****@db-staging.internal:5432/main,3c46421a69231d66a25d9ff2ea1427eddffcd044277489b2d2bef241c61fbce0,0132100339151,sig_6e76a485f4f75011,91.1,95.9105,29442,12684.1,7.89,Hardware,99.4556,6195.3,350.91,5490.93,10.8,https://data.io/users,405.81,A-,INV-232402,8237.63,5394,2554994812199,FQF-5308,SmartChoice,576046,Services,ValueError: invalid literal for int(),5939.15,Widowed,9471.2,"$503,097,859",susan.lewis@yahoo.com,71.5,david.king,1117.3,590.79,2.9
0.441,"$119,960",308.04,"$6,038,219",48.21,99.482,978.18,1.1,51.0,U61313179,Food,127.5654,4958,postgresql://user:****@db-staging.internal:5432/analytics,738296918ca19af81a64dabb276439b9be672ee65bc4e06be3f7e563ef1af641,1196226718504,sig_42939453db8bd1e7,0.5,95.7306,28418,78843.8,4.5,Clothing,95.5009,48610.6,395.63,4669.37,19.9,https://acme.org/v2/v2/users,896.82,O-,INV-968014,3147.44,1791,5457002249156,NVO-5731,ValueMax,687353,Electronics,ValueError: invalid literal for int(),6846.77,Widowed,5789.4,"$233,641,924",emily.lewis@outlook.com,137.2,robert.harris,1010.3,658.75,35.8
14.559,"$248,512",183.9,"$8,031,861",893.25,95.6542,309.41,6.02,96.8,O19327016,Food,137.7124,3297,postgresql://user:****@db-prod.internal:5432/analytics,88bfa297ea74fe5a1666c03e07ebf8ba111a6f96edb17f11acc05a55ec33b6d1,5418351723728,sig_dccc1ae87aa4ed60,61.2,96.1687,75475,91568.2,5.54,Services,95.321,84883.0,261.29,7565.09,10.0,https://api.service.com/docs/status,636.71,O+,INV-589022,7949.16,7744,8337372865407,JOK-2369,SmartChoice,426773,Hardware,FileNotFoundError: 4878,508.55,Married,9348.4,"$932,653,807",noah.jackson@outlook.com,230.6,sophia.young,1876.2,276.53,94.3
16.692,"$232,169",346.92,"$7,781,365",984.93,98.2826,525.19,3.35,13.6,A32908454,Services,107.6526,9996,postgresql://user:****@db-staging.internal:5432/analytics,1870a82f6f1259f77ea974d69445c090733a6d4e71c96410895b189eaab671a7,9013152830986,sig_9f50e757bd59fabc,16.4,98.417,21489,73217.1,4.78,Services,98.0734,23741.1,511.66,5582.62,97.5,https://acme.org/users/v2,766.71,B+,INV-633680,9305.97,446,9938093854287,JGI-7672,ProSeries,309997,Software,PermissionDenied: insufficient privileges,4903.47,Single,5341.1,"$709,759,232",sophia.jones@outlook.com,3.7,emma.jackson,292.2,622.58,3.0
9.855,"$122,547",329.76,"$8,973,754",489.01,99.3097,911.3,8.93,0.2,N57954465,Services,135.2904,9226,postgresql://user:****@db-prod.internal:5432/analytics,dbd4c7960dcc2815d9539c3ff2209270bfadf580f6d5fadc9f21792b949c4b05,5974054980053,sig_345cbd432f6782a7,25.6,96.3276,34617,35978.3,9.18,Software,97.1468,17352.9,406.7,2404.44,91.5,https://example.com/status,433.41,B+,INV-978605,8272.65,887,8668058370196,NDK-5884,EcoLine,703909,Hardware,FileNotFoundError: 726,3987.82,Divorced,3314.2,"$275,302,976",jennifer.walker@gmail.com,3.5,richard.martin,68.8,892.22,25.0
17.527,"$189,856",353.38,"$3,184,030",155.35,97.8887,885.06,0.59,46.8,Z56189205,Electronics,120.157,2270,postgresql://user:****@db-staging.internal:5432/main,0447db931f0a92766e0c72e6d3e8718d12f749cabf1a68392a8d9e7cb74a70d4,0676741794490,sig_6fe0b88ca7710427,59.2,99.3883,1851,9533.4,3.85,Clothing,99.5245,67380.0,267.12,6118.45,36.7,https://data.io/users,819.05,O-,INV-854022,2569.21,731,0952022197761,KOL-4095,ProSeries,910445,Hardware,Connection timeout after 5582ms,8693.72,Married,7272.8,"$488,420,528",michael.clark@gmail.com,208.4,liam.thomas,1756.1,200.8,67.8
15.868,"$243,786",33.82,"$3,833,280",415.95,96.6407,101.95,0.77,85.1,V97652282,Software,86.1594,8367,postgresql://user:****@db-staging.internal:5432/main,2addeabcbb71a4d638cd6ba6442e1f555798dc23d3bee9e1c3083b209b3d74a9,3031305875732,sig_6fb077f65ea122f7,50.8,99.7342,13879,41144.0,2.07,Hardware,97.7347,86219.2,536.69,1669.81,89.0,https://example.com/status/v2/api,847.45,O-,INV-561470,5457.63,5942,7056374447092,DRC-9302,SmartChoice,115036,Services,FileNotFoundError: 856,3959.2,Married,3608.7,"$104,554,215",elizabeth.miller@gmail.com,88.0,oliver.lewis,710.5,641.42,61.8
2.451,"$204,089",142.9,"$4,295,700",873.65,96.8741,205.33,0.64,19.6,C88382822,Services,48.9149,894,postgresql://user:****@db-prod.internal:5432/analytics,29f758b8dfd5e61f68ccec5b78846e86ffee4e338d44e39f91835442da718ebd,4935237303785,sig_c25322b2373da534,84.6,99.733,7412,11476.4,1.45,Software,98.9007,95456.2,422.08,7543.91,45.5,https://example.com/api,113.8,O+,INV-159273,3474.24,951,8386654533952,FAJ-4419,SmartChoice,362827,Services,ValueError: invalid literal for int(),5887.93,Single,8503.4,"$182,495,943",liam.williams@gmail.com,165.9,sarah.brown,1443.6,696.31,53.2
7.187,"$78,169",304.44,"$1,723,537",450.3,97.3621,905.09,6.8,48.0,R19460622,Services,132.7305,2344,postgresql://user:****@db-staging.internal:5432/main,45b4b4472f5be9952633d312aad2b4c0b05f68fc1b38d6dc9c04d73e9718b301,1290949938179,sig_606ebd395edc359d,32.1,99.2427,59493,56156.6,9.13,Hardware,97.0927,96446.8,476.53,8944.18,91.3,https://acme.org/v2/api/api,495.0,B-,INV-296999,9101.98,3070,6249038645500,LDC-4804,TechBrand,541145,Food,FileNotFoundError: 8612,1784.55,Married,7452.2,"$369,533,973",mary.harris@yahoo.com,254.8,susan.thompson,456.0,350.69,90.9
18.679,"$248,045",297.76,"$3,518,236",965.27,96.3153,99.48,0.27,79.1,O54970788,Clothing,139.5109,6675,postgresql://user:****@db-staging.internal:5432/main,da6532997b99800be5c7bce6a257713c9af2eee60c8c5d6624acd55cbf3758c9,1898521076939,sig_a8fafcd33a2b2bf4,54.6,97.5355,70963,33385.0,8.0,Food,97.879,8564.6,330.29,611.72,11.4,https://example.com/docs/users/data,987.83,AB+,INV-779396,9696.44,6178,7433911974076,NBS-7140,ProSeries,961123,Electronics,HTTP 503 Service Unavailable,1913.07,Married,3402.9,"$363,996,588",emma.thomas@yahoo.com,265.7,amy.brown,1654.4,417.92,6.9
9.163,"$184,851",135.14,"$1,361,945",217.07,96.3565,725.03,6.06,32.1,V38647645,Food,27.0945,1823,postgresql://user:****@db-prod.internal:5432/main,ab6b6206db81ef6181edb93d731f85d3b796a3fff8842957b154629fafe1973f,5140496423226,sig_0737581b74d9182b,10.5,95.2686,73200,64615.4,9.48,Hardware,95.546,45391.0,970.95,4931.82,22.3,https://example.com/api/status,897.2,AB-,INV-116583,9951.04,1362,0188323710303,QKZ-4925,ValueMax,145206,Clothing,ValueError: invalid literal for int(),911.93,Single,8669.6,"$287,202,414",patricia.anderson@yahoo.com,206.8,emma.walker,888.9,809.32,98.5
6.331,"$199,862",239.82,"$9,837,434",144.25,96.8702,126.47,0.43,61.5,R76371628,Electronics,51.8183,9666,postgresql://user:****@db-staging.internal:5432/analytics,ee4019a18d13dfc5716a4ea7f424ff70f6ea61d2a44378aeced7280962ae95f8,7715650962171,sig_8d01c46ce251c79d,44.8,95.0986,47429,9380.7,2.01,Services,95.509,52019.2,684.75,993.11,29.2,https://api.service.com/docs/users/docs,753.16,AB-,INV-643050,6303.53,7168,9132440274605,HVH-8879,TechBrand,757249,Clothing,ValueError: invalid literal for int(),7350.93,Divorced,2107.2,"$286,440,679",richard.young@outlook.com,223.9,anna.anderson,376.6,404.47,66.6
8.819,"$43,405",71.13,"$8,939,841",464.28,98.0049,804.12,2.02,49.5,R74662677,Software,11.6075,6300,postgresql://user:****@db-staging.internal:5432/main,252c8966e4c6f0cdb1add1bbb1eeb73c508b88007f203737c3ce39f2193f1c99,4665419994406,sig_1b757430da0000b4,21.2,96.5422,14154,4601.6,0.08,Software,95.3728,21360.1,51.46,6376.51,81.8,https://acme.org/status,642.85,B-,INV-931110,2793.58,5485,9991014716707,GEZ-3244,EcoLine,62356,Electronics,NullPointerException at line 1474,1501.81,Married,3796.2,"$552,886,462",mason.thomas@yahoo.com,114.2,liam.king,147.5,347.57,38.9
12.984,"$208,955",351.38,"$5,375,756",158.22,95.3971,438.51,1.25,12.0,K85545732,Software,116.2868,3367,postgresql://user:****@db-prod.internal:5432/main,e51578ea52df4d38ea5197c65dda913ccac23df7be0cef1f570c9d804efb8659,3641432364960,sig_861f577fe3d8109d,44.3,95.3828,39287,25758.6,9.0,Clothing,95.3618,67385.0,342.52,8259.97,72.2,https://example.com/api,692.11,B+,INV-973463,7008.9,5476,8281986169753,UPO-4558,ValueMax,64774,Food,HTTP 503 Service Unavailable,8744.69,Divorced,8855.9,"$433,062,234",richard.jackson@yahoo.com,289.0,michael.martinez,1546.3,916.82,90.9
7.153,"$125,674",170.2,"$3,391,405",0.32,99.1483,424.23,2.05,60.8,H41279608,Electronics,132.4159,929,postgresql://user:****@db-prod.internal:5432/analytics,609723351e88fc3a30e93730ba49f7d72d660a275852a654baf9495fd7bb5eaf,9665409452822,sig_b3ab1e9c2f15a645,67.0,96.7715,28137,38190.5,9.45,Clothing,97.5612,83339.8,687.6,6775.41,66.9,https://api.service.com/docs,660.32,O+,INV-455154,5024.37,403,5889648301250,WGE-5331,ValueMax,132499,Electronics,FileNotFoundError: 5302,752.95,Divorced,4491.0,"$74,595,178",richard.harris@yahoo.com,52.7,noah.wright,1389.3,430.09,38.8
0.918,"$137,848",319.32,"$5,507,684",913.83,97.9873,694.95,2.43,9.8,H10119351,Electronics,84.1749,7012,postgresql://user:****@db-prod.internal:5432/main,a1413bd99659fc1479eca8321c9aac610a8c9f0a3146a352d26c883cfecacb76,1925473329324,sig_68303adfd4843287,99.4,99.4149,55268,13545.8,0.19,Clothing,96.8827,86874.0,688.19,1647.17,62.6,https://acme.org/docs/v2/users,515.28,B+,INV-589845,2917.19,893,9567481587314,IDR-3319,EcoLine,923256,Software,PermissionDenied: insufficient privileges,1880.94,Married,7715.5,"$216,181,237",liam.king@yahoo.com,121.3,anna.johnson,1770.8,813.73,9.9
12.226,"$106,407",118.24,"$5,712,269",674.18,99.2643,630.4,5.48,34.9,E85888471,Hardware,127.0256,9039,postgresql://user:****@db-staging.internal:5432/main,8c3dd5463fbd77771940178c94c3fced41e892ffe3b0ccb98bedc9e6b1230a14,4186357387284,sig_051f47c176fafddf,55.7,96.1526,12288,90909.9,7.37,Electronics,99.3345,73607.7,10.51,9387.28,76.3,https://acme.org/status,25.88,AB-,INV-234119,3608.91,0311,6132662062911,JRU-8750,SmartChoice,768822,Hardware,ValueError: invalid literal for int(),7451.15,Married,8066.8,"$905,232,889",linda.rodriguez@yahoo.com,42.6,susan.lee,80.9,537.98,43.7
12.623,"$43,678",3.71,"$7,262,172",511.13,95.1662,486.28,5.28,22.7,Z83833571,Hardware,87.6116,9311,postgresql://user:****@db-prod.internal:5432/analytics,4fe483d0c8dd78ee216499054643b113c859add748bbb629b80e3eff7f6bb0a0,3131908566975,sig_4a91d22a7cfbd4a9,15.2,96.9402,75680,10560.5,1.48,Clothing,98.3015,54717.4,182.0,4685.57,17.7,https://data.io/status/status/users,294.61,AB-,INV-399407,3885.33,7731,9645380778695,ZEH-9601,ValueMax,839124,Food,Connection timeout after 2867ms,6564.39,Single,1666.8,"$347,303,181",linda.thompson@outlook.com,166.4,patricia.jones,830.8,706.79,43.7
11.579,"$207,129",27.69,"$2,992,268",189.43,97.8796,100.47,8.48,13.4,C59995278,Hardware,128.4726,1960,postgresql://user:****@db-prod.internal:5432/main,6b53edef1995bfc0968bd847df0a5c8d1b2f7a6327a88ea8c4d81caf0919d123,3820970078289,sig_ff503000a7b586eb,1.7,98.8844,76670,56535.5,7.2,Food,95.6424,96611.3,172.92,5860.23,4.6,https://example.com/data/api/docs,757.67,O-,INV-635014,2056.21,550,3057183876280,OWF-3145,ProSeries,732928,Services,NullPointerException at line 7444,4942.04,Divorced,5635.6,"$641,639,474",jennifer.lee@outlook.com,73.4,amy.martinez,1870.6,747.63,79.6
4.415,"$238,114",15.43,"$6,827,500",779.57,97.9351,247.24,6.39,9.5,Y58529052,Electronics,120.7493,6596,postgresql://user:****@db-staging.internal:5432/analytics,b62a05fcb3e7e4b1cc6836896fbe2802523dd9ff5c907123769ebf719ad6c3aa,1326206991607,sig_1d41a1a01057c69b,89.9,96.1243,57094,84249.7,4.19,Software,99.6385,50539.0,586.36,1944.94,3.3,https://data.io/docs,404.98,B+,INV-890704,5313.14,032,2676805680770,BXD-5720,EcoLine,932576,Software,PermissionDenied: insufficient privileges,5865.33,Single,1906.6,"$330,452,704",james.robinson@gmail.com,257.3,amy.lewis,229.3,87.73,27.8
0.657,"$42,792",51.27,"$808,524",896.07,96.9341,698.34,10.0,62.6,I62567774,Food,113.225,435,postgresql://user:****@db-prod.internal:5432/analytics,421ddf54cfb7681288b35ae3904c7f84de9f7427c7b6c0d6a6ba1a5f463d4735,6224596296974,sig_94a4da51bede42ba,89.3,99.8609,56005,69562.9,2.44,Hardware,98.7515,94573.7,800.6,2772.81,83.1,https://data.io/v2,44.55,AB+,INV-739478,3098.83,445,9125216353112,PHL-1651,ProSeries,910882,Software,ValueError: invalid literal for int(),8778.85,Single,2874.1,"$416,480,383",sarah.white@yahoo.com,52.0,elizabeth.walker,912.4,117.54,93.2
18.085,"$77,913",69.14,"$8,545,368",503.18,96.2605,771.34,8.21,73.9,E98818309,Services,102.2118,475,postgresql://user:****@db-prod.internal:5432/analytics,2666823a7244bef1ccaa64e1670d12ee14ea0ee6df668fe6ad3d0c33a0c5467f,4226464968670,sig_c14fca6b51b2f422,48.6,95.32,65578,82015.1,2.35,Electronics,97.4122,9551.1,351.27,4543.6,25.9,https://acme.org/status/docs,1.81,B+,INV-842769,8485.91,4165,7867880773011,KBA-6627,EcoLine,534179,Software,NullPointerException at line 6353,9436.52,Single,60.8,"$424,219,011",lucas.clark@yahoo.com,120.9,mary.miller,1537.7,266.53,29.5
4.306,"$243,780",158.64,"$6,978,722",210.86,97.2684,30.85,6.08,93.4,B95980281,Hardware,144.2837,7614,postgresql://user:****@db-staging.internal:5432/main,7b1a4166b4a5657a1ee24775c5a0be54b8adeae214846b5982d57a86bc4f87bc,3526966155036,sig_7fba53d2c170951b,71.4,98.9326,3748,71010.2,0.23,Software,95.6696,36826.0,437.53,2920.64,98.5,https://api.service.com/api,642.84,A+,INV-908270,4437.37,398,2802940356043,HUI-3796,EcoLine,515728,Clothing,NullPointerException at line 1667,6257.04,Widowed,3020.1,"$759,148,240",linda.moore@yahoo.com,126.2,robert.king,1568.8,225.71,5.0
5.865,"$217,162",347.99,"$6,445,140",901.2,97.2061,161.12,8.73,90.3,R11820338,Services,41.5741,4174,postgresql://user:****@db-staging.internal:5432/analytics,ea6d796746aefdabf5233e6d4199e9360c2bace914fea9bb959f7d9dd11d492b,2885519743775,sig_4a5dcb46f232523e,28.7,96.1361,17444,6183.7,3.01,Clothing,97.6394,96899.5,29.83,4957.61,81.7,https://data.io/v2/docs,375.36,B+,INV-611760,828.99,416,0132265328596,WZP-8103,ProSeries,555303,Clothing,Connection timeout after 244ms,9328.52,Divorced,7707.5,"$513,065,161",anna.jackson@gmail.com,259.0,ethan.king,224.2,564.04,78.6
3.565,"$206,338",165.05,"$4,267,205",369.47,95.659,77.84,1.22,34.1,R42506510,Hardware,139.9333,5428,postgresql://user:****@db-staging.internal:5432/analytics,a45667f96938d4463b76318e7bd46afa8bbae892097e870517596724a407d71d,1091880132961,sig_2c18fdc48776784a,67.4,95.1601,3636,57261.2,9.54,Food,95.1895,5396.8,13.6,131.56,31.0,https://example.com/users/data/v2,0.45,O-,INV-675404,7605.08,8367,1507040279829,XHC-1091,SmartChoice,452687,Clothing,Connection timeout after 103ms,1015.47,Single,2457.0,"$900,404,314",michael.thomas@outlook.com,159.8,mason.thompson,1103.0,317.58,47.7
0.116,"$133,339",138.99,"$1,226,290",194.73,98.5629,90.41,5.36,50.6,R83507632,Clothing,42.4639,9900,postgresql://user:****@db-staging.internal:5432/main,66c6ec31da7430de854fb0dc113e4c97850899d2bf13204aca4fe183a7e805e8,7165656463581,sig_fe4bfd876024469b,22.3,98.1939,5304,32051.3,9.77,Hardware,98.7253,12819.2,567.03,1827.23,45.7,https://acme.org/status/api,255.39,A+,INV-712663,3933.79,384,9133044081530,ZLF-1802,SmartChoice,975627,Hardware,PermissionDenied: insufficient privileges,8655.51,Widowed,879.4,"$941,681,727",susan.davis@yahoo.com,197.9,aiden.martin,1581.1,681.3,86.8
13.198,"$165,367",314.97,"$8,083,495",47.68,95.9737,255.55,6.75,79.3,K75076757,Services,99.4328,4643,postgresql://user:****@db-prod.internal:5432/main,c3de8dd397083ba85da16c38bf3eea5ffded19ae9a375ede87dcbcad083e5a9e,0235721609932,sig_1bb36877d660ea2a,64.7,99.0067,51859,3847.1,1.52,Hardware,97.9514,70100.4,371.86,7900.61,74.0,https://acme.org/users/v2,917.36,A-,INV-355080,1824.99,9626,5156719472423,MOY-5963,EcoLine,908196,Software,FileNotFoundError: 1139,7655.82,Single,8033.8,"$912,436,878",mary.johnson@outlook.com,175.3,harper.robinson,467.1,86.71,12.3
4.777,"$161,342",191.98,"$3,679,739",752.48,95.5449,34.0,1.06,4.3,V81615937,Food,129.8357,757,postgresql://user:****@db-staging.internal:5432/main,65780a1ceab8ccad1ed4f94762c86aa2e9f3190c9b00d121aca807dbbb4fd20f,3441780353960,sig_8043e5716191125e,40.0,95.4447,31224,4662.9,3.95,Food,95.7331,77718.9,6.16,7936.78,73.2,https://example.com/docs/users/data,992.03,AB+,INV-110600,1000.81,544,4551395317706,GAD-2940,SmartChoice,885051,Clothing,FileNotFoundError: 9348,8794.91,Widowed,3173.4,"$771,088,885",william.martin@gmail.com,213.5,susan.robinson,1027.4,568.83,38.4
18.157,"$178,414",134.52,"$9,783,965",759.93,97.2473,277.46,8.04,5.9,C77905136,Clothing,131.6648,4237,postgresql://user:****@db-staging.internal:5432/main,61358a89c0586cac3a9778af54e87f91bb859dbe4c1908796a308084a69efa31,3658169195332,sig_a30b4200ffa62ca2,57.2,97.1485,2526,19834.2,4.94,Food,96.3456,84244.3,880.53,692.09,62.8,https://data.io/api,491.88,AB-,INV-758738,5517.67,3602,4964725219156,SWF-5450,EcoLine,978246,Food,ValueError: invalid literal for int(),854.76,Single,3319.2,"$967,470,489",anna.jones@gmail.com,141.4,sophia.davis,1504.8,814.69,55.7
2.992,"$119,179",250.68,"$4,626,352",147.42,96.475,455.34,8.33,64.5,W13964065,Clothing,7.4104,2397,postgresql://user:****@db-staging.internal:5432/main,8753d8408dc6d42d6b9e8cfd709d091878fa61b7afc1497d188a7ddd7cd895f0,9262522294811,sig_77a3ad6dfe155607,69.5,96.8137,65915,57814.6,1.59,Hardware,98.8507,72686.9,751.5,406.96,52.1,https://example.com/v2/status,706.98,A-,INV-296617,3117.79,294,7694874528745,HKH-3843,ProSeries,939146,Clothing,FileNotFoundError: 9097,6334.01,Divorced,4489.4,"$361,867,195",william.rodriguez@yahoo.com,298.5,emma.taylor,1906.9,818.18,53.4
8.346,"$164,343",226.29,"$4,918,268",340.09,98.1953,247.4,7.41,98.1,F37137703,Software,70.8508,5315,postgresql://user:****@db-prod.internal:5432/main,87915cacd45fcc3ae94a7618d813aac0869eaabefce749f80de2a1398d6b2e4f,1586704215125,sig_73d7d6d5876d1544,19.2,97.8026,72709,16656.3,4.22,Electronics,95.9163,80687.9,588.64,2011.27,79.6,https://data.io/docs,454.44,B-,INV-330233,1594.34,198,7510428824221,COH-3513,TechBrand,781045,Clothing,NullPointerException at line 1953,2648.74,Single,2776.8,"$232,315,368",emily.martinez@outlook.com,249.9,elizabeth.robinson,1748.1,342.17,34.2
4.02,"$196,156",91.19,"$3,542,071",349.03,95.7561,28.57,3.99,70.4,U79274176,Food,39.0268,5600,postgresql://user:****@db-prod.internal:5432/analytics,433cc8ddb77fad25dc5502f5d26c15698192e5cb73e37ad8920e33537dd649c1,2866401112051,sig_6836e7208dfe3b19,29.6,95.4381,56922,68806.9,6.5,Electronics,97.9164,80249.4,303.16,2264.12,96.5,https://example.com/status,913.3,O+,INV-222890,7024.57,991,0334352003084,LQF-3906,SmartChoice,274622,Services,HTTP 503 Service Unavailable,423.27,Single,7575.5,"$240,945,106",william.brown@yahoo.com,150.8,logan.wright,951.9,826.85,62.2
9.435,"$98,237",310.02,"$1,555,999",245.44,95.404,533.86,9.32,92.4,X45068310,Services,49.6004,5402,postgresql://user:****@db-staging.internal:5432/main,a1b59c64b5f8bcee89e4508075a537bba855aa6bf6ad1f59ba624e150442f138,7423379216628,sig_875d66d9eba30526,35.6,96.6858,84349,91969.3,8.24,Software,99.9447,24533.0,37.95,2953.75,74.8,https://acme.org/users/data/users,270.49,A-,INV-794703,9394.83,321,9222580706701,GBR-7404,ValueMax,341784,Hardware,PermissionDenied: insufficient privileges,3528.05,Widowed,8423.6,"$751,060,726",amy.miller@gmail.com,121.2,robert.walker,1030.2,773.24,65.2
9.731,"$155,696",268.74,"$1,181,440",601.85,98.8074,627.27,9.07,34.5,E52129260,Services,119.4232,5920,postgresql://user:****@db-staging.internal:5432/analytics,ccab62fd23e30a7e082617bfa00e2052e4051d647c1f04229235a0f80b4fd400,4754870629751,sig_337c90ede4316f4c,40.9,99.2881,13340,19247.3,1.71,Hardware,97.7124,13671.3,275.56,6753.43,2.7,https://api.service.com/v2,370.23,O+,INV-993498,3570.56,8974,7496467714817,BNI-8741,ProSeries,171728,Clothing,HTTP 503 Service Unavailable,8018.49,Widowed,423.5,"$29,870,920",sarah.young@yahoo.com,89.0,susan.lee,614.1,217.45,10.2
10.768,"$130,000",252.95,"$6,097,275",216.57,95.0748,479.52,8.53,53.0,J44204985,Services,26.8162,9094,postgresql://user:****@db-staging.internal:5432/analytics,4d8208c1aaf02a82f04aa84697a9fbd7538c9ad5c0b3a3f2ed7d59d3207c59c5,9802530192093,sig_32d863dd0c02b2a1,44.2,95.1466,57909,51384.7,7.26,Services,99.4903,13139.3,905.22,3807.48,3.1,https://api.service.com/docs/users,624.14,A-,INV-976605,1999.54,4629,3127962573004,HLY-2480,TechBrand,186127,Electronics,NullPointerException at line 4547,9989.29,Divorced,5236.3,"$522,824,738",patricia.taylor@gmail.com,231.5,oliver.anderson,648.3,699.88,70.5
6.632,"$225,756",16.52,"$3,931,481",615.62,95.5477,525.06,7.07,37.4,I30630496,Food,149.0624,510,postgresql://user:****@db-staging.internal:5432/analytics,1ad54287538a64911b1aea7602e1bd6fbc7c1b78f29b64646e99af45752a75ed,4707369059910,sig_6a4fbaf638a1431a,98.0,97.2872,20467,72770.3,1.82,Electronics,99.773,70581.5,436.93,5121.63,89.3,https://example.com/status/status,254.42,O-,INV-708001,1734.99,5291,1411551382683,GMX-7601,ProSeries,899738,Clothing,FileNotFoundError: 8308,6783.55,Widowed,1706.4,"$135,849,020",emily.brown@outlook.com,130.0,logan.clark,1514.7,167.85,7.6
6.373,"$134,386",114.28,"$6,789,522",491.45,99.1012,827.3,4.33,78.1,O71946517,Clothing,13.3005,7384,postgresql://user:****@db-staging.internal:5432/analytics,4d5a7f68c8e56574feeb6ef4884c413d63dc5f1e052ed6558cfc3fa518585f41,5280917511570,sig_a8741f991cc96111,0.0,97.3562,64104,23641.8,8.38,Food,97.1949,3103.6,770.64,9471.64,90.6,https://api.service.com/api,242.59,B-,INV-343938,9083.36,8162,1142333646133,WPB-8425,ValueMax,355036,Hardware,HTTP 503 Service Unavailable,7235.84,Divorced,6933.7,"$192,875,951",elizabeth.thompson@gmail.com,227.1,david.white,546.2,705.72,22.8
9.468,"$158,083",300.56,"$4,785,532",153.73,96.6266,776.95,7.11,12.9,N99726304,Software,121.814,3568,postgresql://user:****@db-staging.internal:5432/main,79e487ac324a488921999e598320af8afef0471f6f4984b3f42d462d40780e68,1847215908677,sig_23bbb2a6e00a5bb1,95.3,98.3259,64014,27839.8,3.8,Food,97.0916,55278.1,839.71,3536.65,11.6,https://data.io/status,517.73,A-,INV-414234,2534.08,115,4606291772400,WYX-2228,ValueMax,796972,Hardware,NullPointerException at line 7816,1399.7,Widowed,8015.8,"$366,003,575",mary.thompson@yahoo.com,208.2,oliver.garcia,1526.5,252.46,68.0
17.636,"$107,135",249.04,"$1,463,576",736.85,96.9969,745.92,0.91,62.5,W12062803,Clothing,146.4802,3654,postgresql://user:****@db-staging.internal:5432/main,9fcebc096f9e3b06f391703109ace1f666b5b699c841f756452157c87ba551fd,6419222999709,sig_b3617ab4d4119b6f,37.0,98.2334,56329,22752.8,6.8,Clothing,95.1561,64018.0,236.69,1291.35,49.4,https://data.io/users/status/users,460.61,A+,INV-639903,1597.14,529,9316472783382,CNS-2879,ProSeries,944753,Hardware,HTTP 503 Service Unavailable,9656.77,Single,224.5,"$311,682,478",harper.jones@yahoo.com,168.0,ethan.walker,560.6,774.6,80.7
6.258,"$174,788",141.94,"$9,048,442",150.64,97.8509,916.18,5.51,84.1,P32876670,Hardware,139.6684,9263,postgresql://user:****@db-staging.internal:5432/main,55d4a75ecadd4bb1903e5902a7844bd0a71c5c6f9c4ee1a7688da79f793399a0,6649238031798,sig_73f2cef493ae8e63,69.6,98.56,84247,67172.4,6.86,Services,96.9001,87134.7,752.38,8462.61,91.4,https://acme.org/status,753.65,AB+,INV-294179,118.61,798,0288131461806,VSI-9526,ValueMax,640551,Hardware,HTTP 503 Service Unavailable,2604.66,Divorced,4892.6,"$488,600,888",liam.martinez@outlook.com,251.3,mason.garcia,1110.7,58.99,28.4
0.532,"$117,154",231.79,"$4,412,596",242.9,96.0298,460.72,0.57,46.7,G68738526,Software,46.2472,6436,postgresql://user:****@db-staging.internal:5432/main,632e9f3fa403c29b73181f65839741241b7783bd9dca08773085af89f74b6f55,9991968237419,sig_d89db230f04c85e1,57.4,99.4692,84535,67950.7,6.42,Electronics,95.2289,42598.2,172.83,3335.38,81.1,https://acme.org/status/data/status,920.37,AB-,INV-155228,2715.67,122,1176762111699,EUD-7893,ValueMax,319807,Software,HTTP 503 Service Unavailable,4539.24,Widowed,1868.7,"$854,912,031",linda.king@outlook.com,56.1,jennifer.king,992.5,418.11,26.9
2.876,"$106,188",289.24,"$5,192,144",223.11,95.2687,261.32,3.25,15.8,F38948503,Electronics,34.6592,2747,postgresql://user:****@db-prod.internal:5432/analytics,34ed6fde893ab34e02da12b9401244902930c2c1da7a0c032003cce5e171edd7,2846985217963,sig_8aba1cb5ed9ad3e8,73.6,96.6975,9009,39986.5,0.88,Food,97.334,19378.0,304.67,3474.83,71.0,https://data.io/api/v2/data,41.63,AB-,INV-591509,6071.25,1783,1530918022029,WET-5726,SmartChoice,679532,Clothing,FileNotFoundError: 7789,1291.83,Married,4365.4,"$460,622,140",jessica.young@gmail.com,84.8,amy.harris,1821.9,53.0,33.7
5.608,"$119,993",4.9,"$4,401,835",361.9,95.0258,133.12,3.6,29.5,L28444131,Electronics,97.9369,4605,postgresql://user:****@db-staging.internal:5432/analytics,d0343476f0393c013e0fb04fb748cfa134cc02ae0b8571021de638af2c89b34a,7656313270029,sig_66ca2e5a4e1e6e1b,50.7,99.7367,76195,99930.5,4.05,Hardware,97.6453,67212.4,95.24,5986.0,37.2,https://data.io/data,972.23,B-,INV-194095,1161.95,3768,1820727383031,SAH-1516,SmartChoice,800521,Electronics,HTTP 503 Service Unavailable,7220.11,Widowed,8362.9,"$916,225,616",william.garcia@yahoo.com,27.9,michael.clark,633.6,640.19,68.3
18.347,"$164,890",280.49,"$8,874,753",556.84,95.0449,347.34,6.94,73.0,F72759001,Food,125.4217,3049,postgresql://user:****@db-prod.internal:5432/analytics,1a02dd964c94553c3754186f3337fe4a3d6d5eec4d8c1a4e3d89cdfbe801443e,7605069426998,sig_a9fbaff15e0c3b08,17.0,96.5776,23209,6759.2,6.91,Services,97.5282,53219.6,322.09,1280.72,33.4,https://example.com/v2,744.39,B-,INV-922706,9569.48,231,1135883381338,THY-4958,TechBrand,385518,Software,ValueError: invalid literal for int(),5312.09,Married,3580.2,"$466,730,551",harper.smith@yahoo.com,103.7,michael.garcia,745.5,700.25,7.4
10.997,"$113,645",25.84,"$1,212,695",701.16,95.2379,619.84,1.96,7.5,V82047671,Services,5.3947,1621,postgresql://user:****@db-prod.internal:5432/main,685cb494bdf238c14f8022f6bcf74353e40d102cebaf0b1aa4656c7b75233123,4459692921184,sig_d134674957b1a903,38.2,97.5349,84260,83178.5,7.24,Services,95.4074,39847.9,326.76,4759.96,43.8,https://example.com/users/v2/api,723.79,A-,INV-943615,7896.81,973,1539490938299,CTV-2108,ProSeries,670024,Services,FileNotFoundError: 6435,9857.4,Divorced,1728.5,"$822,879,403",jessica.thomas@outlook.com,249.6,aiden.harris,1073.1,782.33,5.6
5.033,"$157,358",313.39,"$5,343,540",138.58,99.0688,542.48,2.83,73.2,W27762768,Electronics,115.7499,6673,postgresql://user:****@db-prod.internal:5432/main,5e57a994c4251ca6ad7416942a98b298e752addb67519931b269cc137a4999a1,0199196985434,sig_fe42bc178ae39f49,96.7,96.8348,5217,49835.7,1.37,Hardware,95.5139,93235.6,133.15,493.53,86.3,https://example.com/api/status,386.47,B-,INV-290682,9009.9,647,4324930039099,NUL-4849,EcoLine,144022,Food,Connection timeout after 6796ms,7931.7,Divorced,9681.1,"$247,298,882",william.walker@yahoo.com,41.5,patricia.robinson,461.2,668.75,81.0
