raw_percentile,pressure_22,category,power,fact_duns_number,kelvin,gtin,fact_frequency,cnqtcx35,issn_v2,customer_password_hash,attr_655,ANGLE,dim_temperature,humidity,frequency_14,gbps,modifiedAt,f_spe,measlon,fact_humidity,pressure_val,v_ynmq,ormwr76,rate,ratio,data_type,title_prefix_30,humidity_14,dim_73,user_percentage,v_ejxl,c_uv,frequency_data,measmktval,age,d_21,humidity_v2,preference,duns_nbr,field_174,customer_bandwidth_data_rate,src_legal_hold_document,scoreIndex,src_unit_of_measure,fact_longitude,sound_level_field,flowRate,raw_duration,field_dw,pressure,dim_ew,retention_policy,x_mq,risk_level,cpu_usage,pypsrp88,mime_type,dev_type,measlat,speed_velocity_field,fact_weight_mass,flightnum,c_ele,v_zntu,tenantid,iyjcd53,cpuUsage,dim_qd,akr17,population,d_sk,attr_844,translation_14,cusip_number_info,soundLevel,d_creat,attr_508,luminosity_brightness_raw,iso_country_cd,fact_length,speed_velocity,POWER,label_tag,age_2,altitude,percentile_14,price_cost_data,umb99,c_918,luminosity_brightness,humidity_2,gakd76,weight_mass_94,mktintel,timeZone,field_165,postal_code,frequency,filterPredicate,measph,product,AGE
53.2,1592.7,Services,12514.7,421349555,1.8,5127815194268,2520.71,1892,4699-4579,$2b$12$sotpnsM9HUeqvwzJuN1t7LGt9lKx4QXfQBiriOGp6mci00A753azs,197.1,292.5,-0.6,11.4,2183.42,5326,2021-05-07T01:33:57Z,167.2,-91.566763,33.1,4.8,9055305,ProSeries,16.88%,8.8275,Parquet,Ms.,82.8,65.165345,63.78%,11.69,369.1,7654.38,"$271,270,905",39,16352.6,9.5,max_retries=977,802635956,type,1535,HOLD-2020-518,6.77,L,41.295833,124.9,791.13,42602,71197,1147.0,false,30 days,59.7,Critical,50.4,507.06,application/xml,Wearable,85.48495,200.2,329.27,RP4691,28,76755,tenant-033,63.34,49.3,linda.garcia,HOLD-2020-632,5834769,2020-03-10T09:12:42Z,80.3%,Konnichiwa,3FXX0HTFU,90.6,john.moore,EMP38307,35563.1,FR,882.69,206.8,10535.6,stable,80,6204,15.66,9042.22,"$754,933,176",61.94,58878.6,16.6,96.8904,42.85,Competitor Beacon Analytics launched FlexPay Platform,JST,2694,31966,150.19,type < 'prod',12.28,CloudGuard,41
51.73,231.8,Clothing,14672.9,362054238,13.3,7651278048084,3779.5,2820,8903-5322,$2b$12$YgVZbFxHaLoIryHT0b36DxqRZdjTH82kIeZMLS76YE65b9UvpSnLX,284.0,209.57,16.3,84.1,943.45,3348,2020-03-17T21:37:36Z,292.0,-160.431387,9.4,771.4,5001570,TechBrand,55.72%,3.9823,JSON,Rev.,86.1,94.231793,80.06%,12.35,262.4,3706.7,"$399,970,025",80,38801.5,14.6,pool_size=793,732308462,name,6,HOLD-2022-296,8.47,L,174.186961,51.8,459.9,86159,93917,459.9,true,7 years,18.2,Medium,30.8,518.91,application/xml,Tablet,72.439466,3.6,76.69,QP1697,2452,60889,tenant-047,7.52,99.2,amy.lewis,HOLD-2023-422,5562569,2021-08-15 00:50:24,14.07%,Hola,24A3O0JJ5,17.8,patricia.martin,EMP51789,65399.7,GB,302.21,243.4,34945.0,needs-review,67,691,44.06,9398.28,"$155,149,344",12.95,58528.7,40.6,95.4639,331.14,Competitor Beacon Analytics launched VaultKeeper,EST,6667,48648,4804.55,date > 'prod',5.21,Sentinel Monitor,92
72.46,1542.8,Services,7082.7,158949198,-8.6,5102167343135,7077.66,451,2241-3348,$2b$12$4GZZUhN6IWfB8XHUJxya4YM5iLI6aJMIQ13FMbSHs7O5f2FF1wMRQ,256.6,273.6,-2.2,28.2,4348.3,7290,2022-12-15T00:00:09Z,6.5,115.798857,42.7,1799.7,5879433,SmartChoice,63.42%,2.6427,JSON,Dr.,45.7,-78.534633,34.69%,8.02,344.3,8007.34,"$224,061,127",116,22657.9,12.5,max_retries=63,122418133,amount,8374,HOLD-2021-745,8.8,°C,76.71081,120.1,99.56,8451,73499,639.3,false,7 years,90.2,Medium,69.6,464.57,image/png,IoT,4.937624,289.7,945.11,UJ1981,1102,4866,tenant-022,75.06,3.3,william.lewis,HOLD-2022-280,2794461,2018-11-14 19:31:15,77.87%,Hola,262CJ3C3D,44.2,amy.lewis,EMP97835,39510.4,AU,654.35,250.1,49482.6,experimental,95,1512,96.63,7707.81,"$502,014,634",40.59,21078.0,4.8,97.7057,679.28,Competitor Acme Corp launched StreamLine ERP,Europe/London,1217,GK3 1OS,6527.28,date != '2024',9.77,Widget Pro,115
88.57,1710.0,Software,40708.0,348228810,-2.7,6582185998730,960.08,2343,8648-5044,$2b$12$3PqxNrJPxl2UNfRMx8KejlFYjK9dH0Cs2TorA3oxX2X5I8aEgs6rB,415.2,116.84,45.6,14.6,4597.29,4895,2019-10-10 08:36:37,178.4,128.538833,22.5,1808.7,4596104,SmartChoice,84.46%,0.9302,Avro,Prof.,54.4,168.857903,59.56%,1.11,93.5,4097.41,"$402,612,646",115,60482.3,6.3,batch_size=839,393243787,status,9549,HOLD-2026-235,6.98,L,72.170956,39.2,403.79,49501,4769,937.8,false,7 days,129.2,High,83.9,500.16,application/xml,Desktop,-75.358721,134.6,151.29,OO4769,1843,51817,tenant-012,33.41,57.2,lucas.young,HOLD-2026-429,4389823,2025-12-18 11:44:33,90.43%,Bonjour,BKL31VGW8,39.7,aiden.young,EMP48769,6097.8,GB,213.17,49.2,41329.9,high-priority,14,5620,24.24,3587.79,"$583,938,428",2.68,81414.5,34.7,95.4562,764.61,Competitor Alpine Systems launched FlexPay Platform,CET,98752,49071,5171.23,status < 'active',2.88,Widget Pro,84
3.68,1372.0,Software,42743.1,558945191,-18.4,9052697762990,3444.65,1261,1953-4937,$2b$12$Nzrnyp4YuhUSiFQjckslavamo6f2C4B1qTkmWxrC3lLVAlQP0TNUv,218.1,326.02,-20.8,78.3,3346.89,5839,2020-03-25 17:24:52,70.6,-91.523651,27.5,1090.3,7898459,ValueMax,94.08%,6.6088,XML,Hon.,26.7,81.718294,27.39%,4.09,397.0,5415.66,"$946,714,906",74,2334.3,19.7,max_retries=267,176219625,amount,1367,HOLD-2023-762,4.39,L,-95.773609,21.7,324.44,6212,4909,1842.5,true,1 year,65.9,Medium,42.2,194.52,application/json,IoT,58.75407,145.0,47.44,TH8534,3905,2407,tenant-017,18.15,58.1,ethan.anderson,HOLD-2025-273,4039762,2020-07-04T02:06:59Z,34.12%,Namaste,L895U5S63,74.9,lucas.jackson,EMP39178,88439.4,AU,274.07,187.8,30428.0,high-priority,66,5525,96.59,5387.87,"$106,047,191",37.76,45647.1,30.1,95.0687,32.75,Competitor Alpine Systems launched FlexPay Platform,America/New_York,43413,VJ2 5ZH,2475.29,status > 'active',4.79,CloudGuard,65
15.32,1869.5,Hardware,4615.0,007743477,32.7,4706296103067,2502.81,1419,1413-6609,$2b$12$FYom1gdK1hGzZ8tyBYqvlfE7tgfvImoVJhL3jOzO7EpXmtwhtndnX,230.1,208.74,-34.9,72.6,4981.99,3957,2024-11-06T14:36:53Z,291.4,-83.427357,71.3,1307.3,7486474,TechBrand,92.23%,2.3864,JSON,Ms.,99.5,-161.804374,79.2%,1.27,362.7,2315.64,"$229,274,082",116,3968.3,17.6,timeout_ms=464,366993137,status,8517,HOLD-2024-343,7.6,°F,170.269314,58.3,257.11,62012,78833,538.1,true,30 days,68.5,Critical,97.4,918.93,application/json,Desktop,88.660658,254.0,380.78,GH2560,8601,40431,tenant-041,44.35,48.3,emily.miller,HOLD-2022-584,2245942,2018-03-24T22:20:57Z,31.25%,Hola,CQV8B5FOL,117.1,noah.moore,EMP22649,98965.1,AU,680.69,210.8,15618.4,approved,61,6700,42.39,8854.47,"$841,174,299",88.02,31784.7,53.0,95.2973,804.71,Competitor DataCraft Inc launched StreamLine ERP,PST,41531,HK4 3JW,4702.73,date = '2024',6.01,VaultKeeper,62
25.62,485.7,Electronics,27715.3,187933511,-5.6,3247786069227,4392.96,4805,8001-9809,$2b$12$JRxRmclvvev3dQHmTZsGgG5xTHICwVYRtr8oyidykCWwMHuNF15li,15.8,232.22,-35.5,19.7,5450.78,9015,2019-04-21 19:34:12,297.1,-24.345955,70.1,1079.2,8710797,TechBrand,30.68%,7.567,Parquet,Ms.,10.1,96.368061,30.73%,11.13,8.4,546.37,"$519,556,554",57,35527.1,76.7,max_retries=557,961426159,email,5096,HOLD-2024-631,6.97,°C,92.723264,70.8,963.13,65544,72860,470.4,false,1 year,59.2,Low,38.7,156.41,text/html,Smart TV,-66.578134,270.5,342.87,NF9215,4920,58838,tenant-013,11.73,37.6,mary.johnson,HOLD-2023-936,9838145,2026-11-14T16:27:41Z,22.96%,Namaste,44CDCFP7P,28.1,lucas.johnson,EMP77701,15129.8,JP,392.2,53.2,29536.7,experimental,13,8717,41.37,6476.48,"$743,342,658",9.37,78356.4,55.7,97.3635,946.6,Competitor Vertex Technologies launched FlexPay Platform,EST,96290,33803,3754.71,status IN '2024',3.29,Sentinel Monitor,68
9.7,64.1,Hardware,24005.0,545252902,-10.4,1280972867753,1484.37,1781,4973-8475,$2b$12$ldrXtQdJfF8ofjNfxWUqf0JD5JisI1Sy2PC4beB2eQj2D70NKEEEM,236.7,338.35,-12.9,66.1,3802.38,9445,2022-09-01T22:35:25Z,115.6,-65.87816,59.0,1716.1,2764291,EcoLine,48.05%,2.6104,CSV,Rev.,45.5,131.89451,59.29%,3.54,248.9,1505.13,"$118,282,352",58,89743.2,91.1,pool_size=704,515359746,email,5302,HOLD-2026-257,5.8,kg,-120.213491,55.0,943.69,42828,3230,1619.1,false,indefinite,121.2,High,63.4,335.52,image/png,Mobile,36.303686,187.7,621.9,AP7943,5825,41280,tenant-049,90.27,71.2,noah.young,HOLD-2020-681,610670,2022-02-14T10:45:10Z,47.8%,Hola,LJ13X8UTO,124.6,amy.brown,EMP89762,69779.7,AU,163.45,278.9,32830.5,high-priority,108,5555,34.91,9658.04,"$101,639,325",39.99,95085.6,28.1,98.5905,720.79,Competitor Vertex Technologies launched SmartHub X1,America/New_York,41054,QT5 5MG,4686.26,status = 'active',11.98,CloudGuard,71
70.94,313.9,Hardware,40345.0,119037166,35.3,1109317187996,6904.54,3283,1007-2777,$2b$12$2PnpN1Moagg3dvUeLEVXo48hbJdV9A6RIMUICGVTOjqHA5DUPViUG,230.0,298.02,-19.7,51.3,2412.51,5383,2021-08-06T09:00:28Z,102.5,57.78356,80.2,1926.2,8066453,ProSeries,47.65%,1.7805,Avro,Mr.,86.6,-10.766023,44.62%,12.79,80.9,3390.27,"$630,164,252",36,26426.6,32.3,max_retries=228,097293875,type,69,HOLD-2026-862,6.43,ft,-142.203627,78.0,411.29,13872,77344,1905.0,false,7 years,48.4,Critical,95.8,963.02,text/csv,Tablet,-53.526654,272.6,258.84,US4024,3945,80073,tenant-043,16.34,84.0,david.thomas,HOLD-2021-649,2338547,2022-01-07T09:39:35Z,35.13%,Namaste,CU0G33N8N,10.7,michael.robinson,EMP96347,1945.9,BR,738.19,15.8,26047.8,needs-review,74,1053,89.26,3652.23,"$375,803,473",94.79,10599.6,7.0,97.6648,529.33,Competitor Pacific Research Group launched FlexPay Platform,UTC,54212,32447,7140.71,status < 'prod',7.28,CloudGuard,69
69.27,1991.7,Services,18799.1,265772210,-22.0,5489740266739,3960.61,130,3789-8516,$2b$12$gSOvA58pxx4R7EAbNOZYbrfKO8Q6drn5QdP4kSuaDW4yMsgQEhHgp,227.7,151.71,18.3,31.3,3435.15,4886,2018-01-17T09:23:40Z,265.2,-22.037609,89.3,783.9,5218464,ValueMax,94.47%,2.9031,YAML,Ms.,89.0,148.115506,81.65%,6.18,144.5,88.4,"$759,315,584",107,91340.0,43.5,batch_size=43,519602749,amount,572,HOLD-2021-918,6.63,°C,39.750898,90.2,706.02,39421,54074,1528.1,false,30 days,31.2,Low,15.2,478.26,application/pdf,Tablet,-33.789497,168.4,146.3,OW3064,4410,26274,tenant-046,92.1,29.6,olivia.thomas,HOLD-2023-574,2702488,2025-05-10 14:52:36,6.33%,Bonjour,TC12J9Y2T,16.7,elizabeth.clark,EMP59970,73169.7,BR,76.11,197.5,7988.2,needs-review,36,5776,7.88,7477.06,"$450,480,814",96.31,97921.6,68.9,97.0148,597.04,Competitor TechCo Industries launched CloudGuard,CET,77779,MS7 6JU,761.93,status = '2024',1.57,SmartHub X1,74
84.53,1705.0,Clothing,13737.8,491416560,-25.6,0085075680681,475.22,6716,8382-2591,$2b$12$4RoUWe2aIbnpmafsSdHX9YwVVDI26q7xo8dBGE8oCuHC2JTGiZt8g,208.4,88.32,-13.5,30.7,7931.65,9076,2020-12-09 19:25:33,245.6,-120.817773,62.4,1645.9,9114379,ProSeries,13.12%,4.3202,CSV,Hon.,10.5,-0.651396,31.89%,7.19,65.2,2450.85,"$929,362,522",105,53374.3,46.1,batch_size=78,069432771,amount,819,HOLD-2024-917,3.28,gal,143.704929,104.6,420.41,5822,74658,622.1,true,indefinite,9.1,Medium,0.1,433.85,image/png,IoT,-22.532413,298.0,568.05,EQ2079,7752,19017,tenant-039,33.86,57.4,sarah.young,HOLD-2021-397,8927210,2018-07-14T07:22:36Z,87.22%,Namaste,7J1HVQ8H3,4.3,patricia.miller,EMP49262,20233.9,IN,926.57,144.4,2747.4,experimental,92,7870,96.96,4420.24,"$301,078,158",4.3,54360.7,73.9,97.1158,327.15,Competitor Quantum Dynamics launched FlexPay Platform,EST,60464,WV1 3QD,300.1,date IN 'prod',3.78,FlexPay Platform,40
45.85,1649.5,Hardware,23078.2,451943482,16.6,2515496180371,6955.93,6793,1659-3671,$2b$12$EhXlcmtsW434QhkHkyatZZPMhEx0rtgbRc47cwQZibyirQ9i4YElC,69.8,349.61,12.2,14.2,3352.63,4108,2022-10-21 23:08:05,280.3,105.165383,54.7,1478.0,4661447,ValueMax,0.82%,4.4837,Parquet,Mrs.,84.1,8.717002,25.4%,8.46,414.9,2169.55,"$157,909,972",83,17859.9,43.8,pool_size=426,922153268,status,9615,HOLD-2023-628,7.4,m,81.668056,13.0,254.51,2330,43094,820.2,true,indefinite,36.6,Medium,51.0,340.66,application/pdf,Mobile,39.548118,62.7,862.68,GO5660,3445,45862,tenant-026,83.01,81.7,robert.moore,HOLD-2023-293,7801901,2023-07-20 06:16:44,96.78%,Hola,GNSLL8TL4,80.6,susan.miller,EMP42927,38788.0,DE,170.11,129.8,33098.6,approved,39,3883,76.51,2195.73,"$528,580,266",94.12,67942.8,26.5,98.574,25.64,Competitor Alpine Systems launched FlexPay Platform,America/New_York,84985,39676,5372.83,date > 'active',4.13,AuditTrail Plus,66
82.05,1988.9,Food,46746.5,691088680,37.7,9632525734267,3850.42,1314,7422-5047,$2b$12$yyHEr13xIQmhKCDLDzrunmaHwBPoP89HBNeGSWVFglfAWknAjBER0,327.8,119.45,19.8,46.5,4761.82,2288,2024-06-06 13:29:39,190.5,-61.094095,89.2,399.3,1560627,SmartChoice,4.33%,4.9487,JSON,Dr.,9.4,164.368798,57.47%,2.85,401.2,9148.63,"$522,547,477",56,59035.4,24.1,pool_size=360,955891569,id,7844,HOLD-2021-792,5.97,lb,-176.103199,38.5,521.3,1456,46145,1215.9,false,1 year,26.2,Medium,38.0,989.95,application/xml,Desktop,86.210256,200.0,285.57,RI8916,7638,10293,tenant-028,68.65,38.8,ethan.rodriguez,HOLD-2023-959,5167744,2024-03-15 06:31:59,45.34%,Konnichiwa,ZJE7PEL2A,56.0,ethan.miller,EMP63504,44851.8,US,258.27,44.4,30065.5,approved,20,2594,9.83,8073.75,"$827,934,944",68.86,67110.8,42.7,98.7771,893.65,Competitor Beacon Analytics launched Widget Pro,Europe/London,81192,XY7 2FJ,1482.97,type != 'active',12.29,DataSync 3000,102
97.29,1157.2,Clothing,41231.3,948783903,1.3,8805163266767,9247.04,846,6023-5286,$2b$12$PMy28yKTXdSFf8VmbTsPXFujyhFL2MsPfVI6asg3wkdKvlh3taFCV,297.5,267.57,22.0,0.3,4751.21,3834,2022-02-01T16:31:07Z,156.2,149.859808,45.6,113.7,8629158,ValueMax,55.07%,9.9414,YAML,Prof.,99.0,-126.73234,55.99%,1.0,336.9,9708.79,"$711,960,897",16,34690.9,19.1,pool_size=795,107308778,email,4165,HOLD-2021-592,3.52,gal,-5.159755,116.0,729.37,20184,93511,1845.9,false,indefinite,53.4,Medium,1.2,441.81,application/xml,Wearable,34.466845,16.1,656.48,WP1064,5782,69701,tenant-027,50.59,64.4,logan.lee,HOLD-2022-251,6168218,2018-02-23 14:02:39,78.97%,Hola,QE1S91IZR,74.2,susan.moore,EMP64204,49324.0,AU,19.54,286.3,28233.8,deprecated,93,8366,37.79,9974.65,"$65,002,086",9.51,58154.9,80.3,97.8631,622.09,Competitor TechCo Industries launched DataSync 3000,PST,32912,WM5 9PZ,4004.43,type != 'prod',11.33,Sentinel Monitor,45
3.07,774.8,Software,13498.1,708472320,31.2,8402007491309,7712.97,8375,3072-1501,$2b$12$MSJOJPyDTVwZVyS2jpdb3IqTf8bapGv49bOMazgmT9XPQK3bGFNac,383.5,304.53,3.9,69.2,1624.58,9049,2019-08-07T10:18:04Z,117.4,79.084799,47.4,673.2,1521192,SmartChoice,39.42%,4.6783,Avro,Dr.,27.8,-164.342494,44.23%,5.67,159.7,4899.57,"$647,465,414",105,79902.9,78.7,max_retries=46,360706724,name,4484,HOLD-2023-255,8.19,gal,116.03377,34.1,984.43,39959,88616,470.1,false,1 year,110.3,High,20.2,490.6,text/csv,Smart TV,-60.554158,197.7,413.39,FS4073,2492,3821,tenant-048,69.42,58.0,john.lewis,HOLD-2022-199,6159282,2022-03-17T06:07:17Z,82.06%,Bonjour,QV6YVOQDZ,78.5,emily.wright,EMP18621,56613.3,US,358.53,71.2,42937.5,high-priority,91,6722,91.06,4574.95,"$615,242,778",83.66,39187.0,20.5,98.1904,920.79,Competitor Global Solutions launched Sentinel Monitor,Europe/London,44917,AT1 9IW,91.9,date < 'prod',13.63,VaultKeeper,54
37.41,1441.4,Software,44176.6,360635501,-12.9,9389259350933,114.04,2008,5612-1623,$2b$12$33cw4imQDEtvnZxdvdIaoVlzfYtDTKdqykf2FlEl2jTYlgBEJLYzP,427.6,38.86,-8.8,21.8,6350.9,4026,2020-03-01 17:16:35,143.4,86.880669,6.4,1940.6,6736888,ValueMax,69.86%,6.916,Avro,Mrs.,14.7,-130.971245,2.01%,11.79,62.3,1344.83,"$274,165,616",107,69005.7,22.7,batch_size=20,990326353,type,316,HOLD-2024-198,1.38,gal,123.934887,49.4,466.97,56346,64781,1016.1,false,7 days,35.3,Low,2.4,70.41,text/html,Mobile,-24.684125,293.4,240.16,GD6342,5362,2082,tenant-010,5.14,81.4,lucas.jackson,HOLD-2023-663,6299527,2020-12-18T21:56:44Z,35.93%,Hola,4TDOZ3KO0,28.8,patricia.robinson,EMP25141,80482.1,AU,372.75,79.0,49766.7,high-priority,16,6766,15.38,8394.54,"$573,639,537",47.76,76121.3,38.1,95.5945,48.3,Competitor Alpine Systems launched NanoCore SDK,Europe/London,68950,UG4 3TT,8903.81,type > 'prod',6.11,FlexPay Platform,25
60.78,1129.0,Hardware,33648.7,154828631,-39.9,8386707748669,6338.77,1389,5065-1136,$2b$12$8Y3QcLRUfReQAMH5Sqa79Z2GsVt9SMpjtn1cgEwJXyWHma5ujrZq0,103.3,315.64,17.4,34.1,889.63,1858,2020-02-27 19:43:26,203.2,-28.730264,71.5,869.4,9215958,EcoLine,34.96%,6.4551,Parquet,Prof.,7.2,-69.01082,96.94%,12.88,423.6,5685.44,"$853,304,167",6,54060.2,69.2,timeout_ms=357,745614587,id,9311,HOLD-2025-747,7.96,m,154.359783,16.0,624.02,28363,11747,1341.0,false,indefinite,5.9,Negligible,96.2,864.24,application/xml,Desktop,66.143803,122.2,69.52,FA6217,8179,82504,tenant-014,29.93,68.4,emma.robinson,HOLD-2025-854,7189623,2025-07-25 13:13:22,83.67%,Konnichiwa,945AJR420,117.3,aiden.robinson,EMP53548,48704.1,JP,923.79,157.3,16514.4,experimental,19,7755,46.23,1131.14,"$809,479,527",25.93,77301.7,57.8,98.7214,816.73,Competitor Pioneer Software launched AuditTrail Plus,America/New_York,89574,IM3 8LD,2389.53,date < '2024',11.17,StreamLine ERP,29
23.32,131.1,Software,3481.5,906325863,21.7,8255749052899,9966.56,2959,2241-5172,$2b$12$Nzni5dFkLjSGePV6aiDPfYX4vyXG0shjCjJpfjGwZNV0SFgpPT1dK,400.8,34.84,11.0,37.3,6633.68,9349,2020-07-09 14:09:08,132.4,-35.439958,26.9,249.0,6668181,EcoLine,49.15%,0.8822,XML,Ms.,94.2,154.240855,42.51%,2.75,60.2,9506.47,"$116,114,933",13,20023.4,54.2,max_retries=746,460044306,email,524,HOLD-2021-433,9.35,gal,73.694798,23.0,739.96,49988,85763,1660.1,false,1 year,96.0,Medium,78.9,677.4,application/xml,Desktop,-9.744498,94.3,29.14,LJ6887,6281,10610,tenant-007,78.91,53.1,emily.miller,HOLD-2022-379,4485081,2023-12-07T20:54:16Z,88.41%,Namaste,3HWR7WL4Y,102.5,oliver.thompson,EMP68711,74119.1,BR,919.66,275.6,31366.9,high-priority,10,5364,13.17,7141.03,"$889,316,723",90.83,85482.8,45.1,95.9787,151.93,Competitor Meridian Health launched VaultKeeper,Europe/London,23914,42911,4594.57,date = 'prod',3.48,Widget Pro,61
23.85,1913.4,Food,19109.2,642765562,43.5,4133536250056,6696.08,8556,5878-2218,$2b$12$fKFrvihPMOWgkf5TbuVvKHKsjxzEqUJ9eQ9VPxptE58hdKP7OzBJR,0.4,57.46,21.3,56.8,1631.21,7920,2022-12-12 22:25:50,120.3,168.665382,79.5,228.7,3101055,EcoLine,0.18%,2.9561,Avro,Mrs.,97.1,-165.292127,3.1%,6.98,453.0,2868.51,"$983,904,089",9,98792.6,35.2,pool_size=685,777150689,amount,8517,HOLD-2023-175,4.93,°C,66.255048,3.5,737.47,57152,81551,1045.0,false,7 years,63.0,Negligible,92.6,72.57,text/html,Smart TV,5.91036,74.3,908.42,JL5369,1692,51253,tenant-031,11.2,63.0,richard.miller,HOLD-2021-736,7627908,2026-10-10T04:09:02Z,53.29%,Bonjour,492ZU62NP,25.4,patricia.brown,EMP34122,19279.6,DE,508.44,148.0,31719.7,needs-review,104,5708,31.96,8226.7,"$835,559,905",31.13,44323.1,46.3,96.53,280.06,Competitor Meridian Health launched SmartHub X1,JST,99035,91791,2480.12,status < 'prod',9.35,AuditTrail Plus,104
14.0,1355.0,Software,40076.2,064969840,30.9,4219724726715,15.1,952,7548-8437,$2b$12$E4zRLuRFNMpwPONi0pf3id8EuMZRCbkHDHJcVONolGL8St5fzi3g7,252.0,130.18,35.3,91.6,6637.44,1058,2025-08-09T10:12:21Z,41.7,76.868825,95.9,98.2,118461,SmartChoice,39.75%,9.2909,CSV,Mr.,3.8,124.64142,37.89%,11.19,361.1,4916.89,"$547,431,973",53,39917.7,42.4,max_retries=728,185146137,created_at,2430,HOLD-2023-593,9.15,m,92.309917,90.3,701.14,75980,87244,859.5,false,7 days,28.5,Critical,4.3,662.44,text/csv,Desktop,76.385657,79.7,969.24,NL5186,10,63387,tenant-034,45.11,22.7,ethan.rodriguez,HOLD-2025-599,4575331,2019-10-03T15:40:12Z,20.67%,Konnichiwa,WURDQDF5O,83.8,mason.moore,EMP51844,55824.7,IN,933.6,187.0,33064.3,needs-review,74,3140,65.75,5092.68,"$584,493,100",98.4,44699.9,87.1,97.4231,653.25,Competitor Pioneer Software launched CloudGuard,JST,12903,PM2 4PJ,5082.61,type < 'prod',11.4,StreamLine ERP,75
15.4,1902.4,Hardware,11424.1,581098537,-30.7,9908592870825,4997.96,7898,3168-3930,$2b$12$7QwbgfzURfv5syfNuRNU200Xk6yN49dmhrSoU5bd8lmuFvhEb3rJe,336.9,337.21,-22.2,44.1,2955.36,4456,2019-06-22 11:58:11,139.8,150.459413,14.1,1522.3,1949629,EcoLine,14.37%,4.916,Parquet,Mr.,74.7,119.992368,41.13%,7.03,4.4,5511.59,"$694,195,362",42,7075.4,20.5,batch_size=737,537101001,type,1276,HOLD-2022-351,9.71,°C,-158.329696,10.5,501.15,12549,57778,1117.0,false,indefinite,44.3,Medium,37.1,640.21,application/json,Mobile,53.208232,14.1,409.95,KU8871,6174,79459,tenant-009,82.01,22.9,elizabeth.lewis,HOLD-2022-175,9765704,2025-07-15 12:58:16,96.21%,Konnichiwa,LTFUA3HZR,18.2,susan.rodriguez,EMP62786,40208.9,FR,456.01,79.6,8625.6,experimental,9,2667,88.89,8784.39,"$841,030,025",56.52,97800.2,47.3,96.2878,913.19,Competitor Vertex Technologies launched CloudGuard,America/New_York,71389,77997,5070.16,status != '2024',10.01,FlexPay Platform,42
8.26,1816.0,Electronics,40385.7,303669917,-6.9,7709693616237,4840.81,6800,1769-3092,$2b$12$quYmFwH5DRRTHIdCE25Hj9oBsdNyYnK0VTkyjmogheVGouHZq0hey,388.3,261.05,3.9,16.9,6389.83,4446,2024-08-04T13:09:45Z,158.3,39.469835,33.7,1807.0,1044529,ProSeries,46.0%,8.8765,Parquet,Mrs.,14.9,-145.71855,76.1%,6.89,129.5,2926.09,"$153,770,537",33,26254.8,73.8,pool_size=849,991279981,created_at,9431,HOLD-2024-517,9.07,m,-149.918289,101.8,22.4,985,81771,117.8,false,indefinite,103.5,High,3.1,282.83,text/csv,Wearable,-4.46785,53.0,88.83,HH8863,1457,63500,tenant-025,23.07,73.9,william.johnson,HOLD-2021-889,4808986,2026-02-11T05:50:30Z,68.07%,Konnichiwa,1ZMZ7FFDQ,119.0,susan.anderson,EMP53978,53581.5,JP,980.49,73.4,44436.9,stable,35,8559,93.79,4051.85,"$493,202,370",21.95,1770.4,67.8,95.8395,140.46,Competitor Meridian Health launched VaultKeeper,PST,978,DN6 2NZ,1940.42,status != 'active',11.43,SmartHub X1,36
21.09,248.7,Electronics,19995.5,931660455,3.8,1041296178074,530.39,6958,8905-1267,$2b$12$Tc1yq1ICVAtZ0tAQMAslGrXtskFHKDgfog6meaHycWQJBWsRLCByu,468.4,227.05,29.9,23.9,3866.85,579,2019-05-22T02:41:56Z,23.8,-177.544308,94.6,1679.2,9321980,ValueMax,77.06%,5.1714,CSV,Prof.,30.8,156.174101,14.18%,14.0,118.5,5298.4,"$932,089,633",54,54100.5,73.9,max_retries=105,024794876,id,6741,HOLD-2020-220,4.84,°F,38.841393,90.6,250.82,10370,39886,1791.1,false,1 year,99.3,Critical,95.3,856.02,text/html,Smart TV,-34.668537,5.9,966.45,II7478,416,32652,tenant-020,39.75,55.3,jennifer.davis,HOLD-2021-213,2758999,2018-02-16T15:11:12Z,50.81%,Guten Tag,PTM4EC3T2,88.5,robert.white,EMP80909,89472.2,AU,519.1,30.6,16729.0,approved,58,2398,2.37,210.65,"$416,203,473",73.94,23414.9,43.9,97.9635,571.02,Competitor Pioneer Software launched StreamLine ERP,JST,26755,71269,680.58,status != 'active',9.5,VaultKeeper,115
17.5,976.3,Software,47404.1,514190328,-19.5,4600615298623,7523.87,2995,4645-8428,$2b$12$YwLVaXVRiKPTZ8LGS3ztPeuhBVsh9A2Epfkb89IspqrRA3KjeTYxz,80.2,225.75,22.8,24.8,4914.94,1243,2022-11-15 16:59:26,264.6,33.163027,75.0,91.9,4627912,ValueMax,54.74%,7.3202,XML,Hon.,27.6,117.474195,0.81%,1.36,350.1,6919.53,"$711,849,565",112,43792.6,84.0,batch_size=327,471541047,amount,2595,HOLD-2025-818,1.34,m,29.049528,30.8,804.2,12756,55807,184.3,false,indefinite,63.6,High,66.1,511.76,application/pdf,IoT,-10.460763,65.6,584.84,GG3061,3438,35022,tenant-030,85.02,6.9,mary.wright,HOLD-2020-617,5939778,2025-02-02T17:44:57Z,21.56%,Konnichiwa,DGWGS2L6W,111.2,patricia.lewis,EMP16090,74038.2,MX,249.6,255.3,816.1,approved,2,1777,76.37,8188.91,"$936,271,901",78.48,6929.2,7.3,97.6808,317.27,Competitor Meridian Health launched FlexPay Platform,JST,76450,97261,5356.65,date = 'prod',12.76,NanoCore SDK,3
48.05,619.4,Clothing,44864.1,242000693,-39.9,8819394076035,8864.18,2472,5043-8719,$2b$12$EGqyASRZoVWkBl0fPb4vHdmx58HbKW3wcEG2LL2Bj6b9lgY7WEEkg,110.4,129.03,-15.5,52.9,1475.7,7524,2023-12-15 00:47:48,291.3,78.206739,21.9,1412.3,1920920,SmartChoice,78.43%,3.8696,CSV,Prof.,94.6,44.994473,4.03%,8.65,169.9,699.34,"$786,150,162",77,80176.9,92.1,timeout_ms=682,104280926,status,5934,HOLD-2024-910,3.73,ft,84.333958,87.1,961.38,74055,43698,932.5,false,indefinite,120.8,Low,91.4,464.74,application/xml,Desktop,-1.925561,112.5,885.69,ZR4970,1071,78232,tenant-025,82.93,77.9,harper.smith,HOLD-2026-722,8693979,2021-04-21T12:36:17Z,25.64%,Hola,GVBSOTGYC,38.3,patricia.jackson,EMP91096,71125.8,AU,47.42,96.7,26361.9,needs-review,44,915,23.24,5289.3,"$709,280,677",62.34,88713.9,88.1,95.0904,172.64,Competitor Quantum Dynamics launched VaultKeeper,Europe/London,55264,40288,8231.63,type IN 'active',2.33,AuditTrail Plus,43
63.7,306.6,Hardware,6945.9,323601572,11.7,6830460306728,1363.59,5637,8473-2850,$2b$12$5OfkfWmn0gniRugjXxcBCc7NsruVlLVjTxJJhe58owO2QUq3usgen,327.8,47.9,30.1,89.8,9968.22,7250,2020-05-21 06:19:51,146.5,-47.296118,81.6,1882.8,5211931,TechBrand,57.15%,7.6021,Parquet,Prof.,77.4,-123.220651,7.33%,1.8,377.1,1323.44,"$676,433,090",72,36083.2,89.4,pool_size=272,747942537,created_at,6265,HOLD-2021-608,6.59,L,74.931215,0.4,266.24,6418,66648,958.0,false,indefinite,109.8,High,78.5,225.7,application/xml,Wearable,-9.708131,280.2,357.14,MT4829,2237,64508,tenant-022,35.12,86.7,david.taylor,HOLD-2025-380,3055864,2021-10-08 09:55:13,23.05%,Konnichiwa,P49VVRD9Z,93.2,richard.harris,EMP20744,64069.6,DE,649.67,21.4,22030.0,high-priority,105,5322,8.03,9681.83,"$273,067,443",39.15,42895.7,98.6,98.6644,271.33,Competitor Catalyst Ventures launched AuditTrail Plus,Europe/London,86408,31244,286.15,date > '2024',7.96,VaultKeeper,14
92.24,1534.9,Electronics,38055.9,720956352,-14.0,3828253557316,9067.95,6998,1046-5953,$2b$12$lXalOE5VKMAZNGzJ0AoLcq53gWq6rykMSqqA7yjVOLylAeuyZGrdz,44.6,176.97,2.7,89.6,7862.59,5855,2018-06-21 20:09:56,110.1,-26.068505,15.0,1208.1,2648804,EcoLine,3.55%,0.518,Avro,Rev.,27.2,-19.827779,76.09%,3.65,141.0,7731.39,"$933,155,119",48,61659.6,25.8,batch_size=854,706025117,status,2300,HOLD-2024-448,9.77,m,-110.121197,127.4,427.74,28014,1225,1636.4,true,indefinite,5.9,Negligible,38.1,562.32,application/xml,Wearable,-75.392227,98.5,299.38,HB6678,1596,79615,tenant-019,56.92,97.7,ethan.martin,HOLD-2023-771,5996029,2018-10-27T13:33:00Z,36.11%,Guten Tag,57KQ7FVX1,99.4,susan.wright,EMP96296,96206.7,GB,703.96,140.6,48690.4,experimental,106,2996,79.94,4687.41,"$779,417,651",87.5,41088.3,93.4,98.4765,870.88,Competitor Beacon Analytics launched NanoCore SDK,CET,84674,23916,2445.02,type IN 'active',10.17,DataSync 3000,61
66.83,171.5,Software,27379.4,691218155,18.1,2222918691428,451.81,8601,3254-2664,$2b$12$2LegHDsIEbWRoqmTCElpkozPnYHuOOPVxvu311uACtJljaOeNNBMO,103.4,28.47,10.1,78.9,6791.27,3219,2023-07-15T13:38:41Z,202.5,-165.525877,0.3,168.5,2300275,TechBrand,97.72%,8.0211,Avro,Mr.,24.2,133.523699,44.4%,6.01,21.5,8110.83,"$275,495,243",61,29504.0,39.7,pool_size=381,206847015,id,9939,HOLD-2022-858,6.87,L,-88.456005,21.0,642.8,70993,73099,662.9,false,7 years,98.1,Medium,84.6,145.33,application/xml,IoT,-29.247582,65.3,476.48,JH9381,114,75415,tenant-034,1.94,77.0,aiden.jackson,HOLD-2021-829,492156,2021-11-12 01:28:47,65.53%,Hola,YMF3U9TQC,63.9,olivia.miller,EMP79043,54707.1,MX,633.47,174.7,34945.3,approved,106,5361,41.97,5468.21,"$464,542,397",60.04,43996.8,2.7,95.2189,852.64,Competitor Alpine Systems launched VaultKeeper,America/New_York,74508,DP4 9RW,4556.24,status < 'prod',5.41,FlexPay Platform,66
97.73,296.0,Clothing,1955.7,447062095,40.1,3313685411509,7036.28,4116,3449-3140,$2b$12$YqQzotUTAxCbfAful6U1e8NJ2kBPbMVRb9aw3EVvwdYZJHM6upstq,369.6,196.24,-19.2,12.4,7891.52,4904,2018-08-11T16:36:41Z,204.9,117.394262,81.4,1237.5,8161463,ProSeries,17.54%,9.2639,Parquet,Rev.,72.5,-177.163959,60.95%,9.98,6.1,8411.19,"$858,389,517",0,1611.6,70.0,max_retries=75,263649414,status,7298,HOLD-2021-395,9.5,m,-179.518845,108.2,416.65,78582,30270,855.8,false,7 days,111.6,High,22.5,266.4,application/json,Desktop,43.812005,41.3,454.91,JZ4606,2795,30582,tenant-026,77.34,36.9,michael.martinez,HOLD-2025-706,2116643,2023-11-20T06:59:24Z,91.3%,Hola,C37QBFLSN,22.7,sophia.martin,EMP94451,77097.8,CA,890.45,286.3,5145.1,deprecated,107,7672,62.76,1509.54,"$317,453,202",62.36,87883.9,83.4,97.945,962.77,Competitor DataCraft Inc launched DataSync 3000,America/New_York,70711,57118,7081.64,type > 'prod',5.19,StreamLine ERP,66
61.91,1286.5,Clothing,2723.0,388597588,-22.9,1809628468487,4047.11,3595,8866-3059,$2b$12$8LUzVbEpPRfNdXUkXsh4PnVVWRQQGJVi6DcvEodbtgWDMPRg9fhGZ,66.2,1.08,30.3,74.9,2716.56,4344,2023-01-16 06:37:41,64.4,156.118524,49.1,861.5,8179915,TechBrand,18.98%,6.5899,Parquet,Prof.,49.0,-61.87445,57.14%,6.77,235.6,398.93,"$734,139,808",11,546.4,89.8,pool_size=438,144997311,amount,8265,HOLD-2021-361,5.93,L,-22.557062,35.0,764.51,79685,99211,535.5,false,7 years,126.0,Medium,75.5,324.39,image/png,Mobile,75.227596,205.1,138.03,AQ7482,5448,5100,tenant-031,68.62,58.6,jennifer.anderson,HOLD-2025-967,7918908,2021-08-05 15:57:33,1.73%,Hola,86MEI3JO4,7.1,anna.taylor,EMP20105,73073.0,IN,600.66,106.6,35271.9,needs-review,18,7764,99.34,1437.8,"$533,480,776",3.59,71389.4,97.8,99.3589,159.53,Competitor Catalyst Ventures launched Widget Pro,UTC,76879,96641,9175.78,type < 'active',11.6,StreamLine ERP,110
41.26,1860.4,Food,29450.4,631389897,10.7,8799952499923,9328.75,7173,6887-9006,$2b$12$6bN3WE1mxwbK1UZ3LO3av2Q7stzWA8xru9pzXRqmMNXAbPYBAKZVO,457.0,38.48,-15.0,25.3,3120.08,4942,2022-05-22 22:45:12,14.4,-95.948509,48.8,854.6,5799751,ProSeries,97.73%,2.0514,JSON,Mr.,83.3,173.587622,22.74%,3.78,418.6,3386.37,"$483,964,492",73,8059.0,67.5,max_retries=62,895671037,type,5163,HOLD-2025-772,6.63,m,-17.55339,98.1,619.25,55407,84969,1991.0,false,indefinite,15.9,Negligible,19.6,934.44,text/html,Desktop,-9.450424,184.9,513.2,GA1028,7980,68870,tenant-001,1.87,93.3,robert.white,HOLD-2021-731,9353645,2023-10-12T19:34:41Z,72.01%,Namaste,KBTUZDNSD,7.9,robert.white,EMP70017,81615.7,DE,700.08,188.2,13771.1,stable,97,5884,4.14,1620.43,"$321,882,948",48.53,38938.3,67.0,99.6299,681.12,Competitor Catalyst Ventures launched StreamLine ERP,Europe/London,75750,90028,9039.84,date < 'prod',6.11,AuditTrail Plus,9
50.93,1394.5,Food,34799.0,937209253,36.1,6801620063281,5266.81,6267,9371-9479,$2b$12$Db2mZJKWwy992fmcMggI6dmLIzKd4SdzPnxnkLRr4BnScrUBHqUvk,418.9,156.87,-33.4,16.5,2673.65,5450,2025-11-09T10:20:21Z,123.1,-13.595649,22.4,1842.4,8549796,ValueMax,18.26%,3.3487,CSV,Rev.,1.8,-118.484634,70.14%,10.21,377.3,9155.99,"$755,250,411",110,70439.9,1.5,max_retries=387,204593057,name,7565,HOLD-2025-899,4.59,kg,165.671428,14.2,970.64,53973,79475,912.3,false,30 days,74.3,Critical,93.2,984.3,text/csv,Mobile,84.473614,17.4,845.4,MJ5672,3981,34295,tenant-001,89.67,45.4,olivia.anderson,HOLD-2021-929,1435833,2024-12-13T05:27:40Z,60.54%,Hola,9QEKWLJVQ,0.1,mary.moore,EMP82116,93824.6,BR,606.74,122.9,5988.8,experimental,64,7993,54.79,8492.6,"$163,886,603",14.18,13661.9,42.4,96.5765,158.87,Competitor Quantum Dynamics launched AuditTrail Plus,CET,20180,JK4 6PN,1216.79,date != 'prod',12.03,SmartHub X1,36
89.6,381.1,Services,39618.3,464669912,-39.5,0281124886423,4941.22,3769,3280-5804,$2b$12$4B4W2VCgBG0uhAHO4ivFRycasgYEqKoLYGoePNrYLYJiftNnonXci,17.8,176.5,36.6,51.4,2343.41,5051,2020-02-22T17:39:49Z,74.8,111.735892,60.4,226.3,2989389,SmartChoice,46.32%,2.3722,YAML,Prof.,64.8,114.328275,41.42%,10.12,329.4,8371.65,"$734,192,451",78,32458.0,65.3,max_retries=251,228988101,amount,5179,HOLD-2023-912,6.81,°C,-65.428411,112.1,587.07,36903,83562,1039.4,false,indefinite,83.9,Critical,32.8,317.39,text/csv,IoT,-66.523802,106.9,104.36,PG6861,3747,1976,tenant-010,21.97,7.5,oliver.jackson,HOLD-2023-357,4176949,2025-09-12T03:45:58Z,27.15%,Bonjour,QAU5XTPL1,37.6,jessica.davis,EMP26965,2669.1,IN,168.41,106.6,8706.8,needs-review,38,4299,43.77,5844.11,"$167,431,444",19.4,43147.8,70.0,98.9823,638.66,Competitor Global Solutions launched SmartHub X1,America/New_York,36909,76338,7800.37,date < 'active',13.44,CloudGuard,50
20.24,1021.7,Hardware,42376.4,431315777,49.3,6331525027750,4544.52,7995,9455-1904,$2b$12$enSUtn6t0XqpwxE9wikrdFgcPlLL3qEiE7pubKR8ZcpuuhZb1I3i0,16.6,320.66,9.3,90.6,7555.86,1248,2020-08-14 09:13:19,160.3,3.523075,23.7,1022.2,4735792,TechBrand,61.22%,6.9756,CSV,Dr.,64.8,-37.613326,61.64%,5.43,331.6,8399.1,"$133,216,952",64,65364.4,26.0,batch_size=149,115644032,amount,9965,HOLD-2022-476,6.71,kg,-164.77806,41.6,929.78,62184,93971,102.9,false,7 years,16.8,Critical,89.5,843.05,application/xml,Wearable,82.975944,234.7,499.02,AZ9683,6632,28548,tenant-046,31.62,51.5,susan.garcia,HOLD-2021-302,2709472,2025-10-21T04:00:37Z,66.92%,Guten Tag,D171F0BMR,11.3,jennifer.williams,EMP86740,99806.4,US,538.54,105.2,125.0,deprecated,33,1207,1.67,9843.43,"$711,723,312",86.33,30338.4,98.7,98.2348,722.65,Competitor Acme Corp launched StreamLine ERP,JST,66782,PS3 9AE,6360.12,type < '2024',12.35,Widget Pro,4
37.07,973.4,Services,45905.6,382832815,41.9,7721037073571,7117.88,4784,7690-9468,$2b$12$Mgf8CxGLWwLgZgn9WJETAShKLv8CDHGcnqPtCUsN19wflaBR82r0D,29.8,36.83,-10.0,7.1,1803.73,7761,2020-11-02T23:11:00Z,197.9,78.150009,53.5,1177.6,8431904,TechBrand,60.64%,3.6316,YAML,Mr.,89.2,97.607378,23.19%,13.9,210.4,5698.47,"$836,187,369",42,68010.1,42.3,max_retries=904,246388364,created_at,5225,HOLD-2024-889,1.53,lb,-17.943487,8.1,874.68,54185,31193,228.0,true,7 days,104.2,Negligible,48.0,612.2,image/png,Smart TV,-4.933302,90.8,259.06,GS4268,422,68096,tenant-041,82.19,80.5,sophia.thomas,HOLD-2025-188,8035525,2021-09-25T17:49:20Z,35.75%,Konnichiwa,EJD1EJY41,42.5,sarah.king,EMP65361,46985.8,AU,973.77,74.6,49398.5,approved,28,1980,47.3,2035.62,"$832,071,932",58.1,95035.1,94.1,99.1554,665.46,Competitor Global Solutions launched Widget Pro,CET,74071,47972,3438.23,date = 'prod',13.27,DataSync 3000,103
50.6,1620.7,Electronics,9826.9,539890585,38.7,3542969748218,6174.96,3816,3040-5093,$2b$12$kzgPpYUaNItjRl3IBPpodq3K5AW4fR8S3LpSsGmB8sldRNW8SbojI,281.3,104.17,33.7,75.0,6346.1,7504,2022-09-18T02:07:05Z,165.7,-95.221535,39.0,1869.8,5540738,SmartChoice,16.25%,7.9067,YAML,Ms.,98.6,150.817608,50.37%,5.35,60.1,4297.44,"$738,977,056",54,23277.6,10.5,pool_size=200,809913739,amount,6502,HOLD-2021-989,1.43,°F,-101.410603,121.2,428.65,37084,80002,1439.5,false,indefinite,49.6,Negligible,25.6,709.5,text/html,Smart TV,-73.510115,196.6,442.26,GU1036,6971,79562,tenant-047,72.65,27.9,michael.thomas,HOLD-2023-507,7358113,2024-03-18T22:23:30Z,45.82%,Bonjour,OWPL1ZQDU,88.6,mason.martinez,EMP38688,61145.8,IN,238.97,270.6,19625.7,needs-review,90,2091,60.14,8225.75,"$723,524,355",44.84,30187.7,49.5,95.7314,632.03,Competitor Vertex Technologies launched DataSync 3000,CET,95906,MF5 5DW,1100.2,date IN '2024',5.14,AuditTrail Plus,77
76.69,1909.4,Food,7089.8,562608983,-0.2,6588289868459,813.7,7027,2789-9145,$2b$12$ZnGAdpoA15Wu3JUTgjXgnwgFE8FLSxWPhQjlKgqCUmK2CzJqiVfn8,161.2,292.22,29.9,60.2,78.85,4808,2024-05-28T08:50:35Z,173.4,-14.93105,76.3,760.4,6143543,TechBrand,67.75%,4.8309,XML,Ms.,51.8,-108.370545,70.0%,4.99,458.7,1960.83,"$486,581,272",119,45217.0,59.4,pool_size=375,672471719,amount,1538,HOLD-2026-706,9.13,lb,169.865533,80.4,763.32,9105,54643,1243.1,false,7 days,11.4,Critical,54.8,655.25,application/xml,Tablet,45.212028,146.1,919.37,KZ8745,58,22612,tenant-008,79.93,73.4,ethan.walker,HOLD-2020-996,5773985,2020-05-20T20:36:51Z,76.43%,Konnichiwa,8PHHZL3PU,52.6,harper.brown,EMP32683,17030.0,CA,807.47,155.4,48106.6,high-priority,86,7421,80.93,4828.75,"$950,802,369",32.54,6710.7,52.9,98.2293,141.62,Competitor Vertex Technologies launched Widget Pro,EST,5273,FQ2 5DO,6424.49,date = '2024',6.66,Sentinel Monitor,116
74.04,1539.5,Food,31614.4,430818486,6.6,9852125024175,5053.32,4509,3565-4246,$2b$12$E6sQIDUb7IEpELsdUdye54PhjNOaNAqd6utsOmZhgFar8XW0etMiL,478.2,99.75,0.1,78.0,317.86,192,2019-02-22 18:07:37,138.5,-169.862697,60.7,1901.1,1387194,SmartChoice,14.06%,8.0799,JSON,Mr.,26.3,-13.159251,37.19%,7.74,87.8,5565.56,"$474,149,778",83,39680.0,46.4,timeout_ms=114,657530372,type,1606,HOLD-2025-747,7.39,lb,77.758664,20.1,275.74,16648,13776,846.7,false,1 year,33.0,Medium,82.9,745.77,application/xml,Wearable,25.533974,136.2,35.6,EI3585,3406,53692,tenant-028,44.12,19.6,michael.young,HOLD-2026-318,7600796,2022-02-15T12:50:02Z,7.72%,Namaste,BCEHNSLT5,26.9,amy.anderson,EMP53430,23909.7,BR,719.43,100.8,4470.2,approved,110,6863,54.01,5416.27,"$168,577,606",9.34,59238.0,30.5,97.6638,251.71,Competitor Meridian Health launched DataSync 3000,UTC,97937,69006,7278.83,date < '2024',0.97,VaultKeeper,62
97.88,657.7,Hardware,48422.1,567037043,32.3,7325277598008,6563.05,4064,3088-5642,$2b$12$s3O4MLmNDy26krkRtOhY4qBCk4Aw7bCHTYCSHNWc3jigfJdsxvgAS,302.0,17.48,-10.1,62.2,3971.16,6657,2020-04-14T11:46:57Z,213.3,-61.5989,33.1,1139.7,152444,EcoLine,56.13%,1.9835,Parquet,Mrs.,92.2,16.708935,74.12%,10.0,252.1,4238.34,"$443,623,156",84,85740.5,19.9,max_retries=670,997800880,created_at,6071,HOLD-2024-790,3.57,L,-9.209532,58.2,908.17,20628,17481,285.2,true,30 days,50.8,Low,78.3,67.76,text/html,Wearable,37.268387,265.5,435.9,GC1147,3161,41054,tenant-031,52.97,37.4,harper.walker,HOLD-2025-627,2556944,2024-02-05T16:36:30Z,23.44%,Hola,O1M9FKAZQ,125.1,william.lewis,EMP63390,86024.2,DE,720.02,210.2,7147.9,approved,60,232,15.18,7512.43,"$227,851,871",11.97,64168.2,11.8,96.5376,312.63,Competitor Quantum Dynamics launched CloudGuard,America/New_York,472,16272,6243.19,type < '2024',4.64,CloudGuard,99
21.75,1882.7,Services,44739.6,176317418,47.5,7241514119748,3827.74,1229,6455-1213,$2b$12$3p50rxWGf0blV0VTTA31JO9HMuleGNH7uRxQmKji3RG9LWsCg0GMP,358.1,351.64,21.5,70.5,5038.92,7581,2026-12-23T20:33:13Z,201.5,-12.268813,3.1,1505.1,203353,TechBrand,60.16%,9.2738,YAML,Dr.,18.5,158.635164,50.3%,10.37,396.6,3782.38,"$660,893,200",42,36215.1,49.8,max_retries=759,919459710,name,8507,HOLD-2021-241,1.6,°C,-97.272823,68.4,10.1,33659,38169,709.6,false,indefinite,13.5,Medium,30.5,215.66,text/csv,Wearable,64.841705,197.6,668.34,BI7404,6141,32,tenant-018,62.99,40.6,patricia.davis,HOLD-2021-933,108137,2021-08-10T17:37:22Z,57.53%,Hola,84TEXZYHY,77.1,liam.williams,EMP99785,10592.0,FR,953.61,215.1,45671.1,experimental,65,1486,66.08,9005.18,"$570,826,023",11.09,76129.6,89.2,95.0509,269.84,Competitor Meridian Health launched NanoCore SDK,JST,35039,87583,4293.74,date IN '2024',4.17,Sentinel Monitor,117
10.48,1696.6,Clothing,23471.4,310385183,-1.4,0406697679178,7011.9,3240,7859-5778,$2b$12$ySSxpBa4pjETD5fK3DzsgWM4kmF2OpMwXhLWzFL9u2uzRORdjvcoM,227.2,245.03,-31.0,88.2,7144.69,7316,2020-05-10T21:09:30Z,119.6,-164.687995,85.9,480.9,9523703,ValueMax,50.46%,1.381,XML,Mr.,26.0,-116.215588,71.42%,7.78,232.7,4373.49,"$792,326,035",89,85278.7,20.9,batch_size=796,648045964,amount,6879,HOLD-2020-989,6.87,m,115.265495,82.9,458.11,69239,8052,779.7,true,7 days,71.3,Critical,42.7,709.51,application/json,Tablet,65.500032,190.7,305.7,JN2748,2409,72510,tenant-018,46.77,72.0,lucas.anderson,HOLD-2026-770,4569705,2025-05-14T04:02:02Z,7.52%,Guten Tag,U15ECXIOP,46.0,anna.young,EMP56381,35991.5,MX,79.23,125.2,31261.0,approved,95,1052,89.18,5793.75,"$606,031,797",24.87,38950.3,19.7,95.4621,508.25,Competitor Pioneer Software launched NanoCore SDK,PST,81237,59226,2878.71,status != '2024',0.74,FlexPay Platform,52
34.9,589.1,Food,2345.6,840256502,-11.6,0473625790684,6404.54,5592,3743-5855,$2b$12$bbnn1AJWn9kxDNYBMvbX0C36h5rRmsb0VNODnEyDueyuNhop40mKc,34.7,321.11,-11.4,6.8,1067.66,7429,2024-07-02 22:53:39,120.2,174.485923,14.2,1940.0,3766072,ValueMax,50.36%,7.7363,Avro,Mrs.,20.7,-113.285091,68.21%,3.23,300.4,557.73,"$196,273,719",1,90260.5,82.2,max_retries=48,305486425,created_at,2338,HOLD-2024-733,9.36,kg,-88.540342,21.9,434.11,66653,84106,1658.5,false,7 years,112.1,Critical,27.3,210.5,application/pdf,IoT,-6.422847,296.8,402.61,HO8513,4531,2987,tenant-029,65.8,12.4,jennifer.anderson,HOLD-2023-899,1931356,2019-04-07 10:29:02,42.57%,Hola,RG3WH3KEE,52.3,ethan.jackson,EMP84124,97188.7,IN,195.76,207.1,47197.3,approved,66,7830,2.23,9721.45,"$82,175,286",46.94,61956.8,21.0,97.3698,282.03,Competitor DataCraft Inc launched StreamLine ERP,UTC,12221,AK3 8SS,4009.79,date < 'active',9.16,Widget Pro,52
74.03,1241.9,Clothing,40235.4,214069209,33.2,4016257266127,47.99,4021,3862-1728,$2b$12$MgvetVvI1ZhzHZyEir6zh53GOnmbGoISrTTtyScoh9htQx2HUQUSg,143.6,123.96,2.0,97.5,2817.97,8011,2018-04-04 17:28:44,5.3,159.489509,0.1,957.6,7360632,ProSeries,80.92%,2.7444,YAML,Rev.,56.3,45.344063,2.35%,8.41,55.4,3961.54,"$450,755,814",48,99797.9,3.6,timeout_ms=138,819439494,type,8018,HOLD-2026-442,2.4,°C,40.103247,37.0,920.21,69228,22945,1345.4,false,7 years,72.9,High,28.3,264.02,application/json,Desktop,-78.620316,225.1,253.18,UA8215,5374,15307,tenant-046,59.06,51.0,oliver.jones,HOLD-2025-195,5758735,2020-08-03T06:09:03Z,82.6%,Guten Tag,D139ZIKAA,33.2,susan.walker,EMP94284,43797.7,AU,275.67,34.1,37470.1,experimental,17,2860,3.45,626.73,"$862,703,185",38.74,7794.5,15.3,97.4123,858.16,Competitor Pacific Research Group launched CloudGuard,EST,62746,73799,2051.95,type < 'active',13.05,Widget Pro,98
67.14,1593.2,Food,3505.3,320164540,0.9,3090299214506,3560.66,6452,3874-2345,$2b$12$1rCP9hiDrpUKvJklVofRxwNhsU29aAUM8Lk1N5zn7519bMzFmr4Xl,407.0,204.17,3.9,39.6,6815.64,7294,2024-03-04 14:20:28,42.8,-50.160053,78.4,14.3,4101766,SmartChoice,92.12%,1.5526,XML,Hon.,91.8,162.451644,83.25%,6.17,368.4,4402.34,"$501,135,680",85,97983.6,44.2,pool_size=765,244492291,created_at,6913,HOLD-2021-268,9.85,ft,107.018622,14.1,170.72,71881,90269,486.1,true,30 days,44.3,High,61.1,275.52,application/json,Smart TV,66.159102,266.3,334.01,KT6514,5030,80226,tenant-033,88.54,79.2,robert.williams,HOLD-2025-864,5739466,2024-09-19 06:17:29,77.58%,Namaste,BME4WRHRZ,79.0,william.young,EMP40109,81225.9,GB,782.16,77.7,4070.4,stable,109,1692,23.92,9984.56,"$112,827,628",61.34,77122.6,4.5,95.9767,948.19,Competitor Catalyst Ventures launched Widget Pro,JST,73310,RG1 4MK,6716.92,type != '2024',3.67,VaultKeeper,40
28.5,247.1,Software,42332.0,072004674,7.0,6515092976468,3417.76,947,5521-2245,$2b$12$5xK2UaGXbggzUr2LPpDAYk9YnGnf91hBWmfcnx8IdmSZ7QarLL6RY,357.9,59.26,-2.2,25.1,7057.72,2672,2026-07-21T02:18:52Z,260.7,-58.839441,7.7,731.4,1077147,ProSeries,68.85%,6.7505,Parquet,Mrs.,93.6,-149.382781,41.52%,7.1,26.8,2847.98,"$954,800,570",6,16687.5,32.6,pool_size=811,240502466,type,9573,HOLD-2025-578,8.88,°C,132.973901,81.6,600.4,33394,94841,817.1,false,30 days,103.4,Low,12.6,828.84,application/xml,Mobile,83.195653,209.3,598.35,DE1517,8210,39001,tenant-020,14.36,12.0,logan.garcia,HOLD-2026-557,9598577,2024-06-02T01:39:01Z,14.06%,Bonjour,6JEREJAX3,115.6,emily.martinez,EMP38110,86500.5,BR,190.77,101.3,45977.3,stable,12,1444,22.23,9775.67,"$24,295,500",97.43,39343.8,50.3,99.7281,644.75,Competitor Beacon Analytics launched Sentinel Monitor,CET,7220,WU9 5GK,2724.82,status < '2024',9.02,FlexPay Platform,116
80.52,419.5,Electronics,31184.7,182356569,35.5,3904794732652,3192.78,493,9392-5430,$2b$12$YnBC3scC1Yvq99pSG6MR2OyA0Ya6gNQsiMYpTQeF6e6dHJgfPmMmy,415.8,305.48,-13.2,28.4,4911.8,1157,2022-08-12T13:46:54Z,164.4,34.018845,18.2,1813.5,1131963,SmartChoice,93.19%,7.8245,CSV,Mrs.,99.0,-18.490868,77.14%,8.44,212.3,3808.03,"$412,719,231",52,25959.1,5.8,batch_size=842,084948344,id,6297,HOLD-2021-441,4.26,°F,-108.065435,32.8,847.43,77983,38067,1908.5,false,1 year,124.9,Negligible,38.0,289.34,application/xml,Wearable,-33.787387,114.6,787.46,ST7614,1123,41859,tenant-026,47.81,75.9,ethan.davis,HOLD-2026-438,2593342,2024-07-16 12:04:51,99.83%,Hola,MXOGZ7IUR,103.0,jessica.king,EMP48197,35857.7,IN,206.41,139.0,16032.5,deprecated,3,2354,31.76,3792.77,"$982,734,010",68.76,32046.3,53.1,95.6377,764.71,Competitor TechCo Industries launched DataSync 3000,PST,35591,YL8 2ZB,5081.91,date < '2024',12.83,FlexPay Platform,9
76.01,497.5,Clothing,44611.5,784405653,15.2,9111738785602,7444.67,3860,5294-4162,$2b$12$t9TfHPya3LJSnQsNLi6Tcspjx1XZ3k1qZeQ9CoAKIgeqGd8MJN7HN,129.3,233.84,-39.3,20.9,8268.86,1880,2024-02-28 00:57:14,126.8,94.768064,35.6,294.1,683251,ProSeries,5.59%,4.9987,YAML,Mr.,5.8,-135.192907,73.74%,10.32,93.1,4610.55,"$975,329,453",61,72667.4,51.0,batch_size=951,012109366,type,5775,HOLD-2025-291,3.26,lb,-163.939962,128.8,686.3,5233,98795,586.9,false,indefinite,127.2,Medium,29.5,138.78,text/html,Smart TV,-15.591913,283.0,441.8,GR1380,7944,85189,tenant-020,96.22,58.0,lucas.wright,HOLD-2021-806,68850,2023-03-13 21:53:51,45.31%,Hola,0E7UBH4GS,89.1,logan.martin,EMP72641,60360.5,FR,447.09,108.9,15665.6,deprecated,91,8264,88.38,1490.02,"$336,567,845",13.34,18049.0,13.1,95.5292,803.42,Competitor Meridian Health launched AuditTrail Plus,JST,15945,15215,6124.49,date < '2024',13.23,Widget Pro,41
95.83,997.5,Electronics,39453.2,688446195,-9.0,8927884215102,1950.84,6215,6303-6351,$2b$12$9n1D143RX3hypHb19im09nE8vNjcXcD8G8UmWe4KlUl7YfPh8Umb3,147.1,288.29,19.4,11.4,6166.64,2369,2018-05-26T02:18:05Z,259.9,-98.200161,22.6,1464.2,8593754,SmartChoice,26.62%,4.1657,CSV,Rev.,29.8,170.160393,87.36%,9.4,395.7,9782.65,"$215,236,591",63,63219.3,46.8,max_retries=793,040369492,status,4244,HOLD-2021-570,8.86,L,157.508407,37.1,135.02,9978,95881,1518.8,false,7 years,57.7,High,57.6,337.1,application/pdf,Wearable,-6.29217,263.8,423.92,HA7825,5150,82227,tenant-038,5.59,40.6,harper.anderson,HOLD-2020-227,3429292,2023-01-17T21:26:39Z,18.45%,Konnichiwa,8YO2LWVL3,43.0,linda.king,EMP15499,41705.2,US,241.62,274.3,39031.3,deprecated,77,2074,75.92,5888.07,"$534,364,438",15.67,89751.7,5.2,95.4037,458.22,Competitor Vertex Technologies launched StreamLine ERP,JST,42473,DK5 1BV,1228.56,status > 'prod',5.37,SmartHub X1,34
49.72,353.0,Clothing,18730.5,781025887,36.6,9052769861796,5791.55,4010,8540-3911,$2b$12$8TNn2dRpvf9X1jnSHyDdAaGnZ4kFU82U3DvhMhf65EtoZCFRDaQhq,416.0,275.47,19.8,45.7,3111.82,1562,2021-06-05 22:48:28,14.2,172.957179,52.8,671.8,664789,ProSeries,93.67%,1.2926,JSON,Mrs.,30.1,-16.938612,64.69%,9.95,135.2,416.67,"$848,334,956",74,94279.7,88.4,max_retries=839,752373018,id,8592,HOLD-2025-720,4.48,°F,-148.881907,40.2,176.47,69518,37579,1498.1,false,7 days,24.0,Low,15.4,600.59,text/csv,Tablet,63.841699,6.0,976.58,MF8618,3567,15032,tenant-010,73.49,65.5,sarah.smith,HOLD-2020-413,6017985,2019-12-07T11:41:52Z,17.99%,Konnichiwa,ZVI2J5DZ1,30.7,susan.king,EMP70626,92248.8,DE,58.34,189.5,7630.5,needs-review,25,34,53.0,6760.32,"$15,816,375",81.63,82948.7,11.8,96.4398,898.83,Competitor Pacific Research Group launched CloudGuard,EST,1346,63487,4712.09,date = 'active',0.19,Sentinel Monitor,57
35.81,1723.6,Software,16190.6,766871693,49.7,7660241650228,1089.91,7065,4383-6217,$2b$12$YhcscWUptnsFftf1G7D4KuburT56TJnCGBMqLK7gu5Erb2WuKPjaB,56.3,41.57,-30.0,23.7,1587.36,6343,2021-02-08 09:20:41,12.6,124.186998,19.8,1796.4,2722640,ProSeries,24.78%,1.3979,Parquet,Hon.,71.2,-126.008087,32.41%,12.52,229.1,7942.39,"$599,525,080",25,54151.2,64.8,batch_size=259,446783364,email,9844,HOLD-2025-546,4.6,m,5.961154,10.0,347.25,26881,18950,294.5,false,indefinite,128.4,High,42.2,712.19,application/pdf,Tablet,-27.185035,186.2,509.14,HR6850,1742,85929,tenant-034,24.16,29.1,john.williams,HOLD-2022-322,4405846,2022-04-17 04:48:10,35.89%,Namaste,JVM7OEN2D,9.6,elizabeth.miller,EMP17633,67672.7,JP,216.67,284.9,24719.9,approved,114,793,18.94,7132.6,"$275,762,234",17.88,67953.2,63.4,95.8869,618.3,Competitor Skyline Partners launched SmartHub X1,UTC,71297,SM4 1RE,5841.73,status != 'prod',9.27,NanoCore SDK,118
50.86,794.6,Software,49178.8,582822456,-0.2,8143303655641,4914.17,5386,7598-5425,$2b$12$wLAAYem2vTMBiVei1AYbV0u18IjZjWQ1v6bAXAvjtJMeghDbUI3q5,363.5,46.96,44.0,58.1,4464.65,9117,2019-08-11 12:00:47,96.2,25.889077,55.3,1536.2,8469898,SmartChoice,2.82%,0.5514,XML,Mr.,62.5,58.835733,11.2%,13.12,447.9,5925.5,"$139,237,782",43,76763.8,46.2,batch_size=956,230024224,type,7757,HOLD-2026-940,1.36,m,-141.970774,80.4,220.35,85387,86769,1047.3,false,7 days,16.6,Medium,6.7,96.32,application/json,Desktop,-86.242341,15.1,333.13,RF5793,5243,10056,tenant-018,82.93,20.1,oliver.jones,HOLD-2026-725,1994271,2022-03-08T19:50:36Z,87.39%,Konnichiwa,PX262I0Y1,129.1,elizabeth.martin,EMP90994,2545.5,BR,76.85,150.1,11873.2,deprecated,113,7472,48.26,4874.08,"$73,283,696",18.35,64136.6,47.0,99.0507,826.4,Competitor Skyline Partners launched CloudGuard,EST,55299,MI5 1SI,4241.77,type = 'active',6.06,CloudGuard,51
90.23,842.9,Electronics,48819.7,799019024,20.2,4741174353356,1228.18,1884,2179-4149,$2b$12$ZRKNRIABd2XxuBydNMy9bJSyPgrywv4lPkCsPpXza9G6FAsUdXyNQ,340.8,170.13,36.7,78.5,2995.22,5248,2024-08-07 19:39:39,129.1,160.269931,57.5,411.4,4409717,EcoLine,27.16%,9.8739,JSON,Dr.,99.1,14.801402,90.48%,7.84,52.5,2265.78,"$218,820,899",1,91567.0,74.6,batch_size=511,245747381,id,4944,HOLD-2026-121,2.42,gal,176.998122,117.0,938.73,79652,46132,1932.5,false,7 days,18.4,Low,42.0,120.3,text/csv,Tablet,69.635241,296.8,999.25,ST129,5147,74584,tenant-001,43.48,3.6,robert.davis,HOLD-2022-377,986322,2020-09-23T22:22:38Z,77.08%,Hola,XNZJ3UXJ2,6.3,mary.garcia,EMP31153,99557.1,CA,748.13,156.5,17797.1,stable,65,30,50.15,7094.18,"$566,488,374",45.92,64300.0,5.7,98.6112,838.76,Competitor DataCraft Inc launched DataSync 3000,PST,37417,77443,5455.48,type IN '2024',13.09,Widget Pro,4
43.01,1129.1,Clothing,6551.3,962905691,21.3,1086698190358,3566.91,3110,2565-1508,$2b$12$NYMdCKq09ANbAx6wug8nmkk7EoRgkzaezAhdMkgzFQ6nDAAOauK7f,382.7,337.19,-24.7,96.5,4465.85,8826,2018-11-27 15:46:58,226.9,-38.457831,8.0,1716.9,6442703,TechBrand,3.62%,0.4702,Avro,Ms.,12.9,176.513067,42.68%,12.01,185.1,127.87,"$492,737,876",37,51868.2,18.7,pool_size=472,871906119,type,6679,HOLD-2020-972,7.82,°F,-146.778406,124.3,619.66,48563,92751,1928.0,true,7 days,119.4,Low,1.6,959.47,application/pdf,Smart TV,-29.382405,50.6,645.84,TU6421,7614,19489,tenant-037,19.58,87.0,lucas.williams,HOLD-2020-747,835599,2026-01-08 06:32:27,87.12%,Guten Tag,TN2UCYTV1,118.3,james.jackson,EMP79762,55916.4,BR,406.85,12.4,22999.4,approved,112,5883,2.87,347.2,"$803,592,420",33.59,38012.1,12.4,98.6326,672.94,Competitor Vertex Technologies launched AuditTrail Plus,UTC,54653,18308,242.25,date > 'prod',10.73,VaultKeeper,29
48.77,1085.2,Software,36024.6,702162952,11.4,5473189905412,1213.49,2905,6780-1885,$2b$12$vblUGxxAdk99yNbhF4bYRu5kcHB3C80bFqRqPei1yR7cPhwrgzbZ2,75.8,264.01,30.3,12.8,2965.11,2769,2026-07-12T21:37:00Z,113.0,-91.362726,62.7,1169.7,5308872,ValueMax,77.09%,1.4075,XML,Prof.,0.8,-106.71684,28.7%,8.17,161.1,6851.01,"$281,946,348",67,23521.0,53.1,pool_size=41,183019352,id,9214,HOLD-2022-307,9.57,kg,-83.145826,73.7,944.75,21257,20160,1406.0,false,7 years,26.6,Low,95.9,162.02,application/xml,Smart TV,75.998292,256.6,973.92,NP8248,7218,76800,tenant-008,89.46,76.7,james.walker,HOLD-2022-888,7550838,2018-06-18 13:06:04,0.86%,Guten Tag,1J5B7XS3Z,21.0,william.anderson,EMP43898,82675.2,MX,671.29,6.7,13454.0,deprecated,23,681,21.72,4151.79,"$464,940,294",67.99,43687.5,50.2,98.2754,776.52,Competitor Beacon Analytics launched DataSync 3000,PST,21680,10416,3160.54,date IN 'active',6.03,NanoCore SDK,59
75.04,307.6,Food,4966.1,332099001,17.9,1212121404694,7987.39,862,7992-9387,$2b$12$UhFWXZ0JrNqyNjWDAXOWG2F9GU5RbK4LPTOTisMA8ZHdUJGbVnpPj,335.3,126.46,-15.4,30.2,4901.47,1071,2019-10-04 05:52:04,259.9,20.373688,14.4,410.3,7383961,ProSeries,70.05%,2.3099,Parquet,Prof.,98.2,127.270127,78.89%,12.9,203.2,8026.28,"$331,978,135",2,93359.0,61.4,pool_size=756,542050835,amount,9199,HOLD-2025-118,8.64,m,171.583751,121.6,316.02,48998,67553,1977.4,true,1 year,120.2,Low,7.3,984.45,application/json,Mobile,-59.889008,243.8,117.34,MR5769,3154,57874,tenant-026,49.88,54.9,olivia.robinson,HOLD-2025-837,8477971,2018-11-20T10:48:21Z,52.56%,Bonjour,HP72GRHL8,22.7,emma.miller,EMP40042,32025.9,MX,776.69,25.2,2034.7,stable,41,7412,48.61,4954.55,"$443,738,101",13.78,27672.3,89.2,96.0205,571.98,Competitor DataCraft Inc launched SmartHub X1,PST,51367,85932,2948.44,type < '2024',7.83,Widget Pro,48
38.05,799.1,Services,2699.1,289978324,-37.4,4837337950404,5565.97,3032,8576-2125,$2b$12$SnxCzbRbjxFH8A8HLCUBwIDPLRLrl2C9YYbXMcfecELX7H1o5fFCI,404.8,192.23,-26.5,60.2,627.78,8691,2021-04-16 16:53:33,32.0,50.687199,89.8,553.1,304312,ValueMax,45.77%,2.0677,Parquet,Ms.,60.1,168.465881,33.95%,6.06,466.8,1978.17,"$679,948,198",16,4052.8,51.5,timeout_ms=771,716887338,id,5009,HOLD-2024-502,7.15,ft,149.336406,66.4,329.86,17441,37112,1948.4,true,7 years,28.6,Negligible,31.9,537.96,application/json,Smart TV,-85.648171,66.3,263.91,WU3810,2658,86322,tenant-017,30.5,77.1,elizabeth.white,HOLD-2023-820,3373542,2026-09-09T07:08:21Z,81.09%,Konnichiwa,ILCK4I9E0,85.0,patricia.harris,EMP34978,64354.5,JP,874.53,54.6,26862.0,deprecated,37,2911,40.59,4641.46,"$687,172,429",10.34,63357.7,84.8,99.892,944.67,Competitor Pacific Research Group launched SmartHub X1,America/New_York,64031,YS6 7AQ,7788.42,date > 'prod',13.07,StreamLine ERP,60
66.57,730.0,Food,15830.5,377008967,-15.8,0554420357634,570.87,7292,6488-4000,$2b$12$Zfi5nAPr6fOxJVuu3AhJkT0AymmBqoZ7TpiftrvMfIpPnXlaBuAbu,129.7,240.11,27.7,42.4,1675.08,8020,2025-03-10 01:06:36,137.7,40.348145,42.0,389.7,4939844,EcoLine,0.09%,3.8148,XML,Hon.,50.9,-11.571644,88.5%,6.47,413.5,2434.09,"$537,720,459",116,39008.4,90.1,timeout_ms=449,534203216,status,9215,HOLD-2023-263,7.88,°C,35.499797,59.3,409.18,66515,41176,315.0,false,30 days,105.8,Negligible,1.0,150.32,image/png,Mobile,52.031444,145.4,269.84,YZ8397,8603,50980,tenant-010,51.96,88.1,lucas.thomas,HOLD-2020-805,825278,2020-06-16T20:33:00Z,29.85%,Bonjour,UY59DRTCP,124.3,mason.moore,EMP82156,79621.0,MX,794.69,203.2,38080.8,stable,29,7264,36.78,8877.05,"$944,218,776",11.11,18709.3,16.8,96.8486,631.86,Competitor TechCo Industries launched FlexPay Platform,JST,58240,13348,9779.36,date = 'prod',2.59,StreamLine ERP,44
12.18,1559.3,Software,21449.1,470785890,-4.1,0763478661877,7162.31,7979,3725-8619,$2b$12$ZpiMjUGFLNJdS4po30Y6F9okPEKnkZ2wiY8WvIJo1WCIoQQzMufRq,47.5,117.25,-28.1,8.0,8230.44,2919,2018-10-12T11:14:22Z,195.9,-106.975235,80.4,649.9,9272430,EcoLine,90.31%,4.2659,YAML,Mrs.,42.1,-36.756085,12.27%,2.14,288.8,4374.67,"$642,551,876",70,51970.5,10.2,pool_size=308,715988345,type,8459,HOLD-2026-181,6.47,°F,-155.32264,122.7,136.82,2794,41948,1855.3,false,7 years,19.3,Critical,10.0,274.63,application/xml,Mobile,-35.613127,30.9,17.05,RT9618,5547,46149,tenant-008,85.8,5.6,emily.johnson,HOLD-2020-500,7740689,2026-11-11 21:00:05,19.7%,Guten Tag,AN10W9ZE2,102.4,michael.martin,EMP95370,64355.6,DE,590.07,20.1,37790.9,needs-review,106,2548,33.06,5768.51,"$664,439,861",70.96,30041.6,62.1,99.3201,925.42,Competitor Skyline Partners launched SmartHub X1,EST,20026,VF5 5TU,9542.5,status > '2024',2.05,Widget Pro,76
36.69,964.3,Software,38280.5,252415561,-37.1,4636010996222,2193.05,7785,1796-3470,$2b$12$pOTBm4iPkEhFSHXFIolFG0Xq2qg72vdsq5Cc4ghmoGLsMm2YsY24J,208.3,12.21,-4.6,50.6,4997.45,5620,2023-11-16T12:45:05Z,24.9,6.562517,80.1,188.6,2967391,ValueMax,94.85%,1.4686,YAML,Ms.,28.7,-114.261011,63.23%,13.04,426.2,5802.36,"$753,004,604",53,58372.0,38.5,pool_size=71,063196847,email,9281,HOLD-2022-893,3.96,m,118.598082,57.8,502.05,70429,38140,909.2,true,1 year,32.6,Medium,7.6,340.66,image/png,IoT,27.907521,263.3,901.8,YK5232,442,77445,tenant-013,35.7,33.0,susan.thompson,HOLD-2022-893,2350070,2023-10-21 21:57:10,33.45%,Konnichiwa,ZB8V52CZX,62.5,aiden.anderson,EMP13186,34062.3,GB,955.38,145.1,23665.7,stable,77,2178,95.16,5761.9,"$750,013,945",21.34,38692.2,71.2,98.921,298.61,Competitor Pacific Research Group launched StreamLine ERP,America/New_York,59188,70161,8272.19,status != '2024',7.92,VaultKeeper,67
10.81,469.5,Clothing,33457.6,574947001,-0.2,8708864313127,790.69,648,9421-9978,$2b$12$VzFuFAxOHWcYqaiRnRsYa8SPHrUw3mjgkiOiY2VYLtQAsiTd0NThe,461.8,32.75,23.3,1.4,1265.5,1851,2024-12-20 17:30:22,298.1,48.507875,47.9,1658.3,5488752,EcoLine,2.51%,4.2237,CSV,Ms.,70.2,103.648302,72.79%,2.13,358.1,8462.84,"$80,825,395",28,22883.8,81.8,timeout_ms=564,916952344,name,9957,HOLD-2026-478,5.01,kg,-136.706285,116.1,401.35,30506,32504,1364.5,false,1 year,31.6,Negligible,98.5,745.77,image/png,Tablet,-37.45501,230.7,440.03,VT1493,3813,32898,tenant-008,5.03,75.9,jennifer.thomas,HOLD-2022-869,4890267,2024-07-15T20:03:50Z,5.77%,Namaste,EX70143HH,43.4,lucas.harris,EMP61069,17448.6,AU,818.67,178.4,49435.7,needs-review,64,1961,48.48,4647.98,"$680,256,950",19.07,74572.6,75.9,99.7989,423.08,Competitor Global Solutions launched AuditTrail Plus,JST,3823,WA6 4JK,9514.21,status < 'prod',8.48,Widget Pro,38
43.46,83.2,Services,48808.4,380220275,37.2,3312325333056,1150.2,4572,6476-7837,$2b$12$UyXWVcXmXSBvtlYPygN6ngUDro2RVX4xLfSJvG3mvVhD6Qf9g4fBH,91.4,234.5,30.4,4.4,3463.3,5534,2021-02-25T22:15:17Z,79.5,-75.820855,21.9,1426.6,3588704,ProSeries,99.83%,7.2015,XML,Hon.,62.5,75.653511,46.19%,10.05,181.7,2406.68,"$274,136,303",19,32481.6,54.9,pool_size=717,480903864,id,472,HOLD-2025-284,9.69,°C,-39.813079,116.2,675.55,72842,32460,634.6,false,30 days,0.5,Critical,32.2,149.34,application/xml,Mobile,61.032841,277.2,60.28,BU2684,944,18796,tenant-008,27.11,8.8,patricia.moore,HOLD-2024-394,5312483,2026-02-06T01:19:44Z,64.86%,Konnichiwa,G9SR21DQ4,21.5,emma.johnson,EMP31338,15743.2,CA,243.5,0.4,37438.4,experimental,19,2509,91.27,5110.99,"$818,471,798",0.2,51728.8,80.4,99.0461,31.37,Competitor Quantum Dynamics launched CloudGuard,UTC,76762,37168,5173.77,date = 'prod',4.31,VaultKeeper,42
60.72,1586.9,Software,44777.9,904491362,-26.6,2921400069528,4286.54,1925,5069-6824,$2b$12$riGZE41OoahW8jGvCeAhte3C8fq0Wp9SQlEytNzp1feaqOo1SCifl,311.7,263.8,28.9,72.4,2952.21,5530,2020-10-08T01:32:55Z,155.4,93.797283,59.9,1679.8,3971687,ValueMax,63.41%,9.7059,Avro,Mr.,17.4,-68.501893,81.66%,2.19,32.4,5579.63,"$386,801,614",18,84353.5,28.8,timeout_ms=799,635378295,status,7403,HOLD-2021-296,2.86,kg,-96.88352,13.0,337.54,58769,58991,1214.5,false,1 year,79.3,Low,69.9,139.08,image/png,Wearable,-54.398341,230.9,78.94,VU3929,6859,69350,tenant-037,62.97,28.2,jessica.lewis,HOLD-2022-184,6142511,2026-06-06 06:40:16,12.15%,Guten Tag,ME7M3FWQP,38.0,david.king,EMP94344,47521.5,US,811.28,111.0,27803.8,deprecated,75,4881,68.61,4818.16,"$883,417,461",27.15,52843.5,61.4,97.9129,298.99,Competitor Meridian Health launched VaultKeeper,EST,56689,94790,2728.59,type != '2024',9.31,DataSync 3000,59
63.81,123.6,Software,49370.7,260852527,7.7,9721550182795,3689.59,7917,6832-2957,$2b$12$ki2ngpqXZUxNQ2bbhwR5kmgsaOK1ZFwCVc8GrLcHkM3nU8TSnVI3v,327.1,309.81,0.7,15.1,5393.08,8091,2023-12-06T04:23:50Z,0.2,86.251613,53.0,1288.1,7468526,TechBrand,57.49%,7.948,Parquet,Mrs.,96.3,103.91799,33.57%,1.93,236.8,5468.78,"$537,966,901",98,42554.1,47.3,pool_size=803,271076191,amount,4,HOLD-2026-855,4.31,L,-120.103684,63.7,331.26,24837,38289,80.9,false,indefinite,65.3,Critical,82.0,693.35,application/xml,Mobile,-86.515832,198.8,207.29,LB941,2877,57807,tenant-032,3.08,84.5,olivia.rodriguez,HOLD-2020-598,9508216,2021-01-28 06:48:47,29.79%,Konnichiwa,M1WPXN9BL,71.1,sarah.white,EMP30409,72330.5,CA,452.2,180.0,28078.8,high-priority,67,2470,33.37,4093.7,"$419,507,649",34.59,84359.1,66.4,95.2893,255.86,Competitor TechCo Industries launched Widget Pro,PST,50392,NL3 6ZX,6072.81,date > '2024',3.4,Widget Pro,117
21.01,8.5,Services,47258.4,979188096,25.8,8707882112401,8582.27,3115,9039-5797,$2b$12$zDzsnUf6eeqiXk7arrHMZzvCy9kLlqzt3CvcK8MQJscWTOUWvlcO7,348.7,292.99,-17.6,50.4,8543.11,9675,2019-12-06T21:42:02Z,80.3,-108.451322,55.3,822.6,4594069,TechBrand,63.74%,4.8649,CSV,Hon.,32.7,138.14617,68.28%,9.53,240.8,8706.45,"$25,656,347",2,16844.3,20.0,pool_size=732,524822450,email,568,HOLD-2021-287,2.94,gal,96.910808,20.1,632.28,65394,71538,911.0,false,7 years,61.3,Low,14.1,645.79,text/html,Desktop,55.651179,211.9,644.39,XN1350,8764,70371,tenant-038,88.93,85.4,emma.anderson,HOLD-2023-401,8568827,2022-07-02 11:55:14,84.23%,Bonjour,DPY3TI6MH,18.5,oliver.martinez,EMP43654,44764.8,AU,162.47,193.3,6665.4,needs-review,73,7548,48.62,8436.51,"$901,178,566",50.47,49501.1,70.1,99.5116,363.06,Competitor Catalyst Ventures launched CloudGuard,UTC,42506,RR9 3XJ,2962.91,date IN 'active',9.72,VaultKeeper,77
24.84,586.2,Food,15343.4,064296508,-31.9,3319654307522,2719.86,8289,2856-4332,$2b$12$TxTvQ27nsvx6zUy8ULUxSuYruS8PUJKSuo7dGbwdO8dnbe3yPZ36Q,438.2,353.87,17.6,96.2,490.14,6761,2025-03-06 16:39:26,44.4,-76.804131,2.1,1613.9,1692388,ProSeries,73.86%,9.9336,YAML,Mr.,31.1,33.298231,3.24%,5.48,140.2,3745.32,"$999,238,805",93,89773.4,1.4,pool_size=267,526325676,created_at,7098,HOLD-2020-211,4.86,gal,121.963691,91.7,609.24,30471,59504,1381.3,true,1 year,93.1,Medium,35.9,566.72,application/pdf,Wearable,83.451649,58.2,864.62,DV1664,7135,35708,tenant-014,63.15,83.8,anna.rodriguez,HOLD-2024-960,7337014,2022-12-05 20:36:00,40.32%,Hola,E6NBHY2K3,68.9,amy.thompson,EMP62192,77891.0,DE,567.97,6.0,15477.9,stable,62,3872,93.73,6730.99,"$554,279,960",0.83,88810.7,70.8,95.6196,226.13,Competitor DataCraft Inc launched Widget Pro,America/New_York,94334,70680,7740.04,status = 'prod',12.89,NanoCore SDK,87
95.62,200.2,Services,26455.5,599959760,0.3,0338243834469,5244.19,8760,1883-4139,$2b$12$0F3TdkYehVVAneoRS72rUyeUUaQSXVQljFTwvnDsWO5uBd0Xev7YL,207.7,216.83,29.5,3.1,3635.39,6523,2019-08-23 18:42:23,15.6,25.446286,75.0,475.0,877601,ProSeries,73.87%,5.6036,XML,Rev.,29.4,-13.688067,63.13%,12.06,91.4,1678.33,"$74,509,783",4,45586.6,15.3,max_retries=169,798437192,created_at,2782,HOLD-2021-281,5.14,kg,-134.079762,85.6,531.13,10566,72316,1141.7,false,30 days,21.2,High,46.5,828.31,image/png,Mobile,-59.249249,166.1,701.94,VV2445,1816,85967,tenant-003,22.06,58.4,david.robinson,HOLD-2024-705,2099935,2026-04-26 19:59:24,31.79%,Guten Tag,HQBERIB0B,41.9,patricia.thompson,EMP33647,74893.4,FR,596.82,87.8,23626.4,deprecated,13,3816,41.39,3594.37,"$462,928,270",50.47,59.1,71.7,95.2891,50.19,Competitor Acme Corp launched VaultKeeper,Europe/London,25090,WN3 4HV,3527.99,status < 'active',10.71,Sentinel Monitor,19
3.7,312.2,Hardware,277.2,189376518,-34.3,5601386106674,4830.15,3849,7111-7764,$2b$12$MtntTHodxVNNYLkzBNjTNBsrtYV94Fs0pgpOB9rKpvhNlWxAz7v9D,336.1,58.78,23.5,54.4,9129.14,386,2018-01-19 17:49:37,5.6,-54.583341,45.1,4.9,8266596,ValueMax,72.73%,0.0669,XML,Mrs.,95.0,-108.101838,76.28%,6.74,52.6,4220.76,"$344,596,824",58,30693.3,58.1,pool_size=377,231663898,status,3862,HOLD-2021-118,5.73,°F,-106.277841,69.3,893.36,8624,56986,4.6,true,7 years,8.5,Low,17.4,227.78,application/xml,Tablet,-13.357624,292.0,243.12,PG448,7957,38694,tenant-025,17.16,1.0,william.wright,HOLD-2020-673,417246,2018-04-17 23:28:35,48.28%,Namaste,960Q5PI4C,11.3,emily.garcia,EMP27928,38047.7,DE,756.72,19.2,17068.9,stable,109,1807,16.93,9581.47,"$115,560,559",73.39,14139.6,19.2,95.6612,437.86,Competitor Skyline Partners launched Sentinel Monitor,CET,46263,50004,4792.49,date IN 'active',13.92,FlexPay Platform,13
63.52,87.3,Food,24992.6,577544553,16.8,5122580877635,9707.75,1472,5589-4022,$2b$12$4OhWxe8d6QJUdv1tH9tacymIlEaXi8xnZRfdGHS65izSqQCOIocVo,245.9,204.43,44.5,28.2,5934.07,9255,2024-10-02 23:14:19,47.3,147.256979,63.8,1026.6,3447040,ValueMax,9.08%,8.3645,CSV,Mr.,54.5,-44.947108,49.22%,10.48,13.2,3277.57,"$652,404,903",83,97403.6,96.5,batch_size=715,697418366,status,6420,HOLD-2022-125,2.26,°C,-15.678325,90.3,796.85,62726,3444,1315.1,false,indefinite,16.2,Medium,1.1,64.99,application/pdf,Mobile,60.491397,252.0,635.79,MG8404,3219,28037,tenant-039,40.3,37.6,emma.brown,HOLD-2020-440,6107114,2019-12-01 12:27:38,79.37%,Namaste,THUDE185E,64.1,noah.lee,EMP48476,71526.1,JP,267.29,164.1,41652.2,approved,15,4789,49.32,8416.21,"$672,526,499",84.49,39469.8,59.3,99.6743,461.94,Competitor Meridian Health launched SmartHub X1,JST,22324,UK1 8GI,1069.51,date != '2024',10.8,AuditTrail Plus,66
75.0,1730.2,Clothing,27366.4,850155557,11.8,1606340996804,7990.85,6342,6709-8909,$2b$12$Hc9HKZ0w9ZMKyw1wMQBnsIsTBsNIgOxAJvRS5YqmeLuMShdiUtAf1,446.4,55.16,-3.4,74.3,4870.68,3445,2024-01-07T11:18:29Z,49.9,-72.98607,1.3,715.9,4928740,ValueMax,73.46%,6.4075,XML,Ms.,27.5,139.649773,46.35%,10.29,397.0,1074.69,"$396,789,274",47,92026.9,86.9,timeout_ms=523,039008285,email,4774,HOLD-2025-118,5.69,°F,85.381278,38.8,987.54,5715,68247,149.7,false,7 years,98.4,Negligible,28.7,92.57,text/html,IoT,1.589548,236.8,984.55,PX2299,433,69936,tenant-015,40.23,65.9,patricia.walker,HOLD-2023-828,599979,2022-05-24T21:55:52Z,75.49%,Namaste,NKL91GHDD,94.0,anna.moore,EMP16362,10589.6,BR,930.77,33.3,9022.6,experimental,69,907,81.41,6247.69,"$670,977,884",34.43,3830.7,98.1,99.4793,983.09,Competitor Beacon Analytics launched CloudGuard,CET,82827,NW4 5AF,3008.48,date != 'prod',7.03,DataSync 3000,55
68.25,1270.1,Electronics,20947.2,658687081,6.1,5310421487958,7053.08,6073,6464-8350,$2b$12$Ho4QYockyFRaPkJ54AaXuADbjRHjRzIMhdegqTWKeCA9M7AgYYZQP,60.6,137.24,-2.8,64.0,3589.59,4777,2019-10-01T08:31:19Z,160.1,-136.735063,49.8,1500.8,4608340,ValueMax,74.63%,3.9754,Avro,Ms.,31.1,-102.435258,27.76%,3.09,197.9,2225.2,"$351,240,390",25,93388.4,70.4,timeout_ms=882,542899334,id,779,HOLD-2026-801,2.22,lb,74.936333,101.1,685.09,55513,89889,45.9,false,7 days,112.0,Negligible,6.5,254.69,application/json,Desktop,-62.542114,228.4,702.79,LU1078,652,61492,tenant-019,52.24,55.6,susan.anderson,HOLD-2026-925,4127543,2024-10-08T15:36:22Z,32.77%,Hola,8TJ2B08W5,114.8,mary.davis,EMP40140,18961.8,GB,862.42,137.1,26620.2,experimental,41,2897,21.89,8956.37,"$809,221,257",91.37,61818.8,61.5,97.7892,394.62,Competitor Alpine Systems launched StreamLine ERP,CET,57006,YM7 5XL,7078.57,type IN 'prod',9.24,Sentinel Monitor,17
91.72,1635.0,Services,4747.3,509635222,-18.9,6427440662832,8198.21,6348,6643-9617,$2b$12$O4sUZnrQ8DyX7gIz18FT3bWVgmqJNj92g0G5Fmg8QvaAUjoUIlhIM,56.4,202.16,-17.1,33.4,158.54,4669,2024-06-10 17:49:27,244.5,-167.993657,98.1,430.3,9982043,SmartChoice,49.75%,8.8152,JSON,Mr.,29.2,-101.405794,40.85%,9.61,156.8,9697.42,"$218,465,778",110,17018.1,71.2,timeout_ms=965,097237626,status,5203,HOLD-2023-465,2.31,gal,-39.299971,95.5,586.15,21501,43916,1352.2,false,7 years,35.1,Critical,51.3,459.98,image/png,Mobile,-59.324128,62.3,931.15,EC3561,4701,62019,tenant-032,11.11,91.8,michael.lewis,HOLD-2022-923,7313369,2020-01-16 21:31:30,99.99%,Bonjour,S7OHYTMDM,61.7,liam.taylor,EMP71831,58146.0,CA,351.36,232.7,11592.0,needs-review,23,6832,63.96,6250.58,"$61,029,641",17.57,71926.3,20.6,96.0673,338.88,Competitor Alpine Systems launched VaultKeeper,PST,99122,82589,1529.27,date < 'active',1.24,StreamLine ERP,46
30.06,685.5,Hardware,9029.2,593754797,-27.5,8168369967029,4637.85,8179,1072-1780,$2b$12$MpJhiz3IiyqEMV2upthX8yko04ZZ8W7sRXUmFg8vr1HaIKZxMBwlN,58.8,228.86,-33.8,72.9,199.08,5399,2019-01-21T08:10:03Z,34.9,170.499551,73.8,1235.6,8550329,ValueMax,63.17%,6.4864,Parquet,Dr.,93.0,10.223154,20.35%,11.1,192.3,6457.64,"$195,313,635",120,54981.1,20.3,max_retries=123,645877598,status,1847,HOLD-2023-725,6.28,°C,-87.439775,108.7,922.67,72891,16259,1521.8,false,30 days,71.1,Low,5.8,923.02,text/html,IoT,-67.942385,70.7,359.81,SG3880,8119,29044,tenant-007,57.48,67.4,patricia.young,HOLD-2024-831,958637,2024-08-22T11:37:14Z,23.53%,Konnichiwa,3SARI0L56,79.6,john.garcia,EMP15078,76928.6,FR,855.99,107.0,35149.2,approved,44,4238,28.31,7975.15,"$760,001,805",3.34,72382.0,30.9,99.185,458.48,Competitor Acme Corp launched CloudGuard,America/New_York,89619,JD5 5JG,2353.07,status < 'prod',10.72,NanoCore SDK,96
9.75,1237.8,Hardware,49151.5,774080345,6.7,7368780251330,381.42,5895,8393-3610,$2b$12$RlA0170fcqsSeRU9Dd3Lcfj59ZP36wXvh5MDlGwK567Q0yL8GfLW7,337.5,234.17,-30.5,28.3,5491.12,5529,2022-05-24T23:35:47Z,163.5,-157.324669,63.7,1503.4,9036749,ProSeries,68.11%,3.6279,JSON,Prof.,47.5,112.914485,86.82%,3.56,341.4,2179.74,"$776,795,517",107,32643.3,49.4,max_retries=86,577699115,name,7618,HOLD-2023-962,2.76,°F,25.128871,15.3,810.27,17373,8403,1379.2,false,7 days,4.3,Negligible,20.8,194.61,application/pdf,Wearable,-14.078166,147.1,423.5,NC4050,7065,73750,tenant-020,50.23,30.1,mason.garcia,HOLD-2022-367,7956763,2024-06-19 05:47:50,15.02%,Bonjour,XJ7WUUU6O,74.0,elizabeth.martinez,EMP63937,1689.7,BR,522.24,254.6,46010.3,deprecated,54,6129,67.19,1397.47,"$827,125,217",58.36,20715.0,89.2,95.4698,962.18,Competitor Catalyst Ventures launched SmartHub X1,CET,97204,17969,5997.71,date != '2024',13.93,FlexPay Platform,115
82.66,1217.9,Services,31006.2,918473684,47.7,3190264928004,9173.02,8243,2497-6594,$2b$12$W03HR0jXyBopXre8isqaN3b0ofTEZl258dHe8CbT9XXfVTReOANIy,12.9,44.58,24.5,71.0,981.63,167,2021-05-09T00:33:53Z,220.3,109.556278,72.3,1011.1,7572356,ProSeries,27.19%,1.5166,XML,Mrs.,26.7,74.680064,65.58%,8.41,447.1,3293.01,"$297,348,484",41,96670.2,30.4,pool_size=741,282567596,amount,4405,HOLD-2025-977,7.03,lb,-4.821524,42.1,779.35,40773,9812,937.6,false,7 years,52.6,Critical,11.0,263.21,application/xml,Tablet,23.809425,118.2,114.43,SL7214,7378,66758,tenant-038,37.89,93.8,lucas.johnson,HOLD-2024-152,7770195,2023-09-27T15:26:35Z,95.24%,Konnichiwa,IF2A3D0FX,46.7,lucas.young,EMP69952,3522.0,CA,431.9,99.7,42231.6,needs-review,2,2941,36.73,4728.53,"$347,995,704",54.68,98222.4,42.6,97.7957,733.37,Competitor Alpine Systems launched Sentinel Monitor,Europe/London,81107,DY4 4SP,7063.21,status IN '2024',1.82,DataSync 3000,26
3.06,286.7,Hardware,32542.8,802055387,1.9,5533327823794,1720.37,4724,3118-3079,$2b$12$r7jeygxBtpCb9Ror1YnmQVpMgrODazbphSFOf4eylOoBLcsoCouLR,168.3,284.84,-17.1,80.3,8676.75,5568,2018-01-06 05:58:28,101.6,121.554101,87.8,843.2,8056600,TechBrand,74.5%,1.1945,Parquet,Rev.,79.3,99.177287,92.84%,3.62,234.8,6628.46,"$134,109,987",8,30323.3,7.7,pool_size=88,018456717,name,9615,HOLD-2023-713,7.21,ft,121.513784,124.8,17.88,21368,33242,1407.9,true,30 days,72.9,Low,51.5,978.35,text/csv,Wearable,3.714125,130.3,591.14,MK4387,5748,52500,tenant-016,21.59,28.3,mary.moore,HOLD-2025-235,7671808,2019-11-15T10:37:06Z,26.62%,Hola,BZRQVE03L,43.7,logan.davis,EMP24992,37167.1,CA,235.47,74.4,44483.7,experimental,15,7460,43.14,8648.01,"$408,203,050",89.38,82815.1,4.2,96.7971,659.17,Competitor Global Solutions launched CloudGuard,America/New_York,32499,AT5 4VI,5937.88,date = 'active',11.72,DataSync 3000,45
48.43,1925.0,Software,43833.2,396202497,25.9,6539508474929,3969.47,2437,9828-6222,$2b$12$4PKg2Tizw6RUvxYOwlHX4HDtNHpxGG3Ps2d4Gk6qUvDcbu7UIzBl6,362.7,263.29,-38.7,68.6,8745.35,7684,2020-08-02T06:31:37Z,54.9,142.767506,96.2,1659.3,3607319,EcoLine,56.9%,3.8092,Parquet,Mr.,28.7,95.623621,92.18%,5.08,289.7,5729.78,"$269,090,935",117,55464.3,26.2,timeout_ms=155,989889806,amount,2412,HOLD-2023-394,1.99,gal,27.535111,127.7,410.52,574,44810,337.6,false,indefinite,108.4,Critical,24.7,316.46,text/csv,Desktop,-70.349739,121.0,265.79,SV1195,4992,52474,tenant-040,19.0,97.0,oliver.johnson,HOLD-2023-962,7191418,2019-12-14 15:30:19,19.7%,Guten Tag,P6MUI1S44,122.7,mary.robinson,EMP12066,90786.0,AU,631.98,95.9,44842.8,needs-review,3,4908,91.72,2850.04,"$404,606,145",76.5,6013.3,70.7,96.8964,841.77,Competitor Skyline Partners launched FlexPay Platform,America/New_York,55818,TE9 9RH,6867.96,status = '2024',7.05,Widget Pro,33
75.44,739.1,Hardware,11423.1,655226131,-28.5,4830122935418,6030.69,4217,8500-1956,$2b$12$2iql9Lq4rud3Tp2bzLZL9o1d1YXihjmHk0E6IicSgXltXwiDNploc,218.5,69.8,-10.7,16.5,5715.35,3595,2018-11-24 21:21:45,120.3,129.538946,53.7,405.2,8230402,ProSeries,51.28%,2.8632,JSON,Mr.,40.2,-151.331441,78.05%,13.39,55.2,4116.32,"$749,659,386",97,14642.5,56.9,max_retries=185,560018895,type,413,HOLD-2020-461,0.44,m,42.376237,54.2,302.05,56365,81662,104.3,false,30 days,63.7,Medium,10.5,439.28,application/xml,Wearable,22.918097,60.6,985.88,YE7615,953,12847,tenant-007,92.11,36.7,liam.robinson,HOLD-2022-344,3649894,2026-11-27 16:47:51,76.75%,Namaste,FOWNQR9VO,21.3,sophia.walker,EMP72940,64661.7,CA,9.17,69.8,40388.1,experimental,115,-35,82.09,3434.94,"$106,088,380",68.0,3860.1,68.9,96.6643,102.41,Competitor Global Solutions launched StreamLine ERP,PST,32882,24409,5797.12,date != 'prod',13.98,AuditTrail Plus,54
62.43,1697.2,Software,41664.5,372718547,33.9,9871809033448,8825.92,7463,5307-9103,$2b$12$ImRWIlrYWIV0O7LwKGTpMLXr8cvhJV1sUj5h8XNhFkaHYBchmD0ft,62.3,75.22,31.6,95.1,848.55,8441,2025-11-12 01:49:48,267.4,-87.0882,63.2,222.7,7029978,ProSeries,27.28%,9.098,Parquet,Ms.,77.1,-75.671879,69.24%,3.73,334.9,6095.57,"$618,154,285",5,53112.6,10.7,timeout_ms=849,044357774,created_at,9622,HOLD-2025-391,4.88,kg,2.635208,40.1,152.17,9247,3580,875.2,false,indefinite,106.0,Critical,56.4,901.15,text/csv,Mobile,37.197894,186.4,682.09,AS7032,7644,79930,tenant-036,10.67,94.8,oliver.walker,HOLD-2022-933,899897,2018-02-27 13:30:04,27.78%,Konnichiwa,4KM6T0BYJ,116.8,robert.jones,EMP34208,40787.5,CA,97.08,192.6,32610.9,needs-review,0,6415,28.34,2312.95,"$715,323,435",2.5,29256.6,82.5,97.3387,255.43,Competitor Beacon Analytics launched VaultKeeper,CET,95620,78430,8600.68,date > '2024',11.33,FlexPay Platform,3
1.77,453.6,Software,22507.3,079564409,11.9,2547834678502,7356.93,7877,2900-5863,$2b$12$Q9BfvT3UzBnynx72gLUIhzsyY53bgPN9Ti84d5ddsXq9mKsP93awt,449.3,153.64,12.8,24.9,9091.12,3656,2018-03-03T14:12:20Z,263.3,-9.11284,68.8,1054.7,3216563,ProSeries,98.34%,9.7983,XML,Mr.,91.2,-123.283466,29.96%,3.98,81.2,8704.89,"$767,562,829",78,43909.6,91.1,timeout_ms=566,311095759,created_at,3433,HOLD-2022-269,8.42,°F,158.305475,9.1,620.19,77412,10185,930.7,false,30 days,82.6,High,99.1,138.93,image/png,Tablet,43.814345,54.7,977.3,XC3558,5052,445,tenant-025,26.51,19.6,lucas.jackson,HOLD-2026-493,1125435,2020-06-17T18:46:41Z,63.88%,Konnichiwa,TCNLHQJJ9,120.9,ethan.jones,EMP20259,19954.4,FR,63.29,176.6,18857.9,needs-review,27,2953,29.93,5434.6,"$91,912,104",13.5,33754.6,4.5,99.685,716.83,Competitor Pacific Research Group launched FlexPay Platform,UTC,25921,57036,4957.83,date IN '2024',5.17,FlexPay Platform,72
99.33,1186.7,Software,31207.9,133604900,9.1,7231450704587,4349.97,6865,5544-1486,$2b$12$o8KkERPs3ohX3Tc0qCLbxH42Uq4iWbfmvedsriAkYglbie2ufQjhl,148.7,298.26,18.3,29.4,6132.93,7613,2022-11-09T11:34:30Z,164.1,120.709293,33.0,1705.8,2205248,ProSeries,46.52%,1.576,Avro,Ms.,75.3,-131.626914,98.67%,0.58,267.2,470.18,"$300,774,707",40,55080.7,19.6,batch_size=713,907757295,type,6457,HOLD-2022-391,6.84,lb,-15.412754,102.9,302.62,69872,19825,69.9,true,1 year,47.9,Negligible,82.4,210.53,application/xml,Smart TV,72.348364,34.6,95.86,CC6188,3082,14753,tenant-030,90.99,76.4,john.brown,HOLD-2021-446,198340,2025-06-17T00:21:16Z,73.91%,Hola,BBV2WU035,1.0,ethan.jones,EMP27020,61333.5,IN,962.67,102.6,2302.6,approved,97,4506,69.86,5929.1,"$2,724,336",89.47,62712.3,98.1,99.918,727.8,Competitor Pacific Research Group launched AuditTrail Plus,JST,40554,57569,4502.78,type = 'prod',11.48,FlexPay Platform,42
54.61,363.1,Services,41453.6,959915939,20.0,6261280889357,6215.77,7724,7035-2268,$2b$12$yBRAsvWHHE29gndtTGeB3ewH7kHYe6NUwFcid8sAYgKLxxGgkwv4I,179.5,38.46,10.5,76.2,678.07,2928,2019-08-08 11:02:19,91.8,156.279599,52.8,1392.3,9088424,ProSeries,63.87%,6.4519,Parquet,Hon.,40.0,-177.932372,82.5%,11.54,282.7,6201.38,"$239,045,650",71,33037.8,46.3,pool_size=31,078199833,status,7377,HOLD-2021-771,5.28,°F,-118.307283,90.4,138.81,82015,19422,1897.9,true,7 days,20.9,Low,83.3,577.82,text/csv,Desktop,55.761194,62.3,931.96,LI2593,2490,33278,tenant-002,60.43,67.9,linda.king,HOLD-2021-521,5753751,2024-12-10T18:56:10Z,11.17%,Hola,5RWF8UD1S,90.1,ethan.martinez,EMP54693,29350.1,FR,521.33,232.6,37418.0,approved,63,2191,78.11,1476.29,"$484,725,473",37.74,88618.3,59.6,98.917,360.5,Competitor Pioneer Software launched NanoCore SDK,CET,831,45972,5583.26,type != 'active',5.22,FlexPay Platform,45
96.63,830.6,Services,36213.9,652615435,7.3,6743497099810,4708.09,6934,5169-7722,$2b$12$og5Q0U5H3NuuilRbj5rlkJKqoX98h4OB8mtz3Xcjl0C9qZB7BFbiI,265.0,119.75,26.5,30.2,9019.65,4835,2023-04-24T23:12:31Z,129.0,-86.555559,60.3,1137.9,3652306,SmartChoice,19.24%,2.1759,XML,Mr.,47.3,-172.393693,88.69%,3.44,426.7,7197.04,"$618,467,678",18,42807.1,89.2,batch_size=333,201292461,status,4708,HOLD-2020-566,7.8,°C,-36.098272,25.1,481.28,36944,2510,1035.4,false,7 days,43.8,High,30.6,883.68,text/csv,Tablet,87.227663,47.1,476.85,CC6314,6285,53878,tenant-011,75.41,47.2,david.harris,HOLD-2022-395,7075604,2019-06-28 06:28:33,60.29%,Konnichiwa,AG8VOCWEB,42.1,anna.anderson,EMP16975,17285.2,FR,917.0,296.7,15111.2,approved,94,8255,65.81,6808.42,"$369,718,659",70.79,8800.5,99.0,99.7597,436.72,Competitor Vertex Technologies launched AuditTrail Plus,CET,96057,TD5 6FL,5976.48,date IN '2024',4.7,DataSync 3000,113
52.57,1736.9,Electronics,39840.7,132284393,48.7,6236797978553,8753.1,1946,3369-3151,$2b$12$VyFBSZQlkgzH1fGGS1y6iEua6YkHbtHNQS9htJXjQlMMGzjmU22Ta,150.1,299.27,17.1,89.4,7408.61,2379,2023-08-20T22:55:06Z,7.0,-100.741303,75.9,1976.6,7193178,TechBrand,22.71%,7.1797,YAML,Ms.,39.5,-136.917451,9.87%,12.65,223.9,1258.01,"$191,505,514",17,57487.5,44.2,pool_size=294,567833803,type,8383,HOLD-2024-264,2.48,ft,-34.633836,92.5,712.43,78876,93108,1562.5,true,30 days,36.4,Critical,76.5,623.75,text/html,Tablet,14.280225,237.7,321.97,AK1459,5062,35499,tenant-033,75.86,2.1,logan.wright,HOLD-2020-392,9729939,2021-01-21T08:31:48Z,62.05%,Hola,ZW61UB5UE,70.4,linda.moore,EMP45010,6986.6,CA,587.55,184.4,10801.2,stable,111,7558,83.78,9817.65,"$256,803,613",16.04,25403.1,13.0,99.6952,248.6,Competitor Global Solutions launched StreamLine ERP,CET,82033,44506,9043.78,date = 'prod',9.41,Widget Pro,50
0.0,89.9,Electronics,39484.0,664654411,-14.8,7090341178736,6882.03,8162,4948-9573,$2b$12$UT9F8M9T49uBNxso9x6C2IfAqqu5VZ1VNqjKdSW9COXD9WM3tbIvz,21.5,114.09,44.4,95.4,2960.32,70,2024-10-01 05:07:42,127.6,15.351725,87.4,1036.1,154912,TechBrand,24.68%,2.9376,XML,Mrs.,94.5,86.194048,22.47%,2.34,269.8,8988.1,"$895,525,145",105,96459.1,15.9,pool_size=822,590427515,amount,2489,HOLD-2023-589,7.56,°C,-155.708866,42.7,394.2,3010,85280,363.3,false,7 years,56.7,Critical,2.9,226.85,application/json,Smart TV,-85.673442,259.4,142.7,PB3240,4932,25928,tenant-024,59.22,17.6,linda.rodriguez,HOLD-2022-766,9873843,2019-05-28 22:26:32,54.46%,Konnichiwa,28RIWPJB0,79.8,patricia.miller,EMP81853,74394.9,GB,654.92,231.7,40201.3,needs-review,79,8719,99.55,7107.3,"$989,170,854",58.04,2440.9,29.9,95.6445,241.86,Competitor Pioneer Software launched DataSync 3000,PST,42248,67570,5459.33,status > 'active',9.08,CloudGuard,19
72.03,339.9,Food,44964.7,471137170,-39.8,1923617722465,1101.76,3608,4901-5354,$2b$12$iyDpymQOUqbDebkHX0CbxPjyeYiI2WPxGz6C0xf51GnISJLwsEdTM,257.1,45.44,22.7,48.8,8995.89,8472,2018-01-17T18:41:49Z,114.8,-107.125534,17.6,1098.1,2015967,EcoLine,12.87%,9.3629,YAML,Ms.,16.9,131.920679,57.97%,8.05,256.6,4853.94,"$810,610,820",36,21683.1,0.2,batch_size=106,111782326,created_at,8385,HOLD-2026-171,5.54,kg,-133.488669,101.3,403.24,31958,12206,239.2,false,30 days,28.2,High,80.4,984.89,text/csv,Mobile,-30.771136,56.6,647.15,ZT581,8829,36463,tenant-028,50.16,5.1,linda.wright,HOLD-2026-979,5446904,2019-06-06T04:57:04Z,74.89%,Guten Tag,5F9NRINLZ,111.9,william.smith,EMP67069,82488.9,JP,702.81,32.0,47139.4,experimental,40,8613,83.62,5440.35,"$537,949,398",90.79,31560.0,28.7,98.9659,30.18,Competitor Alpine Systems launched CloudGuard,America/New_York,31264,31547,6811.67,status < '2024',5.05,SmartHub X1,104
1.83,1379.5,Software,29371.8,909184698,39.5,0578898934683,8891.38,3265,5651-3801,$2b$12$YaaPGqLAcB0HfpIDKCYmUwnaFo08sG8Eh9hGj5nnLiZt3UaW9mYfe,35.6,126.09,-30.3,68.0,9351.52,6984,2021-12-04 18:12:19,283.1,-46.568778,31.2,1051.6,8809575,TechBrand,69.16%,2.4419,Avro,Mrs.,93.5,58.942273,87.53%,1.7,393.6,739.19,"$516,969,075",13,38759.2,56.9,timeout_ms=434,029874663,amount,2374,HOLD-2025-315,2.55,°F,165.034159,128.0,198.42,16077,57071,1709.7,false,1 year,41.7,Negligible,43.2,635.02,application/xml,Wearable,-81.295528,172.3,120.93,GP5702,2625,39090,tenant-049,48.1,29.6,harper.smith,HOLD-2025-911,4021672,2021-03-13T22:55:37Z,35.14%,Hola,2FBBSQGL7,99.2,emma.anderson,EMP65067,27305.7,DE,640.3,157.2,16073.4,high-priority,98,2160,12.45,3922.63,"$639,627,500",32.04,15423.7,7.3,96.9803,410.93,Competitor Meridian Health launched StreamLine ERP,JST,64436,75735,9696.69,status IN 'prod',11.37,DataSync 3000,68
17.49,698.2,Clothing,33899.8,874940274,31.9,7022230259792,679.61,7244,4104-5791,$2b$12$OjCaQgUx2VAHdCwyzrdpus9w07QUeV5BDwY75qMXTnbsUPL2qKUax,274.8,4.29,10.2,25.7,8129.69,2055,2021-03-17T23:16:11Z,121.3,88.300625,87.6,909.8,436091,SmartChoice,98.69%,3.4993,CSV,Mrs.,65.6,-147.646339,86.69%,10.32,209.7,9415.57,"$576,711,122",119,18681.4,18.8,batch_size=135,410225369,name,9253,HOLD-2023-447,4.12,°C,50.150348,112.9,593.18,84965,18608,1130.0,false,indefinite,7.4,Medium,77.5,529.03,application/xml,IoT,-48.752775,250.4,743.94,KE1899,8561,84061,tenant-029,48.87,77.9,amy.wright,HOLD-2026-768,5085320,2022-12-02T05:09:23Z,99.5%,Namaste,7A07IXRX3,105.7,emma.white,EMP35607,57915.3,BR,446.82,273.3,40064.3,deprecated,55,6277,18.76,538.61,"$524,817,483",94.91,6423.8,84.0,98.7666,479.31,Competitor Meridian Health launched DataSync 3000,CET,97128,75878,2075.76,date < 'prod',10.23,Sentinel Monitor,14
58.3,1486.2,Food,1844.6,418856117,49.8,1707066493954,6915.54,4451,3032-3452,$2b$12$gqV4cPuMRtgEygxQv6iEl1jxJfE5ufv1y9DW9YxLVIeaZlRCjuNis,404.8,249.92,15.9,25.7,1659.32,611,2024-08-20 05:48:31,142.2,-3.779061,22.8,1688.5,7244862,EcoLine,0.67%,0.3847,YAML,Prof.,79.9,-162.813266,31.02%,4.44,271.7,8991.73,"$17,534,190",102,15342.1,23.1,max_retries=915,882258597,id,8604,HOLD-2024-566,7.99,m,-44.124664,113.6,17.83,25495,67221,95.7,false,7 years,77.0,High,94.9,641.55,application/xml,Smart TV,0.376235,296.6,434.06,FD9900,1670,22795,tenant-004,38.7,61.1,lucas.wright,HOLD-2025-316,9995085,2024-10-13 02:47:10,37.59%,Guten Tag,ARQDHU6CH,4.4,lucas.king,EMP20595,42434.1,GB,568.61,159.3,39039.8,stable,36,4329,74.16,5188.96,"$12,233,288",43.41,67051.2,58.2,99.4346,284.1,Competitor Catalyst Ventures launched AuditTrail Plus,EST,2907,58515,7158.78,type > 'prod',0.94,Widget Pro,50
67.54,1168.4,Food,17495.8,375332231,-29.8,2290067262960,8038.39,6460,9092-8436,$2b$12$xtJrYLvrcphaYscdR0SYvAA2asGbHCZerOSLYAsv9YHuZv55R3lR5,115.3,206.17,49.9,24.5,3570.93,3472,2021-01-26 09:05:12,235.0,126.164646,36.0,1945.4,7874027,ValueMax,51.41%,0.5159,Parquet,Mrs.,82.6,130.297073,90.67%,13.73,440.6,5035.2,"$766,802,045",66,34660.7,81.1,timeout_ms=435,764193120,name,5735,HOLD-2025-891,7.08,m,111.553429,82.5,189.5,82377,77573,1850.9,true,30 days,40.8,Medium,86.6,848.99,application/pdf,Mobile,-56.347535,268.2,37.43,HV2020,663,52862,tenant-003,38.3,65.8,liam.jackson,HOLD-2020-613,5338388,2018-05-12T00:00:53Z,37.69%,Konnichiwa,P7LRR2XTK,57.8,emma.jackson,EMP32613,23934.3,IN,602.54,167.0,10256.8,approved,103,8624,44.94,5180.22,"$254,627,777",22.13,83678.8,67.2,95.9765,247.22,Competitor Skyline Partners launched FlexPay Platform,CET,82108,LG4 4ME,5860.42,date IN 'active',1.74,VaultKeeper,87
94.16,412.7,Software,15075.4,697486311,-8.0,8103648711742,6464.82,8539,4301-1425,$2b$12$kAGXTZLNKC7Tra2EwwTRPcYO6VZLY9vENuin62HzawnihAdvzvdnH,73.3,159.04,-30.3,27.6,6581.48,2418,2026-09-27 20:08:00,45.4,146.293167,26.8,915.9,8850801,SmartChoice,28.48%,9.876,CSV,Dr.,76.9,-36.324424,1.14%,4.0,35.7,1129.21,"$238,353,489",76,17592.2,39.1,max_retries=720,315679416,name,3439,HOLD-2022-681,3.19,m,30.808925,36.9,630.08,360,56372,1005.5,false,7 years,58.3,Negligible,73.3,327.72,text/html,Tablet,-63.144744,153.9,371.97,AZ5630,7163,14905,tenant-015,56.36,42.2,elizabeth.brown,HOLD-2026-785,3149992,2018-06-10T21:29:07Z,7.23%,Bonjour,5FBJBZ93B,80.2,patricia.robinson,EMP40927,85797.0,IN,539.48,34.4,3707.0,stable,36,6325,27.16,5205.31,"$33,853,329",93.66,30107.3,16.9,98.9004,67.34,Competitor Alpine Systems launched AuditTrail Plus,CET,88673,90717,1931.1,type != '2024',1.5,SmartHub X1,58
28.61,1275.9,Electronics,36791.7,386672108,40.7,7690863848280,2802.78,5899,5882-4791,$2b$12$cn0xakwDr0Zxc4pbvpyHUOHzjbyFfg1U5ZUckIccUstZsMaQxQAZ4,274.4,168.38,24.7,29.0,6588.99,4917,2024-02-14T03:18:44Z,62.3,-97.519235,0.8,857.5,1786254,ValueMax,36.65%,9.7068,YAML,Prof.,27.1,-30.912671,47.44%,3.41,97.3,4451.84,"$245,892,179",60,80805.0,93.0,timeout_ms=235,891520576,name,151,HOLD-2023-937,0.54,°F,98.837487,45.3,307.57,10623,85750,47.9,false,30 days,106.1,Negligible,35.5,759.55,image/png,Tablet,6.541996,298.4,188.58,BX7813,3158,28176,tenant-045,36.0,32.0,jessica.clark,HOLD-2022-864,1387800,2025-07-10T20:55:23Z,15.61%,Bonjour,VJFN99N6R,2.0,liam.williams,EMP77017,76808.4,AU,738.16,190.0,31417.1,needs-review,67,2473,67.58,1438.89,"$206,017,589",24.9,9837.9,46.8,97.8465,469.33,Competitor TechCo Industries launched DataSync 3000,EST,48411,68037,3271.58,date < 'prod',13.74,FlexPay Platform,117
76.21,1591.2,Clothing,24839.9,984170214,-38.0,9877160451843,3954.26,370,5212-2349,$2b$12$TSTlFHqLSE44ht4I7vogBQw1XkGZ2gTbZOVGg0nxB6Tt3m3ZpHUbM,417.5,117.53,-3.8,67.3,7199.4,1673,2018-10-15T10:49:32Z,89.7,-86.138193,40.6,766.5,5158486,EcoLine,25.96%,9.8121,Avro,Dr.,65.0,136.205196,15.78%,1.19,129.8,8766.68,"$648,620,167",48,61181.4,5.0,batch_size=330,510960962,id,4199,HOLD-2026-447,3.28,ft,92.396012,76.1,296.64,82243,7150,185.7,false,1 year,29.1,Critical,82.3,91.13,application/pdf,Mobile,3.713129,195.0,91.56,MT137,8350,72474,tenant-004,43.16,10.2,harper.king,HOLD-2025-920,4960696,2024-11-11 03:35:30,62.49%,Guten Tag,U499WVMNK,31.8,aiden.young,EMP99691,83277.4,MX,848.09,85.2,22540.6,deprecated,33,677,91.12,9654.69,"$108,941,884",30.28,14067.2,85.1,96.4515,114.96,Competitor Beacon Analytics launched DataSync 3000,Europe/London,79650,62740,6393.53,status != 'prod',9.66,Widget Pro,106
35.31,522.4,Food,47838.6,888732221,-20.9,1354598102686,7748.03,2537,4729-7993,$2b$12$IzyeFwS2d0VE1Wb1rUiTMTK1VaaAZ5c5hCvrptLVWthQhOPfQ7Eje,168.4,227.68,-27.1,43.0,9309.18,5166,2020-02-08 17:18:37,34.6,151.503418,39.7,1833.8,4435851,ValueMax,47.96%,3.3468,XML,Mrs.,40.7,-84.312786,1.6%,2.45,262.6,673.21,"$135,261,280",47,23139.8,43.7,timeout_ms=693,316958202,created_at,7479,HOLD-2022-978,2.66,kg,-26.421239,105.5,198.1,35529,65496,1593.8,false,7 days,32.7,Low,12.1,80.63,image/png,Smart TV,8.102229,276.8,849.31,JV5132,625,35973,tenant-041,55.96,77.7,olivia.taylor,HOLD-2025-238,1533852,2025-06-15 16:54:09,66.51%,Hola,O0472J0GT,46.1,aiden.robinson,EMP96897,35154.7,BR,573.0,207.6,37337.4,deprecated,55,4905,9.51,695.23,"$650,912,653",8.66,76095.0,58.1,95.9489,307.33,Competitor Meridian Health launched FlexPay Platform,America/New_York,47265,38968,9673.97,date = 'active',10.46,FlexPay Platform,16
26.42,1955.6,Clothing,37319.7,015073619,-16.5,9909304313542,8954.51,7486,4733-7011,$2b$12$fWOpYw8h5y1yKpeTJnV2n8PHU5kO1pvC20N1EBuYbtcDScbbWrhGI,294.3,62.86,-8.4,6.6,4827.0,7275,2023-06-21T02:00:43Z,273.1,144.856897,41.5,1827.8,9649149,ValueMax,1.26%,2.3666,XML,Mr.,34.0,41.808048,80.18%,13.25,96.2,6874.84,"$88,815,001",13,46573.9,26.4,pool_size=573,159384615,type,9186,HOLD-2024-557,8.34,L,-57.675889,56.4,795.98,51050,98802,654.3,false,7 days,46.3,Low,66.3,280.6,image/png,Wearable,-76.991733,275.6,707.12,HS4714,4323,5396,tenant-002,80.03,26.2,michael.jones,HOLD-2021-465,438304,2021-01-16 00:09:31,66.14%,Bonjour,WQPQWQRLV,34.6,emily.jackson,EMP54364,94180.1,JP,818.03,36.4,45002.0,stable,97,5855,15.95,2567.23,"$902,672,803",72.95,51840.2,36.7,98.5761,969.58,Competitor Quantum Dynamics launched SmartHub X1,America/New_York,90946,43783,6721.48,status > '2024',8.85,DataSync 3000,34
47.82,590.0,Hardware,5628.9,514303528,48.5,6443493356738,124.22,3369,2813-2483,$2b$12$d95Y67tDey89nhQWdLu1LBLRjBPk4I4rb7KDW5IGgucz1f3uBAr2i,12.8,50.77,1.2,68.7,3828.4,5446,2021-11-18 01:08:11,95.0,6.987164,71.4,1173.5,5282665,TechBrand,52.06%,7.0628,JSON,Rev.,19.7,-112.137654,0.04%,3.96,282.4,2102.94,"$662,410,592",3,97770.4,33.8,timeout_ms=996,164110802,amount,4390,HOLD-2023-485,8.07,°F,-70.727122,66.5,945.5,43692,1444,1418.4,false,7 years,123.6,Critical,71.3,636.81,text/csv,Mobile,-13.958964,94.2,990.48,WT1267,4219,65068,tenant-046,11.26,93.3,richard.lewis,HOLD-2024-240,4739979,2025-02-18T14:23:21Z,34.68%,Guten Tag,0R9YCYB8E,106.3,liam.davis,EMP13106,18285.7,US,31.88,242.3,45439.7,stable,79,1245,23.79,6959.59,"$952,649,868",95.57,73335.9,50.7,98.6414,486.0,Competitor Beacon Analytics launched FlexPay Platform,UTC,94863,25478,4554.86,status != 'prod',12.12,FlexPay Platform,45
3.59,706.4,Electronics,28411.0,694813897,33.6,5293396879720,1349.96,1413,3895-4088,$2b$12$k60a19UNEvzw44dXkkmBjA8ndnM28LGdmdJqFkvorc5BahTxviAue,128.1,258.35,-22.7,25.8,7002.12,1151,2019-05-17 07:39:15,95.3,-46.753484,14.3,1297.3,5837777,SmartChoice,50.99%,5.8153,CSV,Prof.,74.5,-159.259831,14.22%,8.65,21.8,5689.85,"$644,553,761",61,41531.3,94.1,batch_size=242,577878782,status,4755,HOLD-2020-341,2.05,lb,-125.403696,76.1,477.29,6297,60190,44.7,false,7 years,18.1,Critical,99.1,197.98,application/pdf,Desktop,-86.091708,9.4,278.3,TX5589,2785,24736,tenant-041,20.12,41.0,harper.king,HOLD-2023-140,749073,2019-10-07T05:18:26Z,81.56%,Guten Tag,K134T52SW,9.6,jessica.lewis,EMP36596,23305.8,GB,860.9,54.5,31321.4,experimental,77,2021,45.0,5776.79,"$84,359,365",40.33,4879.2,72.5,96.4656,532.56,Competitor Pacific Research Group launched SmartHub X1,PST,94978,53390,497.63,status = 'prod',2.12,Widget Pro,46
15.57,1772.8,Software,33943.2,594758882,44.7,5277385055616,2826.75,2639,6707-3814,$2b$12$bOvXuuGDCiYq4Sl6EN17qLKNnd8Wwei9y3hc1SauumMq9JlEBgzvt,132.7,86.5,9.7,12.7,3962.2,4579,2022-03-14 10:08:58,80.5,-70.542922,96.9,898.0,752105,EcoLine,29.74%,7.1676,CSV,Ms.,86.4,101.98183,21.7%,10.12,359.1,7609.87,"$581,965,134",103,50325.5,70.6,max_retries=144,686165117,id,2318,HOLD-2026-167,1.12,gal,-74.466407,28.7,727.42,20268,13761,970.2,true,30 days,7.1,Medium,53.6,406.49,image/png,IoT,-28.757636,99.3,355.94,WK6114,4087,863,tenant-032,28.87,85.8,jennifer.brown,HOLD-2020-352,7845677,2026-04-23 22:10:50,79.94%,Bonjour,NEN4HZI9K,0.4,susan.white,EMP96474,90790.4,BR,147.83,205.3,25672.4,needs-review,53,5406,37.04,7183.94,"$275,711,518",54.19,39737.7,0.8,95.5987,234.99,Competitor Global Solutions launched FlexPay Platform,JST,42820,VA8 2DF,9587.04,status < 'prod',2.26,SmartHub X1,5
70.69,1631.0,Food,26993.9,529810496,-31.8,0911569288978,321.47,8166,9188-2114,$2b$12$BuTJvqKKCzPObz3j31vfc8qX3fzENm6YtKIfWlLqEir50fZVHRp2z,111.9,189.55,44.7,46.4,8956.33,6212,2021-02-03T05:41:23Z,139.3,-118.701469,72.1,1955.7,3433213,EcoLine,1.36%,7.6565,YAML,Mrs.,17.6,108.478157,1.91%,3.27,141.0,4937.83,"$574,965,282",6,44436.6,80.1,batch_size=504,468443788,id,8810,HOLD-2026-738,0.1,°C,115.343529,73.5,970.55,70630,97261,1332.5,true,7 days,54.5,Low,9.2,126.03,application/json,Mobile,60.608356,217.9,859.54,WK1692,5841,60944,tenant-015,23.33,62.7,sophia.white,HOLD-2023-869,4592649,2026-03-11 11:03:34,56.9%,Guten Tag,1593ISX9X,113.3,robert.moore,EMP16106,98788.8,AU,489.96,101.5,49256.6,approved,68,4432,18.73,6054.61,"$206,704,180",40.96,92852.3,74.5,97.686,493.75,Competitor Global Solutions launched StreamLine ERP,Europe/London,30930,HM8 6MY,6894.44,date > 'active',7.75,VaultKeeper,9
98.31,243.7,Electronics,25126.9,530402964,-30.4,6762362027350,784.65,8560,5630-3681,$2b$12$fIdMwjuZAYWhuZZhwJ1hHpEwFi7F5ZRIktX0ByMOfpn6mlVEP45eK,254.5,323.2,14.6,74.4,2611.55,3804,2025-04-15T23:20:58Z,271.0,-98.903253,5.5,622.7,6416768,EcoLine,5.2%,6.4315,Parquet,Ms.,29.1,43.616193,72.56%,12.3,401.4,9619.14,"$908,630,994",116,20281.0,12.3,max_retries=956,860937458,created_at,7699,HOLD-2020-536,7.05,L,-95.499505,20.4,133.4,75487,48190,565.7,false,7 days,58.6,Medium,29.6,904.93,image/png,Desktop,85.008017,15.8,66.43,MK4643,3351,43428,tenant-017,20.98,64.5,robert.miller,HOLD-2020-683,238125,2020-05-16 23:24:52,44.88%,Bonjour,AQMDR7K9U,46.2,elizabeth.young,EMP87936,38250.7,BR,192.08,241.8,29258.2,high-priority,7,5817,40.8,5489.63,"$342,028,867",37.95,81893.6,28.5,97.8602,467.04,Competitor Catalyst Ventures launched NanoCore SDK,Europe/London,79600,81872,2692.36,date = 'prod',6.37,AuditTrail Plus,16
35.88,1587.9,Software,32232.4,274395933,-21.0,5217885879813,9637.57,377,8974-2392,$2b$12$9WMADdAVDMRG2VtwU8R3yvR1Q3fKfPTdSNWONMmJW6ilM699UrPSE,234.2,115.24,21.6,84.0,6091.97,292,2018-09-12 02:45:05,210.1,-72.105987,56.9,1496.2,8836497,SmartChoice,46.33%,3.5529,Parquet,Mr.,21.9,-85.987658,4.67%,0.54,199.7,3668.48,"$485,046,940",95,23186.6,17.1,pool_size=239,773468538,email,6336,HOLD-2024-680,2.38,ft,-47.377212,53.9,934.34,28759,37904,40.7,false,7 years,33.8,Negligible,15.2,718.98,application/json,Wearable,-32.238033,61.7,132.06,WS5443,1279,50608,tenant-016,93.87,73.9,patricia.moore,HOLD-2024-701,5747963,2020-09-12 12:56:46,97.23%,Namaste,4Z3ZHKLK9,101.2,james.thompson,EMP14186,42791.4,BR,580.65,146.9,15660.5,high-priority,78,3919,30.3,9127.91,"$132,460,985",26.21,33935.1,11.8,96.5295,151.85,Competitor Acme Corp launched VaultKeeper,JST,7061,73825,1695.79,date IN '2024',10.51,CloudGuard,113
