x_ban,stock_rsu_grant_field,cvv,v_joni,measdist,insuranceId,d_726,bnk_identification_number,investment_acc,photograph,attr_credi,salary_compensation_30,medicalRecordNumber,wjqaz75,MAGNETIC_STRIPE_DATA,feed,oqsigr33,investment_account_data,credit_rating,TIMESTAMP,magstripe,var_iz,stock_rsu_grant,paypal_acct,fact_credit_score,meta_881,BANK_ACCOUNT_NUMBER,attr_eu,locationText,investment_account,swipe_data,CARD_EXPIRY_DATE,image_embedding_22,investmentAccount,paypal_account_raw,zsvx56,modifiedBy,VERSION_NUMBER,stockRsuGrant,dim_iso_currency_code,CONFIGURATION,iata,exp_date,attr_per,voltage,PAYMENT_CARD_NUMBER,jzn7,dim_price_cost,perfrev,permission_level_raw,meta_830,wkeqg68,income,ban,cvv_2,date_time
44473464,4262 shares @ $406.72,733,Sydney,4578.3,INS-816686,INS-806902,557283,INV-953014,photo_bca68b5b.jpg,444,"$233,656",MRN-638117,anna.garcia@gmail.com,%B0639044861043893^LEE/LINDA^2401,PostgreSQL,insert,INV-299537,306,2023-01-03 15:17:48,%B2843543326681383^KING/WILLIAM^2707,"$9,642,144",475 shares @ $219.03,richard.thomas@yahoo.com,390,8.2,6913881424,5456.5,"Miami, Canada",INV-614612,%B8415467857029100^LEE/ANNA^2504,12/30,"[0.558, -0.0282, 0.4615, 0.244, -0.5749, 0.1543, 0.2275, 0.7085]",INV-861987,james.taylor@gmail.com,04/24,liam.williams,0.5.38,1302 shares @ $353.52,EUR,timeout_ms=932,ZGL,03/30,Michael Smith,357.1,3717-1013-1850-1278,-45.0375,8505.6,Exceeds expectations,Owner,L3IXON6Z2IPLXIUYL9JU,12/24,"$1,414,720",3859864164,4672,2022-04-03T00:00:00Z
16269934,3120 shares @ $477.54,507,Miami,7586.5,INS-122339,INS-929744,511758,INV-237065,photo_75e3d328.jpg,623,"$64,815",MRN-520905,richard.williams@outlook.com,%B2245002044330963^WILLIAMS/ROBERT^2510,Salesforce,update,INV-558113,358,2026-03-08 12:15:30,%B4271230261717874^JONES/SOPHIA^3002,"$1,910,560",3741 shares @ $62.25,oliver.garcia@outlook.com,515,99.9,5096446659,7423.95,"Chicago, Netherlands",INV-674089,%B5436060170462294^KING/OLIVER^2401,06/24,"[-0.0952, 0.0954, -0.1138, -0.3926, -0.0467, -0.0825, -0.6287, -0.4842]",INV-591902,james.king@outlook.com,03/27,jessica.williams,5.0.29,2917 shares @ $310.19,INR,pool_size=438,LFO,07/27,Olivia Wright,339.7,4663-9673-1130-6913,15.5055,2727.45,Meets expectations,Viewer,M77OHXPPPNTXMBQVUXRE,01/29,"$2,207,317",46151822,8545,2020-12-18T00:00:00Z
9575368633,3255 shares @ $470.63,7801,Austin,9463.3,INS-631796,INS-974484,576840,INV-533135,photo_5ec57c9a.jpg,510,"$102,593",MRN-348147,liam.anderson@outlook.com,%B9395772868179564^MARTIN/LIAM^3008,Snowflake,delete,INV-188412,571,2020-04-01 09:09:48,%B9060572949918863^JONES/WILLIAM^2604,"$5,335,973",3606 shares @ $497.61,linda.garcia@gmail.com,356,84.9,18847791,2712.11,"London, Israel",INV-933024,%B2595432761102519^LEWIS/JESSICA^2708,09/28,"[-0.0435, 0.6112, -0.2489, 0.1499, -0.0, 0.8742, -0.3544, 0.0566]",INV-443198,elizabeth.thompson@gmail.com,03/28,lucas.brown,0.12.83,3133 shares @ $25.15,BRL,batch_size=155,KSI,01/29,Ethan Davis,164.0,5687-7320-9559-7394,15.1873,5680.68,Meets expectations,Admin,0ZV3P5KDI4QU1HW6AHF4,06/29,"$3,179,895",9414852839,117,2026-11-21T00:00:00Z
1978873897,4942 shares @ $379.15,454,Los Angeles,3342.7,INS-768248,INS-775640,3798364,INV-616002,photo_70d46b65.jpg,496,"$85,428",MRN-906037,mason.martin@outlook.com,%B7933288335351674^JACKSON/LUCAS^2412,Snowflake,delete,INV-424368,540,2026-04-28T13:46:38Z,%B6885641592978786^MILLER/OLIVIA^2706,"$3,632,544",3344 shares @ $128.03,anna.walker@gmail.com,544,53.8,376813205389,9490.16,"New York, France",INV-506807,%B9952515646282278^WILLIAMS/LUCAS^2406,01/28,"[0.7897, 0.3324, -1.1111, -0.5058, -0.4078, -0.8361, 0.0149, 0.8928]",INV-619344,amy.martinez@gmail.com,09/28,emma.white,5.10.80,1009 shares @ $68.63,GBP,pool_size=348,MOJ,01/29,Oliver White,78.5,XXXX-XXXX-XXXX-1407,29.097,9591.35,Exceeds expectations,Admin,NZ8I3XA6ZALW0BP4HGB1,09/29,"$7,188,862",0523786890,650,2019-11-15T00:00:00Z
8047896010,4103 shares @ $406.21,7050,Paris,8505.9,INS-302305,INS-398897,544233,INV-136378,photo_94668ec2.jpg,650,"$184,414",MRN-436202,aiden.martin@gmail.com,%B6026518983028132^WHITE/SOPHIA^2802,Workday,snapshot,INV-881874,447,2025-06-04 10:05:39,%B3380352964671168^TAYLOR/EMMA^2809,"$4,378,215",4923 shares @ $458.1,harper.king@yahoo.com,433,52.9,4020218452,8175.82,"Miami, Israel",INV-594376,%B0732848977914991^WALKER/NOAH^3006,02/25,"[0.5927, -0.1256, -0.4922, -0.2346, -0.0789, -0.0337, 0.156, -0.512]",INV-583336,william.taylor@outlook.com,08/25,jennifer.martinez,3.3.66,3868 shares @ $356.38,GBP,max_retries=982,AQE,12/28,Emily Jones,479.1,XXXX-XXXX-XXXX-5061,21.0952,5322.64,Exceeds expectations,Viewer,AQK1O321YUAKE6NOGZQ6,03/24,"$2,806,695",87517590,933,2019-01-11T00:00:00Z
106861585618,289 shares @ $117.41,9837,San Francisco,3228.5,INS-787899,INS-318442,44040,INV-241804,photo_e65b42ae.jpg,687,"$203,495",MRN-264001,emma.williams@gmail.com,%B9663578203734933^SMITH/MASON^3006,Workday,update,INV-549155,509,2025-01-04 12:02:38,%B3513106356322228^MARTINEZ/JAMES^2804,"$8,166,874",581 shares @ $188.45,anna.moore@outlook.com,833,60.5,28071448,7385.37,"Toronto, France",INV-505261,%B5569411254985295^ROBINSON/HARPER^2812,04/28,"[0.8852, -0.6961, 0.2448, 0.1425, 0.2778, -0.2922, -0.6552, -0.5766]",INV-363154,patricia.lee@outlook.com,07/29,logan.king,0.17.87,471 shares @ $321.59,INR,max_retries=201,MJA,06/25,Robert Taylor,304.4,XXXX-XXXX-XXXX-6175,13.7678,6368.06,Exceeds expectations,Viewer,YVMA4BIQRERNX52G98VA,07/24,"$5,650,427",24076055,915,2023-07-04T00:00:00Z
6406539986,3363 shares @ $407.73,027,Portland,4391.2,INS-892354,INS-899085,3770851,INV-173709,photo_41f61a15.jpg,795,"$186,839",MRN-840038,patricia.martinez@outlook.com,%B2509705822774504^SMITH/MASON^2901,Snowflake,delete,INV-470547,793,2026-10-24 09:20:15,%B4061821999079399^WILLIAMS/MARY^2509,"$9,888,308",2169 shares @ $211.81,mary.miller@outlook.com,423,63.0,96178059,5353.06,"Sydney, South Korea",INV-989210,%B5142227978159938^LEWIS/PATRICIA^2408,03/28,"[0.7115, 0.261, -0.1961, -0.5164, -0.813, 0.1213, -0.1251, 0.022]",INV-649887,robert.brown@gmail.com,03/29,aiden.harris,5.5.28,2570 shares @ $350.37,EUR,max_retries=745,YHV,09/27,Sophia Wright,302.5,XXXX-XXXX-XXXX-3656,19.7191,1844.05,Needs improvement,Viewer,6P8A3XXMQOGH55GZ98HP,01/25,"$5,582,014",1033126730,1580,2020-12-24T00:00:00Z
75739425,4611 shares @ $18.79,808,San Francisco,3717.7,INS-853559,INS-296920,3715042,INV-501498,photo_29e51ffc.jpg,323,"$235,481",MRN-250574,anna.rodriguez@outlook.com,%B9063447400024712^MARTINEZ/LIAM^2811,PostgreSQL,delete,INV-659388,643,2022-09-06 07:17:28,%B4676051554163854^WALKER/MARY^2811,"$4,074,974",1318 shares @ $382.07,patricia.taylor@gmail.com,607,83.9,35751151,3754.57,"Berlin, Spain",INV-730809,%B5424826407525417^WRIGHT/ELIZABETH^3009,09/25,"[0.2728, 0.1092, -0.2381, 0.5611, -0.2142, 0.3671, -0.1208, -0.6111]",INV-646474,john.taylor@yahoo.com,01/29,william.miller,2.4.0,3498 shares @ $314.77,BRL,pool_size=287,LFM,10/29,Mary Young,317.4,3705-1565-1423-6932,-53.1797,5324.57,Outstanding,Admin,I76JXKLK3YQOC48L9S38,12/27,"$9,617,089",26181638,213,2024-12-01T00:00:00Z
754570554797,4400 shares @ $15.57,3726,San Francisco,147.2,INS-677752,INS-144344,479239,INV-126210,photo_602f1d7d.jpg,656,"$121,928",MRN-818948,william.brown@gmail.com,%B6424040466709071^DAVIS/JOHN^2911,Workday,snapshot,INV-916871,825,2024-07-11T08:01:18Z,%B2998854363045335^JONES/LINDA^2411,"$3,085,493",3208 shares @ $355.44,robert.moore@outlook.com,705,10.5,65187896,4135.82,"Atlanta, Norway",INV-826777,%B8107046168295682^MILLER/DAVID^2402,09/24,"[0.4369, -0.8541, -0.1261, -1.227, 0.2238, -0.6691, 0.1739, -0.6726]",INV-869190,michael.lee@outlook.com,08/29,william.rodriguez,5.0.49,741 shares @ $132.4,AUD,pool_size=631,OIO,12/30,Amy Z. Thomas,80.7,5348-1268-3938-2765,9.8928,4461.24,Meets expectations,Guest,ACDPYUV4C6T5XSTD8FT5,02/28,"$1,882,209",5636520273,201,2025-01-04T00:00:00Z
40724183,700 shares @ $142.65,279,Seattle,2121.3,INS-888950,INS-931266,442823,INV-209687,photo_a6fff829.jpg,740,"$70,484",MRN-711587,oliver.harris@yahoo.com,%B9000836462906470^SMITH/LIAM^2810,Kafka,upsert,INV-246801,395,2023-06-13T05:31:38Z,%B0613783738585243^DAVIS/JAMES^2809,"$8,161,326",2811 shares @ $359.04,mason.jones@gmail.com,469,68.6,599463411872,9399.05,"Los Angeles, France",INV-903481,%B6761480559214897^WHITE/ROBERT^3005,10/29,"[0.0751, -0.0126, 0.0364, -0.1932, -0.5152, -0.7565, -0.0127, 0.742]",INV-708425,michael.rodriguez@yahoo.com,08/30,lucas.miller,1.18.42,3098 shares @ $277.32,EUR,max_retries=731,JIK,11/27,Mary Moore,48.9,6011-5400-6189-3489,20.7237,616.71,Needs improvement,Viewer,EV3XH41KNYL2QZD2V08W,07/27,"$7,841,820",800049077535,6562,2021-12-06T00:00:00Z
2375634286,537 shares @ $20.56,743,Toronto,4220.0,INS-448074,INS-370342,3735584,INV-517456,photo_2e466f67.jpg,702,"$246,157",MRN-872971,emily.martinez@outlook.com,%B1730526190663001^MARTINEZ/OLIVIA^3001,Salesforce,snapshot,INV-331410,754,2021-06-09 07:22:04,%B6323504743483146^SMITH/LINDA^2705,"$4,551,706",2172 shares @ $431.15,robert.white@gmail.com,638,56.1,829658734310,4390.57,"Berlin, France",INV-671276,%B5507163310687811^WILLIAMS/ROBERT^2710,07/25,"[0.415, 0.0228, -0.1545, -0.2905, -0.8321, -0.1565, 0.3081, 0.4473]",INV-550885,aiden.king@gmail.com,01/24,elizabeth.martin,4.15.46,4643 shares @ $206.8,USD,max_retries=48,VZS,08/26,Amy M. Lewis,247.9,4801-6185-3067-0658,67.7692,815.25,Needs improvement,Guest,2M20A2XNB26MMJHICBTI,10/24,"$7,623,611",56664759,285,2018-01-30T00:00:00Z
0457076155,834 shares @ $10.51,501,London,9552.1,INS-355306,INS-119805,601106968,INV-950310,photo_3f6eacf4.jpg,316,"$108,199",MRN-166669,jessica.jones@gmail.com,%B3403672102499437^RODRIGUEZ/ETHAN^2610,Kafka,update,INV-716010,624,2024-10-11 10:58:21,%B1837501182573113^SMITH/LUCAS^2709,"$6,728,675",4941 shares @ $210.6,emily.anderson@yahoo.com,603,84.3,71805602,2258.68,"Atlanta, Norway",INV-656357,%B4996045603867180^ANDERSON/AIDEN^2909,05/30,"[0.1473, -0.1325, 0.2534, -0.1069, 0.3235, -0.3863, 0.7975, -0.0527]",INV-597719,emma.young@gmail.com,08/28,oliver.garcia,4.17.13,4760 shares @ $331.51,BRL,timeout_ms=29,LWU,03/29,Olivia Brown,290.4,XXXX-XXXX-XXXX-7918,-67.9357,4420.18,Outstanding,Owner,SNKWS7AMULUY1C16M81M,07/28,"$3,846,303",4074284639,6973,2023-12-06T00:00:00Z
0561502761,4944 shares @ $151.5,650,Houston,2714.9,INS-846669,INS-370773,370032,INV-487999,photo_8dd0712c.jpg,430,"$51,856",MRN-133089,david.garcia@yahoo.com,%B1889085527567070^MARTINEZ/EMMA^2801,Kafka,insert,INV-945524,660,2023-08-01 16:27:18,%B3949258010836618^WHITE/OLIVIA^2401,"$8,773,763",2620 shares @ $183.04,noah.smith@yahoo.com,805,48.2,9269113220,4238.95,"Dallas, Netherlands",INV-968849,%B8129514920988758^THOMPSON/MARY^2701,09/27,"[-0.1626, 0.641, 0.0627, 0.2737, -0.3824, -0.3133, -0.1551, 1.3456]",INV-941953,emma.brown@gmail.com,08/30,liam.clark,2.0.27,1863 shares @ $455.28,GBP,timeout_ms=38,KCU,02/28,Liam Wright,374.9,XXXX-XXXX-XXXX-6273,6.7457,2168.1,Meets expectations,Admin,KZ8JMY4MHXX6ILX4CKTG,07/29,"$151,722",973158330752,943,2024-10-21T00:00:00Z
1702114836,3835 shares @ $266.12,088,Tokyo,7259.2,INS-352949,INS-961730,601154479,INV-884894,photo_61d79e87.jpg,307,"$60,447",MRN-155016,sophia.young@outlook.com,%B0399620762289401^LEE/RICHARD^3009,Workday,update,INV-506859,625,2024-01-25T10:21:28Z,%B7751735471727451^DAVIS/JENNIFER^2611,"$6,343,650",4378 shares @ $470.43,john.anderson@gmail.com,331,97.3,0365688789,3735.5,"San Francisco, United States",INV-500276,%B1324819468657165^MARTIN/AIDEN^2606,02/25,"[0.8959, 0.171, 0.5659, -0.673, 0.0863, -0.2648, -0.1024, -0.2962]",INV-356275,jessica.martinez@yahoo.com,07/24,amy.martin,0.10.5,1331 shares @ $400.91,EUR,batch_size=581,EEU,10/30,Mason Lewis,324.4,5957-3772-5591-6877,-84.6348,7304.46,Needs improvement,Guest,13JOW4HEQPSOAA2MJEWJ,09/28,"$1,220,136",1624249059,902,2026-05-14T00:00:00Z
494391742001,1600 shares @ $163.2,6819,Tokyo,6214.7,INS-427751,INS-735682,409965,INV-347795,photo_d357c89e.jpg,313,"$193,444",MRN-589382,elizabeth.lewis@outlook.com,%B5616223002056143^THOMAS/LINDA^2511,Salesforce,snapshot,INV-827614,654,2022-02-13T22:58:51Z,%B0989272043535850^MILLER/JENNIFER^2705,"$211,406",1433 shares @ $264.8,olivia.clark@outlook.com,766,96.5,9412601967,4982.46,"Sydney, Israel",INV-911482,%B8793317527930417^WILLIAMS/PATRICIA^2808,06/27,"[-0.2566, 0.7884, 0.494, 0.6212, -0.5521, 0.1057, 0.4947, -0.1891]",INV-638862,linda.walker@outlook.com,06/24,noah.smith,2.19.28,1010 shares @ $158.11,AUD,batch_size=968,MYW,03/28,William B. Lewis,26.0,XXXX-XXXX-XXXX-4972,50.4231,40.18,Needs improvement,Owner,U6J1RIVPFJ42WLPDBRPM,06/27,"$9,731,127",36681306,2444,2024-04-21T00:00:00Z
3400534386,2224 shares @ $277.38,340,Tokyo,7217.6,INS-834433,INS-579507,40596,INV-307523,photo_8d28931a.jpg,322,"$89,119",MRN-750234,aiden.davis@outlook.com,%B5297097743207734^TAYLOR/JENNIFER^2410,Salesforce,update,INV-799277,654,2021-01-10T20:13:36Z,%B4408214330887936^KING/EMMA^2610,"$1,695,072",2693 shares @ $87.63,david.smith@outlook.com,404,68.5,665068570061,9870.53,"Phoenix, Israel",INV-317119,%B9530662643145055^WRIGHT/SUSAN^2701,10/28,"[0.4286, -0.2424, -1.0958, 0.0431, -0.4559, -0.5817, -0.3584, 0.9824]",INV-642396,robert.martin@gmail.com,04/27,mason.garcia,5.8.5,244 shares @ $450.33,BRL,max_retries=692,LJS,06/26,John Williams,167.8,5995-5584-2123-3171,82.9988,679.38,Needs improvement,Editor,NRMVSCC082FTHTQIGHZ6,12/24,"$3,692,385",263554302316,4368,2026-10-25T00:00:00Z
3876524183,4170 shares @ $188.44,021,Boston,6425.2,INS-768450,INS-141495,60111663,INV-233822,photo_87254f3c.jpg,464,"$76,930",MRN-311777,mary.rodriguez@outlook.com,%B2850642094940448^WILLIAMS/DAVID^2801,Kafka,insert,INV-916124,670,2022-01-09T20:27:47Z,%B7426282267707059^WILLIAMS/PATRICIA^2512,"$3,062,165",1818 shares @ $229.88,william.thomas@outlook.com,675,5.9,5198707617,6605.29,"Dallas, Norway",INV-811071,%B2447012953890832^THOMAS/PATRICIA^2508,09/27,"[-0.5242, -0.3786, 0.3476, 0.0847, 0.1236, -0.1616, -0.5828, 0.3386]",INV-705832,sarah.lee@yahoo.com,06/28,jennifer.lee,1.1.17,2946 shares @ $355.27,BRL,batch_size=434,CRL,12/24,David Lewis,434.2,XXXX-XXXX-XXXX-7161,-89.6647,4820.98,Needs improvement,Guest,K09PJX63O5J9OII2ZCCZ,07/25,"$6,898,479",8328409711,6833,2021-10-03T00:00:00Z
02413110,1312 shares @ $256.27,115,Tokyo,9683.6,INS-368301,INS-145003,60112214,INV-467862,photo_a11da836.jpg,368,"$114,562",MRN-472500,mason.rodriguez@gmail.com,%B9677734868556757^WRIGHT/SARAH^2810,Snowflake,update,INV-244395,455,2023-04-20T01:00:45Z,%B4221293422299825^GARCIA/DAVID^2509,"$2,558,294",3266 shares @ $240.51,noah.davis@yahoo.com,378,29.1,415069415433,9390.49,"Phoenix, Singapore",INV-797417,%B9873272733926202^BROWN/LINDA^2407,01/26,"[-0.7887, 0.1576, -0.4761, -0.4597, -0.3226, -0.3085, -0.2588, 0.4705]",INV-284266,emma.lewis@yahoo.com,12/30,emily.williams,5.8.46,189 shares @ $245.2,CHF,pool_size=860,TTD,03/30,Sarah White,333.6,5021-3699-8652-4992,6.3656,9144.38,Meets expectations,Guest,W7SQ7W09FATGQ1BAN7VP,07/29,"$8,240,953",629954376354,3741,2023-04-02T00:00:00Z
6642152858,3745 shares @ $332.47,4305,Seattle,4018.3,INS-814468,INS-120022,601117866,INV-385870,photo_42c95a98.jpg,750,"$115,535",MRN-326406,linda.taylor@outlook.com,%B2433167899746267^LEWIS/EMILY^2908,SAP,snapshot,INV-177424,371,2026-04-13T03:22:31Z,%B5939069560542089^TAYLOR/LUCAS^2903,"$3,348,279",1162 shares @ $371.88,noah.harris@gmail.com,621,91.4,6794811806,9993.22,"London, United Kingdom",INV-954390,%B5433595210720950^JOHNSON/LINDA^2910,03/28,"[0.4976, -0.2771, -0.1048, 0.2122, -0.0383, -0.2794, -0.3703, 0.4127]",INV-982172,susan.robinson@gmail.com,09/28,oliver.walker,2.16.7,1146 shares @ $383.99,GBP,max_retries=58,NPA,07/30,Ethan Jackson,351.8,5140-0145-5084-1624,48.9918,8720.16,Outstanding,Owner,989UB6ZBL22JQDMD00W6,07/28,"$2,749,046",2265152701,401,2019-01-09T00:00:00Z
3529449558,4444 shares @ $23.83,0560,Chicago,3213.4,INS-372273,INS-875809,601178051,INV-198636,photo_0f0ced7d.jpg,357,"$84,168",MRN-843098,mason.anderson@outlook.com,%B6681142090184314^WALKER/DAVID^2405,Kafka,upsert,INV-395155,466,2023-11-19 13:59:34,%B2370515600521809^LEWIS/MASON^2703,"$4,397,926",540 shares @ $39.16,sophia.king@outlook.com,818,62.9,861354630759,4452.01,"Paris, Israel",INV-482210,%B2790109123919855^WRIGHT/SOPHIA^2702,08/28,"[-0.2942, -0.742, 0.068, -0.1381, 1.0182, -0.1343, 0.1252, -0.0]",INV-937776,william.lewis@outlook.com,03/25,richard.anderson,5.14.49,4919 shares @ $388.71,CHF,max_retries=783,LUF,06/24,Patricia Wright,413.1,XXXX-XXXX-XXXX-2390,98.6828,3136.1,Needs improvement,Editor,Y1LS3VRDRY4GW574CJ64,05/30,"$7,743,024",61644112,2781,2021-12-15T00:00:00Z
3168859608,3827 shares @ $247.07,3974,Tokyo,1449.8,INS-653112,INS-823257,601101786,INV-374028,photo_2ae723b7.jpg,579,"$109,985",MRN-193246,jessica.martin@gmail.com,%B0757877783792434^WHITE/ELIZABETH^3010,SAP,update,INV-408806,551,2019-06-04T12:27:08Z,%B7146853015322673^GARCIA/HARPER^2902,"$309,475",4925 shares @ $470.83,anna.johnson@yahoo.com,587,19.8,25933712,7712.84,"Atlanta, Japan",INV-467313,%B8280358724243120^KING/MARY^2910,04/28,"[0.466, 0.1514, -0.2752, -0.201, -0.3353, -0.8635, 0.3525, 0.2182]",INV-739900,elizabeth.walker@gmail.com,01/25,olivia.taylor,0.20.33,873 shares @ $389.41,JPY,pool_size=532,GMV,08/24,William Lewis,457.2,XXXX-XXXX-XXXX-8741,-14.4775,9054.13,Exceeds expectations,Owner,EFEBPP4G7DCTJ19E4HZI,08/28,"$8,657,720",828118380128,7884,2023-08-02T00:00:00Z
446245284139,3325 shares @ $451.69,4647,Phoenix,427.4,INS-798952,INS-995125,3788527,INV-809248,photo_89208443.jpg,701,"$101,186",MRN-449160,olivia.anderson@gmail.com,%B7521549532845591^WHITE/NOAH^2709,PostgreSQL,upsert,INV-334167,405,2025-06-11 21:53:33,%B6585239298021400^CLARK/OLIVIA^3005,"$7,780,662",4783 shares @ $369.42,liam.anderson@yahoo.com,694,29.6,375169752852,3275.57,"Phoenix, Switzerland",INV-950633,%B8931143002266878^ROBINSON/LINDA^2711,02/27,"[0.68, -0.4537, -0.845, -0.6776, -0.1353, -0.5122, 0.5137, -0.5174]",INV-579259,ethan.davis@yahoo.com,02/27,aiden.lewis,0.6.71,2269 shares @ $196.64,AUD,timeout_ms=718,JEA,01/29,Amy Martin,328.3,XXXX-XXXX-XXXX-7705,-91.9285,1278.78,Meets expectations,Owner,RV80IFUZBSW9BI21WWKT,12/30,"$1,195,949",1304927178,8956,2020-11-08T00:00:00Z
728174972810,1656 shares @ $138.55,756,Los Angeles,3943.0,INS-948591,INS-503821,60116255,INV-944819,photo_e3296ac7.jpg,314,"$75,233",MRN-384707,susan.johnson@outlook.com,%B2145402585879167^TAYLOR/JENNIFER^2806,Kafka,upsert,INV-820714,671,2026-07-08T08:25:29Z,%B0179887509595667^THOMAS/DAVID^3010,"$4,057,286",2756 shares @ $357.37,sarah.walker@yahoo.com,581,54.5,44220641,1842.32,"Boston, Singapore",INV-374537,%B5020055525966913^WHITE/EMMA^2811,12/28,"[0.3789, 0.1717, 0.2629, 0.6994, -0.4924, 0.2003, 0.1073, 0.4975]",INV-355044,william.williams@gmail.com,02/27,sarah.harris,1.15.74,4564 shares @ $313.85,EUR,timeout_ms=107,FHF,09/28,Liam Anderson,355.3,XXXX-XXXX-XXXX-9740,-70.5291,2547.96,Exceeds expectations,Admin,EA397PGGGZ89Y3R3MQVE,12/29,"$9,945,416",73213581,9213,2025-08-06T00:00:00Z
8555155517,2008 shares @ $331.72,2458,Austin,6405.2,INS-669049,INS-908133,42265,INV-780713,photo_65f5c66b.jpg,581,"$195,025",MRN-220573,john.jones@outlook.com,%B2842144150119000^MARTINEZ/ELIZABETH^2706,Salesforce,delete,INV-492249,486,2026-01-23T12:36:20Z,%B4200954208698363^MARTINEZ/JAMES^2408,"$8,839,956",4942 shares @ $121.89,lucas.miller@gmail.com,755,79.9,356135690576,571.4,"Paris, Mexico",INV-180743,%B8266774100606376^MOORE/LINDA^2907,10/26,"[-0.5251, 0.0877, -0.4154, -0.2817, -0.3307, 0.546, 0.0236, -0.6109]",INV-311342,susan.martin@yahoo.com,08/30,mary.king,1.2.45,3766 shares @ $226.43,EUR,timeout_ms=423,GEQ,07/24,Jennifer Wright,125.4,4703-6032-1952-3639,53.3113,6181.04,Meets expectations,Guest,6RFSE82E9WIEPHQTBGAN,10/28,"$7,617,704",9192717222,668,2024-10-28T00:00:00Z
1623602027,2101 shares @ $431.89,9337,Dallas,7740.9,INS-873309,INS-710185,46548,INV-426061,photo_8a487ca4.jpg,560,"$166,793",MRN-461125,michael.rodriguez@gmail.com,%B9017635640932769^CLARK/JAMES^2911,Snowflake,update,INV-873405,633,2024-01-27 15:04:20,%B7587050318029269^JOHNSON/PATRICIA^2804,"$2,924,457",655 shares @ $367.97,elizabeth.lee@yahoo.com,313,42.4,030077957872,1535.68,"Boston, Sweden",INV-452981,%B3467334368673102^JOHNSON/RICHARD^2910,01/28,"[-0.3163, 0.1575, -0.4022, -0.5523, -0.0335, 0.1412, 1.0013, 0.3812]",INV-286281,patricia.taylor@outlook.com,04/27,sophia.lewis,4.0.88,3274 shares @ $298.62,GBP,max_retries=255,HOZ,10/28,Patricia Walker,7.0,XXXX-XXXX-XXXX-8924,29.9598,911.3,Meets expectations,Guest,RL24CVSQYSS67ZUGJM2I,10/29,"$7,395,295",456812026705,381,2022-03-16T00:00:00Z
09531793,2554 shares @ $287.83,011,Toronto,6180.8,INS-554851,INS-469679,451341,INV-212592,photo_ac91fefe.jpg,378,"$148,747",MRN-437686,noah.rodriguez@yahoo.com,%B5550211779579194^THOMPSON/MASON^2611,Snowflake,delete,INV-287805,526,2024-12-18T02:21:24Z,%B8740025782075000^ANDERSON/JENNIFER^2601,"$338,558",3277 shares @ $247.35,david.anderson@yahoo.com,413,92.4,11201043,8941.95,"Chicago, United Kingdom",INV-179944,%B7881825658559506^MARTINEZ/JENNIFER^2801,03/24,"[0.7556, -0.9182, 0.0855, -0.237, -0.3553, -0.6197, 0.4874, 0.52]",INV-831068,amy.white@gmail.com,08/25,john.king,0.19.59,1677 shares @ $113.65,JPY,max_retries=336,HFW,05/25,James Williams,65.1,5042-5367-4806-6611,-13.9568,868.96,Needs improvement,Viewer,YAUZ65BI4IXKMJTS09O0,08/24,"$9,529,898",033565494284,3879,2019-10-12T00:00:00Z
06049575,2234 shares @ $75.55,812,Paris,192.5,INS-484024,INS-901528,47474,INV-533016,photo_96c78b81.jpg,566,"$101,333",MRN-737446,aiden.thomas@yahoo.com,%B7417885622071151^ANDERSON/ELIZABETH^2806,SAP,snapshot,INV-426810,544,2020-02-20T15:25:07Z,%B3302931910733130^RODRIGUEZ/PATRICIA^2605,"$1,160,897",503 shares @ $249.38,anna.martin@outlook.com,593,89.8,900893002439,2638.99,"Miami, United Kingdom",INV-498108,%B4689568990656583^THOMAS/LOGAN^2407,10/29,"[0.1236, 0.2354, 0.3943, 0.2565, 0.7092, 0.5388, 0.0377, -0.0596]",INV-465445,david.young@outlook.com,06/30,mary.martin,5.6.90,3975 shares @ $106.82,INR,timeout_ms=897,XWL,05/30,Aiden Thompson,76.3,3747-9139-8786-9985,-17.3502,4045.46,Exceeds expectations,Owner,04PLS0XRBZ26OGOCNRJI,05/25,"$8,934,728",422242275977,9977,2018-08-28T00:00:00Z
9279544713,4902 shares @ $215.98,8854,Chicago,6595.0,INS-904430,INS-520091,601113578,INV-612193,photo_796c52e1.jpg,804,"$237,613",MRN-197700,david.moore@yahoo.com,%B8181920143645904^MILLER/OLIVER^2612,Snowflake,upsert,INV-364709,698,2021-08-04T16:11:12Z,%B5953598731395640^WRIGHT/DAVID^2602,"$2,111,017",4679 shares @ $440.87,james.walker@gmail.com,464,8.1,385174772407,945.67,"Houston, Spain",INV-194114,%B1813615672658255^JONES/LUCAS^2410,12/25,"[0.0325, -0.3014, -0.1819, -0.0662, -0.3321, -0.0571, 0.6299, 0.3207]",INV-361517,mason.clark@outlook.com,02/29,mason.robinson,1.2.91,1845 shares @ $191.87,AUD,timeout_ms=570,YPR,11/29,James Smith,337.9,XXXX-XXXX-XXXX-2911,90.8042,9845.31,Needs improvement,Viewer,0J4R2YX8LOQ0K8SPOF36,10/30,"$2,669,816",175959332335,0651,2025-01-28T00:00:00Z
0851671840,3502 shares @ $69.19,0283,Toronto,2405.8,INS-751777,INS-685502,53430,INV-151027,photo_7a46cf21.jpg,364,"$234,443",MRN-397434,emily.anderson@yahoo.com,%B0070821713587808^DAVIS/MARY^2811,Workday,update,INV-683412,566,2022-08-01T09:27:31Z,%B7544373099442208^SMITH/LOGAN^2706,"$4,391,328",2032 shares @ $380.2,sarah.young@yahoo.com,735,77.6,051723022367,8718.49,"Los Angeles, France",INV-391545,%B5622188798696186^DAVIS/JOHN^2910,07/25,"[0.3121, 0.206, 0.1027, 0.1352, 0.0095, -0.3037, 0.2603, 0.1577]",INV-133515,william.young@yahoo.com,02/30,logan.rodriguez,1.2.38,4085 shares @ $21.67,BRL,max_retries=542,QCU,09/30,Ethan Taylor,318.3,4054-7800-0916-8480,-46.1611,6344.56,Needs improvement,Owner,VR4C1IYIEKYO1R61QA02,03/28,"$3,908,149",08612566,6923,2018-12-24T00:00:00Z
11141795,3250 shares @ $360.46,6338,Berlin,3438.0,INS-492264,INS-589483,60115255,INV-524928,photo_ea8419b3.jpg,424,"$124,474",MRN-772744,ethan.jackson@yahoo.com,%B4856825959727689^JOHNSON/JAMES^2902,PostgreSQL,delete,INV-823526,321,2019-12-05T20:44:03Z,%B3840387937352543^KING/ETHAN^2803,"$2,285,094",4196 shares @ $170.18,linda.rodriguez@gmail.com,635,71.4,9252639637,2567.37,"Toronto, Singapore",INV-951718,%B7975052846834094^MOORE/JOHN^2909,09/27,"[0.8893, -0.5026, -0.2861, 0.3704, 0.1105, 0.1536, -0.6995, -0.2966]",INV-616580,elizabeth.miller@outlook.com,07/27,sophia.taylor,2.13.0,192 shares @ $89.24,CAD,max_retries=221,EFH,05/27,Oliver Wright,398.8,4019-6888-5472-5271,10.8898,8427.29,Exceeds expectations,Admin,QG6TFIPPTW2NS775G6WP,06/27,"$5,130,900",536651681492,722,2019-10-22T00:00:00Z
37649771,304 shares @ $221.14,5730,Houston,4899.4,INS-130748,INS-234077,601184939,INV-159732,photo_d3008e1c.jpg,391,"$158,334",MRN-657133,amy.king@yahoo.com,%B7388373943478251^ROBINSON/MICHAEL^2907,Snowflake,update,INV-496327,773,2023-04-10 16:13:23,%B5361950440203181^WRIGHT/EMILY^3009,"$1,814,779",1621 shares @ $243.69,amy.young@yahoo.com,576,52.5,5262444108,7284.63,"Paris, Singapore",INV-347744,%B5357305259504106^GARCIA/PATRICIA^2609,12/24,"[-0.3447, 0.295, -0.0005, 0.2139, 0.871, 0.3038, 0.3263, -0.5882]",INV-661642,ethan.robinson@gmail.com,01/27,david.robinson,0.5.25,1275 shares @ $464.8,GBP,timeout_ms=334,PAX,07/27,Michael Thompson,96.0,6011-6508-5456-0224,81.1078,1401.32,Meets expectations,Owner,44J895024K5KD3OXTLX2,07/27,"$5,697,995",78641633,663,2024-01-29T00:00:00Z
5293947983,1376 shares @ $154.31,4825,Houston,4197.8,INS-947768,INS-641716,375329,INV-312158,photo_085f8ced.jpg,794,"$163,819",MRN-403118,aiden.davis@outlook.com,%B6710027071179668^KING/JENNIFER^3006,Salesforce,update,INV-288854,783,2018-09-24 19:56:50,%B2639414013948171^GARCIA/SUSAN^2407,"$3,282,121",4007 shares @ $133.89,elizabeth.thompson@yahoo.com,656,44.9,105202136438,7614.67,"Miami, Sweden",INV-490928,%B8490547385221638^ANDERSON/MICHAEL^3005,01/26,"[-0.3264, -0.3105, 0.0423, 0.051, 0.2479, -0.5906, 0.4111, -0.2699]",INV-354288,emma.martin@outlook.com,02/28,elizabeth.miller,0.17.74,233 shares @ $127.89,JPY,pool_size=765,XHH,12/24,Lucas Davis,336.8,5445-7506-1288-4782,55.4975,3368.51,Outstanding,Owner,X74R7UP1W66UC84IUW0J,02/30,"$708,225",19971513,752,2023-07-23T00:00:00Z
9462099584,75 shares @ $111.96,118,Toronto,1662.3,INS-270118,INS-529819,42651,INV-999248,photo_ba45f64f.jpg,680,"$148,820",MRN-156888,anna.moore@yahoo.com,%B5228740589973803^WRIGHT/AMY^2903,Workday,snapshot,INV-323961,474,2026-09-14T04:48:18Z,%B0661673897511574^THOMPSON/HARPER^2609,"$402,807",1403 shares @ $24.73,susan.brown@gmail.com,432,81.5,0752219854,2627.51,"New York, Switzerland",INV-389214,%B9627059296313299^GARCIA/MARY^2605,02/29,"[-0.3487, 0.0341, 0.4827, -0.8168, -0.0574, -0.0049, -0.4386, -0.5153]",INV-514576,lucas.garcia@yahoo.com,09/28,olivia.wright,5.6.79,1751 shares @ $178.31,INR,batch_size=877,FXL,03/29,Emily F. Miller,27.8,5154-7465-9388-6922,84.894,4221.65,Needs improvement,Admin,CTV6EHADX24U3FYWM3LS,08/30,"$7,029,609",37817481,8025,2023-04-16T00:00:00Z
09416102,4491 shares @ $75.34,842,Houston,6698.8,INS-164531,INS-336010,3713483,INV-413491,photo_7e7c19a4.jpg,341,"$115,716",MRN-336102,olivia.white@outlook.com,%B6540207407635669^RODRIGUEZ/RICHARD^2909,Snowflake,upsert,INV-705852,843,2026-10-01 03:54:12,%B7582279432842905^LEE/SUSAN^2806,"$5,921,573",983 shares @ $47.35,william.king@yahoo.com,559,45.8,4683934707,8817.44,"Berlin, United States",INV-190325,%B7814298268188233^WRIGHT/MARY^3010,10/30,"[-0.3717, 0.2206, 0.2588, 0.7035, 0.5889, -0.4362, -0.1977, 0.55]",INV-933583,patricia.jackson@outlook.com,10/26,elizabeth.anderson,1.18.16,3296 shares @ $74.48,BRL,max_retries=993,ZAO,04/27,William Garcia,262.4,3784-3797-8631-5522,73.1579,3460.62,Outstanding,Guest,G27NWS0WW8GTCGRUPF05,07/29,"$9,263,793",72479992,9536,2019-05-11T00:00:00Z
2254229576,67 shares @ $149.25,234,Austin,7961.6,INS-144059,INS-389112,57299,INV-141795,photo_38022ed6.jpg,808,"$183,293",MRN-909086,olivia.clark@yahoo.com,%B2082484709346394^ROBINSON/MASON^2604,Salesforce,delete,INV-208994,309,2025-06-07T20:22:10Z,%B8646882599778937^YOUNG/HARPER^2806,"$1,714,688",2745 shares @ $60.01,patricia.johnson@gmail.com,776,72.0,8582583704,8356.27,"Seattle, United Kingdom",INV-682277,%B0611395930321299^WHITE/OLIVER^2609,10/26,"[-0.6405, 0.3852, -0.4695, 0.3689, 0.42, 0.7111, 0.9487, -0.1034]",INV-639494,sarah.brown@outlook.com,02/27,aiden.harris,5.16.96,3250 shares @ $107.13,AUD,batch_size=822,LLD,02/28,Oliver Garcia,210.1,3711-8131-2076-1664,64.9649,1638.77,Needs improvement,Admin,RG90MY498E5B6O4IF3ZD,12/27,"$6,360,224",4794309167,916,2024-10-31T00:00:00Z
58350961,2539 shares @ $116.61,5798,Miami,1015.5,INS-670729,INS-414618,377137,INV-964590,photo_519f93e5.jpg,318,"$125,462",MRN-693185,olivia.lewis@gmail.com,%B7702188549353217^LEWIS/SUSAN^2708,Salesforce,delete,INV-205289,592,2020-09-25 06:47:38,%B8019780070192515^LEE/MICHAEL^3008,"$7,912,300",4414 shares @ $415.0,mary.king@outlook.com,354,80.0,192501963499,1180.51,"Dallas, Singapore",INV-254766,%B4784528773673595^WALKER/LUCAS^2712,04/27,"[-0.2306, -0.1137, 0.0906, 0.2816, 0.2758, -0.1129, 0.7571, -0.5009]",INV-657296,olivia.jackson@outlook.com,04/28,michael.rodriguez,3.11.73,3063 shares @ $242.73,JPY,batch_size=327,NBS,05/24,Amy G. Lee,256.1,6011-6577-5820-2250,-96.7392,7645.63,Meets expectations,Admin,UZUYRURGOHVAKCCOA8ZS,09/27,"$6,131,680",8793280332,5438,2023-04-19T00:00:00Z
6301296624,2907 shares @ $114.24,8253,Phoenix,2272.0,INS-284189,INS-388672,370233,INV-587803,photo_36298df5.jpg,738,"$189,794",MRN-530300,lucas.rodriguez@yahoo.com,%B9507100733682626^JONES/AMY^2411,Workday,snapshot,INV-684088,809,2025-10-11T21:27:54Z,%B7037683988166105^MILLER/MASON^3012,"$8,369,615",250 shares @ $244.79,sophia.lee@gmail.com,614,72.1,455469696984,8537.23,"Tokyo, Spain",INV-530550,%B6055169323675774^THOMPSON/PATRICIA^2401,06/29,"[-0.946, -0.5547, -0.1342, -0.5532, -0.184, -0.1404, -0.5897, -0.2489]",INV-441326,robert.rodriguez@yahoo.com,12/30,sarah.smith,1.6.98,4031 shares @ $366.69,AUD,pool_size=46,QVX,08/24,Robert Anderson,244.9,5275-1117-1169-3899,-61.2332,9040.55,Meets expectations,Guest,HCHMD31MQ1DR34YS5IM0,11/26,"$3,203,955",1652913854,338,2023-03-09T00:00:00Z
1792042013,607 shares @ $112.89,967,London,3025.5,INS-654723,INS-319676,60118051,INV-111638,photo_fa4ae345.jpg,725,"$172,628",MRN-261156,logan.martinez@gmail.com,%B4294739194611653^RODRIGUEZ/LOGAN^3008,PostgreSQL,insert,INV-631300,550,2019-03-09T07:40:56Z,%B5068644493291050^GARCIA/EMMA^2608,"$5,847,905",4937 shares @ $52.41,aiden.anderson@gmail.com,319,53.9,2378371883,8515.22,"Phoenix, Germany",INV-659437,%B9226964329524246^WHITE/ANNA^2806,03/28,"[-0.3335, -0.0511, -0.0775, 0.0091, -0.8068, 0.0824, -0.6615, 0.063]",INV-253407,michael.jones@yahoo.com,02/30,emily.jackson,3.4.52,4277 shares @ $252.6,JPY,pool_size=165,UUF,01/29,Amy Johnson,214.9,3760-0342-4883-7257,-2.6863,9637.93,Exceeds expectations,Editor,UF04LAMGTMDWFCZT9J7U,09/27,"$9,581,115",0291993530,8467,2025-03-02T00:00:00Z
01234246,1504 shares @ $54.02,068,Phoenix,4351.3,INS-976513,INS-404585,437575,INV-745621,photo_9810ec7b.jpg,683,"$226,117",MRN-677340,elizabeth.johnson@yahoo.com,%B1592844937469865^WHITE/RICHARD^2606,PostgreSQL,snapshot,INV-282040,326,2025-12-02 03:16:17,%B7029635624677729^RODRIGUEZ/ANNA^2410,"$3,065,644",3336 shares @ $206.53,elizabeth.moore@gmail.com,391,48.8,0021398948,2891.96,"London, France",INV-420573,%B8628969164202667^JOHNSON/JOHN^2807,01/24,"[0.9927, -1.4384, -0.9282, -0.1597, -0.196, -0.1765, 0.5566, 0.6528]",INV-915794,sarah.martin@gmail.com,05/27,noah.anderson,3.20.59,3425 shares @ $169.89,CNY,batch_size=449,KPG,05/29,John Miller,319.0,XXXX-XXXX-XXXX-7289,30.3615,6884.25,Outstanding,Viewer,G7MBMVRXQY198P2BRB91,10/27,"$3,035,744",73577713,101,2021-03-22T00:00:00Z
2744772535,4895 shares @ $118.95,920,Miami,7464.7,INS-938065,INS-157243,3720701,INV-634653,photo_d8d6cc51.jpg,303,"$199,530",MRN-119606,lucas.martin@gmail.com,%B3085067388012721^ANDERSON/OLIVIA^3011,Kafka,update,INV-134645,560,2018-01-27T13:02:24Z,%B0328767535621643^WHITE/JOHN^2704,"$5,308,573",4863 shares @ $355.83,jessica.smith@yahoo.com,783,67.7,167503528918,4333.55,"London, Spain",INV-685778,%B6315467835188867^WRIGHT/HARPER^2605,05/26,"[0.7156, -0.3185, -0.1862, 0.1418, 1.3114, 0.1957, 0.0898, -0.1059]",INV-844439,jennifer.moore@yahoo.com,01/29,ethan.brown,5.20.25,1423 shares @ $438.69,GBP,max_retries=24,WSS,07/24,Sophia Davis,188.0,3762-3604-1764-2587,-34.5009,8540.94,Needs improvement,Admin,FUZGFXXZH0BKT8URUTZI,03/28,"$3,100,020",47923797,283,2024-02-11T00:00:00Z
5631292008,1647 shares @ $232.23,8130,Houston,7630.1,INS-129308,INS-720274,455648,INV-973817,photo_1c6065d6.jpg,601,"$229,711",MRN-917230,michael.king@outlook.com,%B0572770805791282^MOORE/EMILY^2709,SAP,snapshot,INV-979647,636,2021-04-15 15:04:31,%B0701619967704851^RODRIGUEZ/SUSAN^3010,"$771,486",2929 shares @ $303.01,david.anderson@outlook.com,481,25.6,1354654245,9753.45,"London, Australia",INV-956026,%B8415949093983295^MARTIN/JESSICA^2906,09/25,"[0.0966, -1.1811, 0.4107, -0.6342, -0.3596, 0.0165, -0.2401, 0.8435]",INV-686311,emily.davis@outlook.com,04/29,mason.harris,2.1.14,2037 shares @ $11.57,USD,max_retries=623,VNS,03/26,Anna Garcia,381.9,6011-5739-1393-7231,-39.0181,3281.24,Exceeds expectations,Viewer,I3QD6SSHP86IFDIN901R,02/24,"$2,215,442",01912662,3944,2026-12-15T00:00:00Z
79860503,2317 shares @ $487.58,0698,Sydney,1535.9,INS-747594,INS-595609,60114252,INV-673340,photo_246a2031.jpg,450,"$170,325",MRN-230753,richard.miller@yahoo.com,%B3427710132123564^MARTIN/ROBERT^2611,Kafka,upsert,INV-434611,846,2023-04-16 12:34:19,%B0862537270033313^WRIGHT/ROBERT^2802,"$6,956,802",1371 shares @ $157.58,emma.king@gmail.com,517,4.5,11619417,8240.25,"Phoenix, Brazil",INV-906308,%B8698529619953932^WHITE/ROBERT^2608,09/24,"[0.2349, 0.2317, -0.3901, 0.0504, 0.1988, -0.0134, -0.3901, 0.8359]",INV-217457,susan.martinez@gmail.com,07/24,linda.jones,0.5.1,378 shares @ $469.12,CHF,pool_size=584,FNZ,01/25,Emma Williams,355.0,XXXX-XXXX-XXXX-1255,-98.9986,9032.2,Meets expectations,Editor,LISYOWEI9O0AII687ARE,12/27,"$2,416,849",9297149144,7113,2020-07-03T00:00:00Z
68578344,3411 shares @ $171.22,495,San Francisco,5959.1,INS-718053,INS-608205,601151161,INV-536700,photo_4313705c.jpg,478,"$149,775",MRN-509574,aiden.king@yahoo.com,%B6023316661234081^THOMPSON/ELIZABETH^2605,Kafka,update,INV-669325,307,2024-10-25 17:33:00,%B7736014667850591^ROBINSON/MARY^2708,"$8,212,166",1093 shares @ $35.32,james.taylor@outlook.com,600,60.0,91270119,5830.39,"Houston, Israel",INV-963887,%B3367896665997571^YOUNG/NOAH^2601,12/30,"[0.5558, -0.0731, -0.5666, -0.2259, 0.3742, -0.4795, -0.9997, 0.3431]",INV-264730,patricia.robinson@outlook.com,04/25,james.thompson,1.3.25,3225 shares @ $148.48,CNY,pool_size=917,QHS,07/25,Susan Wright,7.7,XXXX-XXXX-XXXX-2417,-36.6598,9999.71,Outstanding,Owner,CA90K9X6X9ADG8JXAH1P,03/29,"$349,506",880155144649,3824,2023-02-08T00:00:00Z
5082285304,4085 shares @ $266.82,7766,London,1273.2,INS-206729,INS-973828,601129068,INV-958550,photo_8cd61bb9.jpg,433,"$213,269",MRN-506934,lucas.wright@yahoo.com,%B9948781782982956^MOORE/ELIZABETH^2704,Workday,insert,INV-100698,649,2018-05-11 22:02:59,%B1003449682165195^JACKSON/RICHARD^2901,"$6,499,931",3468 shares @ $334.67,noah.taylor@outlook.com,652,47.4,387879519812,4570.86,"Dallas, South Korea",INV-744506,%B6502681883713426^JACKSON/ETHAN^2607,06/24,"[0.491, 0.72, 0.3811, 1.0579, 0.0867, -0.3641, 0.8597, 0.463]",INV-341448,olivia.thomas@yahoo.com,12/26,noah.davis,1.2.45,363 shares @ $355.66,AUD,batch_size=726,YME,07/27,Mason King,456.9,4611-3056-5561-3791,-15.7641,5422.14,Meets expectations,Viewer,Z7O78J5ZEQ4GRSXLD17Z,02/28,"$7,473,395",1386925596,9399,2024-03-14T00:00:00Z
95704354,141 shares @ $36.2,0408,Los Angeles,1308.2,INS-221375,INS-740586,585071,INV-793012,photo_96c49ade.jpg,307,"$194,148",MRN-302642,harper.lee@yahoo.com,%B6661673707057778^GARCIA/DAVID^3001,PostgreSQL,update,INV-605867,431,2018-02-02T01:52:51Z,%B9635776915648506^TAYLOR/HARPER^2804,"$3,634,421",86 shares @ $276.09,elizabeth.anderson@outlook.com,699,77.2,1570507214,4859.61,"Portland, Brazil",INV-123542,%B1824502029341767^WILLIAMS/AIDEN^2802,01/25,"[-0.0488, 0.0187, 0.0811, -0.2192, 0.9318, 0.2635, -0.4998, -0.5917]",INV-120213,david.johnson@yahoo.com,05/25,elizabeth.garcia,3.5.42,4594 shares @ $78.82,USD,pool_size=709,EDW,11/29,Olivia Johnson,476.3,4683-9209-5883-3281,99.4915,5637.99,Outstanding,Editor,WN4M5RIS4EENUY7GFGGS,12/26,"$2,480,940",0829336100,1057,2025-10-11T00:00:00Z
393222008302,3017 shares @ $162.99,3501,Tokyo,2867.6,INS-700598,INS-895058,3751294,INV-146697,photo_24bca9f1.jpg,360,"$88,952",MRN-302438,lucas.king@yahoo.com,%B6874241540968376^DAVIS/LUCAS^2706,Kafka,upsert,INV-219670,720,2024-10-04 09:32:46,%B9902691012158996^LEE/ETHAN^2504,"$4,627,709",301 shares @ $346.51,linda.wright@outlook.com,608,5.6,7845327212,4695.98,"Toronto, Italy",INV-499777,%B2208790286489538^THOMPSON/AIDEN^2507,06/27,"[-0.1007, 0.0121, -0.7517, 0.0317, 0.6618, 0.2683, 0.4906, -0.9384]",INV-852007,noah.anderson@gmail.com,07/26,aiden.young,3.18.8,2637 shares @ $221.09,BRL,max_retries=909,RJF,06/25,Mason Garcia,473.7,XXXX-XXXX-XXXX-3193,30.0936,9885.09,Exceeds expectations,Editor,UYJK0O25P5OANKU3JHLJ,04/28,"$9,269,115",226046179280,6670,2018-11-17T00:00:00Z
637302767718,1947 shares @ $299.48,6058,Seattle,8416.0,INS-333210,INS-130471,45913,INV-893038,photo_5bc1d075.jpg,374,"$34,539",MRN-837741,aiden.walker@outlook.com,%B2312444981188656^GARCIA/SARAH^2704,Kafka,insert,INV-129189,820,2020-02-06 16:16:21,%B6746802716885563^YOUNG/OLIVER^3003,"$3,012,429",2008 shares @ $421.98,logan.anderson@outlook.com,497,62.2,42676596,193.59,"Houston, United Kingdom",INV-266088,%B2407061828933271^WILLIAMS/HARPER^2502,10/29,"[-0.0229, 0.7094, -0.407, 0.2572, 0.9468, -1.0637, -0.0962, 0.347]",INV-802599,richard.lewis@yahoo.com,07/26,anna.lee,5.15.5,2038 shares @ $385.46,EUR,pool_size=998,MHS,07/28,Oliver Clark,473.0,XXXX-XXXX-XXXX-8486,57.7111,8181.62,Outstanding,Admin,ZEPU41UW3ED54OAUJI0K,02/27,"$6,563,095",3767739982,455,2021-06-17T00:00:00Z
78332485,2259 shares @ $397.1,1356,Seattle,743.5,INS-260951,INS-961945,56016,INV-414686,photo_3dae801a.jpg,515,"$97,486",MRN-607102,jennifer.johnson@gmail.com,%B8509470586535836^JOHNSON/JAMES^2808,Salesforce,upsert,INV-822500,803,2018-03-08 23:20:31,%B4165826164720203^WRIGHT/DAVID^2505,"$8,794,867",2307 shares @ $204.53,susan.thomas@yahoo.com,800,51.9,1834288153,975.76,"Toronto, United Kingdom",INV-912570,%B8625460506339691^CLARK/NOAH^2602,06/26,"[0.0671, -0.1004, -0.1353, -0.0486, 0.7844, -0.1156, -0.3269, 0.1294]",INV-960215,olivia.lewis@outlook.com,04/29,william.williams,3.17.60,3063 shares @ $361.35,BRL,batch_size=629,XLZ,12/30,Emma Anderson,469.5,XXXX-XXXX-XXXX-6349,-95.8839,4824.86,Needs improvement,Owner,9RBL09YMFCRTDWYUS6D6,05/26,"$4,924,674",7994763977,6019,2018-06-30T00:00:00Z
87953074,3707 shares @ $261.69,6085,London,923.6,INS-243186,INS-179159,566911,INV-239021,photo_8c6025e5.jpg,523,"$91,075",MRN-443633,noah.anderson@outlook.com,%B5557978750116276^CLARK/OLIVER^2706,SAP,delete,INV-718169,777,2020-11-09T18:34:42Z,%B4745829584988541^DAVIS/MICHAEL^2907,"$6,948,531",1571 shares @ $322.65,michael.lewis@gmail.com,736,32.4,16076143,6685.37,"Atlanta, Norway",INV-398888,%B9567311141295246^MARTINEZ/RICHARD^2908,03/27,"[-0.3173, 0.6617, -0.346, -0.0955, -0.1655, 0.8473, 0.1834, 0.2879]",INV-123792,david.martin@outlook.com,08/26,richard.young,4.13.83,2629 shares @ $42.94,INR,batch_size=991,VUY,11/25,Susan Thomas,456.9,XXXX-XXXX-XXXX-4485,8.9009,4679.96,Needs improvement,Guest,VUOQNXPHEBKGVK99I7RF,10/25,"$9,205,041",1148502074,2253,2020-03-13T00:00:00Z
85977809,4864 shares @ $258.92,1372,Phoenix,3873.5,INS-135312,INS-337321,60112091,INV-839498,photo_404bd163.jpg,829,"$224,654",MRN-123384,sarah.williams@gmail.com,%B2184772685126298^JONES/NOAH^2901,Workday,delete,INV-556045,353,2020-10-03 00:28:07,%B2168508485817555^HARRIS/SARAH^2704,"$169,945",194 shares @ $341.2,noah.smith@yahoo.com,720,84.3,9047902159,4562.7,"Atlanta, United States",INV-987601,%B6122918044323017^THOMPSON/JESSICA^2801,01/28,"[-0.2483, -0.2513, -0.0536, -0.0095, 0.2282, -0.0311, -0.2601, -0.3405]",INV-549525,james.garcia@gmail.com,11/28,olivia.white,4.4.36,4447 shares @ $132.85,USD,pool_size=301,PWH,08/26,Patricia Thompson,222.8,XXXX-XXXX-XXXX-1872,77.4941,332.92,Meets expectations,Editor,HJ8FZR2B99Z8KISWIXAV,02/26,"$9,055,450",02306765,2383,2022-05-10T00:00:00Z
9817642779,3087 shares @ $265.71,7094,Houston,5964.6,INS-356998,INS-643574,50693,INV-379841,photo_5c9b119f.jpg,617,"$50,812",MRN-208663,liam.davis@yahoo.com,%B1918210499257973^CLARK/JESSICA^2405,Snowflake,snapshot,INV-320507,841,2024-09-12T10:44:59Z,%B1179766648487901^ROBINSON/JESSICA^2606,"$1,650,582",3937 shares @ $366.29,jessica.smith@yahoo.com,531,76.0,793679433129,6051.27,"Sydney, Spain",INV-272758,%B3828369781368280^ROBINSON/MASON^2904,07/29,"[-0.0491, -0.1041, -0.836, 0.0071, -0.7366, -0.443, 0.1902, -0.774]",INV-288069,john.lee@outlook.com,05/24,lucas.wright,5.8.1,1103 shares @ $96.06,USD,pool_size=623,ADF,02/30,Lucas Garcia,449.1,6011-2981-9338-2781,78.8863,9394.17,Outstanding,Editor,V3O99ECCQJ81DWSWZL9T,12/25,"$6,810,094",9351927761,6166,2020-05-28T00:00:00Z
6144005901,682 shares @ $493.92,416,Dallas,4128.8,INS-873483,INS-926735,50615,INV-987151,photo_67c8ac55.jpg,672,"$76,766",MRN-610498,david.martin@yahoo.com,%B7460926960093426^ROBINSON/JAMES^3005,Workday,snapshot,INV-666030,526,2020-03-09 02:59:46,%B3046020430574714^HARRIS/DAVID^3005,"$4,897,673",4504 shares @ $295.46,susan.lee@gmail.com,752,86.0,12165138,5602.27,"Houston, Italy",INV-755487,%B7194896436078441^SMITH/LINDA^2705,09/30,"[0.2567, 0.7364, -0.0085, -0.4116, 0.1033, 0.1627, 0.2055, 0.6125]",INV-551347,noah.lewis@yahoo.com,02/24,robert.thomas,2.0.72,1865 shares @ $45.25,INR,max_retries=94,QWN,06/26,Aiden S. Johnson,475.1,XXXX-XXXX-XXXX-0085,85.718,3116.21,Exceeds expectations,Admin,PCQD8XU67RKTD6S9L8BD,02/30,"$6,514,231",3481552472,2262,2019-05-24T00:00:00Z
71214455,666 shares @ $34.12,6549,Paris,6034.6,INS-760559,INS-823424,60115765,INV-290233,photo_9537c750.jpg,554,"$50,542",MRN-473474,olivia.clark@gmail.com,%B2083361452843257^MARTINEZ/RICHARD^2603,SAP,insert,INV-449995,665,2023-04-25 03:35:24,%B2868422032996286^JONES/WILLIAM^2603,"$7,402,001",4744 shares @ $116.37,patricia.robinson@outlook.com,638,38.9,578428093079,4950.27,"Chicago, Brazil",INV-991683,%B5118084100532960^WALKER/RICHARD^2902,04/27,"[-0.996, -0.4578, -0.3845, -0.0445, -0.3242, -0.391, -0.5599, 0.2266]",INV-192089,mary.garcia@outlook.com,03/27,mary.young,5.18.26,4788 shares @ $358.56,INR,max_retries=389,XKI,07/25,Lucas Rodriguez,353.6,XXXX-XXXX-XXXX-0002,37.5056,5332.75,Meets expectations,Admin,XV3VJ3X7F50DGF470TMR,12/24,"$4,387,363",88459497,1821,2025-12-01T00:00:00Z
73634872,3402 shares @ $175.38,9186,New York,7710.0,INS-139222,INS-691067,3792808,INV-245737,photo_6dfcea29.jpg,815,"$68,003",MRN-911899,sophia.brown@yahoo.com,%B5771650910812252^WHITE/ELIZABETH^2811,Snowflake,upsert,INV-979192,491,2020-02-16T12:07:36Z,%B7751766327250730^RODRIGUEZ/LUCAS^2609,"$8,400,705",986 shares @ $144.52,mason.thompson@outlook.com,826,71.4,6027905254,6353.34,"Sydney, France",INV-365654,%B2058924976463347^ROBINSON/EMMA^3009,02/28,"[1.1382, -0.573, 1.0812, 0.3861, -0.6302, 0.0713, -0.5961, -0.3802]",INV-246887,emily.thomas@outlook.com,11/28,mason.jones,3.13.85,4528 shares @ $389.53,CHF,timeout_ms=671,DEH,05/27,Robert Taylor,368.6,XXXX-XXXX-XXXX-0269,26.602,7244.8,Outstanding,Viewer,MC6CWWU69KES4C7OIDO3,05/30,"$8,079,816",28735160,9652,2021-04-11T00:00:00Z
34224440,1575 shares @ $155.92,5727,Paris,7727.4,INS-107800,INS-582376,601169490,INV-333787,photo_ece61c10.jpg,399,"$233,637",MRN-610635,james.martinez@yahoo.com,%B2061114628527625^MOORE/EMILY^3008,Salesforce,update,INV-676445,660,2024-01-02 22:01:19,%B5000546452013906^MARTIN/SOPHIA^2412,"$2,111,261",2728 shares @ $296.1,sophia.jackson@yahoo.com,723,90.9,614305652273,5587.46,"Houston, Switzerland",INV-190322,%B1904176085541290^ROBINSON/SOPHIA^2411,07/27,"[0.1211, -0.7498, 0.2039, -0.2059, 0.253, -0.4312, -1.2814, -0.7007]",INV-639902,linda.lee@yahoo.com,12/27,noah.taylor,4.17.46,2869 shares @ $65.06,INR,pool_size=104,IAF,02/24,Anna I. Young,455.7,4407-0097-4866-3308,14.6726,4809.98,Exceeds expectations,Owner,I74UQ161P2KQKRK608FG,08/26,"$2,403,913",306973971819,1821,2018-07-28T00:00:00Z
57121234,3384 shares @ $401.36,4915,Paris,8678.8,INS-933284,INS-670331,50153,INV-259016,photo_ef2eacc6.jpg,780,"$132,664",MRN-215645,patricia.moore@outlook.com,%B1503374236852210^MILLER/MASON^2408,Snowflake,update,INV-978495,308,2020-07-09 09:35:06,%B0451186679146411^THOMAS/WILLIAM^2409,"$2,866,489",2743 shares @ $407.37,mason.jackson@gmail.com,496,5.2,136580981339,1180.07,"Berlin, India",INV-633014,%B7762458110222891^WILLIAMS/SARAH^2804,10/26,"[-0.0103, 0.1811, -0.272, 0.5212, 0.1071, -0.6403, -0.2107, 0.2844]",INV-102533,richard.clark@outlook.com,05/26,amy.jones,0.1.50,1360 shares @ $164.87,EUR,batch_size=383,XNY,09/24,Sarah S. Martinez,218.8,XXXX-XXXX-XXXX-9735,-40.0949,1959.12,Outstanding,Guest,B4EE7NQCCS4AW5VBWVPO,10/27,"$6,554,397",44180366,2314,2022-03-08T00:00:00Z
680665341202,1679 shares @ $248.3,753,Atlanta,4512.7,INS-602307,INS-564815,419294,INV-990127,photo_fa7b22e1.jpg,743,"$68,175",MRN-448404,jessica.jackson@outlook.com,%B4108103569250609^MILLER/EMMA^2811,Snowflake,snapshot,INV-583111,321,2019-07-11T16:58:32Z,%B3835948447502107^RODRIGUEZ/WILLIAM^2910,"$793,503",973 shares @ $341.85,susan.davis@yahoo.com,307,24.4,854738723427,2138.53,"Paris, France",INV-846595,%B8491256744513434^MOORE/EMMA^3008,02/30,"[-0.0756, -0.6845, -0.7395, -0.7959, 0.6603, 0.1424, -0.3003, 0.3394]",INV-967782,noah.martin@yahoo.com,08/24,logan.jackson,1.2.98,4033 shares @ $482.52,CHF,pool_size=964,LCA,03/30,Liam Smith,439.7,4723-4040-2515-4405,13.0432,1943.67,Outstanding,Owner,GPTKP1BX2VDQTOFW5HPD,05/27,"$2,893,519",652137845894,9497,2021-05-03T00:00:00Z
132707211096,977 shares @ $201.01,6885,Toronto,6690.7,INS-956217,INS-474756,59733,INV-511973,photo_7dccf0e9.jpg,546,"$231,154",MRN-406837,amy.walker@gmail.com,%B3344166634610550^YOUNG/MARY^3004,PostgreSQL,snapshot,INV-476187,751,2018-12-24 17:50:26,%B1024148141228017^CLARK/MICHAEL^2810,"$8,311,857",2352 shares @ $349.26,elizabeth.smith@outlook.com,693,68.1,0814660904,6517.93,"Tokyo, Netherlands",INV-642584,%B6219787416442768^LEE/JESSICA^2904,05/30,"[0.7008, -0.6129, 0.0291, -0.0884, 0.8505, -0.1249, 0.17, -0.5167]",INV-917763,john.williams@gmail.com,03/28,richard.lewis,0.16.53,3099 shares @ $200.01,BRL,batch_size=347,ACI,11/27,Robert I. Thomas,24.7,4021-6641-7704-2177,-31.1674,6711.39,Needs improvement,Guest,PX16AH237BNG638UYX5X,09/24,"$8,019,362",55851615,530,2019-01-19T00:00:00Z
0974890459,2404 shares @ $37.79,735,New York,121.8,INS-742856,INS-760339,588559,INV-751426,photo_35252e4a.jpg,310,"$158,635",MRN-670706,olivia.young@yahoo.com,%B3607442470795733^MARTIN/LIAM^2807,Snowflake,delete,INV-194801,330,2021-10-05T21:45:25Z,%B7754182146573242^CLARK/EMILY^2705,"$7,113,353",1993 shares @ $451.39,anna.king@gmail.com,810,75.2,8968727101,5663.57,"Sydney, Singapore",INV-543736,%B8338287798665262^ANDERSON/SARAH^2503,07/27,"[-0.3239, -0.9698, 0.3243, 0.4567, -0.2497, -1.1049, 0.8754, 0.6826]",INV-125079,james.johnson@outlook.com,03/24,liam.miller,0.3.27,3562 shares @ $492.86,USD,max_retries=786,JYF,03/29,Emily Wright,102.7,6011-4907-4717-6671,53.1825,471.52,Meets expectations,Owner,6RJ1A6WMBVZ5PQMYRI8M,10/27,"$9,265,296",909769583504,8286,2020-11-24T00:00:00Z
776704353381,3263 shares @ $69.42,6390,Berlin,1351.9,INS-113562,INS-633418,578117,INV-664536,photo_112fb0c1.jpg,350,"$71,352",MRN-246042,sophia.robinson@yahoo.com,%B1587483232660640^TAYLOR/SOPHIA^2705,Kafka,upsert,INV-265157,493,2026-07-22T17:23:45Z,%B5964804254916561^HARRIS/LINDA^2810,"$3,744,123",2429 shares @ $70.1,william.martinez@outlook.com,702,11.5,789855238960,7369.77,"Houston, Israel",INV-445529,%B8369954518140216^CLARK/OLIVIA^2509,06/29,"[-0.4758, 0.973, 0.1201, -0.2335, -0.0613, 0.7365, -0.3012, 0.03]",INV-361038,sophia.williams@gmail.com,04/29,elizabeth.taylor,0.6.94,1227 shares @ $367.94,EUR,timeout_ms=266,XZI,01/29,Noah Anderson,394.2,5706-5265-3434-0940,-76.4919,3114.94,Outstanding,Owner,RZYN8ZHS7BEV2W2BGUP8,11/27,"$4,036,391",530303965981,2187,2023-09-13T00:00:00Z
792451149810,3200 shares @ $332.43,621,Toronto,27.5,INS-844711,INS-880810,511183,INV-733376,photo_bd9d997e.jpg,657,"$35,946",MRN-411134,logan.davis@gmail.com,%B3183322107285295^HARRIS/EMMA^2906,Salesforce,insert,INV-399226,396,2021-05-22 19:38:37,%B3316695484632232^BROWN/JESSICA^2711,"$8,527,496",4340 shares @ $158.41,emma.clark@yahoo.com,627,27.0,2114339059,2881.64,"Toronto, India",INV-547850,%B4286088222276505^MILLER/ETHAN^2809,09/24,"[0.0441, -0.6528, -0.1587, 0.1576, 0.0646, 0.3342, -0.3616, 0.424]",INV-665133,mary.garcia@outlook.com,02/29,liam.johnson,3.8.56,258 shares @ $223.4,AUD,pool_size=608,OLV,09/26,Robert Thomas,78.0,6011-4287-6579-7438,-89.7286,5798.53,Exceeds expectations,Admin,SNZJVP3V9X4OJSITZCUI,10/30,"$9,718,950",763353098249,2609,2020-04-13T00:00:00Z
8598330820,3072 shares @ $214.85,0603,Portland,6007.5,INS-715515,INS-119988,60118308,INV-208849,photo_42e3f316.jpg,495,"$50,142",MRN-193672,michael.johnson@gmail.com,%B1867363392059235^SMITH/RICHARD^2405,Salesforce,snapshot,INV-216517,689,2025-02-24T02:11:35Z,%B7694109486596997^RODRIGUEZ/NOAH^2509,"$2,816,456",1466 shares @ $105.58,olivia.lewis@yahoo.com,306,36.1,09723928,5317.93,"New York, France",INV-831972,%B1774150776025102^JOHNSON/LINDA^2708,10/24,"[-0.7023, -0.6844, 0.4801, -0.1616, 0.4138, 0.1817, 0.1289, -0.3849]",INV-341614,william.martin@outlook.com,12/29,oliver.smith,4.18.46,4927 shares @ $250.3,CNY,pool_size=333,UVF,02/24,Mary White,32.6,3766-3864-5980-3060,91.5529,2382.12,Exceeds expectations,Guest,P0TD52W54TQLWUV73U11,02/27,"$9,287,204",200104433629,116,2024-03-14T00:00:00Z
38732141,552 shares @ $177.4,8901,Sydney,7091.1,INS-888781,INS-483647,434184,INV-647516,photo_5839a688.jpg,395,"$104,834",MRN-371136,aiden.martin@gmail.com,%B4704950601162818^LEE/SOPHIA^2706,SAP,update,INV-867197,775,2024-04-21 02:32:47,%B4006197727747292^BROWN/WILLIAM^2511,"$8,855,179",174 shares @ $66.57,david.harris@yahoo.com,836,46.4,0663238744,1894.92,"Phoenix, India",INV-503729,%B3803872704774556^BROWN/EMILY^2911,09/25,"[-0.1202, 0.3735, 0.1669, 0.217, 0.1027, -0.5149, -0.102, 1.0602]",INV-340084,sophia.brown@yahoo.com,09/29,emma.moore,3.5.66,2496 shares @ $380.56,INR,pool_size=555,HKD,08/29,Ethan Lee,464.4,3794-9446-5656-0680,83.5202,1770.24,Meets expectations,Admin,KU4NPH1TAL7AMICJUKEF,06/30,"$1,340,879",03399466,563,2026-09-22T00:00:00Z
4917626544,4539 shares @ $267.3,741,Atlanta,3431.5,INS-745404,INS-724910,601124678,INV-325025,photo_718fcf76.jpg,395,"$59,594",MRN-396347,linda.martin@gmail.com,%B4007767030681735^MILLER/ROBERT^2703,PostgreSQL,update,INV-299969,698,2018-06-24 17:12:03,%B9068104426918740^WALKER/PATRICIA^2501,"$4,195,950",3740 shares @ $315.28,jessica.brown@gmail.com,351,46.5,130641245262,7552.69,"Tokyo, France",INV-200344,%B1462512956441761^ROBINSON/MARY^2403,06/24,"[0.6522, 0.6179, 0.562, 0.0759, 0.0091, 0.0448, -0.0588, -0.097]",INV-327869,sarah.wright@yahoo.com,09/28,mary.white,1.2.43,1525 shares @ $259.31,INR,timeout_ms=444,WCP,03/28,Mason Taylor,464.8,XXXX-XXXX-XXXX-8690,-77.2826,5303.08,Meets expectations,Admin,IYTI1WGCN9WGYCBRRYZN,08/29,"$1,813,290",5378744011,3340,2018-08-27T00:00:00Z
9878217182,369 shares @ $304.51,947,Tokyo,4625.4,INS-921807,INS-130443,500152,INV-731096,photo_e50210a8.jpg,846,"$173,520",MRN-118992,sophia.smith@outlook.com,%B5922296330794763^LEWIS/OLIVER^2808,Salesforce,update,INV-630527,525,2019-08-25T09:10:45Z,%B7145671867112252^ROBINSON/ELIZABETH^2504,"$1,437,560",2376 shares @ $449.13,ethan.martinez@outlook.com,390,88.3,379493473401,8368.12,"Boston, Netherlands",INV-241867,%B4675842753545943^KING/HARPER^2812,02/25,"[0.8486, 0.2777, -0.3299, 0.2758, -0.0733, -0.1295, -0.4758, 0.4909]",INV-341176,liam.young@outlook.com,05/28,david.lewis,0.0.74,4869 shares @ $10.18,CNY,pool_size=596,RSY,05/27,Harper Clark,126.9,5296-2786-0661-0865,47.5736,363.37,Needs improvement,Editor,CP0IFGF3UNQREWC6BNNE,10/24,"$4,368,890",46702218,550,2018-04-25T00:00:00Z
035278446324,476 shares @ $315.98,909,Toronto,1872.5,INS-997926,INS-468477,57966,INV-160200,photo_357cee5f.jpg,616,"$134,094",MRN-701628,olivia.davis@gmail.com,%B9906681898911428^KING/LINDA^3002,SAP,update,INV-453988,332,2022-07-16 03:12:17,%B2946087756644857^RODRIGUEZ/ETHAN^2803,"$3,244,183",1709 shares @ $11.1,david.smith@outlook.com,703,84.6,6226041864,5645.92,"Houston, South Korea",INV-422297,%B0775648777606358^JOHNSON/EMILY^2406,10/29,"[-0.6084, 0.8452, 0.6096, 0.2144, 0.1625, 0.96, 0.1827, 0.0087]",INV-427165,anna.martinez@gmail.com,05/30,james.wright,4.14.22,4548 shares @ $294.87,USD,timeout_ms=859,LLF,06/29,Noah Walker,48.3,XXXX-XXXX-XXXX-3110,-10.9039,8773.22,Needs improvement,Editor,TFPSATFCK28ZY68D1IUU,09/26,"$183,847",65401671,8756,2024-01-21T00:00:00Z
7328595685,334 shares @ $156.52,1787,Denver,6032.6,INS-277920,INS-501909,60117505,INV-336054,photo_d54fd99f.jpg,634,"$94,843",MRN-272226,jennifer.smith@gmail.com,%B8053634197212497^WILLIAMS/PATRICIA^2406,PostgreSQL,snapshot,INV-244166,466,2023-05-04T10:57:09Z,%B8411956674305288^RODRIGUEZ/RICHARD^2909,"$4,800,072",3812 shares @ $269.18,patricia.rodriguez@gmail.com,671,35.4,57841387,7728.7,"Berlin, France",INV-457108,%B7995839661597401^HARRIS/ANNA^2810,03/28,"[0.14, 0.6325, -0.2606, 0.31, 0.0887, 0.4782, 0.2714, -0.3043]",INV-596390,david.harris@outlook.com,03/24,jessica.white,5.17.49,4447 shares @ $364.39,USD,batch_size=105,WTB,08/24,Sarah Walker,178.6,XXXX-XXXX-XXXX-5586,39.1567,6486.41,Exceeds expectations,Viewer,G0CKEF7HJTL1ZROSXF49,03/27,"$2,655,241",52351305,089,2023-04-11T00:00:00Z
8668685166,3121 shares @ $370.0,3738,New York,7497.2,INS-491922,INS-828873,53779,INV-494802,photo_0679f3a4.jpg,606,"$221,706",MRN-301846,linda.anderson@yahoo.com,%B9844163165028766^MARTINEZ/DAVID^2406,Workday,update,INV-254491,814,2020-07-13T07:44:21Z,%B9636075892122326^TAYLOR/RICHARD^2809,"$6,245,365",1895 shares @ $137.48,william.jackson@outlook.com,352,48.5,453794954735,5796.22,"San Francisco, South Korea",INV-367267,%B2385732399029671^THOMPSON/MASON^2810,06/28,"[-0.3564, 0.2061, -1.0881, 0.4084, 0.3982, 0.0011, -0.0424, 0.5726]",INV-224648,harper.lee@yahoo.com,04/28,david.garcia,5.10.47,830 shares @ $193.25,GBP,batch_size=607,AXB,12/26,Emily King,466.5,XXXX-XXXX-XXXX-9072,81.5487,5343.47,Outstanding,Owner,B2M93A5IN06N9IM0LWMW,03/24,"$8,079,986",8443787983,141,2024-02-28T00:00:00Z
7850891541,3846 shares @ $105.34,342,Sydney,4.2,INS-808939,INS-202100,57926,INV-941737,photo_62c066a5.jpg,629,"$102,131",MRN-448813,jennifer.garcia@yahoo.com,%B8286420915904037^JACKSON/AIDEN^2705,Snowflake,upsert,INV-546603,564,2023-07-10 20:57:22,%B8314828383452430^MILLER/DAVID^2804,"$1,241,323",4766 shares @ $44.48,anna.brown@yahoo.com,649,0.7,257292512075,6006.37,"Dallas, Canada",INV-466321,%B8837751044223656^WALKER/WILLIAM^2708,10/25,"[-0.447, 1.0727, 0.1007, 0.1848, -0.1923, 0.8087, -0.593, -0.4449]",INV-446385,mason.anderson@outlook.com,04/30,emily.king,2.12.24,1156 shares @ $191.41,CAD,timeout_ms=584,LIN,12/24,Anna Miller,269.0,6011-3012-4878-4654,98.577,2329.37,Meets expectations,Owner,W4K2S8X13Z8PD43YMVC1,10/30,"$8,039,047",621855118531,4508,2021-06-21T00:00:00Z
747202665603,4575 shares @ $152.49,827,Seattle,643.8,INS-786095,INS-308144,485495,INV-933049,photo_26d5dbef.jpg,634,"$238,320",MRN-366247,susan.jones@outlook.com,%B0763165227549368^LEWIS/RICHARD^2504,Salesforce,insert,INV-498200,324,2025-04-27 02:37:39,%B4463539255555950^GARCIA/HARPER^3006,"$8,384,777",2738 shares @ $275.2,richard.smith@gmail.com,786,25.0,4577767725,7881.69,"Berlin, Japan",INV-362532,%B3809013010917319^ANDERSON/ANNA^2703,01/25,"[-0.0999, -0.9297, 0.1974, -0.7912, 0.54, 0.0115, -0.7895, -0.4939]",INV-191247,elizabeth.lewis@outlook.com,01/26,james.garcia,2.20.56,917 shares @ $429.13,CNY,max_retries=668,DZN,11/25,Sarah Taylor,100.2,4226-0740-9131-6440,-53.9849,8863.97,Meets expectations,Owner,2IFVYF6GCN3MTGCYTCXH,08/24,"$4,381,171",6243612461,637,2020-06-06T00:00:00Z
239531051569,3094 shares @ $467.46,697,Dallas,7188.5,INS-975431,INS-141177,60114572,INV-137187,photo_51d1f0b6.jpg,774,"$211,742",MRN-710481,elizabeth.miller@outlook.com,%B7289625936382849^LEE/MICHAEL^2601,Kafka,delete,INV-154956,546,2023-05-07 05:14:11,%B4456387797453482^JOHNSON/ELIZABETH^2609,"$851,094",415 shares @ $147.95,logan.walker@yahoo.com,358,98.2,8688045744,8712.15,"Tokyo, Israel",INV-494079,%B2032158708585417^ANDERSON/LUCAS^2406,07/24,"[-0.2502, -0.6153, -0.1672, -1.1571, 0.0004, -0.8057, 0.0948, -0.2239]",INV-871841,logan.king@yahoo.com,08/30,sophia.martin,3.19.0,2827 shares @ $101.59,AUD,batch_size=660,HMV,09/29,Michael Smith,230.5,5100-6463-7303-4256,51.4057,2543.41,Needs improvement,Owner,8ZVUG2H6US46U68MNYVO,04/29,"$3,780,248",536940377967,008,2026-10-25T00:00:00Z
94888817,3784 shares @ $264.97,325,Tokyo,6183.6,INS-938947,INS-337255,418309,INV-534605,photo_404b8a91.jpg,525,"$125,277",MRN-799316,oliver.martin@gmail.com,%B4346064326942351^WILLIAMS/AMY^2411,Snowflake,update,INV-178892,540,2020-05-13 20:03:53,%B3825535342494220^THOMPSON/JAMES^2609,"$385,543",2525 shares @ $58.63,ethan.jones@outlook.com,419,65.8,464315747739,3143.76,"Denver, Japan",INV-134862,%B4878351299789271^TAYLOR/LOGAN^2701,03/25,"[0.8327, -0.6565, 0.3034, 0.1174, -0.5537, -0.015, -0.524, -1.4071]",INV-583456,sophia.moore@gmail.com,08/27,david.moore,5.8.73,1559 shares @ $191.34,JPY,max_retries=588,SHO,10/24,Sophia Johnson,283.4,3738-7097-3216-6346,-74.5615,1045.38,Outstanding,Guest,E5KN2QQJ7UBEF9V8B6L6,02/30,"$8,953,786",76133509,050,2022-06-21T00:00:00Z
913365951793,4327 shares @ $219.03,443,Boston,7420.8,INS-300130,INS-435058,601186389,INV-584091,photo_e372c884.jpg,315,"$152,113",MRN-563764,liam.wright@yahoo.com,%B2542960066691809^BROWN/NOAH^3004,SAP,update,INV-267310,688,2020-09-24 07:40:34,%B5285647409075792^ANDERSON/LIAM^3003,"$5,358,839",1979 shares @ $407.28,emily.smith@gmail.com,611,8.8,7516016325,601.02,"Toronto, Canada",INV-270985,%B2348759175237070^BROWN/EMILY^2903,02/25,"[-0.5937, -0.2272, 0.1957, -1.0099, 0.4302, 0.2225, -0.0417, 0.1512]",INV-300540,sarah.walker@gmail.com,04/28,david.king,4.13.93,742 shares @ $285.73,CNY,pool_size=682,ZRO,12/27,Michael O. Jones,324.5,XXXX-XXXX-XXXX-1218,-51.4478,5480.16,Outstanding,Admin,YE2ORQXH0NHUT4X7N0XW,11/24,"$1,538,340",987057869824,2605,2025-10-18T00:00:00Z
5681025071,2764 shares @ $236.86,8164,Boston,6875.4,INS-474472,INS-780078,377018,INV-421005,photo_631f3415.jpg,791,"$82,759",MRN-187705,noah.young@yahoo.com,%B7112234160730386^MARTINEZ/ETHAN^2902,PostgreSQL,update,INV-219192,733,2025-12-04T07:05:05Z,%B4303301293099915^MARTINEZ/JENNIFER^2806,"$261,926",1335 shares @ $110.55,john.garcia@yahoo.com,741,20.6,0039652690,6114.61,"Phoenix, Spain",INV-752401,%B2527883134970815^BROWN/LUCAS^3011,11/26,"[0.0239, 0.386, -0.1874, -0.0019, 0.6826, 0.303, -0.1139, -0.2228]",INV-883570,susan.davis@yahoo.com,02/28,jennifer.jackson,0.10.90,3930 shares @ $147.93,INR,timeout_ms=276,TGT,04/29,James King,453.0,6011-3791-7634-4337,2.3382,4199.46,Meets expectations,Viewer,9HU7GZJR24C54X436GD1,05/25,"$8,756,679",6629113756,2096,2026-03-28T00:00:00Z
099223844661,2533 shares @ $437.41,411,Chicago,4059.0,INS-514351,INS-831841,60119345,INV-596860,photo_e4936fd2.jpg,704,"$236,248",MRN-298109,mason.young@outlook.com,%B9188028228604727^MARTIN/LUCAS^2404,Workday,snapshot,INV-742495,539,2024-10-26T23:26:29Z,%B6322451714421180^TAYLOR/JAMES^2403,"$438,124",2354 shares @ $324.07,elizabeth.walker@outlook.com,756,57.2,5036942347,7645.67,"Sydney, Singapore",INV-778103,%B3084784722462533^KING/DAVID^2412,07/30,"[0.4825, -0.4754, 0.6435, -0.1601, -0.2312, -0.2488, 0.4386, 0.5026]",INV-913898,mary.brown@yahoo.com,01/30,harper.king,0.11.12,1670 shares @ $498.07,EUR,pool_size=167,PWS,01/27,Oliver Moore,448.4,6011-1881-1811-4024,8.0848,8091.76,Outstanding,Admin,JRQSHJLYS6BK3PIN0FXX,05/24,"$2,043,189",818636677931,2270,2022-07-22T00:00:00Z
4977028663,4043 shares @ $104.81,673,Miami,4751.8,INS-164993,INS-613619,50334,INV-363332,photo_cc3eb190.jpg,586,"$94,325",MRN-941825,noah.williams@outlook.com,%B5702944351618690^LEE/AMY^2509,Salesforce,snapshot,INV-680248,689,2019-11-21T17:14:37Z,%B7735949153500349^ROBINSON/ETHAN^2506,"$324,131",4585 shares @ $173.89,sarah.moore@gmail.com,353,18.8,647146222907,9777.12,"Phoenix, United Kingdom",INV-109682,%B1987426356073915^MILLER/EMILY^3008,09/25,"[-0.2216, -0.0407, 0.4128, -0.6907, 0.5802, -0.0185, -0.0516, -0.661]",INV-366874,emily.walker@outlook.com,06/25,liam.thompson,3.11.55,3062 shares @ $381.38,JPY,max_retries=166,RKD,07/24,Aiden Martinez,217.1,XXXX-XXXX-XXXX-6302,66.5252,1551.24,Needs improvement,Editor,QD1IPPKUA3IALNVWV9AZ,02/28,"$8,554,974",70808695,110,2025-04-11T00:00:00Z
033005742728,2564 shares @ $216.37,4687,Boston,192.9,INS-658314,INS-128218,45968,INV-507931,photo_e3d108ce.jpg,538,"$49,797",MRN-302109,sarah.jones@outlook.com,%B9814696645068020^TAYLOR/NOAH^2502,Snowflake,insert,INV-336312,444,2022-08-25T02:30:11Z,%B9537195068440376^BROWN/MICHAEL^2702,"$4,368,157",3606 shares @ $357.88,michael.jackson@gmail.com,523,39.2,049440208275,114.46,"New York, Spain",INV-503872,%B1910769938717195^RODRIGUEZ/SARAH^3007,11/26,"[0.6147, -0.337, 0.2242, -0.1602, 0.0701, -0.3951, -0.0664, -0.2941]",INV-224882,emma.martinez@yahoo.com,04/24,sophia.wright,2.5.50,2389 shares @ $476.6,INR,batch_size=566,DXL,04/26,Jessica Johnson,52.0,4056-3248-1017-7560,-71.651,2331.1,Meets expectations,Guest,AXJ8H9EJ80GWKIEE1BHP,03/26,"$8,072,361",866167181272,952,2022-04-01T00:00:00Z
969172032731,762 shares @ $76.52,279,Chicago,1072.3,INS-599567,INS-106339,60113797,INV-802805,photo_91e4eeae.jpg,447,"$134,400",MRN-404520,oliver.martinez@yahoo.com,%B5672321885474139^ANDERSON/ROBERT^2911,Snowflake,update,INV-711355,679,2025-05-06 12:25:21,%B3188528479099317^WILLIAMS/SARAH^2806,"$4,968,938",2501 shares @ $122.26,william.garcia@gmail.com,613,35.3,0950316378,1382.8,"New York, Japan",INV-663148,%B7867772320280477^CLARK/OLIVER^2906,08/29,"[-1.1084, -0.1492, -0.3042, -0.6953, 0.1359, 0.2952, -0.1125, 0.1132]",INV-613964,ethan.thompson@yahoo.com,06/30,michael.williams,2.16.86,4738 shares @ $336.89,USD,batch_size=162,VCJ,10/29,Logan Moore,196.0,5019-2421-0535-7244,-14.8802,7520.18,Meets expectations,Viewer,5EXT69V63ITRL630XZXA,03/24,"$2,823,823",1733327189,0174,2022-02-06T00:00:00Z
3040613307,3104 shares @ $466.06,2034,Houston,7328.3,INS-401853,INS-300461,3749865,INV-858457,photo_6bdbb62b.jpg,399,"$30,850",MRN-744346,mason.miller@yahoo.com,%B7057107661687067^CLARK/LOGAN^2901,Workday,upsert,INV-981338,659,2026-01-23 05:19:36,%B7252736714162572^THOMAS/HARPER^2610,"$2,488,026",3145 shares @ $481.13,sophia.rodriguez@yahoo.com,391,81.6,50405177,7723.95,"Dallas, Brazil",INV-979609,%B7411420844164923^WILLIAMS/JENNIFER^2412,10/26,"[0.177, 0.0085, 0.2633, 0.1885, -0.9436, -0.3531, 0.5599, 1.0387]",INV-897384,linda.jones@yahoo.com,09/29,emily.lewis,2.0.70,4173 shares @ $163.95,EUR,pool_size=646,IDM,11/30,Richard Thomas,103.0,XXXX-XXXX-XXXX-7893,87.2547,7310.62,Outstanding,Admin,4NKA0OVB4B9BU9T7OY88,05/29,"$9,296,954",0419160692,171,2024-08-07T00:00:00Z
572890004330,1245 shares @ $356.3,385,Chicago,2478.9,INS-986442,INS-748796,472399,INV-745661,photo_104794a4.jpg,340,"$111,378",MRN-746362,lucas.harris@outlook.com,%B1585762195415947^MARTIN/SOPHIA^2609,Snowflake,upsert,INV-433493,770,2021-03-10 14:00:41,%B7367599309117874^MOORE/AMY^3004,"$6,459,226",1871 shares @ $11.9,jessica.king@outlook.com,755,32.0,75924831,4327.87,"Atlanta, France",INV-992279,%B4703288646758287^JONES/JESSICA^2707,01/24,"[-0.3301, -0.1406, 0.4465, 0.8774, 0.5442, 0.0898, 0.7783, -0.3581]",INV-149996,john.smith@yahoo.com,01/29,emma.young,1.6.20,2116 shares @ $218.08,CNY,pool_size=823,KKV,10/26,Aiden M. Taylor,55.5,5154-2664-6529-7646,-67.5442,3124.34,Meets expectations,Guest,XK0NCOWVQGSCTDZA5CBJ,08/26,"$3,799,656",0215496903,229,2026-11-14T00:00:00Z
520548431653,4108 shares @ $94.54,0851,Atlanta,5.8,INS-443654,INS-181585,3766342,INV-862286,photo_4f33a087.jpg,319,"$160,429",MRN-166454,sophia.moore@outlook.com,%B9261757283638210^WHITE/EMILY^2907,Kafka,delete,INV-926574,620,2018-08-10T00:55:00Z,%B4020610762010043^ANDERSON/SUSAN^2912,"$2,135,138",1423 shares @ $16.84,elizabeth.clark@yahoo.com,732,52.2,4481025434,5756.23,"Los Angeles, Mexico",INV-276624,%B4415692949048982^GARCIA/SUSAN^2608,04/27,"[-1.0102, -0.0976, -0.4149, -0.1687, 0.5493, -0.0751, 0.7534, -0.4449]",INV-111431,sophia.young@outlook.com,09/26,oliver.jones,0.11.24,4462 shares @ $304.87,USD,max_retries=445,EBD,06/27,Michael Miller,184.3,4207-6564-5595-3118,-32.9975,961.75,Needs improvement,Guest,VRWZSC3FF18T3I5SZ77B,12/29,"$2,303,187",340256885989,381,2019-07-27T00:00:00Z
1214908768,1496 shares @ $277.03,398,San Francisco,244.7,INS-735588,INS-943628,60110158,INV-546762,photo_c57df9ae.jpg,359,"$77,394",MRN-609014,mason.white@outlook.com,%B0393358418823057^HARRIS/JAMES^2906,Salesforce,upsert,INV-889263,623,2025-06-04 23:10:53,%B2110863812542021^MILLER/PATRICIA^2408,"$6,437,977",2763 shares @ $476.78,sophia.lewis@gmail.com,690,7.9,0014141289,5161.24,"Los Angeles, Canada",INV-534987,%B0180244578107257^GARCIA/SOPHIA^2602,12/30,"[0.9641, -0.7855, 0.0268, 0.1156, -0.5385, 0.5434, 0.4164, -0.6889]",INV-156415,john.martinez@outlook.com,02/24,robert.martinez,5.9.64,1466 shares @ $14.89,EUR,pool_size=91,AJM,05/28,David E. Brown,352.1,5814-9835-7178-6628,-59.9745,3562.46,Needs improvement,Guest,U8SFHOPINSXP8DRJFWC4,04/27,"$2,341,555",95479084,085,2026-07-24T00:00:00Z
86338841,1409 shares @ $89.11,7172,Paris,4419.9,INS-880637,INS-332704,3717115,INV-257185,photo_5d18815c.jpg,583,"$183,345",MRN-229067,david.miller@gmail.com,%B5346582230536319^GARCIA/JESSICA^2403,Snowflake,snapshot,INV-684480,798,2024-05-11T00:38:12Z,%B6192840695050460^TAYLOR/JAMES^2405,"$5,571,672",3609 shares @ $189.77,harper.rodriguez@yahoo.com,567,25.6,1128741113,5121.51,"Berlin, South Korea",INV-333399,%B6530825827291758^WHITE/ELIZABETH^2609,11/24,"[0.1703, 0.1059, 0.1612, 0.306, 0.3245, -0.1828, -0.0616, -0.3497]",INV-723495,john.johnson@yahoo.com,08/25,michael.wright,2.8.19,673 shares @ $299.02,AUD,pool_size=266,KCY,11/26,Lucas Lee,125.7,4944-6133-2710-6664,29.701,443.39,Exceeds expectations,Editor,GYPR37U13FXRZ83AI2VR,09/28,"$2,292,200",008982865303,403,2018-05-01T00:00:00Z
022593716300,4348 shares @ $70.65,853,Tokyo,4631.4,INS-261328,INS-220872,372083,INV-591779,photo_56356d19.jpg,829,"$65,672",MRN-341807,david.white@outlook.com,%B3795541815918260^DAVIS/MASON^2705,Workday,snapshot,INV-919762,645,2024-08-06 16:03:03,%B9191653460597215^JACKSON/PATRICIA^2611,"$2,149,799",1849 shares @ $428.4,sarah.anderson@gmail.com,442,85.9,38659731,4434.61,"Los Angeles, Netherlands",INV-920982,%B1667913297404262^TAYLOR/OLIVIA^2412,04/30,"[0.6111, -0.0895, -0.0725, 0.0349, 0.1331, 0.7263, -0.2453, 0.7635]",INV-526846,amy.robinson@outlook.com,11/24,emily.johnson,0.18.94,372 shares @ $192.96,GBP,batch_size=931,XDO,05/27,James Jackson,95.9,6011-6705-7814-5146,49.1981,6341.94,Needs improvement,Owner,VZ7VCWVBYNUIJA6SHF2O,04/29,"$2,606,627",657644609179,4427,2023-02-16T00:00:00Z
983849739413,1908 shares @ $287.44,1587,Chicago,7624.7,INS-168928,INS-347582,3737139,INV-269856,photo_6cb924a5.jpg,793,"$168,384",MRN-993832,jessica.johnson@outlook.com,%B8759432893633076^MARTINEZ/JENNIFER^3011,Kafka,upsert,INV-128584,742,2018-03-02T04:16:17Z,%B9346638877202089^JOHNSON/JAMES^2811,"$3,834,931",4705 shares @ $438.3,richard.moore@yahoo.com,657,52.6,8758535367,1888.96,"Los Angeles, Germany",INV-903868,%B6551451361030915^WILLIAMS/ANNA^3011,06/30,"[0.0168, -0.485, -0.1563, -0.1929, 0.7147, 0.6985, -0.3135, -0.065]",INV-474573,anna.thomas@yahoo.com,02/28,anna.rodriguez,5.10.9,766 shares @ $160.68,GBP,timeout_ms=559,ZKY,08/30,Elizabeth Jackson,62.5,5882-7974-0411-3606,-49.3956,3109.15,Needs improvement,Admin,N6G5JYFYIG8MMLQKFTIS,04/27,"$4,851,129",9497447363,064,2019-04-08T00:00:00Z
4578827908,1747 shares @ $325.7,840,Houston,3231.8,INS-622687,INS-181162,60119917,INV-957691,photo_ed8b15bc.jpg,828,"$241,764",MRN-644372,ethan.davis@outlook.com,%B1058202063150344^WHITE/MARY^2904,Snowflake,insert,INV-590333,673,2025-12-21T19:15:47Z,%B0360818652437723^JOHNSON/JAMES^3001,"$1,827,717",737 shares @ $117.27,logan.thomas@yahoo.com,421,80.9,4206481649,2199.62,"Atlanta, Italy",INV-575132,%B1460610856083280^WRIGHT/OLIVER^3006,05/25,"[-0.1171, 0.3581, -0.3038, -1.3081, 0.8876, -0.5297, 1.3088, 0.1412]",INV-713495,emma.rodriguez@gmail.com,08/28,noah.anderson,4.16.97,2974 shares @ $154.27,EUR,batch_size=864,EOU,05/26,William Brown,53.0,3790-7597-8356-1838,47.9616,9070.09,Needs improvement,Owner,75F7LPER7B1NF6Z99D85,04/26,"$7,129,503",81778922,0078,2025-11-03T00:00:00Z
0198858160,4344 shares @ $404.94,6858,Phoenix,786.3,INS-172657,INS-415775,3717945,INV-315055,photo_cb9559c4.jpg,649,"$102,456",MRN-277816,elizabeth.harris@outlook.com,%B6178071182760091^YOUNG/SARAH^2602,Workday,insert,INV-274953,760,2024-09-21 16:54:12,%B6281442858239200^LEWIS/JESSICA^2606,"$7,213,060",3376 shares @ $243.53,mary.taylor@yahoo.com,388,9.7,01225884,3462.9,"San Francisco, Sweden",INV-428949,%B0462048988340275^THOMPSON/SOPHIA^2608,05/30,"[-0.37, 0.0146, 0.2379, -0.0255, 0.1334, 0.7241, -0.1613, -0.1682]",INV-635887,william.anderson@yahoo.com,10/29,sarah.young,0.20.52,1409 shares @ $243.34,BRL,max_retries=734,DFP,05/28,David Martin,290.0,5251-8251-0359-4725,44.9417,6469.21,Needs improvement,Viewer,BWIUBI421S65SSWTEDPL,09/29,"$5,799,909",539130755326,9673,2019-02-05T00:00:00Z
3549743724,4084 shares @ $57.65,1025,Houston,4013.0,INS-115896,INS-375643,601197639,INV-571830,photo_0092e5b4.jpg,318,"$215,844",MRN-299516,james.moore@outlook.com,%B3169375457414968^ANDERSON/EMMA^2410,SAP,upsert,INV-863609,813,2022-12-22 04:36:37,%B6385095651953395^MOORE/SUSAN^2602,"$3,412,046",3984 shares @ $273.22,james.martinez@outlook.com,360,31.3,0904789644,4832.92,"Seattle, Switzerland",INV-340796,%B2214969943823828^GARCIA/JOHN^2605,08/27,"[-0.1713, 0.0167, 0.184, -0.2197, -0.0847, 0.0909, -0.4015, 0.9758]",INV-991120,emma.lewis@yahoo.com,06/27,john.martinez,4.14.70,4016 shares @ $238.09,USD,batch_size=1,TXI,04/30,Emily Williams,424.7,3753-9327-8878-3371,-19.577,5469.15,Exceeds expectations,Editor,JZDO2I3K8C23A6Y9DLUY,07/28,"$68,254",12336308,3380,2023-08-06T00:00:00Z
08545546,2819 shares @ $439.43,3310,Tokyo,9847.0,INS-161147,INS-343217,601137861,INV-681047,photo_a1cc8762.jpg,788,"$237,275",MRN-400182,patricia.davis@outlook.com,%B5643131034222483^THOMPSON/JOHN^2902,Snowflake,upsert,INV-263855,335,2025-08-13T18:18:02Z,%B2401217338496627^WRIGHT/AMY^2906,"$4,979,076",2093 shares @ $255.72,harper.rodriguez@yahoo.com,389,64.2,575974282952,4800.67,"Houston, United Kingdom",INV-393765,%B9424091909335171^WHITE/MICHAEL^2504,03/26,"[-0.4436, -0.4541, 0.4887, -0.3488, -0.0866, 0.0319, 0.2002, 1.263]",INV-172668,noah.king@outlook.com,07/28,sarah.jones,5.8.19,185 shares @ $185.68,USD,max_retries=159,JSB,02/29,Sophia Rodriguez,126.1,5847-0440-1032-0375,-1.851,3643.37,Exceeds expectations,Guest,ARA5PORJ7Z0WVS0K4SIF,02/24,"$5,695,055",3026166110,853,2022-08-29T00:00:00Z
177520793147,3167 shares @ $259.7,3737,Dallas,8905.0,INS-702200,INS-882694,480570,INV-353226,photo_5e7a197b.jpg,478,"$182,298",MRN-394625,david.martinez@gmail.com,%B5193332178541046^BROWN/JESSICA^2905,Kafka,upsert,INV-269222,742,2019-11-24 22:43:14,%B6968467869350370^JOHNSON/LIAM^3009,"$9,967,720",4934 shares @ $259.43,noah.robinson@gmail.com,671,79.6,0295048503,2618.01,"Dallas, Netherlands",INV-863901,%B0101716588298520^MOORE/ETHAN^2811,05/30,"[1.0228, 0.5285, 0.2666, 0.0369, -0.6385, -0.1175, 0.0129, -0.6412]",INV-768705,anna.smith@outlook.com,10/24,logan.lewis,3.8.45,497 shares @ $200.89,AUD,timeout_ms=849,IAD,08/28,Liam X. Anderson,231.0,XXXX-XXXX-XXXX-4373,24.3723,1214.28,Needs improvement,Owner,XZ4YLRTADLR48KMZTB10,03/29,"$1,266,922",493194988439,947,2021-11-28T00:00:00Z
2257104601,3603 shares @ $168.79,8918,Dallas,1162.0,INS-167305,INS-917180,54271,INV-959439,photo_515c114e.jpg,333,"$103,492",MRN-737563,susan.clark@outlook.com,%B8526343764628573^LEE/MARY^2410,Kafka,snapshot,INV-311813,456,2021-12-10T10:34:33Z,%B0149777879013180^HARRIS/ELIZABETH^2612,"$5,289,734",1132 shares @ $131.23,jennifer.martinez@gmail.com,396,28.8,0728576342,8461.79,"Phoenix, United Kingdom",INV-976121,%B7189710749230045^ANDERSON/MICHAEL^2506,12/25,"[-0.0842, 0.7562, 0.7653, 0.3096, 0.1378, 0.2071, 0.6768, -0.2826]",INV-568750,robert.thomas@yahoo.com,05/30,aiden.jackson,3.4.18,3882 shares @ $417.87,INR,timeout_ms=412,HTU,12/24,John Jackson,438.4,5742-0535-1996-4460,-97.0353,9444.16,Meets expectations,Editor,FUZ4E5GJBNLCTQKEQ0OU,08/24,"$7,124,553",652973717111,210,2020-10-07T00:00:00Z
579935764377,1320 shares @ $278.19,9859,Portland,8953.6,INS-203544,INS-523773,405845,INV-372899,photo_57e39ab9.jpg,827,"$109,375",MRN-240343,robert.clark@yahoo.com,%B3479329955523687^WRIGHT/WILLIAM^3004,Workday,update,INV-473139,710,2021-06-08 05:53:48,%B2188456187220061^BROWN/NOAH^2411,"$9,689,213",192 shares @ $337.09,ethan.robinson@outlook.com,376,75.0,00147702,3365.69,"Seattle, United States",INV-772057,%B0438117375087271^JONES/ETHAN^3002,06/27,"[0.7245, 0.0242, 0.0261, 0.7017, 0.104, 0.3384, -0.2435, -0.6359]",INV-811764,michael.davis@yahoo.com,06/28,noah.martinez,3.19.40,2844 shares @ $358.35,USD,max_retries=867,XUX,03/27,Robert Martinez,97.1,5412-2360-2386-6769,-60.8187,8420.68,Exceeds expectations,Editor,MBVGP2S5CMMT4EPAJZ39,07/24,"$9,122,488",15428358,188,2022-12-07T00:00:00Z
862972473968,3618 shares @ $109.86,513,Tokyo,8260.8,INS-577499,INS-307941,601103544,INV-450239,photo_da1baa4a.jpg,529,"$71,185",MRN-247912,mason.martin@outlook.com,%B7865350580337891^JACKSON/SARAH^2511,Kafka,update,INV-731379,712,2026-11-10 14:17:51,%B9125576588084312^HARRIS/ETHAN^2603,"$9,905,456",4460 shares @ $121.57,emma.white@yahoo.com,557,47.7,0378694614,1547.84,"Portland, India",INV-425037,%B3329297245434163^LEE/ETHAN^2511,05/26,"[0.1657, -0.3789, -0.6018, -0.4249, 1.0224, 0.1976, 0.2479, -0.3369]",INV-995053,mary.robinson@yahoo.com,05/26,sarah.wright,0.6.12,2286 shares @ $232.49,BRL,batch_size=967,XVE,10/26,Jessica E. Davis,46.9,4478-4500-3078-2441,63.0882,9912.08,Outstanding,Admin,BQJH1PT8HZUTF83LOOX1,04/26,"$7,642,825",079567891212,284,2019-08-14T00:00:00Z
7718577356,2006 shares @ $193.52,559,Berlin,6768.4,INS-517324,INS-408802,43253,INV-788954,photo_34790217.jpg,431,"$44,479",MRN-315985,james.thomas@outlook.com,%B5259628354741974^MOORE/OLIVIA^2905,Workday,update,INV-223450,316,2023-08-16T11:40:15Z,%B0430659356553611^MARTIN/ELIZABETH^3003,"$4,717,028",1406 shares @ $344.7,susan.young@outlook.com,692,5.5,3961655065,3708.65,"Atlanta, India",INV-728631,%B4194826946102150^GARCIA/SARAH^2511,02/24,"[0.2335, -0.3777, -0.3181, -0.475, 0.7818, 0.1089, 0.4748, 0.513]",INV-536534,liam.thompson@gmail.com,01/25,lucas.lee,0.4.66,514 shares @ $303.45,JPY,batch_size=22,JWY,03/27,Linda Williams,318.1,3741-2878-1325-3499,-4.1175,8420.95,Outstanding,Guest,4ZMAFQYG5EJLTA1KRRNK,07/28,"$6,389,938",00847186,603,2025-06-04T00:00:00Z
7134673110,3000 shares @ $409.3,323,Portland,1922.7,INS-396467,INS-842954,585468,INV-527199,photo_62ab3ba8.jpg,596,"$96,909",MRN-945706,emma.clark@gmail.com,%B2543832631770059^KING/OLIVIA^3007,PostgreSQL,snapshot,INV-497849,350,2018-02-18T06:54:04Z,%B2359446535640947^KING/OLIVER^2601,"$5,888,838",931 shares @ $85.41,jessica.wright@outlook.com,477,97.1,770133927238,7263.99,"Denver, Switzerland",INV-939664,%B4262854976573175^JACKSON/OLIVIA^3006,11/30,"[-0.3505, 0.1305, -0.1133, -0.4314, 0.7252, -0.7308, 0.6027, 0.1358]",INV-964527,mary.taylor@yahoo.com,08/26,jessica.thomas,5.19.37,2172 shares @ $326.27,EUR,timeout_ms=697,XOV,10/29,Mason Anderson,479.8,3723-3195-7789-2855,-45.6041,8274.31,Exceeds expectations,Guest,JW0P4D2AS5YQ71VOR06X,12/25,"$3,283,008",268716043453,078,2018-01-20T00:00:00Z
0695909389,633 shares @ $467.41,934,New York,4128.8,INS-154506,INS-316025,542064,INV-303456,photo_ec86f727.jpg,729,"$154,873",MRN-755324,aiden.davis@yahoo.com,%B2894780783235108^LEWIS/NOAH^2711,Workday,snapshot,INV-475408,410,2019-01-07T07:27:21Z,%B7262954385056510^RODRIGUEZ/LIAM^2806,"$2,126,590",4452 shares @ $222.82,anna.harris@yahoo.com,395,45.4,4014309978,9673.68,"New York, United Kingdom",INV-344788,%B7210484527988802^BROWN/ROBERT^2509,11/29,"[0.1823, 0.1842, 0.881, -0.868, 0.4119, -0.4921, 0.6386, -0.2752]",INV-631132,sophia.young@yahoo.com,02/25,robert.king,0.3.35,4845 shares @ $53.94,GBP,pool_size=536,CFA,05/30,Lucas Anderson,441.0,3763-3927-0380-3771,21.1483,7432.75,Meets expectations,Admin,71BDRLH64TBJDNLVMWOR,08/28,"$215,338",67397548,554,2023-08-22T00:00:00Z
71763892,3998 shares @ $139.96,539,Austin,4146.7,INS-722299,INS-141099,601140184,INV-405561,photo_add818b6.jpg,564,"$245,165",MRN-186359,sarah.rodriguez@yahoo.com,%B0491953146640192^ROBINSON/JESSICA^3008,Salesforce,insert,INV-971144,414,2022-01-26 11:03:55,%B0197886051417586^WRIGHT/JOHN^2407,"$5,728,268",4836 shares @ $217.36,patricia.martinez@yahoo.com,519,93.8,232883498552,4770.65,"San Francisco, Spain",INV-898922,%B6936690950600511^ANDERSON/DAVID^2509,07/24,"[0.5467, 0.1422, -0.1651, 0.1479, -1.0194, 0.2358, -0.3898, -0.2115]",INV-547775,richard.young@gmail.com,07/29,robert.thompson,5.16.40,4717 shares @ $404.91,EUR,batch_size=455,KKQ,11/29,Sophia F. Rodriguez,388.0,XXXX-XXXX-XXXX-4039,4.2997,7835.75,Meets expectations,Owner,U0NMA447LBEYGLWKBSI1,03/26,"$1,307,300",960746787331,404,2024-12-12T00:00:00Z
08993266,1823 shares @ $337.47,7323,Houston,2107.0,INS-663147,INS-626132,547342,INV-199317,photo_b6511e20.jpg,693,"$114,311",MRN-216130,liam.robinson@gmail.com,%B3946731619324271^WILLIAMS/HARPER^2708,Salesforce,insert,INV-633190,552,2021-12-19 16:48:26,%B0284142830288990^LEWIS/DAVID^2601,"$9,464,582",1372 shares @ $366.58,mary.young@gmail.com,831,2.0,486244474913,8265.58,"Dallas, Spain",INV-971955,%B7824957079010872^SMITH/JENNIFER^2709,02/30,"[0.9646, -0.2189, -0.7362, -1.0104, -0.2336, -0.8598, 0.5493, -0.7282]",INV-745602,emma.white@yahoo.com,10/26,linda.harris,4.10.51,4557 shares @ $143.15,CHF,batch_size=805,VNM,09/28,Sarah Wright,451.7,XXXX-XXXX-XXXX-3454,17.8948,1152.3,Meets expectations,Owner,61F7XP2QIY8IPVWY1YDF,08/27,"$3,925,810",986896829763,9350,2021-08-14T00:00:00Z
29941877,1526 shares @ $102.26,7583,Chicago,1659.3,INS-125487,INS-803687,474536,INV-213728,photo_a41673fd.jpg,745,"$225,284",MRN-471192,logan.lee@outlook.com,%B7889182277435316^THOMPSON/LINDA^3009,SAP,insert,INV-342168,812,2026-08-24T07:54:14Z,%B9692528305374468^DAVIS/JESSICA^2501,"$4,829,008",1925 shares @ $412.69,jessica.williams@gmail.com,786,70.7,12005904,9324.43,"Phoenix, Israel",INV-657918,%B5399268548098843^WILLIAMS/LINDA^2709,03/24,"[0.3316, -0.2167, -0.0938, 0.5563, -0.0862, -0.3852, -0.4138, 0.6784]",INV-949631,noah.king@gmail.com,01/24,noah.thompson,4.9.1,1646 shares @ $371.7,AUD,batch_size=187,YOS,07/27,Susan G. Smith,183.1,6011-6698-8597-6671,-93.7358,8348.44,Needs improvement,Admin,DQ3L6OOC93JVY1BD0970,09/28,"$7,967,407",044779778499,4565,2021-06-05T00:00:00Z
3980382158,4515 shares @ $166.62,5387,Miami,4274.1,INS-879489,INS-544552,3708748,INV-495104,photo_87d9a929.jpg,800,"$228,451",MRN-942720,lucas.young@gmail.com,%B1656140992049436^ANDERSON/MASON^2406,Workday,update,INV-397528,448,2024-04-06T20:06:40Z,%B8101206125225029^WHITE/NOAH^2404,"$9,661,849",3988 shares @ $46.53,emily.jackson@yahoo.com,489,68.4,9747084366,9503.59,"Los Angeles, India",INV-619969,%B3567772934668416^MOORE/ANNA^2604,08/28,"[-0.079, -0.7099, 0.4669, 0.3816, 0.0853, -0.6012, 0.2833, 0.1123]",INV-869822,jennifer.walker@gmail.com,06/26,lucas.garcia,3.14.76,2704 shares @ $367.87,EUR,timeout_ms=533,ZAQ,01/27,Amy Anderson,390.1,6011-5318-3653-4286,61.6489,6964.26,Meets expectations,Owner,SCB6XX142GLTG8M96NEW,12/29,"$3,973,977",20688088,5373,2021-06-16T00:00:00Z
