iata_code,wnkogq85,f_466,attr_dis,weight_mass,x_yh,RECORD_TYPE_DISCRIMINATOR,DISTANCE,book_title,customer_iso_country_code,iata,integer,var_vin,vehicleIdentificationNumber,measdist,digital_certificate,VEHICLE_IDENTIFICATION_NUMBER,weightMass,x_fjij,WEIGHT_MASS,f_wdv,email_address,license_plate_number,proximity,raw_iata_code,tenantIdentifier,grams,vitalSign,attr_iat,v_170,scoreIndex,iata_code_2,user_weight_mass,integer_2,weight_mass_6,currency_name,INTEGER,user_distance,d_iata,col_678,d_vin,weight_mass_raw,distance_6,v_798,weight_mass_2,deleted_at,createdBy,distance,weightMass_2,WEIGHT_MASS_2,f_il,email_domain,rowCount,c_kiy,bodyText,DISTANCE_2,measwt,source_system,language,modifiedBy,raw_vehicle_identification_number,airline_code,p_ng,timestamp,measdist_2,distance_2,elevation_altitude,weight,data_type,user_iata_code,fact_weight_mass,cryptocurrency_address
CWN,TWQ,NTB,4728.5,618.19,UDL,insert,496.8,1984,AU,QVP,723,8A8JK01JQ6A0SXJTO,7IHOBDD6XQ8L5YKMW,1742.3,"-----BEGIN CERTIFICATE-----
lWs94AWMUWlwBqhRg7foH9hjXuwQy5lwMaXlELo3YSXo9dXS2v6Vw6wQ4inqcvf+
-----END CERTIFICATE-----",ESOJACF4TFE0UPLYW,273.47,I5MA8VXGDO0H2MZTT,818.26,750.82,robert.brown@company.com,VTQ-8416,20.2,VHR,tenant-005,808.59,BP 97/101 HR 113,FKC,PRS,5.01,USI,509.88,482,268.09,British Pound,1925,561.6,LSP,XNL,SQEOPLCMBPWAXBG2W,452.8,9909.3,8157.9,630.79,,emily.lee,6818.3,188.62,339.61,4862.4,company.com,97965,QYQ,The system includes compliance records.  The system tracks operational metrics.  The system represents transaction histories.  The customer account includes operational metrics.,615.7,692.08,Snowflake,Arabic,richard.jones,CSYIOSKOJ1CLFUMZF,LTL,Census Bureau,2024-09-05 02:41:16,8364.6,7360.3,2460,622.12,INTEGER,LQV,262.44,0xfad9cbd8b9fd20cb2a95b364c8573440720e74ec
LXG,ZVT,RZM,3082.3,449.63,RHS,snapshot,4297.8,To Kill a Mockingbird,GB,UPU,1465,QTV5JY7UVHC53TFWY,LD27ZU7VCEWZGIC0E,1409.0,"-----BEGIN CERTIFICATE-----
920MMlGnjl5zJF6I4AkH47w10cZM/P4pmnzR08KyBVK4kQr3STkkQNqx+LETuRiN
-----END CERTIFICATE-----",Q109D7T8ZUB10Y9YG,853.63,Q8EK5ACA8G7RF2EA6,341.91,227.07,oliver_lee@example.com,OCM-7993,1083.8,TKY,tenant-028,338.7,BP 164/110 HR 65,MUJ,OLU,2.25,HIZ,92.57,2485,468.51,Swiss Franc,5033,4634.7,RCA,ANL,KC0823QEJZMJ8KXNH,580.46,4376.5,6453.4,8.67,2025-03-11T01:43:10Z,linda.rodriguez,396.4,296.85,298.35,6177.0,yahoo.com,72328,HEN,This record tracks data processing activities.  The system includes transaction histories.  The product tracks data processing activities.,9052.5,68.94,Snowflake,Arabic,jessica.wright,K0FOFIN565NI8YKY0,WFP,Bloomberg,2026-09-10T10:44:21Z,3129.5,9323.2,1304,928.25,FLOAT,CYK,167.63,0x580cc7114681f6a23f13038be7ce127b7d6922b2
WRL,CPJ,PYC,777.1,165.78,AKK,snapshot,8578.1,The Great Gatsby,GB,DUT,2508,PRIYGG7LC9YDXKBPC,QT1AX9L8BNQAJL4BF,2995.3,"-----BEGIN CERTIFICATE-----
opCxOZKi3YSPdDf7J7Ed1MBPnLhjt1MdzgUO4MLbLy0acnQO69kzNPSF9qwiqkaH
-----END CERTIFICATE-----",TJJ50N5ZXETTVTKDW,836.69,RZDVKERGVVTBM9ZEY,276.33,544.11,patricia_jones@example.com,NVE-7201,4081.4,ZXO,tenant-011,560.35,BP 136/101 HR 89,TSF,OHZ,4.85,WIU,22.92,512,306.08,British Pound,1412,7512.7,ANN,UWS,O67D2JV5B4ZTADBV5,776.96,9131.1,8032.1,972.88,,mason.young,8766.1,780.94,100.4,9323.4,outlook.com,92371,LNO,The customer account manages transaction histories.  This record monitors operational metrics.,4187.0,164.85,SAP,Arabic,aiden.lewis,K0MVC4VDZPOGR52VZ,DZV,Eurostat,2020-01-24T02:55:09Z,946.1,9590.8,3953,593.75,INTEGER,VAE,521.55,0xbe47e8b508e8532b00950be06263b967e8d672bc
KNN,YXQ,NNK,6950.6,756.91,IJB,snapshot,1350.4,To Kill a Mockingbird,IN,SWP,6464,KYVW2RVN5BGQGCWQP,YVLB2E7OM58DUKT8O,5989.7,"-----BEGIN CERTIFICATE-----
y8l8LxIWGX6EoUtAIEpRTCiCkdcyxRU7DZg2s1ij/phqL8ulnaqNN1yVPmdYerHQ
-----END CERTIFICATE-----",87CPJXVPAJQRDTLHM,734.97,81MDE8VNJL8CC0NZA,472.31,753.06,oliver_brown@yahoo.com,ANX-2061,9953.8,CJJ,tenant-020,241.5,BP 134/110 HR 99,BSU,CVW,3.21,LCL,703.03,4022,492.98,US Dollar,4070,7335.7,RHR,ITL,9KDGS353QF06VVWMQ,106.65,4941.1,4999.4,199.23,,linda.jackson,257.0,316.16,212.86,2606.3,outlook.com,2068,KLS,The service manages transaction histories.  This record represents operational metrics.  The system represents customer interactions.,7389.7,709.84,Workday,Arabic,jennifer.walker,N6Y0KBPT7J9ORR7MR,SFY,Eurostat,2019-11-05 04:51:06,3985.5,2141.1,1875,611.69,JSON,AQM,496.46,0x8381d274656d3a45e10a263f695ef696162d59ca
HMP,OGZ,CBF,4918.6,672.99,OJJ,delete,201.2,Dune,FR,YVS,6846,V2W6Q20BONO4VOBE5,A81P77VL6WO06QXTT,6876.1,"-----BEGIN CERTIFICATE-----
zgRUIVUJzxKIEEaN9utgyLCJb0WyVw+YcAmGMEXpGzCJIwfBSpFmvlkdfrDf2+UC
-----END CERTIFICATE-----",UEOL8EKENESV1ZPF4,34.34,W0V9A4G6MJ9GUZCFN,594.65,992.29,emily_rodriguez@example.com,KKJ-8217,9207.4,OUN,tenant-001,292.61,BP 144/95 HR 117,RDF,QJD,5.09,KTT,697.75,3649,787.43,Japanese Yen,7057,4687.1,MWC,GVS,5GCR4D1ZV72V0QPRC,13.9,1563.3,426.7,153.63,,john.king,8980.9,774.45,611.13,1384.4,acme.org,86022,UKH,The product manages customer interactions.  The customer account includes operational metrics.  The service includes operational metrics.,6070.9,823.61,Workday,Chinese,michael.thompson,ZYVJ598WR03RRJTZI,BUB,WHO,2021-03-02T06:15:14Z,3168.0,2438.3,7883,840.74,TIMESTAMP,MLD,36.65,0x6bcd2b9506e25eb5e1f3b1dc936223869730c65c
MAM,UDR,ZQN,4549.2,685.26,SKV,update,1049.7,1984,GB,MAB,2158,8ZDNQHMCU46GHW0TZ,7TO3M16YY96VNRKSY,3483.0,"-----BEGIN CERTIFICATE-----
IqJ0mbvDA6agSoPWlDdcX2vRQnvi+H4xTPVrsW+DIAfjf701OzPTGNt+hz0aCYvg
-----END CERTIFICATE-----",3EIB14AYKYRDEKXIT,325.36,XNSPXFF3H4LQ7TUZH,405.99,817.58,amy.lewis@acme.org,PQY-5172,7524.1,AAV,tenant-049,921.07,BP 136/106 HR 112,ULF,TLY,3.91,SBB,394.34,7650,354.16,US Dollar,1300,4555.9,ZLQ,RCW,07NOV5F0OUDHKWKL5,298.6,4104.9,2232.6,711.57,,patricia.martin,8631.5,716.79,563.92,7219.8,yahoo.com,83233,CGS,The service monitors compliance records.  This record manages compliance records.,4070.3,579.99,Kafka,Chinese,elizabeth.anderson,1Y5QR12E9KDGS7F1F,EGO,Census Bureau,2023-01-05T00:35:24Z,5856.6,3277.3,3996,626.64,BOOLEAN,VAF,534.7,0xb1d76b721e8bbec5c6daf8ebc436cd5b3cf34463
SQV,IUW,FVJ,9201.6,34.98,CTA,insert,7568.9,Brave New World,BR,JEC,3195,H6JJME0DXJJCRNLK9,JVK1ZBP2EKMNT3B9X,8602.9,"-----BEGIN CERTIFICATE-----
cPtSiJb7BnRHi3R9lmC5bHDBFtUPrvMukpvZ8ctXmHAVpfPp8aBqEptwjjqeGsLb
-----END CERTIFICATE-----",01R261OLMEV4JX0MJ,913.08,UWBJNO9TZRY8D2H2P,145.5,403.68,david_lee@outlook.com,VRL-8325,7688.6,RNK,tenant-033,279.83,BP 177/67 HR 113,HQS,DLQ,5.02,NJB,32.7,500,291.55,US Dollar,4365,7427.1,UFX,RRS,SCLU6X1PCVKOHBE6N,878.9,3332.4,1342.7,753.41,2018-05-11T20:15:46Z,susan.miller,2441.7,420.08,16.0,2201.9,example.com,36324,ATM,This record manages data processing activities.  The product manages transaction histories.  The service manages data processing activities.  The service includes operational metrics.,7728.4,837.29,Kafka,German,michael.clark,XX6EP4PJPWH6YLQBG,KGV,Reuters,2022-06-07T20:41:55Z,3659.3,5998.2,8102,724.59,INTEGER,MLM,799.07,0x06af8c1aaf41a304494cafadf0d5292b6f2718ea
UTW,TNL,HLC,7878.4,356.0,JNL,delete,232.6,Dune,FR,PCB,31,SNPMUXWVY36F68H7J,7LW1R7IHJZ21VDJY9,168.6,"-----BEGIN CERTIFICATE-----
4InMCDtkMVCRrhXcjrj6NV3AtFAtClzDOE1wSiGKPXpNTWXAb5ITvODaqSH2m/+8
-----END CERTIFICATE-----",WQOOQ7JJX15UM5LC8,244.57,XV5O9K93F55NPZO6Q,390.87,295.69,lindawalker58@yahoo.com,LRW-3956,2280.6,YFK,tenant-027,162.18,BP 115/85 HR 120,CEO,DGK,8.71,CTQ,782.19,5652,35.92,British Pound,7897,613.4,EGK,CLY,8NE33VA3P8QHJX74B,612.91,4123.9,1525.2,745.96,,richard.thomas,7776.5,557.22,682.64,4489.7,company.com,92167,XJE,The system monitors operational metrics.  The customer account represents compliance records.,5361.7,587.29,Workday,Japanese,mary.martinez,EQGWH3M0F0TPTTF6V,FXW,Reuters,2019-02-16 11:28:58,3641.1,7253.8,3615,645.15,TEXT,UBT,348.13,0xfd287d30eda80a225db786f80e573526dde73e08
TDP,XKX,BCM,9898.4,955.59,HUP,delete,2149.6,To Kill a Mockingbird,JP,XSH,2134,61C1PWBWUZRPRY1JQ,A1NIUSIGZ4EZ9DNOD,2608.8,"-----BEGIN CERTIFICATE-----
M6rcARycuyW8pqxCpr0Ieqq2/kdNX1G+HLL215fMC4g+GyAxhGOHHtLWdwlDyQ2q
-----END CERTIFICATE-----",1M8VRJS09BKVHQRYX,379.85,IBPVB927X9OAIE2TP,714.18,849.92,patricia_rodriguez@gmail.com,ZZX-6479,6263.6,TVL,tenant-025,638.25,BP 138/69 HR 60,MTF,DAT,1.4,SQL,364.63,8602,55.29,Japanese Yen,7823,6157.1,RBE,HCI,1OD3G7JH8FQAQHQRY,155.13,6965.0,2013.5,274.89,,sarah.walker,1855.2,163.12,160.56,1598.3,gmail.com,72536,XUA,This record manages operational metrics.  The system represents operational metrics.  The service manages customer interactions.,9908.0,513.58,Workday,Hindi,emma.jones,O9S1EBCTBEMVP9X3R,SAH,WHO,2025-12-06 06:54:50,7216.7,2221.2,1836,930.44,VARCHAR,EZE,169.58,0x7bd22531d5662525732e37aa9409772b11b96338
XZY,PLS,IZN,6573.5,528.21,FER,snapshot,7419.0,1984,IN,WVK,9736,Z3ESFMS72LHLVDG3A,03KCMGPLVXI7CXZHZ,4539.6,"-----BEGIN CERTIFICATE-----
x3ThcopBIXDw26ufXpGT4S8WaHUs2o+801dSdHyaG97LjkTJ4EipiIXGIJR+NZk5
-----END CERTIFICATE-----",3Q1DPPSH36H5C3O7N,780.75,LYF80V7YBDERCYAGI,247.37,895.93,liam_clark@yahoo.com,GKD-3422,9316.5,ZWL,tenant-020,215.23,BP 104/94 HR 94,CVY,FIZ,9.04,QZN,582.19,1628,333.68,US Dollar,2741,4124.4,QEN,DFZ,UFMHZG84N2TA713N7,488.68,7833.7,6034.2,642.16,,harper.young,2052.0,334.83,252.89,4349.7,company.com,2458,SMO,The service includes compliance records.  This record includes operational metrics.,6083.8,277.96,Snowflake,Hindi,ethan.williams,2KITR7WPIEA30XOL7,TUK,Census Bureau,2022-03-01T21:51:35Z,3244.8,3640.9,7262,499.62,BOOLEAN,NQV,917.28,0xd10d80c40cd9f684d00d595a37f7081d6c507af4
YUO,WII,YYR,2552.9,103.68,CWJ,snapshot,1558.7,1984,BR,MFW,1790,7M0N66WKMY6MO3F0I,Z5CFZYVWYNIE32KPY,8755.6,"-----BEGIN CERTIFICATE-----
i1fBqME1VYw6kW3gCXl0ZTo+os48HjGcRSTpKJxVwIul4XHWhSRQR7ljiolcuGYH
-----END CERTIFICATE-----",LOLFFNYUZTJATW2YG,320.7,ANH1NXDNDZUBS29ZZ,561.17,268.6,liamthomas@example.com,RPL-2221,1988.4,PTH,tenant-031,362.86,BP 151/84 HR 87,KRL,EEC,0.71,VAS,859.27,8116,867.54,US Dollar,6287,5313.0,BCW,UNW,4D6HR13NF6Z90ZZ5Y,557.05,1326.3,3208.8,123.75,2018-09-12 20:35:51,lucas.jones,6780.1,617.34,65.35,3155.2,company.com,84903,LAL,The customer account monitors transaction histories.  This record tracks data processing activities.  This record tracks customer interactions.,6009.0,135.78,Salesforce,Korean,susan.robinson,WJT10MEV1IUBELT69,OAQ,CDC,2026-05-28T22:51:15Z,7942.4,1132.0,2252,276.09,VARCHAR,ZXW,789.14,0x2d951a1aa2042ca40b0f3879bda74c4c2b509b4d
IEQ,GCR,BMQ,6958.7,841.03,WLM,insert,2386.0,Dune,GB,EMA,7706,77EH385IG559JBE8Y,9ZEM61Q313DSWQY5Z,2863.2,"-----BEGIN CERTIFICATE-----
U1fQ//LfbPpiS4bJGzJ1Rq5GIJDqh1HdoO0ncTQ6QDHbSM1cxF+WbX3KF/mc5B7/
-----END CERTIFICATE-----",6QRV5Y4GQGLORDEU0,693.68,KIMZ3UFOLSYYL01DW,336.83,392.96,annawright@gmail.com,QAN-1042,6013.2,IRK,tenant-030,751.56,BP 131/60 HR 120,QLO,PRK,4.5,RUT,937.72,8077,688.39,Euro,6684,9038.4,OYJ,IYZ,01ZD6BYJ4IXE4NUNY,894.58,509.8,5206.1,791.02,,anna.young,2438.4,241.57,157.72,462.8,company.com,74086,XCE,The system manages data processing activities.  The system represents operational metrics.  The system represents transaction histories.,2357.6,14.21,Salesforce,Japanese,john.clark,HND6HHSE7Z5MEUH25,ESE,Reuters,2020-07-17 00:09:56,1741.3,6847.0,1166,777.92,INTEGER,AWZ,602.77,0x422f739b2f512b1a01f4c8727d2d6d551ebfbe84
EQN,HXT,QTE,4596.9,929.06,YPF,update,1880.8,To Kill a Mockingbird,FR,TGN,9529,9UDSV2KLDW0PXF3ZY,B9NMPAN2FLXL884LG,9520.0,"-----BEGIN CERTIFICATE-----
tnhmHMTbxAaViqrQDI6J1MlgUwtXztDlBjZo+qd/C98Ppxk1KFQIrCG7i8ldezMQ
-----END CERTIFICATE-----",1QJM2Z4WWHZRL7F19,801.76,N7BKIDUEZ9H22JRMG,432.95,734.01,williamclark@company.com,PLA-9746,5221.5,PGW,tenant-006,129.92,BP 166/92 HR 111,IJU,TNK,7.8,UFE,224.43,5027,205.18,British Pound,5403,4643.8,YOJ,FGT,DOMAYLG7YU5OWAPWV,240.46,1186.2,7877.4,645.23,2021-08-23T17:56:05Z,susan.clark,8927.8,458.51,393.76,7480.7,example.com,27361,JUQ,The customer account includes compliance records.  The service includes transaction histories.  The system includes data processing activities.  The service represents customer interactions.,9718.1,445.25,Salesforce,German,emma.anderson,RHRCY7Y4FYMVQ8BRQ,KIQ,Bloomberg,2023-02-20T13:27:14Z,1786.7,5167.4,7728,601.37,INTEGER,QOP,6.51,0x40e5f4c011ceaf41bacfd60df735cce6fcba0d8b
DRS,EIO,KZG,1345.4,579.43,CDS,snapshot,5004.1,To Kill a Mockingbird,CA,JIP,6378,4869CEZCTEZSNWM7Y,F7KG3NLU5PCY2N3Y8,3207.6,"-----BEGIN CERTIFICATE-----
THt5TADpdnkY0cZ8sQP4Wq/n1CBbblG4VyOKc8N4bYCOR2wZNIvy770PBOCmtHtp
-----END CERTIFICATE-----",MEGTHX7DJ9FEGP1OT,826.84,CS6BK2JE51B162M63,907.39,191.88,olivia.johnson@gmail.com,GZL-6957,3946.8,DDX,tenant-006,331.01,BP 170/92 HR 120,CCY,TGA,0.6,SPN,732.17,1322,393.45,Japanese Yen,190,6028.1,RKJ,WJO,ECCUU8021JRQHNUAI,277.25,4979.2,8496.1,777.69,,mary.white,9421.0,404.17,162.45,1858.5,outlook.com,20353,MUC,The product manages compliance records.  This record monitors operational metrics.,28.0,647.2,SAP,Spanish,susan.garcia,KM0PAUP1Z0NXXTYR6,ZXP,Bloomberg,2026-12-09 20:05:42,5670.4,3644.4,3392,332.91,VARCHAR,XUU,544.12,0x6e914f233b3067ed3f31522d5c33826af79aee1a
OYP,ECG,MYA,450.5,286.15,UCE,delete,1659.7,To Kill a Mockingbird,JP,QVF,3983,MCJ1E7PLMKB6HKU0T,BSUTBYS5WE3HCXQW0,2017.7,"-----BEGIN CERTIFICATE-----
giEpEiW+qjfJapiIo7NwjJb65BqcfJC3wjXTlTHFclQJv1C1CQat0OPqIMol5IJG
-----END CERTIFICATE-----",N2WEZCI73OHVMGL1B,422.73,Q4UEQ9T9626IGR0P9,228.35,631.44,sophiawalker@company.com,TMT-3317,6141.3,NSR,tenant-048,826.81,BP 92/78 HR 114,IOF,LPC,9.06,ZGV,968.7,180,424.61,Japanese Yen,1744,1998.4,XUJ,GCW,9RUJEYITC12RPC3LA,113.87,6418.4,2827.5,715.34,2025-11-24T13:15:34Z,noah.harris,3949.9,831.97,382.54,3572.9,yahoo.com,22550,WCK,The product monitors operational metrics.  The product includes operational metrics.  This record monitors data processing activities.  The product manages compliance records.,881.8,260.94,Kafka,French,harper.brown,R4MK71VKV4OG47I16,OMV,Eurostat,2019-04-07T17:32:46Z,4134.4,468.7,6601,112.1,BOOLEAN,VJE,516.22,0x9bd7f52b8b76b0d9622768d830f236c339fa9541
KCV,KTL,VCB,2527.9,827.65,CTP,update,6320.1,The Great Gatsby,CA,ZYX,3290,GS7KYJZAA4J1XP4II,SD1ILPKMYCTGFDQ5G,1720.6,"-----BEGIN CERTIFICATE-----
1TU4m1YPPqLKG8lrHZQZPJkPE4R7Aeg7h/Shr0wxTtXbNg/Fcja4t39zA9/TLNpG
-----END CERTIFICATE-----",K69BLDU97HNF8ZQAW,742.47,AGYDPNDCB7TWKED05,195.73,834.86,oliver.young52@company.com,KDK-6438,4811.9,IHT,tenant-021,302.62,BP 170/63 HR 92,DMS,IRO,6.94,MKV,822.06,517,875.14,US Dollar,614,7440.4,EZS,MXQ,4TOLLUNAGYW25DG94,372.22,8931.1,7430.5,22.3,,jessica.young,1566.1,103.4,186.11,2864.1,example.com,74306,KIT,The system monitors data processing activities.  This record manages operational metrics.,8072.2,905.74,PostgreSQL,Arabic,emily.clark,MN3XNZWMES9C4S40V,DFB,CDC,2020-09-20 11:12:08,4764.4,1457.6,8368,923.13,JSON,YAY,492.5,0x617f8ebfb2291bd3244d5b001c19c7eeca8bb371
UXB,DPC,VRN,7634.5,757.56,HOK,update,4846.1,Dune,IN,GHI,4256,5VP4T8NV47WMY4U5I,BKMFOR1B3OR83ZXR0,1488.9,"-----BEGIN CERTIFICATE-----
5r7CoXNC01VV4Nay3uaLEAZEAwtX2l94oAZRq7I61nKR5Bfjh4eoqor681qj7ycw
-----END CERTIFICATE-----",0JQIZQVU4JU5KLVI1,583.14,OBT4KJMQ3ZGRWR3V0,524.55,264.84,william_thomas@company.com,ODK-4186,7667.8,MLI,tenant-025,242.32,BP 93/66 HR 56,DJY,HMK,2.13,MRJ,187.4,2074,495.13,Swiss Franc,9514,597.2,NAN,ZGU,GVOS6MRIU4O9SHUME,249.84,7211.6,5551.6,166.78,,susan.taylor,6814.6,290.2,198.36,9070.3,gmail.com,95462,VDO,This record monitors compliance records.  This record represents transaction histories.  The product represents customer interactions.,6314.0,916.82,Snowflake,French,mary.brown,IOF1XSXVSXRSF84BS,YFJ,Census Bureau,2022-01-08T20:52:22Z,7664.9,9408.7,8233,377.67,TEXT,NIS,146.98,0x3a9beb0584250041d0d3ae0b10071521894bdd2e
PFO,OOW,CWL,4520.0,260.96,KTI,insert,2223.9,The Great Gatsby,JP,EEX,8184,YH3SMI77XHVE9TML5,11CH7ZOBCRQ4K6Z7K,6046.3,"-----BEGIN CERTIFICATE-----
OfYQziHnGHvgsTr+Qb9AncCEoJ4esg4waHg7EMN/4ZApQY6uaYvD0L3bXW9FiNxF
-----END CERTIFICATE-----",P9DXSXYKMY23EHHXI,59.81,M3OPC1XA6EG4ESEG1,465.85,669.09,sarahwhite@gmail.com,IYO-9913,8759.0,FVN,tenant-026,527.13,BP 156/63 HR 69,TVC,NTW,5.43,HZI,759.09,4327,330.73,British Pound,3648,1246.2,BAS,VTK,78LUZZKLPN3QBM552,587.44,3092.3,6150.5,196.94,2022-02-10T12:59:55Z,patricia.jones,3611.7,146.38,799.3,51.0,gmail.com,99599,GFV,The customer account monitors transaction histories.  The customer account represents customer interactions.,256.8,697.92,Snowflake,Hindi,patricia.harris,7E3EDKRWXPQW7YGI5,CFG,WHO,2021-09-07 16:19:46,9200.0,9543.2,6988,241.01,TIMESTAMP,LGD,815.04,0xc9357d89417ac747abf8ca11c9cadc7b6f5b4fa8
YKD,SWA,UVU,5911.0,389.16,XAM,update,2993.8,Dune,CA,WST,9441,56TL4GZAH5SDBIYUH,38MROY5FGTPKC8SCR,2237.8,"-----BEGIN CERTIFICATE-----
EkAucbT1uFD5q8tpwPNaPKqkpTfCljLlVm/Ve7zaQEGlD+Wcb9q4VWWt5M21G5n+
-----END CERTIFICATE-----",25PHJNFHRA3E3KMRO,832.61,212WPKRUDTCEL8V3P,528.04,46.34,amymartinez43@acme.org,RZQ-8592,6863.6,IZP,tenant-049,288.4,BP 143/73 HR 61,MDP,RKX,6.11,XJD,655.59,3623,155.71,British Pound,4542,694.5,LMW,ILT,3KWKMWIU7I4MNACA5,745.29,9290.7,8233.8,487.1,,david.smith,2297.7,761.04,778.14,1437.4,outlook.com,88620,DZS,This record manages compliance records.  The customer account manages compliance records.,6502.0,348.84,SAP,Portuguese,patricia.martin,ABJSO4EUS0PGLI02P,CAZ,WHO,2019-09-18T13:15:51Z,7633.3,8594.2,1518,826.97,TEXT,IPR,636.57,0x168e5243152cadeb0fffc62d5769c761a8f06c9a
XJE,IIM,IKT,2983.9,132.01,FIP,snapshot,2773.0,To Kill a Mockingbird,US,MHG,6516,Y62T5N1HTX92BTNFA,KPKZBDE1TEHN8D888,4163.8,"-----BEGIN CERTIFICATE-----
OkGoNjcFGVQqcCTAM+gnHlOT1yxSDXk5wQdXRzT5rTJFFGrpZiTR8VKiF/Pb1lSw
-----END CERTIFICATE-----",A8BYQUVOT30C9LWV3,235.06,Q2L6X25QVRUI3PPD4,957.46,66.99,sarahsmith@acme.org,CQO-5581,7959.1,CAW,tenant-026,848.84,BP 110/88 HR 100,FOF,FJN,8.84,HQY,483.84,1022,892.56,Swiss Franc,2068,1771.9,NGG,HDT,65R1SVE9UKI709DJY,633.06,5093.1,6954.3,116.2,,william.king,7480.9,827.29,630.44,6484.0,company.com,79726,DDX,The customer account includes compliance records.  The service manages compliance records.,210.0,695.25,PostgreSQL,English,emily.garcia,7SE2MJ8Z1VPC8ZS2A,WTJ,Census Bureau,2020-03-07 14:31:10,8826.0,3611.0,3130,560.93,BOOLEAN,TGZ,835.45,0xe4285ffcf377f47ad6e8a0f70485c11af7078153
ONT,UWX,DJE,1273.4,480.84,HOA,snapshot,8535.4,To Kill a Mockingbird,AU,DFW,4090,XDUJ7DBSMC3NSVKI4,KWS6V2QEH3FS21ERX,3693.8,"-----BEGIN CERTIFICATE-----
O2cYPbJN8W5qh+psa5O3KL+yabhsOfhujxeAL+Rdf2eEJtVPgwYLk6qUDlhKWWgR
-----END CERTIFICATE-----",HSGYYCCUEUK6S5PJ6,365.62,KLDPJKO4JUPJ2A54G,925.98,42.19,logan.garcia66@company.com,SLV-2877,3267.4,ODQ,tenant-004,971.26,BP 174/76 HR 104,VQL,VAB,7.14,QMD,171.5,801,274.3,Japanese Yen,5191,5654.0,BEZ,RVF,4EFSP27I7L7TMX15F,393.59,9665.3,6781.3,645.56,,harper.anderson,2512.1,395.35,376.3,2534.3,example.com,65844,SJI,The product manages compliance records.  The service monitors data processing activities.  The system manages data processing activities.  This record manages compliance records.,2843.3,961.07,Snowflake,German,elizabeth.rodriguez,NB844FIJP1UUOE3OZ,CAO,WHO,2023-01-21 14:56:01,9654.7,6708.4,2362,36.86,TEXT,RJP,36.6,0x7f67181a7f0c7244e326d3d431256e378c226e6f
VHP,YRE,PCI,4557.5,430.7,EQU,delete,2347.1,Dune,JP,OLK,5389,8K5BX1SOH7IRX4148,8DA3W2QW2XG8N8HIG,9595.4,"-----BEGIN CERTIFICATE-----
E1NExDLPxPQgTWZ3MrSjd7fiz9fwqjf+xHUND4i9jCmDPYzTLUJgMMt/AOuKpJE3
-----END CERTIFICATE-----",8MOX0C08N7SQNA3IA,171.51,ERCRBPWFZBDJZ2SQG,249.82,267.22,harperjones33@acme.org,WRA-5452,590.0,UQR,tenant-049,274.67,BP 174/63 HR 108,ZER,MVR,7.17,NKN,181.91,8311,220.9,US Dollar,2727,8800.5,EUW,EGQ,R2IZD0V3T4ZHBHA7Y,156.05,731.6,6931.6,443.61,,michael.thomas,8538.1,582.71,687.31,5471.1,yahoo.com,37987,NAJ,The system represents customer interactions.  The system includes data processing activities.,1401.5,647.09,PostgreSQL,Korean,olivia.miller,TY0IEOXS56XLEAIGB,XCC,Census Bureau,2018-08-15 19:58:47,9161.6,6208.5,5498,14.2,TIMESTAMP,SLC,919.58,0x5da14be372f10f4800b4f7974066833fdb71b212
SUH,BLX,WPS,1711.5,444.77,EDB,upsert,854.9,To Kill a Mockingbird,DE,BZV,1980,CFBPMSZF24CFHLQG5,RRTO4HNZJV8LPIFNK,4698.8,"-----BEGIN CERTIFICATE-----
wNwnSR0zmhiNWh7P/7ZeulZtkvqP7iM1HQryDI7+p5ur2eS3O3R26PgyUk8PoDYN
-----END CERTIFICATE-----",7ABHMQ8XYNA1RU8YE,231.99,K3E39FOAPMRW2GD9D,47.6,825.96,sarahjones18@company.com,ZXC-3997,8869.1,QUR,tenant-044,964.82,BP 152/92 HR 120,LCL,FGQ,9.24,RCI,661.66,6829,177.15,Japanese Yen,8725,2989.4,YYU,NHR,H6D13BZVA45TG26P6,513.48,1008.8,2167.2,242.78,,elizabeth.robinson,2502.7,187.01,88.61,8886.4,gmail.com,56024,BCD,The system represents operational metrics.  This record monitors compliance records.  This record tracks customer interactions.,4545.7,618.56,Salesforce,English,richard.anderson,B03SPKGCTBUYTHI2P,EVG,Census Bureau,2024-06-19T09:52:28Z,9355.1,2058.0,561,692.24,TEXT,NDY,279.35,0x31cb569e953436b4ecc258d8d5468f49103054c2
FRE,SVW,XER,7647.2,998.33,IFO,snapshot,37.2,The Great Gatsby,BR,QPW,3486,QEBH0Y3K9ZCSLRIT4,5H5B7Q21FCMB9OYQW,8034.6,"-----BEGIN CERTIFICATE-----
nN4u9WKiurfsWd7dIo5D6w74ynEA2pCk3jyUUfGZ+eJF25H1Nqz1dLBFstEha31A
-----END CERTIFICATE-----",NUNO7EOSFSISKTU18,876.21,9Z9XUOH3ASS1IID2P,555.88,443.78,robert_thomas@acme.org,VUP-2755,3814.4,TSW,tenant-009,595.25,BP 150/72 HR 61,IYU,EXB,7.64,DTB,610.55,6646,705.3,US Dollar,9426,919.6,YBU,AHU,E24722YRGFW6RSF6K,219.96,8830.4,7042.2,898.77,2018-06-05 15:48:27,jennifer.lewis,6389.1,26.07,918.74,1665.9,acme.org,11696,GAZ,The customer account manages transaction histories.  The system monitors operational metrics.,6174.1,146.02,Kafka,French,michael.johnson,XMFZZF1E73YK3D44R,OFU,Eurostat,2021-12-27T18:54:51Z,650.2,4501.2,136,69.07,JSON,YTS,989.35,0x654bd58dc629a981619d5f7cd402ec471163363f
KMV,SVL,NFA,1224.5,323.18,EBG,upsert,8518.1,1984,GB,QAO,9764,GBK1V74NZHRUGJQAZ,DWTQ3258QFHCXU6A1,3004.8,"-----BEGIN CERTIFICATE-----
yIMintDDxWOQH2WYJoJm2FhFCqDYOXjEylOFAq5RfE34HBuvwN+b45M9j6fmxndf
-----END CERTIFICATE-----",CNTT4J3P0TR9HZLC4,783.86,LGNDPIKCAIZAC989S,985.19,28.14,emma.wright35@company.com,BFT-3873,3433.4,DLQ,tenant-028,63.08,BP 127/67 HR 104,CCM,NOJ,2.91,AMA,812.52,8623,49.17,US Dollar,1278,6878.1,TZF,UQQ,DFHBRE4WO4ORE21Z8,101.0,6709.6,5825.2,316.62,,jessica.thompson,5016.3,832.24,266.54,6621.5,gmail.com,96993,NDY,The customer account monitors compliance records.  This record manages compliance records.  The system tracks compliance records.,6455.7,449.4,SAP,German,lucas.rodriguez,4JW04CUDSYS6DO6XD,CNS,Eurostat,2019-08-03T15:46:46Z,2010.0,5391.7,939,610.24,TEXT,BGT,549.75,0x5c17ec3d2ab7c7459a610f7d9ca62048aa390793
BVY,CYT,BQZ,5122.3,459.96,KRD,update,9247.1,1984,DE,IYG,9577,RDPPFAKDT1TA6KOMA,HJ29C2Y7BFV5E83AY,6494.7,"-----BEGIN CERTIFICATE-----
0cwydW5NzMh5q2mUkCLuncYyAwoI90Di4U/IpbUnrtwq5Pu/9BOKcR3+zLvnD/Ck
-----END CERTIFICATE-----",IYOFS3RQ6U6SVZ5WO,676.55,6C85B2ZHJLSH79KE4,488.01,169.66,ethanthompson85@acme.org,LXS-3075,6307.9,IDI,tenant-021,195.35,BP 118/88 HR 71,SNE,RSM,1.12,MIG,574.6,2599,646.5,US Dollar,5845,7142.1,OST,NJE,2Y5UC6D9F19TXWA7S,473.02,4452.4,2493.8,903.76,,robert.anderson,3663.2,749.77,816.01,8732.0,acme.org,96773,SGB,This record includes customer interactions.  This record monitors compliance records.  The system tracks transaction histories.,8634.9,996.46,SAP,French,linda.martin,OUV7E446V9A9I7ASR,FMN,Census Bureau,2020-04-24 19:24:43,970.8,287.2,7560,239.85,TIMESTAMP,QFX,633.17,0xea892224d6d393c0abeaa07eeb6ad467eb1fab99
WBL,USV,ALN,3141.6,579.75,DIW,snapshot,7261.0,1984,JP,FOF,7454,TF46OVP3AE3JMFKV9,V5BFDOXZ6HBIEXNFU,2067.0,"-----BEGIN CERTIFICATE-----
06kJiUKK3+253SK2CuOAbasJOwqTAnx8kTC6lxq/lwhCm2jDqpk4dinfrcj4YA1x
-----END CERTIFICATE-----",KQVUXCDO6I2NVZIWV,434.57,S512X6LVKGYXBCM8I,546.98,246.19,lucas.smith@outlook.com,AZB-3974,3194.2,NKA,tenant-013,95.13,BP 177/64 HR 87,HCX,XMV,5.33,DKV,618.86,2187,841.15,US Dollar,6188,270.3,DLC,CCA,R9N0GL726CD9OSLS8,385.6,6193.5,8281.5,157.14,2026-05-07T17:26:09Z,william.taylor,1514.9,928.24,80.18,8576.2,gmail.com,67025,ACB,The product includes customer interactions.  This record includes operational metrics.  The system represents transaction histories.  The product includes operational metrics.,7984.7,560.07,Salesforce,Arabic,oliver.martin,8XRTC4UPF0JQQD6GA,RZU,Bloomberg,2025-12-23T04:54:59Z,3938.7,4506.9,3571,39.21,FLOAT,VSD,689.24,0x2ed9d58cda04ec8875f864c743ac39bd262c845e
PPC,NJD,TYO,9678.8,10.89,PPD,upsert,5797.3,The Great Gatsby,DE,HME,2016,1K02N9B7IX6187UNG,YYL3PLOBE60BBGZBE,4099.7,"-----BEGIN CERTIFICATE-----
4Uxj8LLpBmZoPxwgpchhwwyAWQAYcRpLt15IzqbBPjgZpKZ21fMwM1lg39KqN8yl
-----END CERTIFICATE-----",KVE02I9IHRAYYD0Y6,14.44,K63SL1W2VODHMFAZ4,917.51,550.5,jessica.lee@example.com,UWH-7226,8890.8,JLM,tenant-020,856.69,BP 155/91 HR 92,QVU,COO,6.32,XOL,975.92,9577,690.07,US Dollar,9519,9291.4,IOE,XJG,9TYTRUSO4EJ2XEFDD,182.14,5940.2,8154.8,965.02,,jennifer.johnson,1694.9,277.07,195.84,2372.1,example.com,209,OTY,The customer account includes operational metrics.  The product manages operational metrics.  The product represents operational metrics.  This record manages data processing activities.,1824.6,101.52,Snowflake,Portuguese,james.rodriguez,4PEG0L12YUZMIM2HU,SWR,WHO,2023-07-16 16:19:18,6907.9,4476.9,1701,835.24,JSON,UPF,490.75,0xfae751a883e60abe418893f28a79fba51c1f0fcd
WBC,DUQ,VBT,4042.4,876.81,ZOT,delete,5617.8,Brave New World,GB,TBH,6237,EV6MN54Q76L88PVIP,TUF620M8ZAYEQB7KE,8812.0,"-----BEGIN CERTIFICATE-----
82oX7hOpzHOwnJN0WbRgarLF/FqzTHoXjIOCSX8o1Ba12ykKG/iur8vSbyC4T1h6
-----END CERTIFICATE-----",FTDBPK8O4TZ02S91Z,895.65,OWLCCI5XFK9X9DWFI,359.76,78.13,richardlewis24@gmail.com,KAX-1531,4818.1,VYQ,tenant-049,923.69,BP 166/82 HR 114,IIB,WNT,3.29,ZAI,755.15,5788,908.81,Swiss Franc,4280,1400.3,NFG,HIA,8E75JPPWNGQDC7RAM,649.55,2585.0,7912.3,162.08,,sarah.jones,5717.1,236.81,879.29,4130.9,yahoo.com,78811,ZIJ,This record includes transaction histories.  The product tracks compliance records.  This record tracks compliance records.,7932.7,641.61,Workday,English,oliver.martinez,BNM1R79DVL7CJ10QW,NAD,CDC,2026-04-02T05:26:54Z,5064.7,5995.1,3018,520.69,FLOAT,KND,970.73,0xb37f9bbdcc92dde44a4fcd10b7dab5a84d379a62
BWP,FDK,ELV,5453.9,653.23,CRP,snapshot,3514.8,Brave New World,JP,CBW,5108,TB0J7VXQF57LXHU8T,8OT8WHZLNGFZWANBA,612.4,"-----BEGIN CERTIFICATE-----
nN0i7BmE6KnjHrAb37EvvGlNsNbOKNqopTx5eKTlax7HWhGLYDKGIAono9HOsB0L
-----END CERTIFICATE-----",773FJ3YHYR8R17809,53.87,2O89OAZZU57QTVWFV,589.61,674.28,oliviamartinez@example.com,RBA-6985,6210.9,SRX,tenant-044,399.72,BP 95/72 HR 110,WSS,EVQ,8.74,EKS,846.03,4720,946.5,British Pound,9903,9300.9,FIK,YTL,X9A2AF1SCS8J1MWWS,265.46,8479.4,5206.9,825.47,,harper.taylor,9061.5,698.37,150.93,3750.0,acme.org,17157,XNK,The system monitors transaction histories.  The service monitors data processing activities.,2173.5,276.69,Kafka,Japanese,emily.king,4IRTMQ0BPGY4A2IEP,AAH,WHO,2021-03-24T16:00:34Z,7056.6,9035.5,203,820.94,FLOAT,PGG,275.11,0xf0a62d9f4c11f42f6e7e1ad39344e2cdbe7758a8
ZQU,IAT,UPZ,1227.2,801.05,WLA,update,3909.4,To Kill a Mockingbird,US,MIF,1591,0ZL8TZ4U0L0J6O7G7,KR0PD899E5S3DQ2G0,9708.2,"-----BEGIN CERTIFICATE-----
C4vM2ejTHKIQ3As3ElpsEst22FseemvmKvVVQ9CNyflwtjYKelMr42sJhdUi874F
-----END CERTIFICATE-----",9G3OX16004DNYDCFU,771.01,CCRST6P19U2MB3WEN,425.65,635.48,william.thomas@example.com,RCW-7871,3687.6,ZGE,tenant-038,318.68,BP 116/66 HR 68,AHO,KFT,5.65,LPV,950.16,8488,807.22,Euro,2439,6784.5,ROY,MGC,FWZ62ORX3ZB0LNQRO,776.68,8449.5,2219.4,34.97,,aiden.wright,7057.2,128.53,744.02,8539.5,example.com,42493,KJV,The system manages customer interactions.  The system monitors customer interactions.  The product monitors compliance records.  The service tracks transaction histories.,8910.3,411.14,Salesforce,Arabic,noah.taylor,4OR4LDXTRCSV6AU08,ZJS,Eurostat,2025-05-11 16:17:29,9891.8,7212.8,353,112.73,VARCHAR,XIM,620.69,0x9eb45938a8918db53028070b995551876ad55c5f
UYT,IOS,EVC,6919.4,167.5,NTM,snapshot,7192.7,Dune,MX,VYN,1154,AJ2ZM98V2D9V70C8C,5BHFI6060GET1UAS3,4547.6,"-----BEGIN CERTIFICATE-----
kRziLEe32cJl0W++KHvUVvLW3s04hlYftVbos0hHXdpEgO4BdtDRh1T7s/5AtoKO
-----END CERTIFICATE-----",XPI4972Z79VLRBS49,815.6,PXKTL7895TJK2KHNM,635.16,349.41,aiden_taylor71@example.com,KOJ-9883,7738.3,GUQ,tenant-014,6.24,BP 123/84 HR 71,SNE,WHQ,3.19,ILP,169.26,685,976.63,Japanese Yen,5304,5598.7,NKI,WJR,XN6432Z69EKUZZVKF,620.86,9998.9,8272.6,482.3,,sophia.young,9937.6,237.66,628.55,1631.1,example.com,44035,EHP,The customer account includes compliance records.  The customer account represents operational metrics.  The system represents compliance records.,1157.0,639.41,Salesforce,Spanish,anna.clark,AIEGHUSGF8IAJPMAF,TVB,Census Bureau,2023-12-02T07:37:44Z,8156.6,804.6,6844,730.87,JSON,BXO,714.64,0x3999e5d5fa3e519b40c2e8f7ea615bfbf1063fe5
BWB,KAF,ODN,3905.2,561.97,EBC,upsert,6302.0,Brave New World,GB,NJG,3401,A2TK45YDRQ45KEVZ0,294U5M6IXGRYM2PHY,768.4,"-----BEGIN CERTIFICATE-----
6SuLIPHGEC4rlSpSQamuPH9Ixhi6jd6hcVptS5I7CDG3C8nfv1xsaWBDGupLsjyK
-----END CERTIFICATE-----",3RYJXNZ27Z2XF1GHJ,982.89,FD5XIRLT0UN6X774I,328.49,91.83,susanwalker90@company.com,SEA-1672,6980.9,ULK,tenant-018,226.45,BP 114/108 HR 76,PAQ,TOU,8.24,OLT,168.76,6418,12.63,Swiss Franc,9115,1971.7,MNK,FSV,5MXMREFFFM2IGI56U,728.04,9399.9,2358.5,480.83,,oliver.clark,3539.0,823.73,422.95,3298.9,outlook.com,35374,ZDL,The customer account manages transaction histories.  The service manages operational metrics.,7896.4,702.66,Kafka,Portuguese,olivia.robinson,15YM4SDU2LVKL10U1,SDA,Reuters,2024-11-16 02:33:54,8387.9,4429.7,4511,267.13,BOOLEAN,UNO,776.67,0xe0b482bab46b304a9f4775f357f0e02880684937
DZH,VOD,PEK,444.0,881.36,CZO,upsert,802.3,1984,GB,EOC,4411,82YQW1PIJO82W7HGT,LZK18E9VWZJJEEUAQ,8584.0,"-----BEGIN CERTIFICATE-----
jPp6nqwQO25kVKZBFCOW+hj12EdDwtIDPxmyynorfSndGa9T0D3X9/HbTLohUCbT
-----END CERTIFICATE-----",EXDRBL1FBM8JSVKSF,515.75,HAK61IM0MEXQCX8ZI,468.22,714.82,jessica_johnson@company.com,GZX-1915,1924.5,XIX,tenant-002,347.11,BP 171/102 HR 114,QHX,LCW,4.63,ZAH,519.08,3296,107.37,British Pound,3171,9845.9,NBJ,DGP,W4TBT6NCLTSHI12NU,483.41,5130.0,9018.3,393.53,,ethan.walker,1426.3,499.57,870.02,7119.6,yahoo.com,25062,YFT,The system monitors operational metrics.  The system includes data processing activities.  The service manages compliance records.,9938.7,746.38,PostgreSQL,Chinese,sophia.anderson,MR8FSYAKOWDLC73R9,PNB,WHO,2023-01-10T09:23:58Z,5830.1,2574.7,8049,89.73,INTEGER,SNT,358.67,0xf4f43d242103d29e0e8e106f649ff2f43932096b
PNW,ZNM,PGL,2066.2,66.49,MCZ,update,2208.5,To Kill a Mockingbird,IN,ZET,2625,IG99UE95GE6VJBB54,NE7SMBLHPJRS1Z9DV,318.7,"-----BEGIN CERTIFICATE-----
FyZZFQR6IQTCV7nXbhZLZfcyPzdftvgYMx+wmYkUpcTpAnLuyswrPqhqED9GZQ4N
-----END CERTIFICATE-----",PRTN2W4CS9C4HV5GQ,641.51,3LYVCG97H9LG52KCW,497.56,687.54,jennifer.brown@outlook.com,IGF-2056,8539.6,OGB,tenant-040,580.58,BP 144/109 HR 88,TET,UVX,8.2,XHF,316.41,6066,587.09,Euro,1115,5241.5,MBI,JQQ,HNHMG68KMY6AIQGQM,193.05,9919.1,6943.8,928.3,,robert.young,7741.4,804.61,453.16,4007.2,example.com,7411,XBY,This record represents operational metrics.  The system represents operational metrics.  This record manages data processing activities.,3211.1,272.83,SAP,Japanese,jessica.robinson,UYIO3XVGDI8KCRFHF,WYR,Bloomberg,2018-12-10T18:40:26Z,9549.9,8080.2,168,75.29,INTEGER,URI,0.95,0x282f3d2d646be579753bacdede6014cfef61a23c
PIE,EBZ,ORK,1681.9,907.81,RZV,upsert,7700.5,Dune,GB,DQX,1150,NTVJPIN40RJYQMN2W,2397WSIJJGIN4ZUK9,6224.4,"-----BEGIN CERTIFICATE-----
NwRjkZHIx532KswenLDpDj5vA530VXIjsjQABZQx6tDAL6wPTX/edVyVNBUnnG6O
-----END CERTIFICATE-----",NOORKTTCATZI1EXLY,223.9,5BD8LTMYP7G1J2V27,901.29,216.37,harper.taylor@acme.org,UYD-3363,7455.5,LOR,tenant-001,835.12,BP 159/86 HR 91,ZFU,DAE,6.82,VGK,668.26,8254,351.38,Swiss Franc,1171,3678.6,LOU,TYQ,FJCBCW2O0RN4KO0A6,483.65,7171.6,6159.7,715.61,,michael.young,6262.2,779.15,984.38,2815.0,acme.org,30349,VOS,The product manages operational metrics.  The service tracks operational metrics.,8013.2,707.81,Snowflake,Chinese,amy.jackson,71WL7B8MH3Y4GO5O1,OSV,WHO,2020-05-03T17:55:06Z,1438.9,2474.6,2931,137.34,FLOAT,NOE,175.22,0x5c4dbbf7588d8d171a6519a9051cb4c83c77ca5c
FDX,CQS,ITZ,9154.9,195.75,XBN,delete,6479.3,The Great Gatsby,GB,IMD,3149,42KHHECPOCKSI7T4E,7NHRZGFNKDM6C52QB,3337.3,"-----BEGIN CERTIFICATE-----
hRjZ9wkM08M31XtzYivgDTCmScFS88irzjjZw3KhwLr11jWamb0nYm/GG3pvU2ev
-----END CERTIFICATE-----",5HPK0N2JJUNGWPEBR,600.33,GE7R6RXN0UU2Z7VEB,546.24,959.23,amymartin49@gmail.com,PJH-8244,3401.7,BVG,tenant-023,120.85,BP 180/88 HR 93,FMD,GIX,1.61,LBN,879.18,3856,804.07,Japanese Yen,6714,2256.8,HZQ,MRB,D07LLPW4H0P12GWTX,675.2,2470.7,113.8,846.46,,harper.martin,1252.7,860.38,171.37,4591.3,gmail.com,16312,KKS,The customer account monitors operational metrics.  The customer account manages data processing activities.,6145.8,981.35,Workday,Spanish,noah.harris,R26TD7ALL7HRNF9JM,CWC,Reuters,2024-12-25 06:27:28,4502.0,9842.8,5697,845.98,TIMESTAMP,ZWG,458.31,0x03205658cddd3a4997768582ed8c84ea298e7859
CFC,EHW,WBF,1391.0,880.45,WRK,snapshot,1279.8,Dune,JP,XIP,7825,JU2UAZMSQHAKITU4V,QRL76S06Y3OV1F7MC,3316.0,"-----BEGIN CERTIFICATE-----
tSz0Z1tT1AGW9Tuqti1F/JechBXMBcJJ+AVLJ3bzMfI72jR7hiY67eTj7BtK4W6w
-----END CERTIFICATE-----",2WVN0LEG1OGOMI39I,848.85,98DWCNPCFX8W3K3AK,31.97,460.99,marygarcia@acme.org,EZW-2922,6444.3,TLY,tenant-008,128.92,BP 142/82 HR 85,LBV,ZWU,7.84,KOJ,491.74,5140,126.78,Swiss Franc,4984,5154.8,UQX,KTU,57HTYSP85RT4WMZQ7,163.55,3033.8,9042.2,840.69,,lucas.clark,3993.6,240.47,481.86,8168.7,example.com,74878,DHT,The system monitors operational metrics.  The customer account represents customer interactions.,6850.5,313.42,PostgreSQL,Portuguese,noah.moore,92RNZT2VPDLB22SLR,MHI,Reuters,2021-04-12 09:19:33,1080.6,6540.3,2732,144.31,JSON,QPX,624.21,0xf77f0d79e75598691540aaed9075dada001dbfb5
PUI,PGR,RUE,3270.5,392.36,EKV,delete,7141.5,To Kill a Mockingbird,CA,MPA,1951,L7TUZFD1XIHBRBRA0,T969H3MIXPER0SD2G,4593.0,"-----BEGIN CERTIFICATE-----
5QtG8ObVix1gkWmRLfq+HxJ3ceM0zqjUaVTteqyfOdwJg4ajBkyRciWbaEFHW91j
-----END CERTIFICATE-----",TTRFLDBY2EOYUJN12,989.83,QB5VSKX75A43ERW9M,416.82,674.74,sophiawhite@acme.org,PCR-7298,4703.7,PDQ,tenant-016,409.53,BP 130/64 HR 120,DVG,TWS,6.99,THU,325.08,1884,685.05,British Pound,5446,6752.2,QWW,QKG,NCCACZBWPCWGSJMGC,685.53,1853.3,6679.1,70.33,,anna.jones,7740.6,984.89,958.55,3832.4,gmail.com,31101,OVC,The service monitors operational metrics.  The service includes compliance records.,5054.7,460.42,PostgreSQL,French,liam.lewis,ZNKUGRZYIVGO47NF3,FDU,Eurostat,2020-10-05T07:05:26Z,56.8,4377.2,1079,162.73,INTEGER,SAN,635.8,0x7b7840f2597f01bc89322bd2d8f4c2cf77f93d95
FJZ,QJO,IZE,1197.4,519.2,IAQ,insert,1732.1,To Kill a Mockingbird,AU,FSB,1380,9WO9ZUF3C21KSNRS3,NV3Z1897F0YN1Q4FW,5996.9,"-----BEGIN CERTIFICATE-----
arJ6uzyhNjs3bMAiscvHAIt0RFo2bTo2OZfEAKRivLJ8cuK0iH7d6Ix+7g+OzLPs
-----END CERTIFICATE-----",V4DRQI1G9MUU1V4OJ,406.62,BJR5DTPYW5E8RI223,521.37,12.92,elizabethlewis@gmail.com,BMZ-1620,5990.7,VKN,tenant-012,430.55,BP 146/74 HR 115,TGQ,JFX,6.82,RLB,607.66,2135,511.21,Euro,4555,3553.4,EFU,GME,O8W5TAS472CSJU2DH,399.65,5003.0,2026.1,106.19,,elizabeth.walker,4734.6,671.45,710.67,6276.5,example.com,30885,TTD,The customer account monitors customer interactions.  The system represents customer interactions.  The system manages data processing activities.,4749.4,928.88,Workday,English,john.garcia,RD92IBY729U3M4LUV,NSS,Census Bureau,2019-09-22 11:57:20,9192.5,6932.0,6285,750.18,FLOAT,QQY,982.63,0x67d93e9af5dd37d1fcd500b268f2fed3eccf2eb3
BSJ,LKR,POB,108.6,925.13,AIU,snapshot,2481.9,1984,CA,THB,5906,JHBDM9YJKXU2VUXL4,CFTBON6NK5Y52TG4Q,4872.8,"-----BEGIN CERTIFICATE-----
mImFOXKEONQvJ/CJa3NsuyVmLHGrkYMuorl4r3bjx8TLQuI7ICAdfzMpxr4mqmnE
-----END CERTIFICATE-----",P67HFJ0QGUY48N708,508.19,K5TLUQAYQ6RONJHOT,118.17,850.83,olivia.lee56@gmail.com,ZAC-6720,6903.8,ITL,tenant-006,797.43,BP 171/96 HR 75,ZBX,KLD,9.14,NHY,238.19,5912,574.14,Japanese Yen,4670,5017.2,RMC,YUH,OPM6G8SATLZY4KR1V,328.68,5498.5,533.1,409.08,,john.wright,2358.5,404.87,295.45,9122.5,company.com,3925,PZF,The customer account monitors data processing activities.  The service tracks operational metrics.,1389.4,599.27,Workday,Portuguese,linda.taylor,27OJU9KAIQHM3OZU6,YDG,Bloomberg,2020-12-03 16:05:33,1631.3,3447.1,7092,883.68,FLOAT,XZX,434.44,0x8ae912a884ab5ee23dca6dce28bd89a66c25cdf3
QZW,OWH,GVJ,6834.8,900.02,MUC,insert,2309.3,1984,JP,NFC,272,936J9FQEMRKDOHS6T,P07BAOAPXG6NQQ551,8777.5,"-----BEGIN CERTIFICATE-----
4xe94KLgyvvHGM31XWIwlsPKuKLe9ArpXS05/Z0txdVh2J91BpyIR+HwCycto0A3
-----END CERTIFICATE-----",T7WA6IEL8ZAFJ51SO,552.64,DWOTZ2OFRZIZLGJKH,158.22,691.87,emmajohnson@acme.org,ODB-4079,4899.6,NNJ,tenant-035,255.48,BP 134/104 HR 117,TTC,VFQ,9.64,PGX,145.03,394,917.01,British Pound,4176,4020.6,RML,ZBJ,M2X3Y1S6K8L22KI8Z,299.19,7475.9,8867.4,559.43,,jennifer.young,4726.3,164.07,662.55,9683.0,gmail.com,57503,CEE,The customer account monitors transaction histories.  This record monitors customer interactions.  The service tracks customer interactions.,4389.8,497.4,SAP,Hindi,ethan.robinson,039NJV4FVQJR4NX8Q,ZHO,Census Bureau,2023-06-05 09:59:37,2576.4,743.6,652,255.71,FLOAT,MRY,258.02,0x270e3da3403caefcc55c699691c49d276c8a0b85
PHA,GZE,EAW,3142.7,203.36,XLR,update,6630.3,To Kill a Mockingbird,MX,SPM,4737,XYSMGO6HNCJ02IHH6,E2DJ7OAOLT2VW6Q50,9753.1,"-----BEGIN CERTIFICATE-----
nQLAjCLJKSOKf7mRIGiiub988BJQt5nwLv6vE+su04791Nin4evRpecOQB8wCwCb
-----END CERTIFICATE-----",URRMP0V4AU1LEZXD5,547.5,IIFSC4BEYNDEPHFL2,172.97,812.87,robert.clark@gmail.com,IBM-7994,7277.2,XCK,tenant-050,769.68,BP 119/77 HR 95,LXB,XWZ,8.43,RNT,173.45,8172,662.97,Japanese Yen,5150,871.7,MNB,FEA,LPDHQ2SNK4AWPSJ48,580.36,9887.3,8430.7,370.11,,richard.johnson,175.0,581.43,361.7,9110.4,outlook.com,48248,THT,The system manages operational metrics.  The product manages data processing activities.,7518.3,108.69,Workday,Chinese,mason.wright,IR71JNNY52IMRPYDW,RTX,CDC,2019-05-13T16:27:59Z,4454.9,1328.9,4736,471.12,VARCHAR,UJG,715.34,0xcf938eebffbc5a20bb2799283afa62a64ef2ab65
QLD,BQR,JIA,5362.3,428.9,LBV,snapshot,9258.6,To Kill a Mockingbird,IN,DDF,5460,98R8ND8ZX8FFCFPKM,YV86LCZP7P465WBR2,6418.9,"-----BEGIN CERTIFICATE-----
xj0Hwtjy1fnQJp+Q/ns6Kj7mTYbGxTYabedlRNIoYDJetDQlyHOFMq+FcPM+v0pQ
-----END CERTIFICATE-----",1RH4UWFE4OOLNPAQR,869.37,ZNJ6Z2YCXG77WDPQ8,42.94,151.28,sarahmartinez@example.com,OQL-6010,1502.7,YTP,tenant-038,83.27,BP 134/78 HR 85,IQO,IPZ,9.85,FLQ,629.39,389,710.41,Swiss Franc,4740,4005.9,UQG,KEE,AGN1CDUI3B8BCAUWY,712.76,9203.4,8278.5,950.27,,david.garcia,1069.4,289.23,771.51,9772.7,example.com,91473,XJX,The system tracks transaction histories.  This record represents data processing activities.,8210.4,773.34,Workday,Japanese,john.anderson,E6M8B24UUVHX7PD2I,SRQ,Reuters,2026-04-09T23:41:25Z,1395.6,2512.5,8531,160.01,BOOLEAN,GFZ,237.76,0x94eaf7b1c5134a5bee32436b39a89102ecac8ab5
JLL,UBP,QXH,1612.6,633.91,WQZ,delete,3310.1,Brave New World,JP,OZM,8306,96IDA4B31LMAM3GIK,46SYUIMUJJ3RAEZ96,3565.2,"-----BEGIN CERTIFICATE-----
0xkeG33zivDI34VdWhXkrU9nyWum66+I5m4XJ0K8kycL6o+mMLwhNgC8lvl5NBSN
-----END CERTIFICATE-----",47SQ51BHZP482LT0U,237.21,WGZTB77BRUMQSO9QW,882.16,515.81,jessicalee@example.com,PGX-5341,7040.1,SUP,tenant-001,578.45,BP 114/68 HR 99,WEY,EJU,8.91,ESM,329.01,5208,168.27,Swiss Franc,5542,5187.5,SGH,MAD,7K62H1D2C3GMPPAJV,926.4,5023.0,2881.6,501.8,,aiden.smith,4221.6,61.72,260.3,9083.0,example.com,4369,UKA,The customer account monitors data processing activities.  This record represents operational metrics.  The system monitors operational metrics.  This record represents customer interactions.,7450.6,179.21,SAP,Portuguese,oliver.lee,DT1J9U68OUHVENLUS,AGB,Reuters,2023-02-24T22:49:26Z,1442.9,2743.8,509,263.96,BOOLEAN,DEI,357.73,0x0f996473874fe4bfa3efba5be553cb3d7af99b4f
WJM,YPY,NTU,8397.1,773.08,QVU,snapshot,9250.2,To Kill a Mockingbird,GB,JVF,7427,7YC0R3Y17O1MFLGXQ,GL6K3FCE29SBKMHS0,1468.6,"-----BEGIN CERTIFICATE-----
PHFN+sX1ECiJdrr7uMg5z0uUZpBwxIc85oREjIlJKvonFs+E3yqR80vUz7Pv6RbO
-----END CERTIFICATE-----",Y36K3QGPR7BZ8PB40,654.31,STS8G6IRTF6E8HA0U,336.86,506.79,jennifer_johnson@acme.org,INF-8745,4539.1,WDK,tenant-003,557.78,BP 127/95 HR 84,ZTD,WFR,0.62,JHD,27.31,8142,155.37,Japanese Yen,7571,9029.3,OKX,YKP,3YF72Q87PPSGAXENB,36.51,1201.5,4630.4,301.02,2019-10-03T17:52:24Z,liam.brown,880.0,926.47,485.24,7053.7,gmail.com,21215,BMZ,The system represents customer interactions.  The service tracks data processing activities.,3159.3,629.76,Snowflake,German,lucas.jackson,LXC015STNHRNWKI2R,JDP,Eurostat,2024-10-23T16:53:32Z,3035.2,3513.1,1704,2.61,TEXT,UGH,977.69,0x3ca30759325547c90e69125b29de5462a6715faf
MTF,YDG,KXG,5466.7,254.71,YYL,snapshot,6354.7,Dune,JP,HTQ,3850,FPGO21SHTA98PZMNF,O7L90I3EXOF3MQH6B,469.3,"-----BEGIN CERTIFICATE-----
xPTARsV8H0Pnqc1qSeczj5Q+Yf+bE2BtkavQgevRzFgq0ui7iNgY0B6jWyfOpc8o
-----END CERTIFICATE-----",OYNX4JFEV791GXDKH,228.39,WI0IK8A6CKZJ44VLK,528.59,996.85,elizabeth_williams@company.com,SYL-5352,359.9,OWL,tenant-035,155.07,BP 143/72 HR 86,HBE,FTV,0.81,UNT,524.36,1138,440.16,US Dollar,7110,9450.4,CWS,ANX,ODTP5DSEBXBI2VXUH,81.59,752.6,1094.8,540.0,,logan.walker,8465.5,755.28,944.42,8729.7,example.com,53458,CSA,The service includes transaction histories.  The system manages data processing activities.  The service includes compliance records.  The customer account tracks data processing activities.,9343.7,762.83,Salesforce,English,jessica.thompson,UWUP5QRMW2LY211H9,BTJ,Reuters,2021-11-27T13:24:51Z,9076.0,5848.3,3282,793.28,BOOLEAN,ZDB,7.91,0xd4a28cf513ab4b706ec1da68a813e6e1869dbc18
LAS,GQV,JQP,1529.1,437.35,YLH,snapshot,6340.9,The Great Gatsby,AU,WON,6012,UYCI0JHTCTI986XJ4,X0MXLFK4G4TEZRKIH,8962.7,"-----BEGIN CERTIFICATE-----
zUY0V9F00xWgwu2l7RqZTLDmmWGritaAVtMlyfliOUIuNfx7jD9eJ2gt0iyFwE58
-----END CERTIFICATE-----",XIA91N4PHV64BS76U,422.9,3D6AF87T6KHZH1DFC,780.14,516.46,oliver.miller@acme.org,XXA-9691,4213.0,YLR,tenant-016,128.95,BP 93/93 HR 58,XRG,XUP,8.86,FHN,895.87,5095,259.28,British Pound,1506,7715.4,TGV,TWK,N146A65WL2TSVMNJM,998.19,7265.4,362.1,6.7,,lucas.white,4775.1,762.8,760.32,3491.3,example.com,20537,VEU,The product represents compliance records.  This record represents operational metrics.,2126.8,399.15,PostgreSQL,Portuguese,michael.white,A4I0EPZWQ7GRFP8QD,OQH,CDC,2023-02-05 13:33:31,8323.3,752.6,1582,842.2,TEXT,QXJ,351.52,0x14c0a3ee92da63e1f351e8bf7affca76c80dd6cb
IIA,LJQ,KHR,8136.1,757.12,ANC,delete,5582.8,1984,CA,UFH,627,3GDAOQPJMVU1HH8UG,XGEZH91YAJBU2O2B1,2703.0,"-----BEGIN CERTIFICATE-----
rLVp2wuISIkQafI0IPU2PPt6Tvk6zRQPb99V4hxQZNpMjgQGih2AIhtdiO1g7lKr
-----END CERTIFICATE-----",07GMHAX8HPK2DDCYA,153.62,JO1FC3X123F875ACE,632.71,748.1,jennifersmith@outlook.com,HEO-8258,5138.9,ENX,tenant-006,554.7,BP 149/85 HR 84,CKA,HFP,4.55,EUJ,261.5,6216,531.36,US Dollar,1474,1687.5,CXY,QZD,Z28YO515S21W2HELG,522.45,9961.1,7707.9,174.61,,jennifer.garcia,273.5,919.74,46.06,232.1,company.com,59963,WEB,The system represents compliance records.  The system represents operational metrics.  The product manages data processing activities.  The service monitors customer interactions.,6294.1,657.93,PostgreSQL,English,sarah.johnson,YHGMFVRY11U6OJM6X,BZZ,Reuters,2018-01-23T01:00:45Z,4509.9,3334.2,8507,80.43,FLOAT,FUR,763.56,0xfa138bdb5f53f20fe4a3a76474323a79a0024b7c
HXC,UJJ,HDT,4208.6,154.81,PLJ,insert,5612.0,1984,FR,CGB,3794,BM2J8JHOFKXSKFNOO,MSK1L9TWMGPT9U3LA,4120.5,"-----BEGIN CERTIFICATE-----
IPkCe28EGeARtYVdKmjEGNS61PbDiAKtP9Hl6UkTZO03H4vtOO8tRU54t6dVcZcU
-----END CERTIFICATE-----",PJF4ZHW6EO1TTISON,867.68,J4CI48F51NUQ832SV,703.55,585.35,sarah_wright@outlook.com,USX-3609,2609.1,ORX,tenant-026,165.28,BP 142/107 HR 55,IZN,SPF,6.73,LKK,753.83,3450,425.18,British Pound,5697,6778.6,GKE,GVE,IV0PQT9LTUQHN3QQJ,235.25,4015.1,9311.8,612.41,,ethan.rodriguez,1729.8,582.55,598.3,960.4,company.com,17827,MNJ,The system manages customer interactions.  The system includes data processing activities.  The system tracks operational metrics.  The service monitors transaction histories.,1017.3,171.53,Workday,French,jennifer.young,5LSMARHTX3LM2AORH,FFD,Eurostat,2022-09-01 22:49:40,7395.7,4380.3,3705,780.19,FLOAT,QNE,720.59,0x4aaaf6c265ec210dea67355ee66aa279237ad62a
LTP,NNI,JVU,786.9,207.99,QWV,delete,9647.5,Brave New World,CA,UGJ,9216,Z74X5OGIYGRYOK43P,DB3UPACI7X0RHZ9EO,9878.1,"-----BEGIN CERTIFICATE-----
eqmCM5sNIN4K/+o14nYI3YekF+qgtY0j3mp21vzHFtZC/zfcbw3hVnsKSBrthg7K
-----END CERTIFICATE-----",CFBRI8ZC2NG6P9C0D,28.77,Y8T4ESHBJHPGM43DQ,213.95,24.66,lucaslewis@acme.org,TQY-7591,7923.4,IHB,tenant-024,722.72,BP 108/96 HR 86,BHF,LHQ,6.8,SAL,457.6,8097,783.45,Japanese Yen,1050,1796.5,BQV,CIX,41HJT3M5PXX8SWRK5,131.16,4246.4,4619.8,952.83,,susan.martin,8573.9,381.62,506.65,9100.0,example.com,26892,HZQ,The product includes compliance records.  The customer account includes operational metrics.  The system includes data processing activities.,9680.1,509.86,Workday,Chinese,aiden.jones,CPSXJEBZHPNXXV2B2,WQE,WHO,2022-07-24T19:24:32Z,133.3,1514.6,675,357.04,JSON,MUT,17.87,0x4092477d1877d4519d4ad147c14f37768272bac0
ITO,GCF,HIJ,7050.7,837.58,WUZ,upsert,8777.2,To Kill a Mockingbird,GB,HZG,3828,78YGI6DM8JL38X1HV,IQKPQDMNCHSXZFBKC,5935.6,"-----BEGIN CERTIFICATE-----
W0flpgqIOjtx0L6eOw3fd9FoWOtLGQxYB1GV8QHCqxNOm49q/lcbsTn1FMJVE6LI
-----END CERTIFICATE-----",RW8LXB4NLO886T4JC,579.72,8IJNEDWXR4LCSRVF8,182.62,17.85,sophiajones@outlook.com,YEQ-7025,2187.3,WPV,tenant-018,796.32,BP 124/66 HR 80,PBE,VYB,3.86,TON,706.65,5589,783.61,US Dollar,2151,43.2,HJC,INY,YOZNGNFKIAJN535LH,863.59,3657.7,6893.5,740.2,,richard.young,9469.2,442.15,400.4,2907.5,outlook.com,40548,YMI,The system includes operational metrics.  The product includes transaction histories.  This record tracks operational metrics.  The customer account represents transaction histories.,4595.3,846.77,Salesforce,Chinese,anna.moore,0K2LV6EM8PLQJ01YW,JKX,Reuters,2024-08-07 06:29:22,1183.2,3029.9,4216,42.23,TIMESTAMP,VMD,415.46,0x9370ec9b25017fba9039126f75f65e73a2fcc400
FHD,ORO,ZKU,2980.3,578.61,IDU,update,3652.4,Dune,IN,NOI,7778,KVDMHPKBNGBYJEWVN,R5DNL2DZYBVHUJ8RC,7526.0,"-----BEGIN CERTIFICATE-----
Dfb2wprSFXKbCGR5j3puUdOoop2e848NSJk5oexSArrCssI8oQLL+2hWseuJ3Ulq
-----END CERTIFICATE-----",FFNV3WNHBDB8BS9C7,900.53,K52UXZO4HKF2MOOXG,150.24,268.11,jameswalker@outlook.com,ZDZ-7107,5523.4,LQS,tenant-007,718.61,BP 116/60 HR 92,YOD,EAX,9.72,ZAL,629.58,1923,76.02,US Dollar,6082,712.2,KUC,WAF,OY2GVZ97PCNGM47A7,712.42,7849.7,3594.4,741.17,,michael.brown,3606.5,874.42,67.06,9989.2,yahoo.com,46818,GQR,This record monitors operational metrics.  The customer account represents compliance records.  The system tracks transaction histories.  The customer account manages transaction histories.,1318.5,998.29,PostgreSQL,Spanish,mary.johnson,68QPOF9QLK8L1WNJJ,QTP,Reuters,2022-06-07T04:24:01Z,2302.5,5786.3,1136,57.46,FLOAT,TNX,895.9,0x43236887f152f7fc64858c892a7e2033ef881c2a
EGJ,BTZ,NWT,7266.2,173.81,FNY,snapshot,1926.4,Brave New World,BR,MDL,249,GQADGQVQAFQE5JUZ7,QG8AJDBJVDT0Y5QK9,4766.1,"-----BEGIN CERTIFICATE-----
0eHU1bt1cn4f150wbOimktTrFaNmZV4jaN9GJ4XIH4gr1h1vb1/VHeCSx5Y6Syla
-----END CERTIFICATE-----",H6F6S2IWXZINN9WRB,143.94,7SO3FIHU0XJX6D7TE,71.3,457.64,oliver_martinez@outlook.com,UVK-9908,6020.6,RNF,tenant-034,656.62,BP 141/93 HR 55,AWG,DFD,4.99,QKA,129.61,3423,523.59,Euro,8422,4017.7,PXB,GAG,WZ5KF6TTQSWJWC8IX,330.07,1003.7,8969.0,559.12,2023-02-23T23:02:33Z,linda.white,7756.9,797.97,829.55,6352.9,example.com,69792,ZIJ,The customer account monitors customer interactions.  This record tracks compliance records.,3112.7,136.48,Salesforce,Chinese,mason.clark,EELDIA82AZE31RORM,TPN,Reuters,2022-06-13 00:37:16,5174.1,2563.4,1731,592.8,FLOAT,BOX,492.37,0x33f9d0a782112971d30a99ca0a4087d1127c4bfa
SVS,EQS,PZL,5840.9,862.08,BRE,upsert,9028.2,The Great Gatsby,JP,JAK,8064,NYOUZ3QH5VFL9ORFB,TA1H3978RGZA0S1IO,2744.5,"-----BEGIN CERTIFICATE-----
Vyy3jgAhEgng0CGVOlbM5SX+ILpGHJzkg2IWwuNYpjHGTMyEeflR5iwY+ulB3HWT
-----END CERTIFICATE-----",O0D0WZ3F268PLI1M9,367.92,N629NBQFZ8HXZB5NW,440.86,129.69,patricia.smith@gmail.com,YFA-6458,7838.0,XOV,tenant-044,123.33,BP 90/106 HR 95,SCN,YVT,2.41,NCN,598.43,7558,869.56,US Dollar,3202,7443.7,FAU,XLE,SAHCTL7Y0RD8O33DM,61.1,4705.9,3654.9,205.79,,amy.moore,8233.8,170.94,169.95,7935.1,example.com,25211,JBU,The system monitors compliance records.  The customer account includes customer interactions.  The system monitors compliance records.  The product monitors data processing activities.,6358.9,320.07,PostgreSQL,Chinese,susan.davis,K9MB2A11OF5RXD15P,EUY,Eurostat,2019-11-28T11:56:10Z,2902.5,1239.4,2678,287.94,FLOAT,NDP,787.96,0x953dcdd29c408a79178f6372ab618d2007e5340c
YKA,AWV,SFG,4290.1,652.83,ZQF,insert,2121.6,Dune,US,PRX,316,H4UGES4XSZ2X8ST56,WBENM7616BUDMNFLH,4198.2,"-----BEGIN CERTIFICATE-----
KWU62aIDpysQdair7veiN/G+baHGWYbbxDyfTTkAswGQ+JxLXSGHXtBLGck4QE+Z
-----END CERTIFICATE-----",PHJL8CWT3VX2Y1PC4,466.83,1WVC4DXS6KIQQD2C0,502.63,407.21,oliver.king26@yahoo.com,OTF-5816,6660.7,PTY,tenant-011,771.48,BP 142/110 HR 100,ETH,YJF,9.32,NSG,300.81,5706,992.28,Euro,3415,7144.9,LNJ,FAG,4S432KW8ANZSRUL3L,535.08,4231.7,6089.7,29.39,,olivia.rodriguez,1814.3,808.32,52.58,4992.8,example.com,94858,EII,The service tracks compliance records.  The product includes compliance records.  The product represents customer interactions.,3298.6,600.22,Kafka,Arabic,patricia.martin,LB6DDI0NTM2F2PPPY,OYN,Bloomberg,2025-01-17T02:45:44Z,9031.3,9560.8,424,119.25,TIMESTAMP,CVV,197.2,0x4fb6966eb23a606e54ef6de89765520de3434fcf
KIT,JQY,PDU,3160.6,36.49,RRE,update,1308.4,Dune,AU,KAG,6079,IU1HENF0QZNE7MENF,Z37TKCQZ5IXT2ZPI2,8304.2,"-----BEGIN CERTIFICATE-----
eRjGcMwmEMNtLN2/TVkLtj/wVpCPJMjvmCNi/6Ohxf4rYMQz2XNOmECKtEh6NOJ8
-----END CERTIFICATE-----",S7IGEZCFIFZH36QXY,453.02,KRR8R5RGS8N26J54O,482.73,120.49,davidmartinez@yahoo.com,MQX-9384,149.4,JBJ,tenant-010,444.27,BP 108/105 HR 109,IWT,ULV,6.15,TJY,159.3,4094,85.4,Japanese Yen,8031,7953.9,RDQ,BUL,3WAMVYYNRIS7GABCG,409.56,5773.5,419.6,642.48,,jessica.taylor,7415.6,225.38,399.04,2777.5,example.com,66312,TCR,The product represents operational metrics.  The service monitors transaction histories.  The system monitors data processing activities.,7414.8,716.42,PostgreSQL,Hindi,sarah.anderson,2H61A982KQA6RV8JR,UUZ,CDC,2021-01-11T03:15:17Z,1546.1,3196.2,1513,82.51,VARCHAR,KZP,111.28,0xe78738be287292e08ab9680a2dca0bff11ad9344
RDG,GKI,WJS,6693.7,289.62,JWQ,upsert,9901.0,Brave New World,MX,SRY,3446,AKHGMHMQ13AB8BH1S,Z0UPG3M2EP6MRYEPF,6759.7,"-----BEGIN CERTIFICATE-----
St3JCSlckRF7WEFMB369rBVMK5agOghQDFlDj56pDYQU0Wely08Vg0NKg9L59GVT
-----END CERTIFICATE-----",6CU0DXTYOAORQHO8H,193.53,QAX27M6BROSHQ55YS,598.81,471.67,william.thomas@outlook.com,HGI-3938,3591.3,OXI,tenant-024,506.67,BP 160/102 HR 89,OUG,EDS,1.09,DYR,145.42,2052,325.01,US Dollar,8596,1184.5,MCY,OQO,IGMZCAM79ZKO7EII3,886.27,6765.0,5773.1,836.3,,john.harris,4582.4,511.0,724.16,1607.5,yahoo.com,45818,BFG,The service includes operational metrics.  The system monitors customer interactions.  The customer account tracks operational metrics.  The product includes transaction histories.,7107.9,697.94,Workday,English,harper.clark,E90CI2Y4AB826QV9M,EYX,Eurostat,2021-12-18T07:52:41Z,6278.2,8881.7,1641,214.38,INTEGER,REN,785.84,0xde9541318af4720d5cce34de07dcf8afd03319ed
TWM,MHH,GIT,4887.2,913.23,IKV,snapshot,537.1,Dune,DE,XYM,3447,WAX76GRFYO381HI49,U5A8VMO8CVXIKNDCG,4617.7,"-----BEGIN CERTIFICATE-----
JidOL67zCli36ySWyn2bTlxhveEV3iyfLjUBX64wtnX2rc978SEQ849wQjFGC8M6
-----END CERTIFICATE-----",FJFK7WQXHSXXEG1GQ,857.04,MAYKGZQ8KWC7AI6MR,819.45,40.08,jenniferwhite@gmail.com,BRG-1541,498.6,BNB,tenant-032,561.88,BP 153/109 HR 105,ZYR,UYH,7.76,TAH,368.06,7294,758.27,British Pound,2147,9259.3,WHQ,FMT,MIF7W3NRMZRO5LIBL,833.62,9652.7,4320.2,357.67,,john.king,6215.8,559.23,779.29,1612.2,yahoo.com,46902,YFQ,This record includes compliance records.  The system tracks compliance records.,9464.6,257.23,Snowflake,Japanese,susan.brown,7IU7YGHOXTW3BPLZX,OGP,Reuters,2024-09-04T04:58:07Z,939.8,7221.7,5891,681.39,JSON,HPS,941.16,0xb2fb4abfdefc13982a1ee76231ee646fea292b03
HLF,KSJ,GFJ,8225.0,283.42,WLJ,delete,1872.5,1984,FR,JNU,7101,2TN1UCVPWMFZX89BS,R7YIXZ23775B8C3KW,6149.4,"-----BEGIN CERTIFICATE-----
V2yTd+Du5U04rkeRp/6YRiakUEQwLcW0CR4X79xCs1FBnfQKT+VRon3FZC1vnKDX
-----END CERTIFICATE-----",R6T2AAE4O6LUBKFUT,546.33,203ALSHMZR6RL1V2Y,581.7,52.33,william.martinez@acme.org,UDA-3905,5034.4,GGZ,tenant-043,883.57,BP 146/90 HR 101,BXH,PLU,4.03,NGR,960.81,7221,60.59,Swiss Franc,9173,5741.7,ABG,SZN,D45N523Y6KC216HYF,275.65,9497.6,7651.7,938.92,,jessica.johnson,7673.2,357.41,234.41,5005.6,gmail.com,65814,SFX,The system represents compliance records.  The customer account tracks compliance records.  This record represents operational metrics.  This record represents customer interactions.,7527.2,255.4,Workday,Korean,james.king,9Z66N93D2FVUZ6ITS,IDL,CDC,2024-05-22 14:43:20,126.9,7261.6,7799,632.97,TIMESTAMP,STL,875.19,0x55efcf5983a038952ecb42d817caed4a5c2e7feb
GYQ,OVK,WQD,7658.1,185.76,OSM,insert,3236.2,Dune,MX,JPI,2945,YORZQWM2FCFKZV8DK,530GBU02TU1VP4V77,9014.7,"-----BEGIN CERTIFICATE-----
qJ6XosF1qXQk1+lGhX3UfbcnoEtoSCLev7mmBpVi68kDb8zBvnzL9/7nR6Lw4mI3
-----END CERTIFICATE-----",TVEW7U3GINRO1OQVC,268.95,U316ZSJLTVRRDTYC0,697.15,357.8,ethan_harris@gmail.com,YHK-5558,7029.5,SPO,tenant-022,714.29,BP 175/62 HR 96,KBK,ODH,1.25,KOP,614.22,2330,877.29,Euro,237,3791.8,LXA,VEG,3M779G03HA8WFUKCA,547.27,2002.7,8222.7,774.84,,michael.young,6742.8,992.2,448.61,4363.6,gmail.com,3138,BUD,This record tracks compliance records.  The customer account monitors customer interactions.,4827.8,784.15,Snowflake,Chinese,susan.johnson,QL5U717R0Z1PLRVA6,TMF,Census Bureau,2019-09-23T12:55:49Z,8844.6,8045.8,7319,787.43,TIMESTAMP,AKO,106.28,0xace51d63fd0ecfa376b20a2db94ce6e03f299b1b
QEH,YBY,XAR,2345.0,255.92,WWM,upsert,7459.0,Brave New World,BR,VXJ,8244,Q2U8U4CP1L1AA97JD,6A5CWB1CU1R9IH6V8,1742.8,"-----BEGIN CERTIFICATE-----
LCHZe/r9q0YbMkSPHeBQTLmkORr3JL0mR3jd+8TZRZ6nZy0XnhZMnXFr6bgDTT/g
-----END CERTIFICATE-----",LZIH6GFCEXHV5ZIM2,501.97,G65Y1EAIJEKB8ZOG5,608.34,113.03,jessicajohnson@acme.org,ESB-3803,3770.3,XOC,tenant-031,463.98,BP 144/92 HR 58,QCH,FIV,9.02,KPO,811.87,1691,190.73,Swiss Franc,8477,5794.0,CZX,QDY,IS5VVXXSWYWW5C1Q8,17.74,7209.1,3276.9,142.65,2026-06-22 20:57:53,liam.garcia,3771.5,819.81,804.25,1053.5,outlook.com,74932,VVT,The customer account represents compliance records.  This record includes customer interactions.,2255.1,697.11,Workday,Spanish,elizabeth.anderson,9UHGY8RATYB4XORQQ,ICI,WHO,2019-12-16T11:20:10Z,3876.5,6018.2,6890,596.93,TIMESTAMP,SZJ,147.0,0xd028e643990a75a3cbb5dc60ef65f72b29c59f27
AAB,ZML,HYK,4657.6,675.36,WTZ,insert,8832.7,Dune,JP,IUS,5659,R4Q5GMBUKYYNSJIDB,YG2E9LIV8WZG5VYZE,8131.8,"-----BEGIN CERTIFICATE-----
BVzhglWf8bakPLPkZz30jaWbOuzBS3J8ylBiq4DGsdAC1kBVipeYlGz42Saj7TZO
-----END CERTIFICATE-----",LYREYPBB6LC6L74YA,450.58,3L1JSYB3L4LOLQ47O,194.38,301.1,elizabeth_jones@acme.org,HXI-7091,8673.5,PKC,tenant-015,293.73,BP 110/87 HR 108,XWW,QIR,0.78,BLL,847.72,800,716.54,Japanese Yen,5803,7100.2,HDA,ZHA,7LYTHAFVGKW0G7207,121.22,7517.0,7607.4,690.56,,harper.white,729.1,511.69,30.18,4962.6,company.com,95213,EGI,This record includes operational metrics.  This record monitors transaction histories.,4834.5,98.82,Snowflake,English,william.walker,DL1BN2IIN53KH22AT,RNR,Census Bureau,2018-11-02 22:58:34,6626.7,5049.3,5646,828.68,INTEGER,HHN,972.44,0xe76f1c3325fdf393b751c7e574e604421919d3f3
QBM,YAJ,RHW,9833.2,841.23,PKY,update,5331.8,The Great Gatsby,DE,DBW,5006,INXVFY8KXL7NAYRTY,UZXY95WIBNOEDYCJV,7599.2,"-----BEGIN CERTIFICATE-----
OVcwS2Ifr8ifl9G8RuX6IbecfCelxvxS/E/t2osscAzANGygB2gezip8T5FpJOrQ
-----END CERTIFICATE-----",7CP31RY903PGAS09K,152.92,U0GYQ5MQ8C9LGZM96,833.38,780.98,robert_garcia@gmail.com,QMS-5782,6104.5,CBG,tenant-035,968.31,BP 163/73 HR 88,OWY,ALS,6.75,TXT,694.25,7961,684.32,British Pound,1339,8531.6,GWM,IPR,8JZJJVQDFOUOOQX4V,359.82,2653.9,1237.9,218.3,2025-07-20T08:35:46Z,olivia.anderson,487.1,944.37,629.7,5876.7,yahoo.com,97846,EXU,This record represents compliance records.  The customer account monitors compliance records.,9240.8,953.32,Kafka,Portuguese,amy.king,WN770QBPN945K6C7Z,DCY,Census Bureau,2024-02-20T22:58:19Z,8437.4,538.4,5017,966.95,JSON,YMX,232.04,0xc71ea1d9d2e243fab18aacd4aa048fd1792e7fc8
FCA,JJC,TCI,6980.8,655.75,PBK,delete,2921.6,1984,JP,ZRW,5918,85E258UHS5WGTYX62,5WCF4UKDMUBZ8KVSI,7503.2,"-----BEGIN CERTIFICATE-----
uDLSM6614q9c2UhHJPru8WujQc1QnlJWDQe/uI+XhwJyrvs4qRrZYOK7VVtyKVEy
-----END CERTIFICATE-----",Q2MJWZT7RM8RSED8O,908.69,2ZBMVVRUHZUTHDVVT,547.59,734.29,robertanderson17@outlook.com,AOM-2081,5412.8,NYQ,tenant-010,91.3,BP 170/94 HR 113,VJK,TUG,8.51,GRN,727.5,3392,803.53,US Dollar,6243,703.4,MVB,FSJ,GAJETFERVD5V4STBR,481.46,6812.4,6676.5,302.87,,olivia.rodriguez,8935.0,350.03,487.63,8839.0,example.com,24590,MBM,The product manages operational metrics.  The customer account tracks customer interactions.,7277.9,395.04,PostgreSQL,Chinese,william.anderson,SOC5WPV058TMUWCVM,YYN,CDC,2023-08-16 03:52:59,6510.0,5809.9,1182,299.64,INTEGER,FIY,263.8,0xf84ee9b2562d9f0270955bca4d316fc96f3e0edb
SHV,TPY,FKR,9939.2,55.94,SRB,update,6436.8,To Kill a Mockingbird,CA,CMB,8206,110T1BXCJXSI7DBSL,8BYHRK6BMEOIJQ9PG,4817.3,"-----BEGIN CERTIFICATE-----
c++4ZsYCBAzEkELpHN0NzYAIn/AlieYjPh2nQpZjSLY9uKUDqW2uH1RjAYxf0rrs
-----END CERTIFICATE-----",H1NSQX98E5SBSTGBE,180.27,V0151XEH4DFSD19EC,655.64,614.51,patricialewis9@acme.org,NOG-3454,8943.7,ZGE,tenant-049,58.04,BP 117/91 HR 61,PBR,LDD,6.89,MJU,282.05,536,577.51,US Dollar,8823,607.4,IBB,ZMX,ATPVQPZF4AHLRFLD5,377.23,7285.8,5910.2,565.55,,john.white,435.3,46.82,792.04,7223.1,company.com,49207,ZEV,The product represents compliance records.  The service tracks operational metrics.  The customer account tracks data processing activities.  The product represents compliance records.,8820.8,566.41,Workday,Hindi,emily.harris,ED20OM9Q7XGLOXCEH,SRH,CDC,2022-09-28T03:34:21Z,2508.1,1334.7,303,985.03,INTEGER,AZY,147.13,0x5b5bb3fe4f602c25c4cea6b2303c9161cad98492
BWB,JFE,LSI,6379.2,227.79,QJG,snapshot,7102.4,Dune,JP,LZO,4106,WW0B9CSA8TIGYFYHN,MEI8QYMNPMOA2SZHH,8851.7,"-----BEGIN CERTIFICATE-----
fp6/N4FnLqYDFVN8FA5OGcsFjbwheQzKVyasClHtfJEOD8GEm9O6WhnRbDnMxmXI
-----END CERTIFICATE-----",L62GK0FL4CKVUAWZJ,5.7,KD8CJ3X6UA1SEXHC2,161.63,334.89,emily.robinson13@outlook.com,HPU-6285,7976.2,SXT,tenant-022,271.76,BP 130/76 HR 93,XTV,VGN,6.75,RZY,327.97,3270,41.35,British Pound,5544,4957.3,OWV,EUM,XZX6ULYX1XCUYD38C,441.27,329.4,3623.5,708.42,,lucas.smith,2622.0,36.19,819.48,5578.5,yahoo.com,24459,DVZ,The service includes operational metrics.  The customer account represents operational metrics.  The system includes compliance records.,3326.5,32.22,Kafka,Korean,jessica.taylor,BB8K79NMSLQERBJ0O,ODC,Census Bureau,2021-12-06T03:32:17Z,1669.8,9193.0,792,41.48,FLOAT,WBW,41.8,0x6f93384c09c71b0331163acaf2db5be82094c0a1
BYX,YFE,YUG,9714.8,823.58,MIC,insert,5757.1,1984,GB,WUV,9619,KGD23OCXGTGRA4539,42SCD208E4RD2WA0W,7632.7,"-----BEGIN CERTIFICATE-----
xbCSn3HMPg4+5Aer6G0QfhkNntNnHSClp96UYOdhSFon7DRgC6Ut91NACn+w8AhW
-----END CERTIFICATE-----",4S5WYK762RDTY4JWC,731.08,S89DGYSZ3F0T3IAKN,76.51,417.77,harper_king42@company.com,AFE-4188,745.5,BLB,tenant-026,755.19,BP 179/84 HR 55,LQS,BHY,2.74,TDW,82.04,6685,827.11,US Dollar,3030,7988.4,JDN,DXW,XPT58JZX1MHFSQ09V,975.85,6934.2,9324.1,481.88,,mason.moore,4256.8,968.49,348.43,128.2,example.com,16934,QEJ,The customer account tracks data processing activities.  The product represents operational metrics.  The service tracks transaction histories.  The customer account tracks operational metrics.,859.3,978.55,Snowflake,Hindi,linda.harris,PJU30ZI36BGPO7NF1,DFL,Eurostat,2024-06-25T11:11:58Z,2187.1,174.7,821,612.98,TIMESTAMP,PCM,746.33,0xac40a8853025f3499b847b749e2731e4c7d62c74
AKT,YFB,DES,5350.6,444.71,EQX,update,9991.3,To Kill a Mockingbird,BR,WIS,7340,ZUQ7502KR4E5GK02Z,C3ASFQ8PUNBTH1OQS,8704.8,"-----BEGIN CERTIFICATE-----
9Gwj+YObG22nojz2QncGBaqhn68UHjI9LsYw+jOXzA+y1Yb1M7ZVR8P6WWsF7fps
-----END CERTIFICATE-----",C6OAU0YEXC9MQ10L7,540.52,NI6IPXHFBHR215EL8,476.29,111.87,sarah.smith42@gmail.com,UKO-7623,3543.5,RWI,tenant-048,491.18,BP 172/74 HR 57,ICW,JFP,8.79,POT,572.37,1662,752.1,Euro,3470,1650.6,AOO,XDJ,WT3EWTNCCFFSHVU19,141.22,8972.0,6450.7,472.31,,sarah.martinez,5281.6,890.19,41.1,4607.9,outlook.com,12030,KKA,The service tracks operational metrics.  The service tracks compliance records.  This record monitors customer interactions.,5714.9,152.42,Workday,Spanish,susan.garcia,I6HEK4W3ROA7K0KEA,PIY,WHO,2020-01-23T18:21:15Z,7602.6,7321.9,401,839.57,TIMESTAMP,RXJ,943.85,0x65b260d989bb45f1087bdb2125b3ca763b00121a
EMG,OQB,TLT,3723.6,968.51,HYC,snapshot,8526.8,Brave New World,CA,MNB,9607,YWSGJEYTDAT7CQCOI,FWPEZGNCAH0NW9O71,7000.8,"-----BEGIN CERTIFICATE-----
LttYt+M2A5J+7gsXPmxy4RHRCqhHImfUs5TZtgrlVBLyMDBiXrWcxzOvS5dV/15l
-----END CERTIFICATE-----",HWLUX2Q2MVD28KE2N,44.21,AT4SCCRLC8WYYW820,922.12,16.4,jessica_taylor97@yahoo.com,ZBY-5444,6904.9,QAC,tenant-005,667.93,BP 179/70 HR 97,JCB,WOD,8.7,XDZ,267.08,5526,861.6,Swiss Franc,185,6784.6,VWV,QON,4V1Z30WF9T4N772TZ,384.16,4788.7,6803.2,535.44,,michael.smith,9378.4,657.99,698.89,6683.2,gmail.com,34298,QWS,The customer account represents transaction histories.  The system tracks transaction histories.  This record includes transaction histories.,9323.6,105.02,Workday,Japanese,patricia.clark,EJGB23IKSRWDZNQ47,JUR,Census Bureau,2020-02-03 08:52:50,5295.3,4306.2,3407,539.03,FLOAT,GBB,339.9,0xc9e2382c57cd6a9cb6cb9ef82053becd16747137
FQC,AWX,FKQ,2797.0,220.13,SHH,snapshot,1275.3,Dune,BR,AIZ,1422,OHE6PROBXG0MGL0B9,3XJOHUYTD749AQX33,2636.7,"-----BEGIN CERTIFICATE-----
nbIfLlXUEOaHyKP3MnSu22E/PUT2FV8a58eIWBXqajDprpiH7mgs8k19Eh/CdYrD
-----END CERTIFICATE-----",KK7WDY585ALCPK208,580.26,MGP6PEUSBL6DN39GJ,120.78,796.51,emma.rodriguez@gmail.com,VTK-5985,4694.4,LMU,tenant-009,88.02,BP 148/71 HR 115,FWU,ENB,0.2,EQI,593.0,6882,163.77,Euro,8255,4718.4,KQZ,LRD,H6RGBPWJDCY61B0WT,849.96,9563.6,3394.9,253.21,2018-02-28T01:59:21Z,amy.johnson,7989.6,879.21,715.02,9421.5,outlook.com,80593,SAI,The product tracks data processing activities.  The product manages transaction histories.,2522.1,466.07,SAP,Japanese,harper.martin,YTZDSQLSHHFXPUQIK,HZB,Reuters,2020-05-16 04:37:02,6208.4,8284.1,1900,420.45,TIMESTAMP,VOY,582.39,0xa8e97b59ef61724d420cde9e8d9329bdb41938ea
HTR,WVH,RSH,7234.8,414.89,IQC,update,2018.8,1984,FR,YMV,7910,75PVTQY1ISP4LJFCP,U82EKR5PUCYDI32WT,6615.2,"-----BEGIN CERTIFICATE-----
2b0YPAU+pAkGyNH1Ef6vyFqUqyKtEGaeCM+Okk0Fl1Q+JtJpOCl4P0j3aD3JE7wF
-----END CERTIFICATE-----",QM6CEV1ZRZPT6PY6G,638.61,CGTXEIQL3R27IBP39,530.7,939.67,emily_martin@acme.org,WZY-2389,9448.9,KWJ,tenant-019,44.1,BP 141/91 HR 112,WJF,KAZ,0.71,ZAN,661.09,5172,950.52,Japanese Yen,6435,4816.6,VOQ,ELD,486RBY855SK05Z6H6,263.82,200.8,4143.4,477.34,2026-11-08T03:29:27Z,jessica.johnson,5054.2,731.93,190.22,3282.4,gmail.com,70222,SYS,The system tracks operational metrics.  The system includes data processing activities.  The product monitors operational metrics.  This record monitors transaction histories.,3594.1,48.48,Kafka,Spanish,jessica.williams,BXWI6VV2TE36AMXIE,CFV,Eurostat,2019-06-22T20:00:04Z,3262.4,3854.1,6974,916.06,TEXT,VJZ,245.86,0xffc94d398077fa6d56074441f15bbc3a4e2e1a46
FOO,NMU,CAQ,8699.3,836.41,FBV,snapshot,2558.1,To Kill a Mockingbird,IN,NWO,7270,CT1IA3XB1T37535JH,E80AMBAIY4TXZPFZY,1993.8,"-----BEGIN CERTIFICATE-----
H3TBK4Z9FR5JU2vtYyA2zMLU7ZKeT4hGIPLWgbhQBRgyZi/nzWdbz4F2e5x1bzCs
-----END CERTIFICATE-----",K4KDZ69F9BN4SU1YP,761.19,ZQEND9WNKBVEB7WU3,449.29,625.0,oliver_garcia@example.com,IBT-3210,3164.0,FQX,tenant-048,320.76,BP 93/75 HR 68,HOY,DIN,7.65,VYM,882.67,5626,143.67,Japanese Yen,2915,1573.9,QWJ,QWR,MAKPICAIM1DMNW24O,458.24,438.9,4335.5,308.24,,amy.davis,6428.5,851.92,215.83,2397.0,yahoo.com,18553,CMW,The service monitors transaction histories.  The service represents customer interactions.,5354.8,870.71,PostgreSQL,French,john.thompson,LYEIH8HJ0LCEWXMJ6,WWH,CDC,2021-10-05 09:49:13,6678.5,6374.9,359,967.75,BOOLEAN,TDX,129.11,0xfed7aa1e9c9917335271e6651450bb6b8d7dd809
NQR,PXL,HLD,7372.3,970.69,LHM,upsert,8604.0,To Kill a Mockingbird,AU,AXT,2488,H692I5056K2VXBALS,5DNGKAS3SJYM91B6A,66.9,"-----BEGIN CERTIFICATE-----
jG/0h+GSjKyP+ngWLYJsydKB6Xgwl7FlRdqy8ybCzvD+W8x5RIyB8CZvYRV+GkRL
-----END CERTIFICATE-----",D5YP96ZVZ1706Q0FD,487.01,9VLLH74COUR2FW957,141.06,21.93,liam.thompson38@gmail.com,DCD-1491,3549.2,YUN,tenant-020,189.08,BP 95/79 HR 112,DTN,WXJ,1.3,XZK,494.5,8334,722.9,Japanese Yen,7833,5417.1,JWQ,QPK,5UKJZBGTK0RRCUAK2,800.08,4788.1,4669.8,720.4,,mary.wright,85.0,207.76,869.78,6603.3,example.com,91781,BGS,The customer account tracks data processing activities.  The service monitors data processing activities.,5976.2,760.35,PostgreSQL,Arabic,oliver.thomas,PET1QNXGX91BYDS2C,URM,Bloomberg,2024-09-25T11:42:21Z,5661.1,3640.6,6475,415.37,JSON,MMJ,920.09,0xdc629141da52d2dd1a3e5f54642ce3285566a356
WXR,EXN,WHO,6590.5,785.87,NTP,insert,7057.5,Brave New World,DE,GKR,6407,SEGE6UNY42VMFBXLL,62QACE1R6R9OUZ8YG,8361.7,"-----BEGIN CERTIFICATE-----
Grkviv4D8Fpo0TY+8XOnCExBY4eNNOUXHYMIp5a+owe+Vm3agp3jY7VYAfiH9Wog
-----END CERTIFICATE-----",LQ8KA91QOV82QPAHG,33.05,F80TB7D798GOBPUVD,383.41,499.67,jessicabrown38@gmail.com,LTN-9719,8919.4,RVH,tenant-040,373.91,BP 130/78 HR 95,GFJ,SZG,6.43,SQV,307.93,6802,248.42,Japanese Yen,146,5529.7,EWT,WWJ,KMR8PRQE5TNZWVH2A,788.74,734.8,9353.7,966.63,,elizabeth.martinez,6460.1,674.39,954.7,279.7,acme.org,62081,JUC,This record represents customer interactions.  This record includes operational metrics.,4575.1,128.17,Workday,Japanese,liam.thompson,7WW2S9AZL7WL9GN5N,ONF,Census Bureau,2024-11-17T17:42:53Z,9934.3,2950.1,3598,339.87,INTEGER,GYO,180.28,0x88504dc87a78e4ff688263bac07e21f319c5592c
FNY,HLQ,BAJ,9294.8,241.48,JHA,upsert,6735.6,To Kill a Mockingbird,CA,VPV,7503,YFQ53J829570TOAC8,L623F7PENCC8VC4LT,3309.1,"-----BEGIN CERTIFICATE-----
TJJBkf0vz4ge9m19jdV1BvTuwX5Z5WfivJ+7k1MGzphHst1qSZBge3ZFhDKGy+P9
-----END CERTIFICATE-----",P8WXJ2IPOGCZZ3KH1,315.36,XVVY2UZ08Y6B8EVI4,328.21,242.53,williamjackson@example.com,SPC-6878,2764.8,DXH,tenant-001,332.68,BP 179/70 HR 99,BHH,GIK,4.49,WEB,425.02,6246,455.15,US Dollar,1159,9017.8,DIZ,FJK,QGGJRFD4BLW9S2UG9,926.47,1985.7,4251.0,659.95,,linda.moore,9366.4,120.25,511.71,3523.5,acme.org,36829,IXX,The service tracks operational metrics.  The customer account represents transaction histories.  The system tracks transaction histories.,5336.0,632.94,Salesforce,German,noah.moore,80L91U0B1NJR6W9VC,WYO,Bloomberg,2018-06-16T08:49:00Z,963.7,1993.2,5500,534.02,VARCHAR,EAH,362.02,0xc34c58835a7894cd269499846f78f0f7ed54e505
XDL,TNP,RYF,8234.7,20.17,KIN,update,6383.9,The Great Gatsby,CA,WOF,7996,E3OL6TW0TVBAZVHBY,2L8S15CEVJRDFMFQS,1351.2,"-----BEGIN CERTIFICATE-----
vV/8g+yjGuHXFjwKyoVWTpnLf6ESGWybldhgtWIuVPQaOPfMrzY964bJhEICSBdI
-----END CERTIFICATE-----",SLJ7R04YR30NT7ECG,316.58,XNVX7KMTP6CU5L0O3,40.63,986.78,elizabeth_miller84@example.com,BXL-5046,6906.1,BQS,tenant-005,843.06,BP 92/104 HR 106,EHC,HXN,1.15,XID,283.76,2312,475.06,Japanese Yen,96,987.2,OAH,IXX,6CCPPE5RZL96PRZNU,281.99,2035.0,3960.1,857.66,2022-05-05 07:41:06,anna.anderson,8067.0,900.37,973.42,7392.1,outlook.com,10751,QQM,The product represents customer interactions.  This record tracks data processing activities.  The service represents customer interactions.  The product represents transaction histories.,373.3,745.59,Salesforce,Korean,robert.moore,9TZ29T1VSHV3LLVY7,NEA,CDC,2021-09-24T13:31:32Z,8734.2,2060.8,1590,97.03,INTEGER,LHN,667.5,0x930a8b8f44e8e40732619b9a28e780db44c2674a
OGP,EJY,DAX,5051.9,732.7,QQT,update,4229.2,Brave New World,US,XIX,1428,YHJGM03OQAIZOCXRC,970PYIVRP0SAKSO4H,297.2,"-----BEGIN CERTIFICATE-----
d/iedZaNPuw/JQF9a6dMWZbwAH+FVXUkImYano8DuXA+huRas+wdWoRmm1XQawnq
-----END CERTIFICATE-----",3716MBO0KGCSUDEA2,555.55,0OLSMDBULRMJWD4C1,801.05,458.67,noah_lewis@acme.org,OKX-1822,7555.1,KBB,tenant-026,117.12,BP 160/109 HR 63,UZL,LRE,4.54,NOX,283.75,9251,369.3,Swiss Franc,497,5311.7,CLV,BIC,8VLDVGRVKQFLEMSXS,228.28,7423.5,4939.4,961.61,,emily.young,377.6,258.55,498.35,5868.4,gmail.com,37610,XFA,This record monitors data processing activities.  This record tracks compliance records.,5403.1,895.81,Salesforce,Hindi,john.lee,SRVIZ8B015LTIF6KV,IBE,Bloomberg,2025-10-06T10:15:07Z,1779.1,2701.5,217,902.58,TEXT,UHP,820.77,0x0c36dd281cdaf8d2c4700c7173f990fb9fa8f2dd
MIE,JXM,ALX,6000.3,623.85,YVX,update,3979.4,1984,US,ORG,7143,G8BL5TN5PXC0E0YQE,6PDJ99N4UJCR1VBZX,879.8,"-----BEGIN CERTIFICATE-----
+3K8DMEqotuiDmmzlLwtotC6ZkuoPbFW2A5dzhOKe+KC2w4GVUiv07CwxBMBGQ99
-----END CERTIFICATE-----",V782UPYADTFUBHR5E,767.25,7KILNL0RWMFHBLMY1,797.24,324.18,olivia_martin@example.com,FKD-7197,9634.0,COH,tenant-006,194.27,BP 150/82 HR 57,ECG,PJE,1.55,XWZ,171.49,4279,398.7,Japanese Yen,2965,1242.7,AXX,UYD,S3DMDG6IX151UWVPD,630.87,9586.0,1202.8,784.42,,oliver.robinson,2470.1,109.49,834.86,5121.7,acme.org,57883,ZZT,The service monitors transaction histories.  The system manages customer interactions.,7286.9,945.43,Snowflake,Korean,david.jackson,U4HPOOXJX07Y9G9EW,HQG,Reuters,2022-01-15T04:34:45Z,5773.7,5360.4,6155,765.44,VARCHAR,FJW,477.4,0x082e26786b52a111707bb82fa24da5f90be13ef8
BLA,NCH,HDZ,1488.3,668.73,JOJ,upsert,3968.0,To Kill a Mockingbird,IN,ZNA,2242,H7342KQH4QHNXGYL3,5LB8EWJWSJ4VRZYN7,2369.1,"-----BEGIN CERTIFICATE-----
kpfdVpjDVpAMp5PlhnLs4gYAE96TjFyh8WElCrofdNv5JQ6Yj8vb3Uy3BejyNJ54
-----END CERTIFICATE-----",FQQYL0EF1BO3X8XCT,708.31,UX9E3JQG46JACDINY,464.78,282.24,david_miller@yahoo.com,DUC-5523,4532.7,VJG,tenant-045,408.13,BP 92/66 HR 94,RWM,HBM,3.37,TEY,693.32,2045,994.71,US Dollar,2263,4067.8,FUC,MOR,QN2X9CNB62NBJGRQ7,952.12,9536.1,251.3,630.73,,noah.jones,2221.6,741.15,451.91,8720.6,gmail.com,83131,NSE,The system tracks operational metrics.  The service manages customer interactions.  The customer account tracks customer interactions.  The product includes compliance records.,7796.6,709.07,Salesforce,French,aiden.moore,P5MYEOIP86M26DIF5,XMF,Bloomberg,2020-09-15 13:47:24,4734.6,4365.8,3469,83.99,INTEGER,CLL,635.05,0x1b0eed9e6667fee29d3742597398fa28613037fc
QVX,ELB,VFL,3210.9,993.35,COD,insert,874.5,1984,CA,AKC,1331,BFFI2VZZZ1SPJ0HK4,MO6RRTRMTRUVPQU48,2162.6,"-----BEGIN CERTIFICATE-----
YYPf1ShUhBu85P1Eo4B+DLtvpcgAOZCIjh2zjKcTpERbXf/eQt/LFEk1fMyDOp43
-----END CERTIFICATE-----",MUA04UUA8AJXSLBMU,677.98,NI0FN4YNV3EIND511,217.16,383.68,oliver_wright@example.com,QGX-7500,3954.2,ACZ,tenant-029,289.72,BP 107/105 HR 105,BNQ,GBY,0.65,TQL,108.4,4450,908.71,Japanese Yen,2590,9329.3,QED,NTV,PBJ9DZNGRPD1NQ348,618.03,5805.5,5799.0,582.14,,james.young,5191.3,418.51,186.56,7887.2,acme.org,80843,DXF,This record tracks operational metrics.  The service includes transaction histories.,9363.5,72.12,Kafka,Portuguese,david.williams,587VRKTMNE581RP5X,EOI,CDC,2023-04-23 11:28:21,6135.4,54.2,5849,106.15,BOOLEAN,LRT,636.64,0xb7870da62bacb43375ddc37049f7c448677b5dd0
PXD,XFD,MZC,2622.3,418.84,IHP,snapshot,7129.0,The Great Gatsby,US,KAX,1905,NRRZVM6W1VPH6XXYN,BXECT6DOQN2F6GTS2,8423.2,"-----BEGIN CERTIFICATE-----
ckUaMe6D9FN/dsPTvtQSr79YNw7fDq+QAuX2RRlagQhq5D0wJukT1pMvL87N+dyP
-----END CERTIFICATE-----",O8OVYMN456M9FST8I,808.93,54EAAUXFJ4W8J40VY,848.83,829.84,liamlewis@company.com,HLB-4418,7742.9,IKG,tenant-018,569.47,BP 162/94 HR 105,VVK,MOK,4.12,VKB,478.05,7384,405.9,British Pound,2749,2457.5,NUC,NHH,DNHXFBYEPBG7OTCVN,638.08,4587.6,1151.3,844.2,,sophia.thompson,9616.0,678.37,910.23,7365.3,gmail.com,14135,AJR,The product represents operational metrics.  The product includes transaction histories.  The product includes compliance records.,3022.9,753.39,Snowflake,Spanish,john.lee,4M3X0AVC2UX5TPXQ3,HPX,Reuters,2025-11-09T07:40:08Z,2867.9,6796.3,6384,730.34,JSON,PPU,557.98,0x0fdc99f5cb486978b95c0d15692a2858141c96fc
GJH,MZF,AMR,2221.8,936.55,KPA,snapshot,6311.1,To Kill a Mockingbird,CA,SMK,6175,BNOETC849ZC9EDLIQ,3E53WPGPNSPZJDT85,9980.4,"-----BEGIN CERTIFICATE-----
Osf6XmTi2W1jGaPdcQQKolDCt96L5LME5buxsqYb6GX/4PGghCDaBPn3Vn8dfIlA
-----END CERTIFICATE-----",1ZI6EKRS0EUV5A8Y1,888.4,SMNENGENQ31KT7F9R,547.78,155.61,john.walker@outlook.com,VOP-1988,4144.7,GQU,tenant-004,889.63,BP 116/68 HR 96,PBP,HAV,2.64,JAD,409.44,8189,169.81,British Pound,8626,4922.5,BYY,QKW,OQ0N05MYHBIIGE6EU,691.6,1486.2,8071.5,543.01,2021-03-28T20:05:47Z,jennifer.brown,8840.2,913.89,469.55,3922.7,outlook.com,9788,QNW,The customer account includes customer interactions.  The system monitors transaction histories.  The customer account monitors customer interactions.,2932.4,395.63,Snowflake,English,aiden.davis,0Q61W8XGCI20Y3HN5,JZZ,WHO,2023-06-19 22:01:28,7460.8,4004.8,6367,898.19,BOOLEAN,GYN,865.61,0x9d86f952fd221521a2f918ff0ec08f19384118b1
WGQ,RKC,NTQ,6179.3,479.33,HSQ,insert,3799.1,Brave New World,JP,BMZ,8861,O6VJP29H9OH3MQZ25,HT3O9ZFPM1M80Y1PC,3365.4,"-----BEGIN CERTIFICATE-----
m2tfDhjFFMUvvXET6uFZfGZzpSHa74+Ak5c9k/M4+JHI9NpN7S34pwKoGQNPtwaW
-----END CERTIFICATE-----",Z8S70TU21XBB8S555,930.59,30QX17T5JYIOOUBUN,695.73,965.18,mary_wright@acme.org,ITB-3215,2699.8,GRD,tenant-044,271.72,BP 138/70 HR 112,EIE,ZTF,9.02,BKD,857.24,4981,400.37,Japanese Yen,637,4990.9,QLJ,FUL,WLQPZNGBKHLDHARW8,445.1,8824.2,7005.4,206.21,,jennifer.rodriguez,9427.6,913.71,622.48,3376.2,company.com,11405,HKD,This record monitors operational metrics.  The service includes operational metrics.  The customer account manages customer interactions.,4168.2,23.26,PostgreSQL,Japanese,elizabeth.martin,RQRZ7B8BHKYBVUHHS,AXR,WHO,2018-11-23T19:10:55Z,6861.2,9130.2,107,29.2,VARCHAR,AHX,762.94,0xfd62f6d2332968465fc145772988d9e10a83cd9f
SPT,OVW,ZJX,1487.5,160.7,PXL,insert,5867.4,Brave New World,JP,LSK,4901,1BFHG1VRRT6ASF07G,3VDZL5VTMS1IB320Z,3716.3,"-----BEGIN CERTIFICATE-----
GZ86lyB47zz5wbrkmARrqZIOky5h7GwLV1LBj/48uLaTjKc5VCcgf/ztUfqZ/iid
-----END CERTIFICATE-----",VAMCO2VZR5SFN617G,704.33,42LVD3LSUUAVUH99M,541.87,200.9,robertlee@yahoo.com,JVR-2540,1950.2,HCO,tenant-050,708.71,BP 153/66 HR 92,WWK,DSO,1.53,WWI,569.43,170,672.05,US Dollar,3003,2887.3,GMF,FLZ,UC9PC7WK27YHFC0SG,704.73,8370.3,3491.8,714.25,,john.lewis,1221.8,568.3,706.46,446.5,example.com,11656,SYH,The product tracks data processing activities.  The product manages operational metrics.  The service tracks customer interactions.,7224.4,481.55,SAP,French,olivia.williams,UPA4BXSYJHUI2RAKT,LAT,Reuters,2026-11-21 00:19:52,7838.2,6703.0,5309,637.39,VARCHAR,OAX,949.33,0x7d9c2e7ece84fabf584ef2617dc1ff1fc166fd43
WDQ,PBM,KVJ,7012.1,398.4,ISB,delete,8548.2,Dune,US,PKY,9812,GACWP3INSWNG1M9EU,4JA460WLK02SXDKJC,5499.1,"-----BEGIN CERTIFICATE-----
v4jofiNmyvNvg6ekSNw4MPsARu9Q0NE+/qnInTGEtg2fv5k6IVd4wA6LnqwCy9DV
-----END CERTIFICATE-----",IMX15VNWZ0XPF2PTV,485.79,WXZ0RVBGR58KN61G8,890.2,518.22,sophia.anderson87@company.com,NKV-2256,6985.2,XRC,tenant-001,918.47,BP 114/88 HR 97,LGM,GWQ,3.9,ALF,957.03,1552,558.85,Euro,9980,4338.2,EKQ,ACO,79KU2WR2NJHBIK951,466.18,6239.3,3224.7,919.81,,anna.lewis,3709.8,156.12,115.78,3338.2,acme.org,35417,KGA,The customer account tracks compliance records.  The customer account tracks data processing activities.  This record represents compliance records.  The customer account monitors customer interactions.,9394.5,378.5,PostgreSQL,Hindi,elizabeth.thomas,FPKKMBYSAM88MDYG0,EPO,WHO,2024-03-28 12:11:35,7843.2,484.6,1093,399.08,FLOAT,PEI,95.53,0x4797e8d3bc4fd56af08c9f35a168c19bc7d8d2bd
MMI,CJK,SMX,4066.9,493.67,LCR,snapshot,6237.5,1984,US,BAQ,737,WTMS4H8VPWK0EKU0D,5TVW2ML43LPDHYG9C,8437.5,"-----BEGIN CERTIFICATE-----
kNlqsQfY/yP3XliJoTMkL81RB1nv4nGZWCc9h/X46akaP1B8lc40IzfhHTvFTBX8
-----END CERTIFICATE-----",00U6H3QCTHCMB5R03,835.93,LUUM93LZSJJKZQINC,711.67,182.11,sarah.young@example.com,WTC-2457,3476.1,DBH,tenant-048,86.99,BP 169/95 HR 55,XNA,FUL,1.24,NFV,574.6,5632,345.19,Japanese Yen,7284,6050.0,MJP,KBJ,F1Y1WJPSC4EQXYC6J,851.39,1335.5,9699.0,851.11,,william.thomas,8741.8,803.23,611.73,3839.4,outlook.com,97325,EGA,The customer account tracks transaction histories.  The system represents compliance records.  This record tracks data processing activities.  The system represents data processing activities.,1473.9,955.66,Snowflake,Spanish,sarah.white,MXPO3NY51DRHHN33E,MPL,Reuters,2024-08-13 22:05:21,2045.0,7152.1,8116,462.88,VARCHAR,OXC,93.44,0xbc71913ae35c773a18a93f27bb724f952351e26b
XCW,TLK,DAA,4676.9,432.0,LDS,update,6599.2,Brave New World,JP,MQS,8551,JJ83WV6366SY0UDFR,ROY48MCG3D7GB2LR6,8841.2,"-----BEGIN CERTIFICATE-----
GNQliImsMhgLFS4HfFWmLT0xncFfzfTjAzEAnAsAPU+krfMvpqod8wPeGmt7vfIN
-----END CERTIFICATE-----",U9B9P2SHW1KY08K2A,949.37,FA35ACMS3TP6AA8B4,665.63,827.64,liamwhite@outlook.com,NWZ-8962,6430.7,WFA,tenant-049,669.96,BP 153/66 HR 88,EWZ,ZDZ,5.7,DVQ,757.32,5101,923.6,British Pound,3023,5563.9,XIT,VRA,UWNDPS87HK3QHQU5M,686.58,1894.1,190.4,328.93,2020-11-03 15:51:34,harper.brown,6994.3,873.67,938.61,1654.2,company.com,79575,RHT,The system tracks compliance records.  The service includes transaction histories.,1230.4,197.38,Snowflake,Portuguese,sarah.smith,K56SQDEWBMBGB59SM,AGP,Eurostat,2023-04-06T13:46:41Z,2284.2,7893.0,3789,147.24,BOOLEAN,SOL,741.96,0xb346f576fc17fed5426dc9ca80b48d656376059c
HGK,HGI,WKU,5469.5,213.3,KZJ,insert,7949.9,The Great Gatsby,CA,LTW,2353,78OWBTFK5U35UJJ9B,OSAXP30DBX2BN0I4F,5691.1,"-----BEGIN CERTIFICATE-----
21z/aPP4VR0yvZQ02n3juAOuR5ffxwolFjHA5IYQZjRQ1M1S03Ox1Fv2xslTQOfk
-----END CERTIFICATE-----",LKPJVGT5HLIJ7UVF9,867.75,NU9LEL0XH7S5ARJZO,997.28,427.82,aiden.harris@example.com,GHM-7066,8312.6,LZI,tenant-046,549.64,BP 91/81 HR 110,EWQ,LIH,5.2,SKM,195.36,8897,632.75,British Pound,9486,6865.7,AJG,RQF,KXMJE4IZWKJ6R0U4P,6.19,2907.2,8832.6,757.09,,william.smith,7855.9,474.38,130.55,458.9,acme.org,97070,HMY,The product represents customer interactions.  The product represents transaction histories.  The system monitors customer interactions.  The service includes operational metrics.,6094.1,111.45,SAP,Portuguese,noah.jones,9RPODDNN0GPO7IFH8,DXS,CDC,2020-05-13 16:46:58,4085.2,4038.9,8187,879.78,TIMESTAMP,BMA,163.98,0x25de7f9bbd8245c96e4dc89ba07cba463daa2ead
YSI,CSS,UBN,8436.2,55.39,NGJ,snapshot,5013.9,Dune,US,YHR,7384,6TOM5RA0M5OUFP1KM,QWIMGBPA1WZSRYI58,119.2,"-----BEGIN CERTIFICATE-----
NFeNcBiUJ/fEdgpv0bp2ZtU82jiDMwg/KI7D/b7Y1QWxJLAe3SmFwEOJuhe9XOPl
-----END CERTIFICATE-----",P8XCV34LH28CX8SJA,716.09,T7RC168FQGTXDS1XT,152.35,832.76,johngarcia@acme.org,TAW-7333,5356.3,DWL,tenant-015,222.39,BP 175/104 HR 74,FVS,WKB,8.83,KNH,985.38,3905,167.01,Swiss Franc,4052,4005.6,FTM,APH,ECESOY5AUSU6UFHMD,814.17,7333.7,4801.5,973.72,,linda.young,9433.2,979.89,401.16,8822.7,gmail.com,27870,VVQ,The product manages data processing activities.  The product manages compliance records.  The service represents compliance records.  The product tracks data processing activities.,7884.2,687.64,PostgreSQL,Chinese,richard.taylor,X7RH82TARPFEJMSDE,OQM,Eurostat,2019-06-04 22:23:21,6537.4,2438.1,8482,926.28,TEXT,WHF,463.45,0x46088b8cf86ab10b26516e5e42e1d9cc11ccdeb5
UIG,VBZ,YOA,4864.0,332.22,HJG,snapshot,6552.0,Brave New World,FR,EUU,3154,K5986AW69F9N10W22,T5BERPDC76VEY8A3G,1584.5,"-----BEGIN CERTIFICATE-----
1BNy7eari+xuW/sGvK8b52ntK+fPDplZ5wvlCSkOcx65ULLG++325OuMdUR74HDu
-----END CERTIFICATE-----",XRQSY28C4HV8RKL6E,665.15,Y7D8XOU55C6GZI1NA,299.14,654.63,emily.lewis@outlook.com,IQC-7613,2919.2,PRR,tenant-013,99.44,BP 94/98 HR 95,WIN,QQV,4.72,GHH,49.79,3338,98.32,Swiss Franc,7436,220.8,VIR,YLX,Z7PR3MYEIDLKN5RI4,707.53,9892.2,3374.6,407.01,,mary.king,9793.6,892.41,111.98,4996.4,gmail.com,33988,FWM,The service represents data processing activities.  The product represents transaction histories.  The customer account includes customer interactions.  This record manages operational metrics.,3433.8,185.68,PostgreSQL,Chinese,susan.thomas,32EP1OKX7A00M2HHM,MHT,WHO,2025-09-08T10:38:42Z,7800.4,3688.9,8702,608.08,VARCHAR,MOH,936.06,0xeadd237f85c6ed19ce2dbfcf26e8b329a379fa5c
XEG,ATP,IXO,507.7,329.16,MWO,delete,1435.7,The Great Gatsby,GB,WWX,570,ITFX71U05IG0W1N64,HP9TOQUT6V68QBLYU,1762.6,"-----BEGIN CERTIFICATE-----
ISurB+lWikJ9fcXcs5k6PU4cOWmCGidJFGPU6+9cOeOMnOV9+JbMvj9WoCm/A1Y8
-----END CERTIFICATE-----",Q5CHNFE99PNASYO8L,793.78,R5G1AZYMCSCIJ8DTD,742.23,374.33,liam.lee@acme.org,ZNR-7243,702.0,IQQ,tenant-013,493.87,BP 162/86 HR 72,QRL,HIA,2.75,ROE,404.25,7286,817.8,British Pound,5654,8666.4,OVU,GYU,5WQI9VFMWL0ZB1NN7,58.07,2694.7,2323.7,502.86,,michael.rodriguez,9537.1,777.92,394.22,3580.1,company.com,32489,MCU,This record monitors operational metrics.  This record represents data processing activities.  The product manages operational metrics.,4013.2,908.57,Kafka,Arabic,susan.jones,EUL6PC66PRHD394X6,CVM,Eurostat,2026-10-17T21:56:50Z,4257.9,7547.2,1451,757.06,BOOLEAN,DPY,214.36,0xe56c222245b62804557054607d1041d1cf252270
TLL,DVF,QCD,950.7,508.61,VZW,snapshot,4949.6,Dune,JP,DYZ,1493,L5M4O5ICAJH75INSE,K7F5PEEY8PRNOI76U,7590.6,"-----BEGIN CERTIFICATE-----
ZqY27uv5MTwO0kIVjkd6uG8sd7/h6e8BZszAgHgH6OeX/bRcClJcY6Hh0BlShhOs
-----END CERTIFICATE-----",4RIFMZLNKI6LXXANA,15.19,Q6JT55ABC7FVLOC0S,354.09,741.37,emily.harris68@outlook.com,WCT-7681,2137.0,TVO,tenant-041,115.8,BP 113/108 HR 107,RLT,ADN,3.33,HHI,355.59,1329,252.69,US Dollar,3798,3835.3,YDA,GSR,HWB7S9JEH9UZ53NBV,49.63,8783.3,8150.1,554.51,,sophia.anderson,2781.8,634.18,633.95,4870.6,acme.org,72052,IVC,The product manages customer interactions.  This record includes compliance records.  The product tracks transaction histories.  The product includes operational metrics.,2042.8,856.82,Snowflake,German,emily.lewis,2MSLYN2BQY0EMFZ4Q,IRL,CDC,2018-10-03T04:29:09Z,2654.2,5682.9,1227,174.17,TIMESTAMP,QJR,299.05,0xd6a53546ffced27033d39320d668fc96b9dde63a
VYI,BLW,XAK,9366.1,262.82,YFC,upsert,1083.4,Dune,BR,NTI,993,GT8CVWIVJ63PWL6PX,LO0PHKW09RQPHFWNS,7154.0,"-----BEGIN CERTIFICATE-----
4+xPv6oN7veifPtQlSyZboiYLgbCW7kuW5wKrRK2en3CgSfrIYqYZ3MESZ4LkH24
-----END CERTIFICATE-----",7XEIXPB0TESMHNKL0,25.11,7IZ3KID7QTTLEQMH3,81.13,587.42,noah.garcia@example.com,LMS-2618,2420.5,CFM,tenant-050,84.95,BP 156/82 HR 63,TRT,JUT,8.7,XAK,954.54,903,162.29,US Dollar,830,3373.3,DHY,JCJ,5YVWL5ZBRPJJKVAVG,27.87,8172.2,534.0,904.42,,patricia.moore,565.4,439.67,907.21,9338.4,outlook.com,5706,EAO,The service monitors compliance records.  The customer account tracks compliance records.,8537.1,370.22,Kafka,Spanish,olivia.smith,LTSEZLGN7NCUAYZPE,DXB,Bloomberg,2019-09-17 15:59:18,3210.9,1713.1,8553,355.16,TEXT,MCC,172.29,0x17222337088200184e4285033bd0993f39564c6a
ILK,MWG,FVW,2687.8,939.61,VAQ,update,5708.3,To Kill a Mockingbird,US,FYQ,2262,T31LPQWQGEG0R74WH,D3BXFBJYXN4KJZJK6,5540.5,"-----BEGIN CERTIFICATE-----
Dw5+tUcCH6M6o0d8jY5l6X8geeOfqjuc5SyrHqle7Ste1oE+O6qnbuub5HZEtQrV
-----END CERTIFICATE-----",8SPGHOHSJ0W5A8RUH,287.37,58TY5J5KJONMW8SYN,5.5,565.22,lucas.harris@outlook.com,MVM-9097,1329.5,VIH,tenant-040,346.15,BP 168/100 HR 77,GXW,QDF,9.45,ZOH,888.4,2898,96.58,British Pound,5478,7831.8,UKD,NPG,OME230N713T66VHFU,723.96,3696.1,2214.6,210.94,,sophia.clark,9467.0,780.65,751.65,2139.3,company.com,39885,JRF,The customer account includes transaction histories.  The service represents transaction histories.,3134.7,716.84,Snowflake,Hindi,harper.davis,AXG79S6F07FL0PVDB,KUW,Census Bureau,2026-09-21T02:24:32Z,8222.0,7177.5,975,153.66,TIMESTAMP,KQY,981.39,0xb8142134dbb27bee6039522a6918b51c3d0e7c03
RPQ,KAK,KIY,5951.9,815.2,CHD,snapshot,2105.8,Brave New World,FR,OIU,8544,Y28SKN43X36IP435L,C1Q71JXT0569FHMKZ,7770.4,"-----BEGIN CERTIFICATE-----
iHa64VwI1zgMKgpiInu94e0qStwjKjgUVEwjvksvHu6A0VtXqf63wNrnYI1eFLp0
-----END CERTIFICATE-----",GOUCY21SOBFLY4X3Y,186.12,R7Y749Z4N9J64V7L3,955.0,183.39,emma.wright76@example.com,ULN-1644,7225.4,ZIR,tenant-037,176.88,BP 172/99 HR 102,VVB,XVP,4.24,TSC,97.61,5697,284.24,US Dollar,7351,3942.0,JIM,ADJ,RJDC6P8CN5T7AADIZ,860.94,3930.7,764.7,760.34,,harper.taylor,8811.1,917.17,117.0,3124.0,acme.org,73649,KIY,The customer account tracks operational metrics.  The product manages compliance records.,6293.6,495.18,Snowflake,German,robert.lewis,SNQ2D04LIJRBZPPZG,ILF,Census Bureau,2026-09-26 17:38:56,3316.6,9777.2,3958,815.16,JSON,SIR,782.48,0x0fb32bda7fd5871d372722d313a6cd2ca9d0dffa
TXE,YDH,IXV,7243.9,462.8,EUJ,update,6638.7,The Great Gatsby,MX,CIE,336,3E4DTEQ2KFIZEN9P7,LR4VMWQ0SDFSHJ19C,4559.1,"-----BEGIN CERTIFICATE-----
FtQUFm+dcOJd8TENWXceDULCfv0xTnArYmnpEWrfh+Rv93v2B7JcF7myVRN6MNTV
-----END CERTIFICATE-----",4E0OTB47BQAOAV55Q,345.85,MTMGPZONB00UX9DQB,251.21,243.5,mary.lewis@company.com,PKN-8884,8614.4,NDH,tenant-040,266.17,BP 92/66 HR 108,TJD,QHV,6.99,GZH,731.8,1633,296.18,Euro,399,396.0,OVD,ISQ,AFDQZL9UGSIA8XR3C,742.72,4678.1,2155.0,41.53,,sarah.davis,8314.3,115.49,126.03,8182.8,example.com,52457,XJD,The service monitors operational metrics.  This record monitors transaction histories.  The system manages data processing activities.  The system manages transaction histories.,952.7,698.67,Snowflake,English,logan.martinez,GTDNBFQIPV8UTIJ2O,LSP,Bloomberg,2020-09-01 02:49:15,6855.5,2695.0,8638,518.37,TIMESTAMP,WUP,69.51,0xea7cbc9628950d119430b8680f45c870179e2884
TBX,AQX,PKZ,7023.9,215.71,HOZ,insert,3082.9,Brave New World,BR,RJS,2889,WJULT232GYOM0K5QV,ZCU2VG6OEAE2MAHM4,4389.0,"-----BEGIN CERTIFICATE-----
Z5q6KmWzmZrSTPJ5N7mfBDC84IOg02foVOu8tmiZthYJvIyH6NIz9Oe76uq/I0j2
-----END CERTIFICATE-----",FMTBV6GQFLGGTVCLN,444.6,WV79P263FS2GHR5TZ,320.86,257.44,william_young@company.com,TGB-2753,1336.3,GKP,tenant-026,420.24,BP 157/86 HR 72,HFA,EKV,4.3,DPP,752.22,4653,628.62,Swiss Franc,2013,1695.8,NDC,CTH,61A2B4S34QB35ADG8,450.08,1952.0,2026.7,453.28,2024-09-23 18:04:39,oliver.brown,1679.5,242.34,453.0,1159.4,outlook.com,64096,ZNJ,The customer account manages operational metrics.  This record tracks data processing activities.  The service represents operational metrics.  The service includes transaction histories.,1406.9,416.46,PostgreSQL,German,jennifer.wright,L9Z1TDNHDSIR9AS0U,SVC,WHO,2021-08-01 14:05:45,50.8,5458.3,2704,61.11,TEXT,OHI,787.14,0x032957fc637433ebd04159673caacdfc71bc2e6b
DAS,YOR,QID,3193.0,905.66,SNK,snapshot,9302.5,The Great Gatsby,IN,KSI,7486,BB0F9U9YRHJ0RW4BV,CQ5DSOG3HJ914QX88,9322.3,"-----BEGIN CERTIFICATE-----
bWMj+CcRP+48n36Uu5q4G2jAE4R/6HKzmnF+m12+d2mKdjhex1RhtSrh9tSn7i2N
-----END CERTIFICATE-----",31F7JPM2TUKS8IG4Z,740.97,0OF864637MO6JL942,757.52,556.78,ethan.rodriguez@acme.org,RNX-8693,904.2,JOF,tenant-020,496.93,BP 153/62 HR 92,SIF,VHX,2.66,VTH,384.11,3735,115.21,Euro,6479,1882.9,FFU,WYL,R76QPBRYCDR5ZZNGS,27.41,7977.6,3769.3,700.29,,david.lewis,7430.7,425.49,164.98,8819.8,gmail.com,647,MGM,The customer account manages transaction histories.  This record includes data processing activities.  The system manages operational metrics.  The service tracks operational metrics.,9075.8,998.53,PostgreSQL,German,logan.white,SRUO0OWGVGW4OF7N3,LWV,Bloomberg,2026-10-03 07:48:43,156.7,8415.5,2669,143.95,TIMESTAMP,OJN,928.93,0x6dabf0da75912e9a7bde1ca272c07c0f92525bf5
PNT,BLB,MWU,4590.5,89.04,OCC,insert,6436.0,The Great Gatsby,DE,SUL,6165,ZEVGEXFDGQAM536Y0,YVGM28KGDH0K3IMD9,339.5,"-----BEGIN CERTIFICATE-----
y2Sz6ZQHxwGZcKDt7or5BlUBxsip6Qz9RhQPurY1mebqNPHcBxuRLxAMoCxqw2If
-----END CERTIFICATE-----",JWI1LNMLRJ28PWJJH,676.98,YATX6YQC04KK1B4RD,386.9,216.57,susan.walker@gmail.com,PBR-8941,3867.3,JJV,tenant-013,538.32,BP 145/91 HR 116,GIC,QHK,9.75,QBY,909.18,1762,695.59,British Pound,6786,9517.2,AXZ,THQ,VLAAXFWJFQ8YK102B,80.39,3677.0,8000.3,342.05,,james.thomas,1407.0,481.07,402.69,5295.7,gmail.com,29166,DLM,The system includes compliance records.  This record manages data processing activities.  The system includes operational metrics.,7472.9,182.4,Salesforce,Korean,mason.anderson,CY6P6DKIO87JY03LC,XKG,Eurostat,2020-04-17T03:09:27Z,3037.0,4910.6,7254,313.17,VARCHAR,GII,192.4,0xdb96d36cdf79c9d1fe438c9ed641261412edebf8
