var_45,ordinal_position_data,int,artname,stat_code,raw_integer,stddev,correlation_14,word2vec,event,likelihood,v_633,semver,c_cor,swift,ksmpsa64,integer_22,iso_currency_code_v2,val_zs,NUMERIC_RANGE,val_corre,TRANSLATION,fchd84,val_atlj,c_gzl,bucket,jqa15,given_name,fact_standard_deviation,raw_schema_table_name,c_236,integer,partitionKey,binval,addressLine,src_decimal_float,col_vari,yyv37,binary,median_14,integer_2,image_embedding_14,fact_word_embedding,PARTITION_KEY,f_280,meta_586,fact_probability_confidence,INTEGER,probability_confidence_14,meanAverage,zip,raw_market_value,min_max,MAIDEN_NAME,standard_deviation_14,user_trend_growth_rate,correlation,f_role,probability_confidence_v2,duration,decimal_float_14,trend_growth_rate_14,standard_deviation_val,confidence_interval,MODIFIED_AT,customer_numeric_range,MEAN_AVERAGE,numeric_range_14,intval,col_wab,percentile_field,c_hds,mean,vital_sign_22,ordinal_position,image_embedding_val,standard_deviation
-41.93%,502,6375,Water Lilies,cancelled,320,7.5653,0.9761,"[0.65, -0.3653, -0.7086, 1.1002, 0.7683, 2.4495, -0.2288, -1.0655]",Annual Forum 2022,0.5325,C6H12O6,0.7.86,-0.1178,300418724,"[-0.3082, 0.0381, -0.0488, -0.1447, 0.0039, 0.3374, -0.4169, -0.523]",7386,CNY,7604,46-71,-0.0795,Konnichiwa,7619-2352,42.3071,1,55.06,87.6,Linda,47.6414,analytics.events,Major finding: data retention,7150,region=acme,1,5192 Oak Ave,8642.496,"[31.86, 86.65]",C6H12O6,1,-0.4194,8682,"[0.0808, 0.8642, -0.036, 1.3032, -0.1243, -0.8024, -0.7122, 0.081]","[1.1833, 0.6629, -0.1921, 1.3006, -0.2556, 0.4468, 0.8927, 0.5418]",dt=2024-01,Polyethylene,13-76,0.4267,9412,0.2065,-65.2915,26009,"$348,623,215",40-55,Clark,32.8135,-36.03%,-0.6347,CTO,0.9046,38373,7128.5833,19.77%,9.176,"[30.47, 74.44]",2022-01-20 19:49:41,46-81,-90.266,37-85,1357,2.0275,62.7,"$1,112,906",-87.1389,BP 149/101 HR 72,91,"[0.5668, 0.4209, 1.0979, 0.0338, 0.6472, -0.1453, 0.6948, -0.2489]",2.8871
20.93%,182,6623,The Persistence of Memory,rejected,3908,33.3647,-0.7934,"[1.3509, 0.6967, 0.3612, 0.4116, 0.5714, 0.3495, 0.4653, -0.9339]",Tech Conference 2026,0.4346,C6H12O6,3.20.0,0.3234,891783637,"[0.6317, 0.493, 0.9477, -0.1844, 0.0915, 0.0753, 0.1147, 0.5951]",5056,INR,4606,47-75,0.7009,Bonjour,3872-7573,35.5877,1,70.76,74.07,Jennifer,10.5333,sales.orders,Observation: backup schedule,5138,tenant=us-east,0,6902 Park Blvd,8232.3311,"[5.28, 82.93]",H2O,1,-11.5686,7275,"[-0.6927, 0.7265, 0.212, 0.3513, 0.6308, 0.661, -0.9798, -0.7204]","[0.1564, 0.9239, 0.2427, -0.6983, -1.6308, -1.632, 1.4058, 1.8331]",dt=us-east,Steel,6-63,0.5615,4822,0.557,-90.7394,JJ2 3ZL,"$645,606,478",50-55,Thompson,19.1337,-0.29%,0.9953,CTO,0.7492,66693,3711.0158,-27.26%,20.4869,"[34.58, 93.59]",2025-06-27 14:24:45,43-54,50.0516,24-73,9536,3.4484,73.39,"$1,979,354",-21.9108,BP 101/98 HR 116,971,"[0.2271, -0.1213, 0.2658, -0.4095, 0.4617, 0.3765, -0.1014, 0.1317]",46.9169
10.68%,664,1655,Water Lilies,completed,1790,48.7521,-0.1863,"[-1.2308, 0.6656, 0.2381, 0.5152, -0.3016, 0.5339, -0.8906, -1.9056]",Annual Summit 2023,0.1729,C6H12O6,0.12.77,-0.186,587149153,"[-0.0317, 0.8553, -0.0918, 0.6453, -0.556, 0.0435, -0.0107, 0.5754]",5,GBP,9038,45-51,-0.0443,Bonjour,3998-6392,15.7417,1,47.83,96.85,John,28.7083,public.users,Non-conformance: access control,5661,tenant=acme,1,8230 Main St,9288.1828,"[22.13, 93.54]",Homo sapiens,0,1.2075,6677,"[0.5727, 0.2721, 1.1039, -0.3196, -0.1427, 0.1691, -0.0712, 0.2343]","[0.1036, 0.6459, -1.7474, -0.2593, 1.8338, 0.6892, 0.7829, -0.099]",tenant=acme,Titanium,18-83,0.7605,4166,0.3095,61.9143,HP9 2BV,"$942,868,650",21-79,Davis,13.408,-26.79%,-0.9785,Product Manager,0.4088,69739,3959.7816,-28.12%,21.1248,"[31.85, 98.79]",2018-04-09 09:30:38,29-66,-64.2534,42-95,5455,2.0848,52.45,"$2,866,467",-49.1566,BP 175/84 HR 56,842,"[-0.0096, 1.1169, 0.3384, -0.8125, 0.6468, -0.0765, -0.3217, -0.0901]",28.2512
-21.52%,552,4676,Water Lilies,pending,3123,37.7297,-0.2976,"[-1.2034, -0.6593, 0.6843, 0.5467, -0.6234, 0.3874, 0.4599, 0.0307]",Data Forum 2022,0.7149,C6H12O6,5.13.83,-0.5707,470450014,"[-0.6338, 0.1224, -0.0613, -0.086, -1.0989, 0.2935, -0.2689, 0.6285]",865,JPY,7281,38-51,0.021,Bonjour,9033-5257,10.3618,0,20.72,50.8,Patricia,4.8904,sales.orders,Non-conformance: access control,2855,dt=acme,0,5351 Elm St,4370.9149,"[30.61, 87.64]",C6H12O6,1,14.1118,3419,"[0.1925, -0.7508, -0.083, 0.2087, -0.8701, 1.0282, 0.3042, 0.4888]","[-1.2348, -0.0947, -0.7101, 0.3947, -1.0955, 0.3706, -1.0507, 1.7377]",tenant=2024-01,Polyethylene,29-81,0.0084,4283,0.4508,35.4972,94842,"$77,210,020",15-100,Jones,23.6415,23.85%,0.1228,Software Engineer,0.4677,62380,602.0697,-49.44%,21.3361,"[12.51, 89.91]",2019-02-23 16:08:41,33-65,-11.4655,2-53,8622,5.8884,11.05,"$2,386,727",-78.1118,BP 164/105 HR 110,428,"[0.886, -0.1627, -0.0558, 0.1147, -1.1116, -0.8202, -0.7981, -0.2478]",11.93
-17.74%,717,5159,The Persistence of Memory,pending,7128,19.0786,0.8632,"[-0.0102, 1.1296, -1.1645, -1.0087, 0.9733, -0.0472, -0.4267, -1.2351]",Tech Expo 2024,0.6337,NaCl,5.4.5,0.9046,418282051,"[-0.8764, -0.0094, 0.2554, -0.1095, -0.2529, 0.1348, -1.2891, -0.2633]",6584,EUR,6056,15-79,-0.6534,Guten Tag,2300-2095,39.8765,1,43.34,88.22,Amy,5.138,analytics.events,Major finding: data retention,6717,tenant=acme,1,9680 Oak Ave,3583.4118,"[32.37, 96.87]",Fe2O3,0,8.7125,2065,"[0.5809, 0.1064, -0.1797, 0.579, 0.0203, 0.3101, 0.4912, 0.2587]","[-0.352, -0.1054, -0.1946, 0.4055, -0.0268, -0.8049, -1.5388, -1.1762]",tenant=acme,Glass,11-70,0.3066,143,0.2608,47.2717,CS3 3KY,"$402,802,158",17-64,Harris,18.6047,-25.6%,0.0538,Data Analyst,0.3105,42208,-676.029,30.95%,16.4036,"[13.48, 71.33]",2018-12-14T08:23:23Z,50-98,-84.0931,3-86,5897,9.084,32.3,"$1,718,933",65.034,BP 152/107 HR 65,708,"[0.1043, 0.1414, -0.4925, -0.9505, 0.4815, 0.3576, 0.1125, -0.2772]",37.4628
45.7%,661,9320,Water Lilies,cancelled,5776,23.5747,-0.0908,"[-0.117, 1.5377, -0.3067, -0.3762, 1.0786, -0.2523, -1.2584, 1.6859]",Annual Summit 2025,0.4421,H2O,1.3.76,-0.2744,470156031,"[-0.811, 0.0655, 0.0523, -0.208, -0.1348, 0.0148, -0.0132, -0.1609]",2258,CAD,3376,46-51,0.8005,Guten Tag,9795-1603,16.555,1,65.24,64.3,Harper,19.2597,sales.orders,Observation: backup schedule,5545,region=2024-01,1,197 Park Blvd,4843.8464,"[25.52, 94.21]",Homo sapiens,0,-96.2975,1868,"[0.0561, -0.4578, 0.1273, -0.2077, 0.595, 0.6459, 0.2832, 0.0523]","[0.8035, 0.3165, 1.3738, -0.8318, -0.075, 0.5707, 0.0874, 1.245]",tenant=2024-01,Steel,2-94,0.614,8388,0.0519,-61.4614,91115,"$375,288,812",39-85,Lee,29.9369,-34.94%,0.0182,Software Engineer,0.843,66780,7515.1529,-11.32%,38.043,"[12.86, 95.47]",2019-05-09T01:07:42Z,50-61,9.3202,0-55,9839,0.5147,69.76,"$4,719,187",-30.0532,BP 94/102 HR 80,369,"[0.3546, -0.7458, 0.706, -0.0929, 0.1224, 0.4962, 0.5781, 0.5384]",38.6738
40.42%,605,5798,Starry Night,rejected,2813,49.4162,-0.7065,"[0.1342, 0.2139, 0.57, 0.2209, 0.436, 0.4518, -0.9038, -0.595]",Annual Forum 2024,0.848,C6H12O6,4.3.1,0.9884,508272282,"[-0.6014, 1.5439, -0.8735, -0.0637, -0.0123, 0.1698, 0.1245, 0.1775]",1736,CHF,2854,38-95,0.48,Bonjour,4714-5978,43.6274,0,57.86,10.62,Robert,30.3001,hr.employees,Non-conformance: access control,3782,region=2024-01,0,4656 Elm St,1688.0235,"[3.5, 82.07]",NaCl,0,81.3016,7607,"[0.6388, -0.0208, -0.5819, -0.7857, 1.2112, 0.8153, -0.3932, -0.255]","[-0.1051, -1.4281, -1.1598, 0.7531, 0.6572, 0.302, -0.3079, 1.159]",dt=2024-01,Polyethylene,26-59,0.3168,3439,0.7346,37.8295,28696,"$578,941,913",46-96,Rodriguez,21.7802,-42.01%,-0.9178,VP Engineering,0.9283,80294,391.7805,-19.27%,32.2356,"[12.46, 98.29]",2018-09-12T13:12:54Z,39-69,-47.7002,15-65,3134,5.3568,25.49,"$621,092",63.5193,BP 169/94 HR 63,996,"[0.138, -0.6876, -0.2726, -0.4191, 0.3193, -0.4676, 0.3555, 0.3493]",29.9418
40.17%,263,5715,The Scream,active,9299,4.8538,-0.5042,"[-0.1115, 0.0104, -0.1113, -2.0452, 1.6148, 0.25, 1.5566, 0.1198]",Annual Forum 2024,0.6585,H2O,5.8.63,0.3764,835581683,"[-0.1247, 0.8543, 0.7085, -0.1669, -0.1279, 0.8607, 0.5448, -0.0536]",2386,GBP,5457,40-70,-0.9496,Bonjour,2522-1079,14.5052,0,72.11,9.78,John,41.973,analytics.events,Non-conformance: access control,3349,region=us-east,1,1336 Park Blvd,8647.6233,"[34.27, 96.42]",Fe2O3,0,-81.0024,6662,"[-0.1347, -0.6021, -0.4666, -1.1454, 0.047, 0.8147, -0.5923, -0.0071]","[0.4618, -1.3542, -2.4047, 1.7388, -0.0099, -0.5234, 0.4552, -0.5741]",region=2024-01,Glass,9-89,0.072,1183,0.1663,46.5928,64214,"$395,728,790",31-84,Williams,44.3425,19.27%,0.0195,Sales Rep,0.7382,4599,989.1361,-46.01%,17.4954,"[27.95, 80.44]",2025-05-03T17:06:51Z,28-100,-6.6012,18-55,2671,1.8385,61.7,"$1,898,600",10.8511,BP 155/105 HR 67,830,"[-0.89, 0.1781, 0.1372, 0.6711, 0.1064, -0.0165, 0.2966, 0.4107]",5.8181
26.36%,279,7161,Water Lilies,completed,5950,30.525,0.4125,"[0.3236, 0.9424, 0.7261, 0.8657, -0.7666, 1.7162, 0.5609, 0.3666]",Annual Summit 2020,0.4018,NaCl,2.18.47,0.1834,651053571,"[-0.5537, 0.2096, 0.6321, 0.9631, 0.002, -0.4675, -0.1919, 0.4214]",7288,EUR,5396,38-57,-0.2774,Namaste,9310-9058,22.0937,0,4.27,65.02,John,33.4354,hr.employees,Non-conformance: access control,4117,region=us-east,0,5094 Park Blvd,-955.5688,"[4.91, 83.77]",E. coli,0,32.1355,2095,"[0.2784, 0.4995, -0.4937, 0.579, -0.5089, -0.3857, -0.7123, -0.2349]","[1.4075, 2.7016, 1.9899, -2.0798, -0.686, 1.8116, -0.2047, 0.9751]",tenant=us-east,Steel,11-79,0.9757,6395,0.0476,72.8886,VJ9 2RQ,"$225,508,912",27-58,Davis,45.3737,2.73%,-0.4059,Sales Rep,0.9665,3907,7561.6494,6.17%,2.7013,"[17.8, 74.19]",2021-10-25T19:07:10Z,40-88,-77.8385,8-76,6755,1.9474,76.13,"$4,340,191",32.2887,BP 135/92 HR 103,254,"[-0.3322, 0.4047, 0.1514, -0.0635, 0.2127, -0.3864, 0.2705, 0.3646]",18.9477
-15.08%,578,1929,Starry Night,cancelled,0,28.0195,0.6382,"[0.5453, 1.5354, 0.8971, -1.3824, 0.4835, 0.3675, -0.2579, -1.8688]",Data Expo 2024,0.9987,E. coli,5.5.17,-0.6773,532433856,"[-0.5207, -0.6821, 0.7307, 0.2618, -0.3643, -0.1365, 0.3945, -0.4863]",8035,USD,8481,48-85,-0.1811,Guten Tag,5709-2963,21.0279,1,56.02,18.53,Jennifer,49.3104,public.users,Non-conformance: access control,6785,region=2024-01,0,8208 Maple Dr,8764.9961,"[21.36, 64.68]",H2O,0,-37.3534,9465,"[0.037, -0.2203, 0.5938, 0.0078, -0.098, -0.4466, 0.1263, -0.006]","[-0.1061, 0.0286, -0.2462, -0.2108, -1.0136, -0.4091, 1.1972, -0.0386]",dt=2024-01,Aluminum,32-58,0.4787,3063,0.0541,-85.0806,PY4 9QM,"$834,368,554",32-97,Jackson,38.2817,-48.42%,0.1479,Sales Rep,0.1903,47416,6497.8249,-36.93%,17.9918,"[39.46, 92.07]",2020-12-03 03:10:16,5-100,-8.6514,25-56,1798,6.2263,87.75,"$414,678",13.4011,BP 141/106 HR 68,763,"[0.0688, 0.1803, 0.8971, -0.6306, 0.0937, -0.2349, 0.2318, 0.3545]",31.1579
-11.06%,900,870,The Persistence of Memory,cancelled,5455,38.6676,0.4486,"[-0.3532, -1.4833, 0.8957, 0.7999, 1.1651, 1.823, -0.0422, 0.5782]",Tech Forum 2021,0.8398,C6H12O6,2.5.45,0.6359,322145022,"[0.3054, -0.2082, 0.7858, -0.5368, -0.0245, 0.3981, -0.4792, -0.3647]",3921,EUR,4521,15-88,0.0811,Guten Tag,2975-5503,36.5139,0,43.25,66.99,Michael,37.0627,hr.employees,Non-conformance: access control,7506,region=2024-01,0,2720 Pine Rd,5947.5669,"[11.15, 72.73]",E. coli,0,-32.4685,1059,"[0.0188, 0.0697, -0.134, 0.129, -0.4283, -0.3855, -0.3713, 0.191]","[2.2856, 2.173, -0.378, 1.2114, 0.1131, 0.4247, 1.4016, -2.5703]",tenant=2024-01,Carbon Fiber,26-67,0.4281,8164,0.427,92.6563,LN8 6CT,"$446,245,041",4-64,Martin,12.6133,-36.46%,-0.1094,Data Analyst,0.86,28327,9961.2473,-25.41%,44.4854,"[17.76, 98.76]",2026-02-18 05:57:59,42-51,-72.6307,1-68,8182,4.6159,95.08,"$4,472,176",6.6715,BP 99/104 HR 73,559,"[0.2006, 0.0494, -0.2033, -0.943, 0.5824, -0.539, -0.0617, -0.3589]",3.0164
-46.31%,950,7154,The Persistence of Memory,active,8409,2.0132,0.2534,"[1.0546, -0.4303, 1.3873, -0.7406, -1.9245, 0.2062, 0.7272, -0.3203]",Data Conference 2023,0.94,C6H12O6,3.2.48,-0.5837,498271530,"[-0.5767, 0.1884, -0.081, 0.188, 0.2579, 0.0903, 0.2076, -0.4319]",2469,AUD,4712,30-79,0.2194,Konnichiwa,8377-9343,43.4124,0,7.28,25.98,Mary,45.713,sales.orders,Observation: backup schedule,3277,tenant=2024-01,1,3814 Cedar Ln,1754.3712,"[39.98, 74.75]",H2O,0,-13.1403,1130,"[1.1281, 0.5784, 0.302, -0.6128, 0.6847, -0.7394, 0.6025, 0.2637]","[2.3905, -0.7065, -0.4131, -1.2358, -0.9707, 0.2389, -0.9053, -1.5448]",dt=us-east,Carbon Fiber,21-94,0.1695,1398,0.5494,-1.3635,78804,"$418,392,929",21-57,Taylor,11.8122,0.54%,-0.1424,Data Analyst,0.5313,41146,8914.5466,-39.2%,47.9426,"[23.49, 85.71]",2022-01-06 18:38:06,19-93,1.8016,13-51,229,0.9798,64.86,"$1,999,316",-5.226,BP 104/86 HR 114,56,"[0.3185, 0.53, 0.0616, -0.0334, -0.1633, -0.0388, 0.5542, -0.4676]",15.4481
17.22%,139,4812,The Persistence of Memory,failed,9147,25.8068,-0.2199,"[-0.0181, -0.503, -0.7803, 0.5127, -0.3935, 0.3726, 1.7653, 1.0831]",Annual Summit 2026,0.7357,E. coli,1.19.68,-0.1509,508247540,"[-0.0342, -0.4032, 0.2007, -0.51, -0.3363, -0.345, -0.2704, 0.6122]",8675,USD,8923,10-69,0.8542,Guten Tag,4343-1951,35.7415,0,88.33,88.34,Ethan,37.4732,sales.orders,Non-conformance: access control,6709,dt=acme,1,2532 Oak Ave,1484.1482,"[22.51, 62.39]",NaCl,1,-67.6217,9018,"[-0.5088, -0.4971, 0.3403, 1.0029, 0.1763, 0.0711, -0.2235, 0.1728]","[-1.2345, -0.1202, 1.7242, 0.9387, 0.2752, 0.254, 0.3832, -0.1036]",dt=2024-01,Carbon Fiber,41-73,0.7868,6005,0.9646,-38.2977,33393,"$441,401,560",40-99,Wright,19.2739,1.67%,-0.6479,Data Analyst,0.9779,42178,5038.0078,26.77%,21.6811,"[14.85, 63.67]",2021-06-22T22:04:55Z,22-84,22.9515,32-92,5473,6.7157,47.59,"$4,911,202",-88.782,BP 122/98 HR 89,13,"[0.8787, -0.7005, 0.3526, -0.3006, 0.4125, -0.3375, 0.3961, -0.44]",39.7674
-26.83%,21,7794,The Persistence of Memory,inactive,3040,34.683,0.7329,"[-1.3174, 1.4377, 1.2231, 0.0264, 1.6484, -1.0795, -0.7644, 0.7055]",Global Expo 2022,0.6873,Homo sapiens,0.3.2,0.7313,172659622,"[0.273, 0.9613, -0.0778, 0.3677, 0.6775, -0.7829, -0.4431, -0.136]",2744,CAD,9173,37-71,-0.2274,Hola,2603-5485,36.014,0,8.03,77.77,Anna,33.8845,analytics.events,Non-conformance: access control,5121,tenant=2024-01,1,3809 Cedar Ln,6564.7221,"[12.82, 75.12]",NaCl,0,-12.8371,9213,"[0.4816, 0.7297, -0.7138, 0.3133, -0.2103, -0.1114, 0.0716, -0.3082]","[-0.1757, -1.0428, 1.2491, -0.3511, 0.0472, 0.3382, 1.1878, -2.3206]",dt=acme,Carbon Fiber,37-80,0.0144,9769,0.7275,-30.916,36512,"$553,943,556",30-56,Rodriguez,26.5864,-9.86%,-0.7638,Data Analyst,0.0184,18175,5219.7449,42.51%,48.7739,"[23.54, 72.44]",2020-10-19T19:14:40Z,33-82,35.4813,19-76,4902,7.6227,60.77,"$4,493,346",-60.7833,BP 105/78 HR 59,352,"[0.2772, 0.2215, -0.6553, 0.1749, 0.0231, -0.1506, 0.328, -0.2282]",4.308
5.89%,391,756,The Persistence of Memory,approved,7184,40.1617,0.349,"[1.2483, -1.6155, -0.6149, -0.6413, 0.3943, -0.6643, -0.4573, 1.9022]",Annual Conference 2025,0.2009,H2O,4.14.65,0.391,173269542,"[0.8685, -0.5145, 0.6048, -0.3751, 0.1757, 0.6765, 0.4183, 0.1171]",6401,GBP,8947,49-95,-0.5569,Namaste,9367-1066,2.522,0,85.06,56.46,John,1.478,sales.orders,Major finding: data retention,2014,dt=acme,0,4325 Cedar Ln,3710.076,"[38.68, 70.02]",Homo sapiens,1,-3.7643,2317,"[-0.1845, -0.32, -0.7619, -0.3191, -0.4181, 0.0143, -0.6331, -1.1109]","[-1.1242, -0.7111, -1.1647, -0.9399, -0.8989, -0.6916, -1.5639, -0.6255]",dt=2024-01,Aluminum,29-69,0.6988,2911,0.717,0.7012,QF6 7EO,"$798,333,425",19-94,Wright,24.6985,-10.51%,0.9024,Product Manager,0.5848,8176,3757.0954,3.6%,19.906,"[10.11, 65.87]",2025-05-19T22:16:10Z,27-85,9.5055,46-73,3996,8.8674,1.74,"$4,467,134",-36.2271,BP 141/101 HR 65,223,"[0.5261, 0.2894, 0.2965, 0.3473, 0.2469, -0.4729, -0.216, 0.005]",10.4181
-3.77%,369,2323,The Scream,pending,3066,28.0412,-0.1058,"[-0.6296, 1.4468, -1.5403, -0.1858, -0.1665, -0.37, -1.6688, -0.9677]",Data Summit 2023,0.1903,E. coli,5.10.64,0.6081,346087743,"[1.2916, 1.247, 0.1794, -0.0273, -0.034, 0.0148, 0.1507, -0.6028]",1462,USD,629,16-62,-0.2755,Guten Tag,2433-3945,39.4839,1,59.48,63.35,Olivia,33.8028,analytics.events,Observation: backup schedule,647,region=2024-01,1,3132 Oak Ave,5099.9794,"[18.58, 89.34]",H2O,0,-66.8193,6583,"[-0.7499, 0.5273, 0.3696, -0.0205, -0.2315, -0.2736, -0.8148, 0.0971]","[-2.0502, -0.6297, 2.0198, 0.1556, 0.1178, 1.9365, -0.3497, 0.7283]",tenant=acme,Aluminum,42-56,0.5827,7923,0.998,-74.5769,EG4 5ZP,"$579,722,294",14-73,Jackson,27.1711,-35.74%,0.9611,Sales Rep,0.8449,73037,9530.9567,-9.64%,25.8838,"[6.43, 77.55]",2025-09-02 09:35:51,39-74,32.4201,40-76,4229,0.0651,6.93,"$2,404,545",70.3598,BP 114/100 HR 91,301,"[-0.1279, -0.154, -0.5983, 0.8359, -0.2107, 0.8896, 0.315, -0.0475]",13.2494
-44.8%,803,2387,Water Lilies,approved,4441,28.2314,-0.6739,"[0.1423, -1.6799, -0.058, 0.5322, 0.9329, -0.6013, -1.3244, 1.8397]",Annual Summit 2020,0.3587,Fe2O3,3.6.32,-0.3076,856578857,"[-0.3242, 0.5981, -0.3412, -0.882, 0.6368, 0.1969, -0.4075, -0.0355]",1529,AUD,1535,23-68,0.5658,Konnichiwa,7095-9430,48.1019,0,60.61,4.46,Mary,34.1986,hr.employees,Non-conformance: access control,6986,tenant=us-east,1,8512 Oak Ave,8774.029,"[11.09, 99.66]",NaCl,0,54.2694,8959,"[0.2304, 0.2924, -0.4437, 1.0959, 0.0575, 0.3666, 1.2042, 0.3388]","[-0.6347, -0.4072, -2.2535, 0.1738, -0.7921, 1.5106, -0.0069, -0.9448]",tenant=acme,Glass,26-76,0.3203,6314,0.355,58.8737,WR3 4KR,"$909,385,743",29-53,Moore,11.5726,-49.88%,0.163,VP Engineering,0.5404,58265,4343.4455,25.91%,42.7924,"[39.17, 98.17]",2019-07-21 04:08:28,18-73,61.8152,20-65,6482,4.5598,62.73,"$2,831,499",61.7301,BP 137/85 HR 98,22,"[0.6234, 0.6917, 0.4556, 0.3861, -1.2305, -0.9686, -0.0993, 0.8674]",15.1599
23.04%,50,6372,Water Lilies,active,8336,17.7927,0.1561,"[-1.0015, 1.115, -1.8876, 0.4828, -0.8277, -0.5664, 1.3111, 1.3043]",Annual Summit 2025,0.2754,H2O,0.16.72,0.7535,626088047,"[0.214, 0.2885, -0.3706, -1.0367, -0.932, -0.4374, 0.1203, -0.3398]",3853,BRL,7174,47-57,-0.504,Bonjour,6039-8180,20.1782,1,19.58,72.01,Jessica,2.7864,hr.employees,Major finding: data retention,5741,region=us-east,0,5921 Main St,4706.9257,"[25.14, 75.7]",NaCl,1,-80.3666,4732,"[-0.7603, -0.1848, 0.1328, 1.085, -0.2208, 0.1592, 0.3073, 0.5254]","[-0.0085, 1.086, -1.4265, 0.1918, 0.3201, -2.0121, 1.0693, 0.5518]",dt=2024-01,Polyethylene,8-75,0.5892,8786,0.301,76.5432,59581,"$727,851,189",43-72,Anderson,29.5857,47.96%,-0.8975,Data Analyst,0.0268,57175,2158.0792,23.49%,5.8822,"[14.02, 80.73]",2023-12-18T17:17:39Z,38-91,-2.0126,10-100,1505,6.8644,52.17,"$881,745",-86.4547,BP 125/83 HR 104,301,"[-0.2038, -0.4051, -0.127, -0.244, 0.5944, -0.9541, -0.2988, 0.4656]",39.8714
9.59%,440,4027,The Scream,failed,52,22.3922,-0.7383,"[0.0222, 2.4968, 1.0855, 0.4416, -2.1097, 1.7983, 0.4098, -0.2551]",Annual Summit 2024,0.7418,NaCl,2.7.89,-0.1217,263530496,"[0.7081, 0.1654, -0.2323, 0.9826, -0.6024, -0.1952, 0.1058, -0.4147]",6494,CNY,9056,17-71,-0.6543,Guten Tag,2388-4953,29.3209,1,57.13,65.66,Patricia,20.3824,sales.orders,Observation: backup schedule,9029,region=2024-01,1,3513 Oak Ave,771.057,"[34.55, 82.29]",Homo sapiens,1,64.3608,2444,"[0.2399, 0.7979, 0.2731, 0.2043, 0.5445, -0.0159, 0.1881, -0.3787]","[-0.4259, 0.1556, -0.3544, 0.3013, 1.3068, 0.2712, 1.4987, -0.678]",dt=2024-01,Glass,6-59,0.6503,7304,0.2207,-83.2078,21765,"$706,679,519",14-64,Lee,9.4255,41.29%,0.1556,VP Engineering,0.4123,27936,7072.9473,-23.03%,14.9041,"[10.93, 66.93]",2019-05-26T20:32:06Z,44-67,85.1075,31-84,4145,4.6687,56.98,"$1,039,190",-51.5922,BP 103/75 HR 118,295,"[-0.1424, -0.5111, 0.31, 0.5829, -0.9128, 0.5253, 0.3496, -1.0071]",31.0415
36.69%,767,9975,Water Lilies,completed,9666,1.0265,0.1158,"[0.2624, 0.5332, -0.5368, -0.5286, -0.5253, 0.8654, 0.8914, -0.5423]",Tech Summit 2026,0.2649,C6H12O6,0.3.32,-0.2353,042061134,"[-0.0015, 0.1233, 0.3327, 0.2216, -0.0147, 0.6705, -0.4908, -0.2821]",8143,BRL,7001,37-91,0.9387,Bonjour,1609-2137,8.417,1,15.95,30.38,Jennifer,17.322,sales.orders,Non-conformance: access control,9600,dt=acme,1,2365 Elm St,5491.0316,"[33.95, 94.24]",Fe2O3,0,12.9152,7567,"[0.1201, 0.132, -1.3261, -0.4625, 0.1166, 0.3579, 0.7071, 0.5234]","[0.6796, 0.1465, 0.2706, -0.7854, 0.0193, 0.1664, 0.5332, -0.6439]",dt=2024-01,Aluminum,38-61,0.8776,3610,0.8585,91.2689,WY1 8QK,"$687,250,706",33-83,Walker,0.887,-2.02%,0.2524,VP Engineering,0.6005,40790,9266.0755,-15.86%,9.8116,"[33.69, 62.12]",2018-10-07 01:10:34,5-69,-50.687,31-55,1463,3.1852,40.43,"$4,423,436",79.1556,BP 129/73 HR 66,476,"[-0.6254, -0.0484, -0.777, 0.0996, 0.4125, -0.3461, -0.2091, -0.1311]",49.0007
-11.07%,467,8342,Starry Night,cancelled,8178,14.138,0.7739,"[-1.5857, 1.7441, 0.835, 1.257, -0.7393, -0.7081, 2.0619, 2.6574]",Tech Expo 2020,0.3287,C6H12O6,0.17.55,0.4001,504618620,"[0.1076, -0.2272, -0.687, -0.2717, -0.2406, -0.2048, -0.2281, 0.2536]",3509,BRL,1587,28-65,-0.9818,Hola,4904-7423,6.833,1,58.4,93.4,Aiden,24.7204,analytics.events,Non-conformance: access control,3708,region=acme,0,2200 Main St,-282.1552,"[26.39, 94.76]",H2O,0,-74.324,5293,"[0.3263, -0.2573, -0.8711, 0.5828, -0.3482, -0.3054, -0.0122, -0.175]","[-0.2008, 1.0985, -3.676, 0.0907, -0.9993, -0.6585, -0.6824, 0.8682]",tenant=us-east,Polyethylene,26-88,0.0633,4008,0.7709,12.9782,33965,"$592,299,222",3-72,Davis,3.35,3.47%,0.0552,CTO,0.0534,46801,1448.747,-17.1%,16.4973,"[26.5, 67.02]",2019-08-24 15:26:29,25-70,-64.8628,38-67,8882,3.4919,58.13,"$789,428",-92.2031,BP 162/65 HR 83,606,"[0.1928, 0.4434, -0.4891, -0.2672, 1.1259, 0.2921, 0.2017, -0.6847]",18.4235
3.33%,955,1752,Starry Night,completed,9491,4.8137,-0.4505,"[-0.6003, -1.1838, 0.5123, -0.851, 0.963, -0.531, -0.895, -1.0993]",Data Expo 2022,0.9521,Fe2O3,0.20.58,-0.2115,494063681,"[0.2375, 0.0665, -0.1966, -0.032, -0.5352, -0.476, -1.8058, 0.5678]",8877,CHF,3812,28-74,-0.9248,Namaste,7267-7486,9.7008,1,46.86,51.72,Jennifer,16.6193,sales.orders,Non-conformance: access control,4329,region=acme,1,7648 Pine Rd,2784.019,"[1.92, 73.32]",H2O,0,-34.3293,9062,"[-0.228, -0.7486, 0.1937, 0.6658, -0.7309, 0.7163, -1.0059, -0.7969]","[0.3243, -0.7908, 0.0541, 1.1088, 0.8016, -1.2816, 3.2054, -0.3308]",region=us-east,Steel,15-89,0.9691,9746,0.4813,-1.6364,16549,"$51,553,032",7-78,Taylor,9.9907,35.64%,-0.0479,Software Engineer,0.9294,61312,6293.8817,-47.88%,37.5153,"[1.57, 97.03]",2020-04-07 08:04:45,14-72,-31.1921,41-81,407,4.5694,7.8,"$1,137,745",77.6671,BP 166/67 HR 75,34,"[0.16, 1.2457, 0.0813, 0.6283, 0.1117, -0.4486, -0.1245, 0.0639]",48.1383
-3.08%,200,7386,The Persistence of Memory,pending,3370,49.7765,0.7313,"[-1.322, -0.4454, 0.2226, 0.626, 0.1794, -0.5755, -1.1014, 1.1372]",Annual Expo 2025,0.4027,H2O,3.2.88,0.7651,581283624,"[0.1588, 0.1432, -0.645, -0.3971, 0.756, 0.32, 0.5889, 0.3858]",2954,AUD,434,45-100,0.264,Bonjour,5057-1638,31.2622,0,61.24,88.25,Michael,18.1594,public.users,Non-conformance: access control,7543,region=2024-01,0,5036 Cedar Ln,8199.2295,"[3.45, 67.7]",Fe2O3,1,15.44,3542,"[0.4566, -0.363, 0.076, -0.1578, 0.7446, -0.0261, 1.7369, 0.1382]","[-2.1048, -1.9866, -0.0464, 1.6879, 0.2486, 0.6765, 1.2552, 0.3552]",region=2024-01,Steel,1-76,0.5018,1698,0.4148,-80.2848,50056,"$861,532,972",50-94,Young,16.5093,48.0%,-0.557,CTO,0.421,24291,5259.8254,-21.61%,47.6412,"[13.49, 86.09]",2023-05-05T05:39:00Z,31-83,67.3559,44-70,3498,3.4876,73.61,"$3,204,257",16.2456,BP 166/87 HR 69,487,"[0.2154, -0.4888, 0.5288, 0.5362, -0.3413, 0.1087, 0.9136, -0.0947]",19.6348
-24.91%,524,491,Water Lilies,completed,7049,35.2107,-0.5677,"[0.5236, 0.1719, 0.6332, 0.8393, -0.8234, -1.7185, -0.6575, -1.6028]",Data Forum 2025,0.1874,NaCl,0.4.99,0.3482,187454348,"[-0.7406, -0.1087, -0.372, 0.4501, -0.0623, -0.0802, -0.925, -0.3222]",9445,BRL,721,18-88,0.9801,Namaste,9295-6957,42.1929,0,37.44,22.77,Amy,17.1954,public.users,Observation: backup schedule,9322,dt=us-east,0,1447 Main St,6341.0742,"[38.68, 69.64]",NaCl,1,-73.7213,8465,"[0.359, 0.5965, 0.7476, -0.2566, 0.0863, 0.3953, -0.3045, -0.4199]","[1.3437, 0.9801, 0.2885, -0.2602, 0.0656, 0.4916, 0.3882, 0.4483]",region=2024-01,Carbon Fiber,48-99,0.2459,5892,0.2482,71.6707,90231,"$872,844,709",6-71,Anderson,44.2251,45.16%,-0.4094,Designer,0.0085,63842,2683.7167,-8.47%,12.2537,"[30.37, 90.34]",2023-05-20 12:39:07,9-75,-36.3027,35-85,4263,4.8549,29.4,"$3,599,240",-35.0529,BP 160/64 HR 57,457,"[0.4994, -0.3166, -0.5131, -0.4988, -0.2215, -0.2902, 0.3085, -0.2481]",34.5666
-13.61%,823,1532,Starry Night,pending,3522,47.874,0.7867,"[-0.1295, 0.3615, 0.664, -0.6159, 2.4675, -0.4437, -1.3159, -1.275]",Annual Summit 2025,0.505,Homo sapiens,1.18.16,-0.0433,411407992,"[-0.0075, 1.112, -0.3247, 0.3087, -0.0472, 0.412, -0.6844, -0.3104]",902,USD,512,3-68,0.5294,Guten Tag,6757-4328,39.8045,1,60.75,61.5,Aiden,27.8819,public.users,Observation: backup schedule,4592,region=us-east,1,5457 Oak Ave,5191.0576,"[3.35, 69.9]",H2O,1,-50.9653,9459,"[0.0199, -0.3179, 0.242, 0.029, -0.0036, 0.706, 0.0958, 0.0058]","[-1.3664, 0.7225, -0.4709, 1.0127, -0.1356, 0.3551, -0.8214, -0.2142]",region=us-east,Glass,33-57,0.9462,9009,0.5746,5.4529,43145,"$852,640,746",50-95,Jones,7.533,9.62%,-0.6161,Data Analyst,0.5243,73292,3513.641,-12.28%,9.7176,"[2.88, 81.63]",2026-06-08 09:23:16,16-59,-5.4724,33-68,8871,6.1882,96.54,"$1,601,186",18.3863,BP 127/98 HR 97,169,"[0.8392, 0.4525, -0.0558, 0.1941, 0.1321, -1.0045, -0.0702, -0.4942]",19.0597
2.03%,75,5760,The Scream,failed,1039,39.7314,0.5164,"[0.4256, 0.6899, 0.9211, 0.3045, 0.0573, -2.1161, -0.2641, 0.917]",Annual Expo 2022,0.4501,NaCl,2.7.97,0.6109,099551112,"[0.8289, -0.4914, 0.623, 0.1292, -0.4536, 0.3492, -0.7405, 0.0222]",9491,EUR,9725,1-87,-0.0215,Konnichiwa,5611-8143,11.0939,0,92.39,33.73,Harper,13.9309,analytics.events,Observation: backup schedule,2658,region=acme,1,1514 Park Blvd,9606.4809,"[13.85, 98.53]",C6H12O6,0,46.844,6312,"[0.2618, 0.0342, 0.0509, -0.7808, 0.4863, 0.4451, -0.2149, -0.4201]","[-2.0515, 1.7697, -0.4827, -1.7071, 0.1341, 1.2156, -0.5694, 1.2484]",tenant=us-east,Carbon Fiber,35-62,0.1101,928,0.5129,-88.0196,13747,"$949,946,110",22-96,Lewis,2.1115,23.7%,0.6291,VP Engineering,0.1163,22368,-582.1112,-24.49%,21.9326,"[38.3, 81.74]",2025-12-20T18:40:03Z,25-59,-72.5494,27-82,8658,5.9255,75.58,"$767,173",48.4431,BP 102/80 HR 73,110,"[0.1544, 0.0972, -0.2005, 0.0844, -0.441, -0.1318, 0.4439, 0.7369]",37.2402
10.24%,535,8349,The Persistence of Memory,inactive,1828,26.6212,0.725,"[-0.1953, 1.3335, -1.2144, 1.0922, -1.0851, 0.2838, 0.5758, -0.8236]",Data Expo 2026,0.0623,H2O,5.2.8,0.8456,055327764,"[-0.6582, -0.0828, 1.937, 0.8224, -0.0778, -0.2669, 0.0417, 0.7443]",3143,CAD,4157,46-96,-0.1709,Konnichiwa,7602-6474,7.787,1,6.06,13.64,John,9.4916,public.users,Observation: backup schedule,3901,dt=2024-01,0,8519 Oak Ave,5899.5479,"[27.94, 73.29]",C6H12O6,1,93.1721,3602,"[-0.4435, -0.3338, 0.1166, -0.5523, -0.8422, 0.2697, -0.0781, -0.4541]","[1.0165, 0.5616, 1.734, -0.5296, 0.1779, 0.7649, 0.0951, 1.4809]",dt=2024-01,Steel,24-64,0.5768,6256,0.9828,-85.1518,ZT4 2UH,"$744,938,859",45-86,Brown,41.5895,14.48%,0.3781,Designer,0.6683,7967,3264.2173,-9.73%,11.0816,"[23.98, 93.27]",2019-02-17 18:26:19,26-59,92.6799,0-92,1559,5.2804,37.14,"$3,716,320",-96.791,BP 125/102 HR 56,181,"[-0.1687, 0.2342, -0.35, 0.6763, -0.8447, -0.5681, 0.1878, 1.1626]",18.1732
22.07%,320,1106,Starry Night,inactive,5835,34.5753,-0.2958,"[0.0096, -1.3071, 0.3111, -0.4762, -0.4936, 0.0526, -1.019, -0.0191]",Data Summit 2021,0.598,Fe2O3,0.18.25,-0.6486,039225775,"[-0.6718, 0.9102, -0.191, 0.2052, -0.2834, 0.0496, 0.446, 0.0503]",8979,EUR,2699,39-91,-0.8491,Guten Tag,6424-9320,8.2739,0,80.17,4.2,Mary,45.3256,public.users,Observation: backup schedule,3047,tenant=us-east,0,9248 Oak Ave,6497.134,"[1.07, 70.71]",Homo sapiens,1,67.0342,102,"[0.3203, 0.1707, 1.1051, 0.2987, -0.0607, -0.3823, 0.1818, 0.2241]","[-0.4174, 0.0589, 0.1251, 1.3769, 2.0506, 1.357, -0.0022, -1.237]",region=us-east,Glass,37-77,0.3666,4923,0.6088,-34.9776,81231,"$533,014,041",42-78,King,25.3773,-17.85%,-0.5959,Software Engineer,0.6694,46413,6193.5372,-29.93%,37.4169,"[1.48, 72.52]",2020-08-15 02:53:37,42-79,-93.2204,45-97,2177,2.0556,50.77,"$3,623,248",68.048,BP 174/101 HR 57,81,"[-0.6799, 0.6444, 0.0396, -0.134, 0.8306, 0.5512, -0.8301, 0.1804]",24.6287
39.64%,97,982,Starry Night,completed,7846,40.1551,-0.002,"[-1.2027, 0.8173, 0.4358, 0.6349, 1.4479, -0.3683, -0.4355, 0.6047]",Data Conference 2025,0.4736,H2O,0.16.17,-0.9651,011424310,"[-0.5756, -0.2064, 0.387, 0.6522, 0.1823, -0.781, 0.5438, -0.1801]",6006,CAD,8556,21-70,0.6302,Namaste,3892-8227,4.0459,0,2.3,37.35,Mason,9.8586,public.users,Non-conformance: access control,9834,tenant=acme,0,4720 Cedar Ln,5318.2479,"[22.7, 63.36]",H2O,0,-12.0006,9324,"[0.3061, 0.1445, -1.8821, 0.0139, 0.0523, -0.2511, 0.0294, 0.4262]","[-1.001, -0.6278, 1.2509, -0.2902, 0.8628, 0.2288, -0.7724, -0.2966]",region=us-east,Aluminum,12-97,0.1254,1885,0.1946,-14.795,12967,"$57,828,710",1-75,Rodriguez,11.4391,25.66%,0.4574,Software Engineer,0.3355,13711,1699.1902,4.44%,28.775,"[38.23, 85.14]",2019-11-06T02:06:48Z,28-77,-59.4024,28-71,3674,5.4151,59.28,"$1,582,694",29.5674,BP 161/99 HR 76,667,"[0.0339, 0.3813, -1.1018, 0.6213, 0.0032, -0.6178, -0.0074, -0.4912]",11.915
0.4%,778,86,The Scream,completed,267,39.2009,0.6834,"[0.0386, -0.6385, -1.0693, -0.2737, 1.2565, -0.6063, 0.8295, -0.5394]",Tech Expo 2025,0.3691,NaCl,2.7.71,-0.993,450165095,"[0.2326, 0.6654, -0.466, 0.2539, -1.0603, 0.0531, -0.4204, 0.2205]",5868,BRL,263,41-62,0.3686,Hola,7280-8721,6.4725,0,90.33,76.41,Mary,16.5694,sales.orders,Observation: backup schedule,4335,tenant=2024-01,0,2290 Oak Ave,3920.1936,"[23.62, 68.57]",Homo sapiens,1,48.7327,1785,"[0.1973, -0.2754, -1.0094, -0.002, 0.1344, -0.3225, 0.3384, 0.4804]","[-0.8509, -1.5355, 2.6411, -0.2882, 0.436, 0.4126, -0.3115, -0.3749]",dt=2024-01,Aluminum,30-75,0.101,560,0.5359,-39.5611,QZ7 5WJ,"$264,185,252",48-56,Lewis,11.4894,-33.9%,-0.542,Data Analyst,0.4343,55357,7249.666,-39.91%,33.5081,"[32.91, 68.42]",2021-01-03 10:34:21,9-78,1.356,23-91,9848,8.4069,95.0,"$1,398,981",-91.9329,BP 97/79 HR 104,251,"[1.1214, 0.4946, 0.2856, 0.5658, -0.1072, -0.2454, -0.7523, 0.3561]",30.4839
5.2%,589,1518,Starry Night,inactive,2222,38.8169,0.6975,"[0.1162, -1.1376, 1.0736, -0.8402, 1.1268, 0.4728, -1.2056, 0.5464]",Global Conference 2025,0.7582,E. coli,0.9.96,0.7228,222988197,"[0.4919, 0.4639, 0.3362, -0.0421, -0.4337, -0.1101, 0.2467, 0.7083]",3663,CHF,616,40-67,-0.352,Guten Tag,2861-6677,20.1139,0,56.61,49.82,Emma,24.4035,analytics.events,Observation: backup schedule,7297,dt=us-east,0,6821 Elm St,1445.7215,"[7.64, 95.72]",E. coli,0,-83.5867,54,"[0.4798, -0.3087, 0.2268, -0.4073, 0.3963, 0.0757, -0.3015, 0.2007]","[-1.5645, -0.5612, 0.2449, 0.8523, -0.0515, -1.4877, -0.7647, 0.9681]",tenant=acme,Titanium,31-86,0.2827,5101,0.2599,-44.1831,HM6 2YL,"$798,097,097",32-65,Young,9.2855,36.23%,-0.3629,Software Engineer,0.0296,55944,6708.0338,49.7%,20.8861,"[6.58, 92.04]",2025-08-02 03:29:15,28-88,30.5006,1-85,2464,0.7294,6.94,"$1,431,794",34.3815,BP 174/109 HR 92,433,"[-0.3014, 0.274, -0.1191, 0.6513, 0.6746, 0.0801, -0.563, 0.1778]",9.7901
-24.42%,131,5089,The Persistence of Memory,pending,2279,17.9634,0.7004,"[-0.7549, 0.9498, -2.6119, 1.1205, -0.4655, -1.9908, 1.1722, 0.741]",Data Conference 2022,0.449,NaCl,4.2.20,0.1926,460188348,"[-0.079, -0.3978, -0.4661, 0.3015, 0.344, -0.2681, 0.081, -0.3895]",2311,AUD,1143,16-88,-0.3,Guten Tag,4861-7846,21.2775,0,5.12,19.39,Michael,11.6639,analytics.events,Major finding: data retention,6665,dt=acme,0,6153 Elm St,3348.5442,"[14.88, 84.69]",E. coli,1,-89.4837,2359,"[-0.2117, 0.3943, -0.6069, 1.313, -0.5256, -0.2806, -0.8076, -0.5075]","[-1.4169, -0.8397, -0.0536, -1.8608, 0.6326, -1.4677, -0.5927, -0.3116]",region=us-east,Carbon Fiber,5-80,0.7352,8617,0.9418,90.4437,88738,"$61,835,813",7-91,King,31.787,1.36%,-0.7368,VP Engineering,0.9087,44286,2168.4058,12.94%,20.1995,"[16.53, 68.12]",2023-10-08 06:27:16,45-59,-15.4752,3-57,736,5.8618,46.2,"$4,344,789",-51.5835,BP 174/101 HR 86,43,"[-0.2836, 0.1626, 0.2219, -0.0931, -0.1295, -0.1724, -0.2545, 0.6539]",15.8958
30.06%,184,7829,The Persistence of Memory,inactive,4674,25.1108,-0.4296,"[-0.6812, 1.8649, -0.2913, 0.42, 1.258, -0.3144, -0.2646, -1.0422]",Tech Conference 2021,0.6574,Fe2O3,2.20.78,-0.5709,371129054,"[-0.4323, -0.0408, 0.3258, 0.1868, 0.3663, 0.7585, 0.6441, -0.4116]",3608,USD,4143,45-73,0.5668,Bonjour,4201-1962,6.3794,0,99.14,23.02,Richard,27.0297,hr.employees,Major finding: data retention,8185,dt=us-east,1,4710 Pine Rd,5231.6098,"[13.85, 89.67]",NaCl,0,70.4753,2787,"[-0.8422, 0.7196, -0.2209, 0.3171, -0.5182, 0.9932, -0.3399, 0.2454]","[0.3125, -2.2561, -0.8652, -0.4945, -0.7985, 0.3016, 0.6568, -0.6223]",dt=us-east,Carbon Fiber,24-78,0.6654,21,0.3118,-25.8673,KZ6 5IJ,"$295,576,656",13-66,Davis,31.5812,7.02%,0.4188,Software Engineer,0.0487,84763,-766.9179,-29.78%,22.2578,"[37.4, 84.59]",2025-02-23T10:13:17Z,39-52,1.4317,19-74,4207,4.4586,40.95,"$3,708,332",2.5337,BP 142/107 HR 111,335,"[0.6857, -0.2632, -0.1792, 0.0565, 0.9898, -0.202, -0.0767, -0.3446]",24.8221
-24.09%,322,6245,The Persistence of Memory,active,1018,5.2431,-0.897,"[-0.0587, 0.0953, 1.1443, 0.0413, -1.2514, 0.1032, 0.578, -0.9298]",Tech Summit 2022,0.4779,H2O,1.0.11,-0.6702,372036538,"[-0.1328, 0.2516, -0.912, -0.8946, 0.8573, -0.4452, 0.5975, 0.0223]",2572,CAD,3313,44-58,-0.0391,Guten Tag,4840-7558,26.5262,1,51.86,90.86,Lucas,49.2339,public.users,Non-conformance: access control,9248,tenant=2024-01,1,9720 Oak Ave,3167.0305,"[37.93, 80.0]",Homo sapiens,0,87.7683,5686,"[-0.3708, 0.9189, 0.2413, 0.1641, 0.1288, -0.5365, 0.6772, 0.3086]","[-0.9222, -0.3702, 0.7742, -0.8566, 0.0046, -0.1791, 0.1199, 0.1154]",region=us-east,Aluminum,45-56,0.4714,7923,0.962,56.2669,19223,"$338,654,283",15-69,King,29.0954,6.92%,-0.8368,Designer,0.4402,79622,7831.6988,35.42%,49.7967,"[25.94, 95.55]",2023-03-04T12:11:28Z,18-83,-14.5351,44-86,8773,5.3524,66.87,"$1,486,159",-32.9249,BP 172/99 HR 77,74,"[0.4233, 0.001, -0.5669, 0.7106, 0.2853, 0.2757, 0.2712, -0.3448]",40.159
-0.24%,448,5773,Water Lilies,inactive,2074,15.5357,-0.0314,"[1.2118, 0.4733, 0.5538, -1.873, -0.2762, 0.2731, 0.4129, -0.7531]",Data Conference 2024,0.8039,NaCl,3.11.27,0.7126,036577573,"[0.2295, 0.1642, 0.0875, 0.5012, -0.1406, 0.9894, 0.9744, 0.2162]",8418,GBP,4147,6-54,0.4716,Konnichiwa,9510-4162,29.4309,1,68.95,46.07,Liam,30.8546,public.users,Observation: backup schedule,9647,region=us-east,1,4869 Maple Dr,6293.681,"[22.57, 98.43]",H2O,0,-89.5176,8312,"[0.521, -0.2247, 0.3334, -0.311, -0.2634, 0.3306, -0.5197, -0.1368]","[-2.0497, 0.2841, -0.0248, 0.8773, -0.072, 0.7083, 2.0275, -0.0821]",dt=2024-01,Glass,19-90,0.1203,525,0.6816,34.7671,QR7 4IO,"$483,156,491",40-80,Robinson,21.7097,-33.87%,0.4841,CTO,0.6787,14715,798.3213,30.47%,20.1535,"[18.6, 96.86]",2018-04-16T21:59:17Z,24-54,-37.5395,2-90,428,6.4226,73.21,"$1,684,896",-74.6004,BP 121/100 HR 77,607,"[0.51, -0.1661, 0.1684, -0.78, 0.3038, -0.0778, -0.5916, -0.2587]",23.7698
4.32%,83,8078,Water Lilies,rejected,2555,1.5934,0.784,"[0.4812, 0.356, 0.1208, -1.2935, -0.5058, 0.6588, -0.8136, 1.3663]",Data Conference 2020,0.0664,NaCl,4.5.33,-0.6284,371125531,"[0.3957, 0.5788, -0.6155, -0.6143, -0.0915, 0.1916, 0.4528, -0.2977]",5222,CHF,4578,23-96,0.8604,Guten Tag,5718-8416,1.9143,0,81.77,15.94,Aiden,20.465,hr.employees,Observation: backup schedule,1926,tenant=us-east,0,6904 Maple Dr,3405.9788,"[11.21, 68.54]",NaCl,1,99.4876,7004,"[-0.5099, -0.4028, 0.7719, 0.3915, 0.3399, 0.0161, -0.5096, -0.0713]","[0.5792, 0.0024, 2.3845, -0.1, 0.1404, 0.4498, 0.2437, 0.5464]",dt=2024-01,Aluminum,43-67,0.2091,2435,0.2253,-35.3002,JX9 3ML,"$628,536,277",21-98,Johnson,15.3024,43.78%,-0.4473,CTO,0.1235,21375,1683.0444,14.45%,27.7449,"[33.02, 66.51]",2025-06-17 12:22:26,37-54,18.5006,26-97,4443,4.1615,28.01,"$333,805",50.1895,BP 104/80 HR 109,25,"[0.1707, -0.1887, 0.0908, 0.8485, -0.1607, -1.3133, -0.1821, 0.158]",36.9049
-40.45%,978,8043,The Scream,completed,3560,43.8435,0.9094,"[0.9664, 0.2631, 0.2027, 0.1432, 0.4698, 0.3595, 0.1187, 0.1642]",Annual Summit 2023,0.6423,NaCl,4.4.12,-0.2679,735003580,"[0.1043, 0.1317, 0.4466, -0.3168, -1.2842, 0.4819, 0.743, 0.0731]",369,USD,268,37-68,-0.6882,Namaste,9798-5345,6.2371,0,92.13,68.54,Sophia,8.9901,hr.employees,Observation: backup schedule,2404,region=us-east,1,5000 Pine Rd,5231.049,"[8.03, 87.29]",H2O,1,16.4856,8890,"[0.1021, 0.1181, -0.7828, -0.3138, -0.1721, 0.2979, 0.3656, 0.4599]","[0.1164, -0.1398, -1.6948, -1.1429, 0.6343, 0.4936, -0.9332, -0.0582]",dt=2024-01,Polyethylene,9-88,0.6073,7509,0.0666,-37.0299,42215,"$357,945,906",39-100,Jones,6.0613,-14.93%,-0.0643,Sales Rep,0.1404,60963,9686.918,-47.41%,24.7878,"[30.96, 87.6]",2025-11-17 14:05:54,23-76,-86.0348,18-98,2641,5.3213,61.65,"$2,184,465",21.4787,BP 101/101 HR 77,665,"[-0.493, -0.4365, -0.6619, 0.2312, 0.1786, -0.2933, 0.481, -0.1662]",37.2934
12.44%,592,3652,The Persistence of Memory,rejected,6481,1.5007,0.5809,"[-0.5643, 0.3835, 0.8062, -0.8369, 2.0553, -1.0244, 0.0763, 0.1743]",Global Expo 2021,0.4304,E. coli,3.15.79,-0.3763,652098173,"[0.3292, -0.4417, -0.3997, 0.5136, 0.0361, -0.2727, 0.8136, -0.3593]",7647,CHF,162,30-84,-0.4759,Bonjour,5987-8790,0.0995,0,97.13,61.17,Jennifer,24.8206,sales.orders,Non-conformance: access control,7735,dt=2024-01,1,3704 Pine Rd,2268.343,"[7.77, 84.77]",Homo sapiens,1,-24.6455,1209,"[0.4137, -1.1126, 0.2743, -0.1424, -0.2958, -0.4777, 0.257, 0.4293]","[-0.9881, -0.0549, 1.7914, 0.0596, 1.0378, -0.8962, -0.5906, -1.3478]",tenant=2024-01,Titanium,49-52,0.4352,1672,0.1811,35.9705,13796,"$530,697,140",31-89,Smith,0.3367,-43.93%,0.8125,Data Analyst,0.5079,85174,8978.1636,35.08%,19.3288,"[38.96, 67.77]",2020-11-05 08:15:04,16-92,-19.9418,42-97,8800,5.7637,39.85,"$3,175,840",32.0443,BP 111/83 HR 100,136,"[-0.4377, -0.0286, -0.5199, 0.3535, 0.3165, 0.3068, 0.7548, -0.264]",16.1456
6.05%,773,7811,Water Lilies,pending,6239,24.209,0.0191,"[-1.1523, 0.862, -1.6407, 0.4234, -0.3671, 0.6263, 0.7113, -0.7637]",Global Summit 2026,0.0792,H2O,1.13.84,0.7842,893970097,"[0.0076, -0.4749, 0.8224, -0.4277, -0.2633, -0.5888, 0.3179, -0.3376]",4740,CAD,4305,5-59,0.2335,Konnichiwa,2714-9823,3.3214,1,38.0,61.89,Anna,3.9197,analytics.events,Non-conformance: access control,9268,dt=acme,1,8474 Main St,4160.0508,"[18.83, 74.74]",H2O,1,1.0655,5102,"[1.0907, -0.4439, 0.6408, 0.4357, -0.529, 0.1396, -0.2256, 0.5444]","[-1.8182, 1.5167, 1.7804, 0.5634, -0.2177, -0.8294, -0.1116, 0.2085]",tenant=us-east,Glass,10-95,0.5472,7499,0.7122,-61.3709,AW6 7WB,"$585,699,457",8-83,Moore,3.3649,-1.24%,-0.8681,Sales Rep,0.8887,32866,8483.7904,44.84%,32.056,"[13.1, 86.83]",2019-06-14 21:44:28,33-88,-18.5057,44-57,8825,3.9782,22.92,"$1,126,611",86.7665,BP 152/95 HR 94,321,"[-0.7724, 1.3502, 0.4381, 0.3614, -0.5284, -0.3672, 0.5486, -0.202]",43.3495
1.74%,503,3509,Water Lilies,inactive,9016,0.3383,-0.2709,"[0.9241, -0.1385, 0.7475, -1.579, -1.5554, 0.8351, 0.6969, 1.9451]",Global Expo 2023,0.6163,H2O,1.17.86,-0.7467,863073735,"[-0.2308, 0.7931, -0.1859, -0.1248, -0.1093, -0.4569, 0.1848, -0.2185]",6376,BRL,3636,39-94,-0.9277,Guten Tag,1910-5792,20.3955,0,42.14,43.08,Mary,48.0142,analytics.events,Major finding: data retention,4476,dt=us-east,1,3157 Pine Rd,729.8543,"[8.02, 93.91]",Fe2O3,0,44.1813,3860,"[-0.2107, -0.265, -0.3463, 0.0264, -0.4301, -0.0738, 0.0077, -0.013]","[0.3086, 0.4515, 0.1434, 0.9552, 0.1893, -0.5804, 1.0651, -0.7985]",dt=acme,Aluminum,27-98,0.802,8083,0.8816,16.2859,28602,"$513,514,601",3-77,Harris,14.6693,44.37%,-0.2144,Sales Rep,0.6425,79700,6531.9829,14.89%,32.691,"[22.91, 62.91]",2024-07-06 20:25:10,30-56,-23.1464,7-88,6746,1.6963,64.05,"$921,667",60.3447,BP 177/93 HR 75,168,"[-0.3376, 0.632, 0.551, 0.1762, 0.115, -0.1642, -0.4596, -0.5852]",7.976
-23.02%,324,9514,Water Lilies,completed,1374,30.7444,0.1591,"[0.5578, -0.0261, -1.7766, 0.8245, 1.3571, -1.3597, -0.0048, -0.4656]",Annual Summit 2020,0.8519,H2O,0.20.68,0.8466,299451097,"[0.1248, -0.9767, -0.0951, 0.654, 0.0933, -0.1095, 0.8012, 0.0101]",4224,JPY,1662,11-52,0.7765,Bonjour,3553-3637,17.9788,0,19.33,34.96,Elizabeth,9.5908,hr.employees,Major finding: data retention,2201,tenant=us-east,0,5111 Pine Rd,7584.4377,"[18.19, 75.62]",E. coli,0,-26.3419,4628,"[0.1065, -0.1968, -0.6319, -0.2366, -0.3149, -0.7398, 0.0019, -0.1715]","[1.0944, -0.0659, -1.0649, 0.0728, 0.3229, -0.4292, -2.0583, -0.9144]",dt=2024-01,Titanium,16-96,0.905,2039,0.2201,60.3614,50596,"$616,410,259",38-51,Thomas,4.8243,11.61%,0.4713,VP Engineering,0.4437,20188,5066.4268,-29.2%,11.0587,"[8.73, 94.11]",2025-07-25T05:17:35Z,36-69,-6.8612,15-91,5369,8.8725,30.75,"$4,811,585",19.2291,BP 108/83 HR 60,521,"[-0.2676, -0.5497, 0.2508, 0.7199, -0.016, -0.6836, 1.3585, 0.1332]",2.17
-11.08%,767,9680,Water Lilies,approved,3454,34.3369,-0.9716,"[-0.178, -0.1364, 0.9063, 0.4015, 1.0127, -0.4691, -0.9321, -0.3584]",Global Expo 2021,0.6388,E. coli,4.16.11,0.7071,322987134,"[-0.3221, -0.555, -0.1472, 0.048, -0.266, -0.2293, 0.9225, -0.5798]",7908,AUD,881,13-98,-0.9749,Namaste,4955-4177,30.3993,1,52.87,59.58,Jessica,28.2852,analytics.events,Major finding: data retention,6994,tenant=us-east,1,1130 Main St,6332.9591,"[10.31, 82.5]",NaCl,0,-82.7613,153,"[-0.6695, -0.0105, 0.7957, -0.8702, 0.0565, 1.014, -0.447, 0.3396]","[0.2957, -0.1615, -0.1257, -0.4861, -0.8987, 0.9874, 1.0331, -0.7024]",region=2024-01,Glass,33-68,0.9063,9909,0.2953,35.7022,91209,"$913,374,479",45-56,Martin,22.9351,16.9%,-0.715,Data Analyst,0.2755,27185,8662.4736,-30.71%,12.6135,"[19.05, 80.17]",2018-11-20 05:26:03,16-87,88.9218,39-64,1126,1.7408,65.53,"$1,223,352",-85.7691,BP 113/91 HR 65,71,"[0.1364, 0.0595, 0.9364, -0.1035, -0.2395, 0.2316, -0.4044, 0.019]",14.6941
-26.94%,773,7336,Starry Night,rejected,3095,37.824,-0.1364,"[0.3784, -1.2477, 0.4729, 2.1506, -1.6629, 0.3665, -0.884, -0.1254]",Annual Summit 2026,0.1259,NaCl,5.5.4,-0.8109,266531990,"[-0.5597, -0.0634, -1.2382, 0.1396, 0.1896, -0.1219, 0.8916, -0.6828]",6095,BRL,8815,12-86,0.6639,Hola,6647-6268,44.0177,0,25.03,27.43,Oliver,14.6777,public.users,Observation: backup schedule,4489,tenant=2024-01,0,5897 Elm St,536.8125,"[32.98, 96.79]",C6H12O6,0,-46.0233,4055,"[-0.6609, 0.8846, 0.181, 0.1076, 0.223, -0.5639, -0.8704, -0.8073]","[0.8262, 0.7975, 0.0993, -1.276, 1.2354, 0.6557, -0.5812, -0.5983]",dt=2024-01,Polyethylene,37-87,0.8154,9481,0.9007,62.7661,OI6 9LU,"$674,263,772",7-79,Lee,9.0438,-49.85%,-0.5631,Designer,0.3293,39602,9836.371,0.39%,39.2539,"[32.19, 68.26]",2019-06-23T02:02:55Z,28-82,26.5611,45-55,2842,3.3163,96.24,"$1,782,552",36.953,BP 140/84 HR 113,300,"[-0.1764, 0.3684, -1.1722, -0.9002, 0.1229, 0.3403, 0.1986, 0.2734]",0.8218
48.48%,283,1757,Water Lilies,approved,6560,26.701,0.6781,"[1.2292, 0.8288, -1.633, -1.2552, 0.4364, -0.1315, 0.7767, -0.3042]",Tech Conference 2022,0.7073,C6H12O6,1.0.73,-0.4426,325853476,"[-0.4355, 0.6242, -0.1056, -0.3621, -0.8128, -0.3962, 0.452, -0.1784]",7612,AUD,5463,20-76,-0.4662,Namaste,7380-9588,9.9077,0,57.8,73.6,Oliver,5.3006,public.users,Major finding: data retention,894,dt=2024-01,0,6130 Pine Rd,6673.8667,"[22.76, 82.77]",Fe2O3,1,-8.2659,2860,"[-0.6, -0.7746, -0.6306, 0.6865, 0.451, 0.1437, -0.5791, 0.3881]","[0.4554, -0.7597, -0.4865, -0.7838, 0.0378, 0.4696, 1.3033, 0.7272]",dt=2024-01,Steel,5-84,0.7378,1995,0.3794,22.6848,PY3 7EO,"$76,623,707",27-51,White,22.6697,-22.5%,0.1501,VP Engineering,0.5698,12161,-525.7472,-21.94%,25.3526,"[16.06, 79.25]",2021-02-16T00:02:45Z,7-64,41.2982,10-57,7628,9.0869,77.7,"$3,415,973",-81.4526,BP 115/98 HR 57,915,"[-0.2346, -0.5222, 0.2352, -0.0212, 0.5731, 0.5588, 0.1703, 0.9461]",6.5504
-29.13%,761,4618,Starry Night,cancelled,8909,4.8499,-0.2213,"[0.1568, -0.3043, 0.6241, -2.4057, 0.4045, 3.0173, 0.5838, -0.1512]",Global Summit 2026,0.0019,Fe2O3,4.15.0,-0.9435,578634382,"[0.3364, -0.1448, -0.1465, -0.3753, -0.2196, -0.311, 0.3053, -0.2134]",4965,CAD,2423,9-84,0.72,Konnichiwa,3699-6847,32.9693,0,2.94,3.16,Emily,20.661,public.users,Major finding: data retention,1139,region=us-east,1,4598 Pine Rd,-812.2037,"[12.82, 92.13]",C6H12O6,0,17.3005,3022,"[0.1794, 0.7539, -0.0394, -0.4401, -0.1464, -0.1297, 0.3713, 0.3197]","[-1.1704, 0.2202, -2.0204, -1.1757, 0.9591, -2.0419, -1.0218, -1.0288]",region=acme,Steel,36-88,0.685,1991,0.2254,17.777,NQ2 4YM,"$707,432,977",26-77,Walker,11.9395,-9.01%,-0.6026,Data Analyst,0.5157,83597,8419.9283,-38.68%,44.4906,"[9.7, 73.06]",2021-12-04 08:51:11,6-54,-64.9458,33-71,1829,8.8999,3.26,"$2,246,612",33.9718,BP 158/86 HR 117,597,"[-0.2189, -0.4272, 0.4372, 0.1259, -1.5879, -0.1628, -0.9603, 0.4467]",38.2338
35.45%,855,4986,The Persistence of Memory,cancelled,9285,18.5972,0.058,"[0.0951, -0.4952, -0.7633, -2.2878, 1.1233, -0.3109, 1.0032, 1.8105]",Annual Summit 2023,0.1022,H2O,5.13.84,-0.6342,686000415,"[-0.5738, -0.1063, 0.2261, 0.1534, 0.426, -0.6018, -1.1178, 0.2171]",1867,INR,3649,7-80,-0.7768,Namaste,8698-6020,44.1338,1,9.82,42.8,Robert,32.6595,hr.employees,Non-conformance: access control,9466,dt=us-east,0,1702 Pine Rd,9899.7274,"[8.11, 72.53]",C6H12O6,0,-10.7328,8070,"[0.3873, 0.5402, 0.3112, -0.1203, -0.2992, 0.0808, -0.3913, 1.0741]","[-0.3822, 0.5014, -0.0255, -0.5457, 0.0531, -0.2044, -0.2136, 1.2434]",tenant=acme,Steel,20-60,0.3945,1931,0.8939,-46.3919,25961,"$609,394,905",35-80,Moore,3.4466,8.45%,-0.1588,Product Manager,0.1106,51643,1388.9009,36.58%,44.713,"[13.24, 69.13]",2024-11-18T19:39:20Z,40-61,-9.5193,32-71,9388,8.1389,59.66,"$4,315,674",60.0477,BP 106/86 HR 106,455,"[-0.8861, 0.1932, -0.4229, -0.3527, 0.1205, -0.35, -0.6077, -1.3489]",3.6977
-2.33%,473,6908,The Scream,inactive,3639,30.2486,0.4133,"[-0.4572, 0.9001, -0.882, 1.1649, 0.3095, 0.1615, -0.0806, 0.541]",Global Conference 2022,0.4308,E. coli,2.3.89,0.7168,102165681,"[-0.759, -0.7787, -0.1895, 0.6932, -0.7253, 0.8352, -0.0739, -0.44]",1904,CHF,1042,1-88,-0.2478,Bonjour,2724-8630,14.1677,0,63.54,5.96,Olivia,42.8047,sales.orders,Major finding: data retention,6707,dt=acme,1,8164 Elm St,6360.2212,"[12.94, 80.44]",H2O,1,-54.9385,739,"[0.1316, -0.1966, 0.3321, -0.164, 0.4527, -0.1156, 0.2255, -0.9017]","[-0.2976, -0.723, -2.1508, -0.765, -1.6893, -0.4861, 1.1223, 1.7533]",tenant=acme,Titanium,28-72,0.8008,9326,0.1422,-83.0189,14303,"$718,711,123",21-79,Miller,28.81,6.84%,0.4182,Sales Rep,0.1554,31378,1067.5357,11.57%,13.2845,"[22.65, 87.77]",2018-12-15T14:23:02Z,11-92,-58.1094,30-73,5036,4.3658,86.94,"$2,869,644",17.2425,BP 94/89 HR 71,782,"[0.3329, -0.2181, 0.7943, 0.3514, -0.2041, -0.2506, 0.1735, -0.0232]",22.5259
-0.07%,199,1383,The Persistence of Memory,cancelled,4328,30.6823,-0.5759,"[1.2484, -0.0789, -0.6821, -0.99, -1.4808, -0.873, 0.4763, 1.2043]",Data Forum 2025,0.3354,E. coli,5.0.67,0.3193,711247393,"[-0.2588, -0.0111, -0.1373, 0.0992, 0.0046, 0.0875, 0.4709, -0.4758]",1952,AUD,8882,11-95,-0.1378,Bonjour,6871-9234,45.2895,1,3.68,72.89,Ethan,2.6627,sales.orders,Observation: backup schedule,3895,dt=us-east,0,9919 Maple Dr,5891.2509,"[39.05, 78.78]",H2O,0,70.153,1609,"[-0.9373, -0.6057, -0.2473, -0.3571, 0.3799, 0.3909, 0.4181, 0.7338]","[0.008, -0.8031, 1.1732, 1.8291, 0.1082, -0.713, 1.0808, -0.4803]",region=2024-01,Steel,25-100,0.7483,5882,0.6985,25.3149,WY5 5LY,"$876,954,971",12-73,Smith,13.9942,12.4%,-0.3479,Sales Rep,0.1664,72449,5550.5099,-49.74%,24.2006,"[35.77, 65.87]",2023-12-22T15:37:06Z,29-66,-53.473,35-78,2216,1.3391,19.46,"$4,783,553",95.4121,BP 104/94 HR 70,928,"[0.3192, -0.7305, -0.3929, 0.5467, 0.544, 0.2681, 0.6143, -0.2964]",45.3948
-12.38%,836,4256,The Scream,rejected,4855,49.284,-0.8764,"[-0.1268, 1.2048, -0.505, -0.5279, -1.4913, -0.9938, -1.3854, -0.6564]",Data Conference 2023,0.9485,C6H12O6,2.13.10,0.6263,036521487,"[-0.2898, -0.4376, -1.3006, 0.9078, 0.0362, 0.3987, 1.0839, 0.8395]",7302,INR,6269,34-61,-0.8899,Bonjour,4084-2117,22.2693,0,12.57,93.34,David,36.1532,hr.employees,Non-conformance: access control,8912,dt=2024-01,1,5188 Park Blvd,2445.4345,"[21.57, 72.44]",Fe2O3,1,-77.6219,5154,"[0.3694, -0.0794, -0.316, 1.3855, 0.3007, 0.2875, -0.1595, 0.8125]","[0.2854, -0.6048, -0.7757, -0.1947, -0.8863, 0.5625, 2.1596, 0.2105]",tenant=acme,Titanium,1-81,0.8824,2736,0.933,-2.2214,64298,"$622,152,087",20-98,Smith,5.4189,9.52%,0.8678,Software Engineer,0.5912,60236,9562.6501,33.61%,41.2389,"[13.37, 68.07]",2020-06-17T13:28:37Z,21-57,-77.3119,35-81,5706,8.3628,78.95,"$4,796,430",-14.0542,BP 180/104 HR 102,186,"[0.2134, -0.2046, 0.2455, -0.1482, -0.4095, 0.424, 0.2311, -0.257]",37.3722
-37.69%,213,7470,The Scream,failed,3337,48.515,0.9956,"[1.7427, 0.1974, -0.0682, -0.6705, -2.4045, -0.172, 0.2344, 0.9997]",Annual Summit 2026,0.0273,C6H12O6,1.7.71,0.852,471950580,"[0.3531, -1.0803, -1.0634, -0.0956, 1.1896, 0.4555, -0.1044, -0.0504]",46,GBP,6545,1-81,-0.4483,Bonjour,8565-5703,38.8881,0,35.25,12.62,Lucas,23.4491,sales.orders,Major finding: data retention,4479,region=us-east,1,8336 Oak Ave,7800.8604,"[5.16, 70.8]",C6H12O6,0,-22.2444,855,"[-0.0112, -0.3338, 0.3545, 0.5107, -0.9783, 0.7151, -1.2877, 0.1654]","[0.6603, 0.7112, -1.417, 0.1633, -0.2615, -0.6718, -1.0534, -0.3286]",dt=acme,Steel,8-74,0.3922,3886,0.5627,43.1656,BM6 4QI,"$439,475,727",34-93,Jones,20.0306,-37.03%,-0.2057,Product Manager,0.4777,14902,1587.6445,-14.21%,32.6501,"[0.99, 64.56]",2020-08-22 02:47:01,0-66,-69.6528,24-99,2310,2.7323,53.09,"$750,674",53.1431,BP 140/73 HR 107,509,"[-0.8452, 0.2176, -0.4869, -0.0542, -0.3157, -0.1647, 0.6932, 1.1029]",29.0519
-25.88%,90,2176,The Persistence of Memory,inactive,9447,18.5814,-0.3569,"[-0.1575, -0.5874, 1.0469, 0.0775, -2.4413, -1.3607, -0.6541, -3.2435]",Global Forum 2022,0.1329,H2O,4.18.91,-0.2403,114861689,"[-0.0047, 0.4311, 0.9464, 0.0921, -0.3963, -0.0405, 0.3784, 0.3239]",4873,AUD,373,18-77,-0.0248,Konnichiwa,5100-6953,39.3477,0,7.97,45.3,Lucas,47.0675,public.users,Non-conformance: access control,6860,dt=2024-01,0,931 Cedar Ln,735.2772,"[14.33, 96.73]",Fe2O3,1,-64.9571,5487,"[0.4689, -0.0584, -0.0739, -0.0842, -0.3152, 0.2692, 0.3551, -0.3496]","[-1.013, 1.5301, 0.1939, -0.2416, 0.2637, 1.1919, 0.3555, 0.9725]",tenant=acme,Steel,38-95,0.8666,4808,0.6985,-76.3853,16643,"$988,024,046",49-99,Harris,31.3301,-14.42%,-0.2873,Data Analyst,0.4388,73793,5386.5932,39.46%,41.596,"[0.53, 83.54]",2018-05-27T01:00:01Z,31-68,-7.4069,30-65,4515,8.5958,95.46,"$4,347,035",-40.4417,BP 133/107 HR 58,563,"[-0.5086, -0.0072, 0.0131, -0.0094, 0.2994, -1.3626, -0.5725, -0.4225]",34.7305
27.31%,185,950,Water Lilies,completed,6056,5.7539,0.913,"[0.4529, 2.5831, 0.0226, 0.6116, 0.3165, -0.8713, 0.7052, -0.5132]",Global Forum 2020,0.9045,E. coli,2.12.40,-0.6917,716206288,"[0.263, -0.6008, -0.0476, 0.2918, -0.436, 0.975, -0.675, -1.2219]",2195,USD,9840,40-79,-0.9627,Guten Tag,1074-1097,8.9313,0,53.89,65.47,Logan,7.3156,public.users,Observation: backup schedule,5526,tenant=acme,0,6804 Cedar Ln,6816.0674,"[12.59, 61.31]",E. coli,1,52.4818,5273,"[-0.5112, 0.1201, -0.2541, 0.111, 0.3387, 0.2663, 0.2179, 0.2097]","[1.0695, -0.4925, 0.907, 0.1622, 0.4569, -0.3406, 0.2995, -0.0315]",tenant=2024-01,Aluminum,31-93,0.0038,9321,0.692,-76.2518,83109,"$748,086,612",18-82,Brown,27.7598,35.81%,-0.5645,Sales Rep,0.4887,66479,8811.8268,45.38%,26.1671,"[7.58, 83.3]",2025-01-12 18:50:16,39-74,-12.9002,12-84,5400,9.6884,15.5,"$1,403,810",-15.4057,BP 103/101 HR 118,351,"[0.4616, 0.9195, -0.4627, 0.1422, -0.5322, -0.1501, 0.0917, -0.808]",41.2058
45.86%,159,7277,The Scream,pending,5032,5.9634,-0.5264,"[-0.0082, -0.2861, 2.5065, -1.1925, -0.6842, -0.048, -0.5445, 0.5277]",Data Conference 2021,0.8971,H2O,2.14.25,-0.6119,241198247,"[-0.733, -0.1487, -0.4984, -0.1515, -1.0197, -0.4233, -0.0761, 0.1873]",5681,EUR,6501,24-61,-0.6959,Namaste,9855-1262,10.259,0,10.65,5.53,Jennifer,20.6493,sales.orders,Non-conformance: access control,5383,region=us-east,0,885 Pine Rd,9764.0693,"[14.04, 69.32]",E. coli,1,76.2727,3936,"[0.2941, -0.1009, 0.1719, -0.4838, 0.5441, 0.2137, 0.0269, 0.2263]","[-0.4904, -0.0423, -2.1601, 1.2364, 0.2155, 0.1179, -0.4874, 0.0017]",region=us-east,Aluminum,22-77,0.6419,5845,0.2322,58.9121,28777,"$304,967,003",38-57,Smith,30.0044,-20.27%,-0.5364,Designer,0.2213,41933,9701.4388,-9.36%,39.0078,"[33.97, 67.3]",2018-08-04 17:22:04,14-75,30.3168,21-64,1014,2.5795,70.64,"$3,165,695",23.4832,BP 156/85 HR 78,173,"[0.6335, -1.2129, -0.5837, -0.1039, 0.5631, -0.1991, 0.1547, 0.1787]",40.0663
17.39%,302,6692,Starry Night,approved,8459,24.0953,-0.7874,"[1.7855, -0.7229, 0.2204, -0.4825, 1.6606, -0.6557, 0.9418, -2.5383]",Tech Expo 2025,0.5858,Homo sapiens,0.19.28,0.1621,118536124,"[0.0096, 0.0507, 0.0388, -0.0373, -0.7054, -0.0624, -0.013, -0.3925]",4363,GBP,6591,41-77,-0.9332,Konnichiwa,6516-2384,29.8617,1,4.97,70.56,Jennifer,20.7884,hr.employees,Non-conformance: access control,6875,tenant=acme,0,3491 Elm St,6464.0823,"[35.67, 79.07]",H2O,0,10.7152,6099,"[0.4548, 0.4069, -0.2601, 0.1618, 0.3652, -0.5498, -0.2311, -0.1349]","[-0.0665, 0.5217, 0.1793, -0.3064, -0.3111, 1.0999, 0.8534, 0.0807]",tenant=acme,Polyethylene,41-73,0.5192,5407,0.7141,-1.7896,59689,"$69,663,905",21-82,Davis,19.7272,39.97%,-0.3543,Designer,0.9725,16795,2617.7802,-42.75%,40.6595,"[13.95, 98.29]",2025-07-16 11:11:22,41-51,-49.6599,40-91,1773,3.3301,59.93,"$2,727,842",-33.8246,BP 166/82 HR 110,495,"[0.2678, 1.0056, -0.6916, 0.7543, 0.3687, -0.6771, 0.7319, -0.2425]",36.8334
48.66%,389,8658,The Persistence of Memory,cancelled,5690,3.9804,-0.0934,"[0.0942, -0.7142, -0.3503, 1.1287, -0.7718, 0.4971, -1.089, -0.1749]",Data Conference 2025,0.1302,NaCl,4.8.21,-0.0132,327711044,"[0.1951, 0.351, -0.0774, -0.1655, 0.0321, -0.4635, 0.6971, -0.5815]",4957,CAD,2904,42-97,0.4153,Guten Tag,9490-9953,35.1255,0,63.99,92.59,Harper,44.1036,public.users,Major finding: data retention,3558,region=acme,1,4013 Oak Ave,5867.247,"[30.3, 97.55]",NaCl,1,-81.7109,9280,"[-0.6119, -0.0771, 0.3763, -0.3573, 0.39, 0.5853, 0.1001, 0.7591]","[-0.7058, 0.858, -0.8848, 0.2525, -1.986, 0.3123, 0.3134, 0.0073]",region=us-east,Glass,31-79,0.935,831,0.1351,-87.0662,85634,"$273,716,646",32-83,Johnson,13.8445,-34.94%,-0.7322,Designer,0.7523,78441,1593.0617,11.98%,6.7574,"[1.84, 91.44]",2025-11-23T03:50:05Z,50-95,-41.1565,46-58,7483,0.3988,21.52,"$2,965,147",15.2805,BP 112/94 HR 55,54,"[-1.1346, -0.1499, 0.635, 0.1517, 0.0487, -0.6056, 0.7994, 0.6463]",36.215
-18.85%,214,4287,The Persistence of Memory,cancelled,1660,12.8674,0.7913,"[-0.1962, -0.9843, -1.0827, 0.7662, 0.2718, -1.1133, 1.4042, -0.2498]",Annual Expo 2023,0.155,C6H12O6,4.17.69,-0.3197,659219485,"[-0.1478, -0.1584, -0.082, 1.2626, -0.2733, 0.4021, -0.0758, -1.1615]",9484,BRL,6942,25-64,-0.7553,Guten Tag,4083-1713,23.1337,1,42.58,61.88,John,13.1015,analytics.events,Non-conformance: access control,1196,dt=acme,1,2754 Cedar Ln,-656.9711,"[18.33, 93.35]",E. coli,0,-2.4739,150,"[0.1676, -0.1653, 0.3472, 0.3371, -0.1925, 0.1748, 1.2725, -1.1313]","[-0.2403, 0.2419, -0.0375, -0.096, -0.301, -0.8569, -0.2566, 0.8774]",dt=us-east,Polyethylene,4-74,0.1967,1354,0.9438,14.8154,36732,"$731,474,378",44-96,Taylor,46.9199,2.22%,-0.297,Designer,0.0705,40612,6395.9858,-3.64%,11.3984,"[10.94, 86.87]",2024-09-04 00:57:18,3-71,2.2979,22-89,4812,3.5589,59.13,"$1,253,251",-75.2549,BP 108/86 HR 60,839,"[-0.7547, 0.5406, -0.3975, -0.3756, 0.0659, -0.275, -0.029, -0.1421]",41.3967
-11.61%,641,1711,The Persistence of Memory,active,188,49.1343,-0.5642,"[-1.4012, 0.1153, -0.394, -0.8582, 0.251, -0.7961, 0.9174, -1.3111]",Annual Expo 2022,0.5096,E. coli,3.1.27,0.9428,521623590,"[0.4065, -0.3478, 0.0103, 0.6136, -0.3815, 0.2508, 0.0835, -0.7101]",538,JPY,704,25-86,0.4671,Hola,7158-3933,5.4988,0,16.09,97.03,Mason,48.9626,hr.employees,Major finding: data retention,2051,tenant=us-east,0,1796 Elm St,1014.197,"[12.2, 72.52]",E. coli,0,-66.0942,6888,"[0.5841, -0.3827, 0.919, 0.0508, 0.5289, 0.0569, 0.8723, 0.2171]","[1.0797, -1.1494, 0.9902, 0.2826, 0.3161, 0.0783, 1.1451, 0.3187]",tenant=us-east,Aluminum,5-72,0.4121,9463,0.2287,-9.6048,AB4 3KY,"$953,184,111",4-68,Thompson,12.4746,11.9%,-0.1271,VP Engineering,0.8865,54694,-642.123,25.04%,5.8691,"[13.76, 69.99]",2021-02-13 02:14:49,29-87,62.028,0-51,665,1.2244,90.45,"$3,802,248",-2.7276,BP 148/87 HR 112,357,"[-0.6625, -0.2195, 0.1348, 0.0929, -0.4634, 0.2249, -0.1145, 0.4581]",31.8657
-6.35%,729,5433,Water Lilies,pending,4632,18.943,-0.4179,"[0.6349, -0.9765, -1.1467, -0.327, 2.0383, 1.2147, -0.7065, 1.0929]",Global Summit 2025,0.5765,C6H12O6,4.18.91,0.5769,140226381,"[0.1132, -0.1342, -0.29, -0.3089, 0.3231, -0.6591, -0.7991, 0.2413]",5491,EUR,3631,26-85,-0.4014,Hola,3758-5212,21.3374,0,31.27,76.17,Susan,23.6413,sales.orders,Non-conformance: access control,4446,tenant=us-east,0,5399 Elm St,8213.3721,"[11.17, 99.07]",H2O,1,-48.6642,9508,"[-0.5184, 0.2838, 0.3821, 0.2966, -0.2569, -0.4157, 0.3687, -0.1717]","[-0.9984, 0.0244, -0.7402, -0.1965, -1.0582, -0.6283, -0.8862, 2.0803]",dt=acme,Steel,49-69,0.9218,5620,0.2698,5.2457,IB9 8QO,"$267,343,377",34-63,Anderson,46.9723,48.6%,0.0645,Sales Rep,0.2051,27824,730.3863,-27.64%,27.9797,"[20.88, 96.5]",2023-09-20T23:57:07Z,49-64,-33.8354,39-90,6288,0.2665,14.34,"$1,659,891",58.798,BP 127/80 HR 58,950,"[-0.2323, -0.0468, 0.4463, -1.07, 0.6149, -0.2886, -0.0247, -0.4435]",26.5912
-28.8%,500,6935,The Persistence of Memory,failed,3530,18.6641,-0.1779,"[0.0875, 0.2436, -0.8807, 0.9467, -0.0784, -1.4436, -0.0405, 0.55]",Annual Summit 2026,0.9079,Fe2O3,0.8.84,0.168,252665192,"[0.5512, 0.156, -0.3493, -0.7257, 0.0017, -0.4612, 0.8755, -0.1392]",6214,CAD,1294,47-58,0.1936,Konnichiwa,9243-1017,13.3686,0,63.84,67.79,Noah,48.4065,sales.orders,Non-conformance: access control,5771,dt=us-east,0,2433 Maple Dr,6229.3114,"[8.58, 93.59]",H2O,0,-1.5695,1432,"[-0.5613, 0.5571, 1.2452, -0.6974, -0.2139, -0.3394, 0.3639, 0.1336]","[-0.1442, -0.3366, -0.8729, 2.4736, 2.1743, 1.05, 0.6396, 1.2925]",dt=us-east,Carbon Fiber,45-90,0.3002,6136,0.1027,48.5871,87334,"$899,371,162",10-57,Davis,29.5119,-33.97%,0.6708,Software Engineer,0.5076,43848,5518.3269,-23.99%,12.9943,"[3.95, 65.13]",2024-09-23T12:03:50Z,8-62,-28.6669,37-83,2481,5.8806,57.12,"$4,154,107",-1.6761,BP 165/63 HR 93,598,"[-0.0014, 0.5701, -0.5854, 1.1924, -0.2692, 0.0155, -0.8305, 0.0958]",14.63
33.38%,754,9347,Starry Night,completed,722,31.0185,-0.7985,"[-0.9775, -0.0853, 0.1181, 0.1659, -0.9387, 0.3025, -0.8878, -0.4617]",Tech Conference 2025,0.138,NaCl,4.5.21,0.732,787854824,"[0.4494, -0.5885, -0.0754, 0.5886, 0.3552, -0.6428, 0.2835, 0.2413]",4112,CAD,8830,21-68,0.1921,Bonjour,9678-7482,35.6823,1,19.58,96.58,Harper,36.0429,analytics.events,Major finding: data retention,6604,dt=acme,1,6444 Main St,4490.8915,"[18.7, 72.23]",Homo sapiens,1,-10.0493,8881,"[-0.4665, 0.2595, 0.306, 0.6643, -0.3137, 0.1819, 0.1187, 0.2055]","[-1.899, -1.4186, -0.0624, 1.0013, 0.0468, -1.0376, 2.6807, 0.9613]",tenant=us-east,Glass,45-53,0.7506,3663,0.8255,-15.3443,NR7 8DD,"$710,320,808",21-90,Clark,2.7551,-12.53%,0.5517,VP Engineering,0.6509,54589,7782.6822,-39.69%,13.7614,"[26.39, 60.56]",2026-03-12T13:50:25Z,28-91,-88.8664,8-63,3667,0.4417,92.26,"$4,773,939",-48.6425,BP 119/71 HR 89,407,"[-0.4948, -0.0508, 0.9009, 0.1243, 0.3002, 0.4523, 0.0713, 0.4697]",19.5929
-33.59%,345,5310,Water Lilies,cancelled,1812,3.8024,0.5642,"[-2.224, -1.075, -0.2557, -0.616, -1.4215, 0.6208, -2.8321, 1.2547]",Data Summit 2022,0.1333,Fe2O3,0.7.10,-0.0833,153690662,"[-0.2767, 1.2276, -0.175, 0.0601, -0.658, -0.5316, -0.1254, -0.0298]",5928,INR,6017,6-83,-0.1391,Konnichiwa,4782-2821,29.6252,1,13.33,4.2,Sophia,32.9209,analytics.events,Non-conformance: access control,8103,tenant=us-east,0,6324 Cedar Ln,1668.1509,"[37.63, 90.06]",H2O,0,-76.1222,2932,"[-0.4378, -0.2231, 0.0761, -0.7706, 0.8051, -0.2473, 0.9197, 0.7161]","[1.2304, 0.0414, -1.3345, -1.9862, 0.337, 0.7654, 0.5539, -0.0744]",region=us-east,Aluminum,33-90,0.7308,2176,0.5672,63.2713,US4 6QM,"$976,275,191",32-62,Brown,17.9614,-43.95%,-0.6103,Product Manager,0.6257,2556,4005.2631,16.96%,3.8116,"[18.02, 83.47]",2022-07-09 12:33:43,30-88,91.615,37-86,6719,3.7046,42.5,"$4,494,941",-48.6842,BP 159/72 HR 61,868,"[0.3564, -0.6006, 0.3415, 0.0648, 0.3931, -0.2654, 0.6443, 0.2471]",10.4189
35.22%,449,4751,The Persistence of Memory,approved,3565,41.0478,0.0964,"[0.1961, 0.1699, 1.6542, 1.1072, -0.8164, 1.1179, 0.9587, 0.1807]",Global Forum 2025,0.4428,H2O,0.9.28,0.753,721707649,"[-0.2045, -1.0629, 0.2349, -0.0631, -0.4783, -0.6534, -0.3043, -0.3267]",513,USD,2070,31-60,0.7112,Guten Tag,1946-9782,49.8824,1,88.14,97.33,Michael,26.1724,public.users,Non-conformance: access control,978,dt=2024-01,0,4726 Maple Dr,9958.4702,"[24.21, 66.71]",C6H12O6,0,-70.0339,1520,"[0.2219, 0.1903, -0.4701, -0.5982, -0.4515, -0.007, 0.2404, 0.8345]","[-0.9242, 1.0226, 1.173, -1.1696, -0.4137, -0.6133, -1.7681, -0.2753]",region=2024-01,Steel,22-92,0.9343,963,0.4084,62.8602,84117,"$655,798,485",4-91,Harris,41.7504,21.35%,-0.4245,VP Engineering,0.5915,36048,8581.5045,-13.52%,45.9155,"[0.89, 83.07]",2023-01-22T12:07:32Z,8-85,-29.5508,24-62,1955,7.9828,38.81,"$2,257,785",15.2516,BP 171/83 HR 118,819,"[0.1427, 0.6435, -0.3078, 0.3649, 0.0243, -0.0128, -0.1906, -0.5236]",40.8897
46.42%,641,5406,The Scream,active,2334,26.4467,-0.2916,"[1.477, 1.3353, 0.0713, -0.0617, -0.2566, -0.1737, 0.8593, 1.3845]",Data Conference 2023,0.7231,E. coli,2.6.77,-0.2009,289741128,"[0.5632, 0.3994, -0.3165, -0.3056, 0.021, 0.2148, 0.0834, 1.0729]",6578,BRL,306,30-93,0.5561,Namaste,2311-7744,38.7104,1,29.21,81.13,Michael,30.8254,sales.orders,Observation: backup schedule,8495,region=2024-01,1,6664 Park Blvd,8378.3031,"[1.26, 70.96]",C6H12O6,1,-37.0531,6312,"[-0.5523, -0.1282, -0.3664, -0.6031, 0.258, 0.2171, 0.1208, 0.9127]","[1.598, 0.4042, -0.7339, 1.2644, -0.4389, 0.6477, -0.8253, -0.6178]",dt=acme,Polyethylene,48-71,0.0459,3543,0.6238,3.4463,85474,"$313,644,957",21-68,Anderson,16.522,25.12%,0.8971,Product Manager,0.5155,25224,1961.9394,49.76%,2.1202,"[4.01, 88.88]",2026-09-05T19:05:02Z,29-94,-20.2693,43-81,9834,1.5603,95.62,"$4,300,825",-87.1441,BP 118/75 HR 75,161,"[-0.0188, -0.8738, 0.3858, -0.4985, -0.1478, 0.6787, 0.2541, 0.6272]",49.8186
-43.31%,72,2853,Water Lilies,cancelled,3928,37.448,-0.1622,"[1.1569, 0.1831, -0.8103, 0.1208, -0.7487, 0.5518, 0.5132, -0.1566]",Global Summit 2026,0.0006,E. coli,1.15.27,0.0563,620085349,"[0.0518, -0.4077, 0.4046, 0.152, -0.4237, 0.3118, 0.1913, 0.0731]",9893,CHF,747,33-63,0.8976,Guten Tag,4255-1249,20.7792,0,63.41,89.24,Amy,5.5742,sales.orders,Non-conformance: access control,8238,region=us-east,1,328 Elm St,9691.1475,"[4.15, 80.56]",E. coli,0,-19.1084,6031,"[0.1763, -0.9999, -0.471, -0.317, 0.079, -0.2036, 0.0601, 0.534]","[-0.4228, -0.3365, -0.717, 0.7071, -0.201, -0.4516, -2.5626, -0.8999]",region=acme,Aluminum,43-58,0.0105,8107,0.5715,7.0468,TY7 6GS,"$278,525,710",41-55,Johnson,14.6595,21.13%,-0.6481,Data Analyst,0.5937,59011,1537.5392,-46.83%,21.6087,"[12.23, 84.8]",2026-07-15 12:36:08,33-96,49.494,11-82,9263,4.4826,49.89,"$2,940,224",-15.6325,BP 147/95 HR 106,836,"[1.158, 0.7135, -0.4896, -0.2896, -0.0894, 0.4855, -1.0039, -0.3163]",9.1804
-13.46%,717,8482,Starry Night,completed,621,34.6,-0.7509,"[0.596, 1.7525, -0.1758, 1.6258, 0.514, 0.6013, -0.2158, -0.6975]",Global Summit 2023,0.4897,Homo sapiens,5.15.60,0.6446,840952247,"[-0.6878, 0.7256, -0.2022, -0.5512, 0.2871, 0.9461, 0.4301, -0.4128]",201,INR,4086,10-77,0.5496,Bonjour,7333-2298,6.4843,0,67.45,72.42,Jessica,2.3137,analytics.events,Non-conformance: access control,4204,dt=acme,1,7038 Main St,742.7393,"[21.21, 98.88]",Homo sapiens,1,-59.7601,425,"[0.4295, -0.6643, 0.5588, 0.3494, 0.4714, 0.2812, 1.0875, 0.0731]","[1.0267, -0.9714, 1.2433, -0.3756, 1.2227, -0.8016, 0.629, 0.38]",dt=us-east,Carbon Fiber,26-52,0.9036,1606,0.3836,-95.7149,DX3 9UR,"$847,714,376",16-69,Garcia,21.7822,-4.93%,0.5117,Product Manager,0.1016,76657,8795.1847,-43.58%,3.5105,"[1.11, 90.37]",2022-01-26 18:58:45,42-93,-16.845,46-96,2541,8.6303,95.54,"$4,709,010",39.7567,BP 145/110 HR 83,892,"[0.4946, 0.3044, -0.7151, 0.2743, -0.0599, -0.5283, 0.0795, 1.2955]",18.8005
-13.94%,66,8735,The Scream,active,1536,31.7016,-0.9463,"[-0.651, -0.5414, -0.0493, -0.7238, 1.2868, -0.8374, -0.0866, -0.5654]",Data Forum 2020,0.8171,C6H12O6,2.20.49,0.5167,514745299,"[0.0384, -0.4928, 0.4629, -0.3238, -0.8352, -0.1084, 0.0203, 0.7228]",6642,CAD,4624,7-55,-0.5132,Guten Tag,8426-7386,45.1895,1,37.86,93.32,Ethan,20.7467,analytics.events,Observation: backup schedule,8713,region=acme,0,2804 Maple Dr,6671.9748,"[3.03, 76.1]",C6H12O6,1,57.4933,3721,"[-0.5013, -0.1387, 0.3568, 0.1208, -0.3968, -0.4438, -0.2323, 0.0373]","[-0.0454, -0.0181, -0.5641, 0.2644, 0.7176, 1.0275, -0.6133, 1.4053]",tenant=us-east,Polyethylene,36-92,0.3056,5863,0.6286,-39.0233,33262,"$350,438,895",9-68,Martinez,22.2109,-16.09%,0.3979,Data Analyst,0.7497,47056,-823.2608,-17.86%,9.0561,"[24.84, 91.15]",2021-08-09T16:29:32Z,47-96,-31.8755,30-76,4933,5.1632,93.01,"$2,337,026",40.251,BP 139/102 HR 63,193,"[-0.4339, -0.1753, -0.129, -0.2062, 0.3987, 1.0767, -0.0084, -1.4775]",8.3821
-19.42%,797,8072,Starry Night,cancelled,2613,23.2859,-0.8241,"[0.7075, 0.4021, 0.1075, 0.1175, -0.1455, 0.9015, 0.7252, 0.5754]",Global Conference 2022,0.5928,NaCl,0.2.34,0.8267,608560422,"[0.4175, 0.2889, 0.5727, -0.1408, 0.4078, -0.0195, -0.3182, 0.8148]",8629,JPY,9162,50-79,0.8044,Bonjour,5936-2499,21.5548,1,27.78,59.01,Lucas,22.3055,hr.employees,Observation: backup schedule,2013,tenant=us-east,0,4252 Maple Dr,1074.247,"[22.13, 77.54]",Homo sapiens,0,-51.9281,4971,"[0.1718, 0.3923, -0.0373, -0.1036, 0.0301, 0.1529, 0.4407, 0.4137]","[0.8325, 0.2101, -0.8933, -0.2731, -0.5587, 0.8584, -0.1266, 0.0147]",tenant=acme,Polyethylene,48-92,0.026,1271,0.3899,24.7876,GM9 5PZ,"$589,596,753",23-97,Clark,23.9924,-44.78%,0.9434,Data Analyst,0.5561,60480,1377.701,19.56%,34.6004,"[37.91, 87.54]",2022-05-19T04:07:54Z,32-97,36.7691,13-55,2581,3.1268,39.32,"$2,028,938",-99.6525,BP 98/92 HR 59,838,"[0.4944, -0.0255, 0.1135, -0.6071, -0.2165, -0.1929, 0.4229, 0.6117]",45.0427
2.23%,262,8977,The Persistence of Memory,approved,7958,35.2474,-0.0347,"[0.9323, 0.9065, -0.0573, -0.904, 0.5385, 0.1815, 0.2313, 1.024]",Annual Expo 2022,0.4331,H2O,1.4.71,-0.2365,180157323,"[0.6597, -0.1445, -0.0099, 0.561, 0.882, -0.6785, -0.0399, 0.0931]",4320,CNY,7950,28-60,-0.3016,Namaste,6394-7533,29.0464,0,71.34,58.8,Aiden,25.3793,analytics.events,Observation: backup schedule,3820,dt=acme,1,5012 Pine Rd,5437.9701,"[18.43, 83.43]",H2O,1,-32.7707,3341,"[1.1882, 0.7288, 0.1122, 0.3133, 0.094, 0.3612, -0.5723, 0.0503]","[-1.2399, -0.3189, 1.415, 2.0526, 1.0644, 0.3509, -0.6499, -0.5964]",dt=us-east,Polyethylene,45-73,0.7089,5304,0.4749,5.2337,83907,"$349,714,614",28-61,Moore,8.8153,10.39%,-0.7475,Data Analyst,0.7712,82276,1258.3367,24.69%,21.0347,"[7.93, 83.18]",2022-06-27 18:38:31,18-85,-27.3474,46-65,4585,5.6541,93.93,"$4,953,018",67.2705,BP 107/75 HR 64,200,"[0.1192, 0.2428, -0.3288, 0.7898, -0.1223, 0.8979, 0.5572, 0.4836]",45.0803
-47.41%,966,3856,The Persistence of Memory,active,1495,17.0417,0.6037,"[1.0605, 0.5042, -1.5767, -1.4569, 1.9715, 0.1455, -1.0234, -0.0013]",Global Expo 2024,0.5877,E. coli,4.7.7,-0.2467,015461004,"[-0.4047, -0.1046, -0.7563, -0.356, -0.4085, 0.2228, 0.1343, -0.0749]",6043,BRL,4768,21-83,0.5575,Hola,4309-6737,41.7332,1,39.28,41.92,John,44.6808,sales.orders,Observation: backup schedule,3699,tenant=us-east,1,1154 Pine Rd,6059.6151,"[12.32, 83.52]",Homo sapiens,0,-12.5692,974,"[-0.3456, 0.0083, 0.5282, -0.1855, -0.7465, -0.3417, -0.9307, -0.6936]","[-1.046, -0.0536, 0.2415, -0.8981, 1.4275, 0.5719, 0.1787, -1.3892]",dt=2024-01,Aluminum,27-60,0.8173,1257,0.9575,49.5855,XK4 7HD,"$623,766,559",17-85,Robinson,8.6299,-30.72%,0.3056,Designer,0.4495,6345,9981.7281,-29.04%,2.0891,"[22.39, 61.4]",2025-09-02 11:00:25,23-94,76.8305,34-97,7350,7.9692,90.98,"$1,930,845",-28.4648,BP 167/101 HR 72,961,"[1.2425, 0.489, 0.6727, -0.1808, 0.341, -0.5113, -0.2959, -0.137]",42.7196
-26.22%,290,6256,The Scream,inactive,9146,46.0399,0.1453,"[-0.1709, 0.0564, 1.0447, 0.3151, 0.0719, -0.8338, -0.1177, -0.2717]",Annual Conference 2020,0.0169,E. coli,1.3.49,0.665,196292416,"[-0.0995, -0.184, 0.3353, 0.0111, -0.2921, -0.3832, -0.2693, -0.3481]",4150,JPY,8298,35-81,0.8267,Guten Tag,8536-6636,23.1992,1,66.79,49.0,Michael,30.5194,public.users,Non-conformance: access control,4371,tenant=us-east,0,8674 Maple Dr,7365.7684,"[4.68, 80.79]",NaCl,0,77.3277,6716,"[0.4039, -0.9454, 0.4912, 0.4872, -0.9387, -0.2976, 0.0667, -0.0094]","[0.4036, 2.0479, -0.6179, 0.3144, 0.5077, -0.7087, 0.5204, -0.4563]",dt=2024-01,Polyethylene,32-80,0.2724,8006,0.7834,21.2195,AT4 3TZ,"$634,532,362",35-86,Brown,17.3146,31.33%,0.7754,Product Manager,0.8854,48506,6187.6726,-10.83%,39.1461,"[18.27, 61.88]",2021-07-09T01:31:40Z,50-71,17.0341,23-55,6362,4.394,14.3,"$1,942,446",-82.6459,BP 179/109 HR 82,489,"[-0.2477, -0.995, 0.2176, 0.8515, 0.4737, -0.2565, 0.4246, 0.5065]",46.8957
37.4%,381,9897,Starry Night,pending,1709,42.1749,-0.0961,"[2.5705, -0.6583, 0.9656, 1.2255, 0.4674, -0.8343, -0.9895, -0.4117]",Global Conference 2024,0.2275,Fe2O3,5.9.84,0.1995,342941680,"[0.0057, 0.1677, 0.0648, 0.4834, 0.855, -0.2659, -0.6803, -0.1213]",3173,AUD,8581,19-94,-0.4903,Hola,1119-6234,22.5214,1,75.0,39.75,Elizabeth,1.7575,sales.orders,Major finding: data retention,3270,tenant=2024-01,1,9154 Maple Dr,385.3532,"[31.62, 63.3]",C6H12O6,1,-97.5784,3070,"[-1.2789, -0.2422, 0.6137, 0.4794, -0.2336, -0.105, -0.529, -1.3082]","[0.5245, 0.6683, -0.9704, -0.3836, -0.3804, 1.5792, -0.3689, 1.6335]",tenant=acme,Titanium,1-67,0.7305,660,0.5592,94.5006,IZ7 7TQ,"$101,805,174",34-74,Thompson,31.2161,5.76%,0.3972,Designer,0.4785,14361,8769.0007,45.15%,47.4247,"[8.33, 92.89]",2024-06-23T23:11:15Z,47-97,19.4971,40-76,43,9.5045,20.14,"$4,538,426",35.0407,BP 120/88 HR 63,95,"[-0.1951, -0.3692, -0.2544, -0.488, -0.5282, -0.2528, -0.679, -0.7868]",25.89
7.43%,902,2667,Starry Night,active,9528,18.0405,-0.8617,"[-1.0274, 1.9659, -0.5223, 0.945, 1.0071, -1.1103, -0.1659, -0.8993]",Tech Summit 2020,0.5321,NaCl,3.8.33,0.8866,361300468,"[-0.3536, 0.3085, -0.2728, -0.2003, 0.336, 0.5595, -0.8667, -0.4112]",3077,USD,8018,47-53,0.4368,Bonjour,1319-9206,21.9775,0,94.33,97.03,Lucas,46.8086,public.users,Observation: backup schedule,7179,tenant=us-east,1,1843 Elm St,9533.4878,"[7.48, 77.85]",Homo sapiens,1,45.1909,5516,"[-0.3039, 0.1784, 0.6839, 1.1822, -0.4945, 0.1401, -0.3397, -0.447]","[-0.2266, 0.8662, 0.0621, 0.4838, -0.0336, 3.0909, 0.2594, 0.6811]",region=us-east,Titanium,10-99,0.7153,7603,0.5055,97.3617,98898,"$62,801,970",21-94,Jackson,47.049,39.04%,-0.768,Software Engineer,0.2453,4224,2987.2189,-21.58%,35.522,"[20.81, 60.72]",2020-12-23T04:07:56Z,14-55,52.7274,10-63,6692,8.1929,89.16,"$3,270,918",33.1245,BP 110/96 HR 65,289,"[-0.5764, -0.7522, -0.4536, 0.1051, -0.0082, -0.2728, -0.8398, -0.063]",5.6708
-16.04%,996,9993,Water Lilies,rejected,7416,26.3105,-0.2582,"[-1.0672, 0.9508, 1.0956, 0.3368, 0.403, 0.1234, -0.4629, -2.4295]",Global Conference 2024,0.1741,Homo sapiens,1.6.85,-0.288,454355264,"[0.2605, -0.4373, 0.4123, -0.4084, -0.0629, -0.0147, 0.1204, -0.3076]",6414,GBP,8124,12-51,0.7242,Hola,9469-3468,31.7858,1,4.17,0.67,Sophia,29.466,sales.orders,Observation: backup schedule,5129,dt=us-east,0,8844 Main St,4050.7047,"[11.12, 62.41]",NaCl,1,9.5796,2426,"[-0.3386, 0.1022, 0.2087, -0.2203, 0.2326, -0.0777, 0.553, -0.1277]","[-0.606, 2.2182, 0.5112, 1.8583, -1.5123, 0.3559, -1.7029, 1.0906]",tenant=us-east,Polyethylene,33-83,0.8696,1832,0.716,13.6235,KY9 4QQ,"$18,969,726",47-86,Thomas,13.9031,-36.78%,-0.9476,Software Engineer,0.4687,62753,1920.8479,3.47%,3.8735,"[17.81, 73.57]",2019-01-13 07:24:17,14-88,-71.5097,28-67,1583,2.3087,3.04,"$375,838",-71.1069,BP 148/74 HR 88,774,"[-0.7164, 0.4189, -0.7023, 0.3748, 0.7755, -0.2888, -0.457, 0.5909]",13.1331
21.19%,431,9115,The Scream,completed,7731,23.9728,0.3507,"[-1.5317, 1.3845, -2.064, -0.7925, -1.2885, -0.0984, 1.5889, -0.5194]",Data Forum 2024,0.0469,E. coli,4.3.87,0.5817,594510363,"[0.1874, -0.5432, 0.3346, 0.2335, -0.3623, 0.9783, 0.2145, 0.8817]",9379,AUD,2305,17-60,0.2486,Bonjour,4579-5943,36.4626,1,58.65,65.33,Sophia,36.5514,hr.employees,Observation: backup schedule,8240,dt=us-east,1,5040 Elm St,3764.221,"[12.46, 71.75]",Homo sapiens,0,49.1901,8194,"[-0.8958, 0.8145, -0.6868, 0.074, -0.7077, 0.1358, 0.0479, -0.718]","[1.3491, -0.594, 0.0021, -1.4546, -1.9276, 0.5059, -0.5017, 1.0719]",region=acme,Glass,26-91,0.2248,8419,0.5757,-52.342,CW9 7YM,"$448,118,576",42-74,King,35.445,25.05%,-0.6103,Sales Rep,0.7631,74152,9722.0922,-29.52%,49.8393,"[27.39, 63.21]",2022-07-18 12:07:04,48-69,-83.0086,20-84,1131,5.1015,7.27,"$2,664,724",-75.8588,BP 167/87 HR 116,398,"[0.0726, 0.5538, 0.2257, -0.5879, 0.6984, -0.0525, -0.1024, -0.4856]",26.4888
-46.63%,585,4429,Water Lilies,failed,3963,47.5213,0.7873,"[0.7407, -0.977, 0.3584, -0.5907, -0.2021, 0.0204, -0.5159, 2.2381]",Data Forum 2024,0.6212,C6H12O6,4.12.93,-0.8262,879353945,"[0.0286, 1.0467, -0.2839, -0.3142, -0.4616, -0.044, 0.6365, 0.1553]",9647,INR,2829,16-64,0.2932,Guten Tag,2205-5392,47.1751,1,86.79,27.45,Michael,47.6134,hr.employees,Major finding: data retention,858,tenant=2024-01,0,3094 Elm St,9346.3465,"[21.97, 69.96]",E. coli,1,-85.1809,4666,"[0.3582, 0.6639, -0.1345, 1.3462, 0.5087, 0.0883, 0.42, 0.7214]","[0.8644, 0.7357, -0.3118, -0.2122, 0.841, -0.3668, -1.3166, -0.0625]",region=2024-01,Aluminum,0-100,0.8485,7231,0.6975,-66.9337,63604,"$295,903,027",36-84,Johnson,28.7695,-44.28%,0.3459,Sales Rep,0.7946,35900,4384.0557,-19.21%,16.2446,"[26.49, 63.87]",2024-08-16 07:00:41,2-68,90.8117,14-98,5441,1.1925,30.89,"$2,174,514",-37.185,BP 163/67 HR 81,803,"[0.3235, -0.92, 0.5616, -0.0437, 0.3213, 0.9608, -0.6411, 0.0012]",23.2952
-39.67%,831,6092,The Scream,failed,8264,26.8769,0.9736,"[-1.718, 1.0607, -1.7749, 0.7024, 0.6741, 0.0626, 2.3688, -1.9317]",Data Forum 2020,0.5612,Fe2O3,3.0.41,-0.8404,314588675,"[0.2312, -0.6229, -0.5483, 0.9082, -0.1803, -0.1006, -0.0033, 1.2096]",4858,GBP,5757,14-66,-0.3227,Namaste,3715-1285,15.3602,1,7.22,28.45,William,24.936,analytics.events,Major finding: data retention,5212,tenant=2024-01,1,7562 Oak Ave,9984.2403,"[36.22, 78.75]",Fe2O3,1,-23.5327,4290,"[0.0879, 0.4477, 0.5545, 0.1025, 0.3508, 0.4383, 0.3519, -0.7528]","[1.3537, 2.3693, -1.1115, 1.7665, 0.7686, 0.4491, 1.2856, 1.576]",tenant=acme,Carbon Fiber,18-71,0.2341,8980,0.4794,-24.0081,30078,"$894,138,779",14-98,Miller,3.2625,43.48%,0.1449,Software Engineer,0.7928,30375,1177.7055,-24.57%,24.8573,"[4.35, 79.47]",2021-12-02 10:58:54,44-96,-88.9066,39-95,7083,2.947,40.88,"$1,589,934",-18.9058,BP 108/61 HR 60,838,"[0.7564, 0.2192, 0.5291, 0.2246, 0.6047, 0.0291, -0.2098, 0.0807]",4.7136
-24.69%,14,41,Starry Night,failed,555,29.6496,0.8457,"[-1.7061, 1.1272, 0.9535, 0.515, 0.207, -0.5905, 0.6574, 0.5235]",Tech Conference 2021,0.399,NaCl,4.19.69,0.3653,662973052,"[-0.376, 0.4651, 0.3599, -0.2666, -0.0383, 0.45, -0.7535, -0.1554]",3253,CAD,1074,34-81,0.3179,Guten Tag,4979-2470,20.0613,0,24.37,28.01,Ethan,33.1273,sales.orders,Major finding: data retention,3967,region=us-east,1,1869 Park Blvd,9084.6832,"[34.98, 78.87]",C6H12O6,0,19.2994,8612,"[0.9746, 0.0106, -0.3034, 0.4899, -0.0905, -0.0405, 0.4811, 0.1894]","[1.749, 1.1915, -0.5024, 1.5892, 1.4084, 0.3813, 0.1059, 2.5831]",region=us-east,Steel,45-82,0.8807,9421,0.2121,-59.4297,QE6 6WU,"$549,962,976",7-52,Rodriguez,3.3816,9.35%,0.8995,Data Analyst,0.5959,28186,2301.7317,25.37%,49.9049,"[5.24, 79.5]",2025-04-15 16:18:45,17-73,80.2021,48-74,2560,7.2437,60.19,"$1,564,329",-45.2528,BP 129/100 HR 117,878,"[0.0493, -0.2949, -0.0891, 0.1549, 0.4099, 0.4915, 0.8871, 0.5402]",43.4792
-35.51%,27,2162,Water Lilies,cancelled,4968,29.6276,0.2268,"[-2.5785, 2.4895, 2.3108, 0.847, -0.2525, -0.4103, -0.5224, 1.2867]",Tech Summit 2026,0.7712,E. coli,5.14.96,0.8497,283961384,"[1.3163, 0.5775, -1.0174, -0.0356, 0.2512, 0.4056, -0.0826, 0.257]",2114,AUD,2272,20-91,0.1955,Bonjour,8930-2281,8.8234,0,40.25,8.7,Noah,38.499,public.users,Major finding: data retention,7177,tenant=us-east,1,9739 Main St,1805.2572,"[35.5, 88.85]",E. coli,1,49.2564,9560,"[-0.0113, 1.0049, -0.1326, 0.1942, 1.2275, -0.7022, -0.8773, 0.6496]","[-0.923, -1.7377, 0.2947, 0.4208, 1.1252, -0.8987, -1.322, 1.4995]",tenant=2024-01,Titanium,36-73,0.8592,7002,0.9877,31.0176,72315,"$509,012,748",36-73,Davis,2.4975,35.75%,0.4975,CTO,0.4501,61408,-464.9027,-17.3%,23.3914,"[20.51, 90.68]",2020-06-03 06:56:29,46-73,-20.1825,39-77,5514,0.0449,87.48,"$806,733",69.013,BP 177/98 HR 68,981,"[-0.8109, -0.3866, -0.0302, -0.9478, -0.2579, 0.494, 0.0973, -0.2513]",41.8566
48.98%,162,7032,The Persistence of Memory,failed,2503,9.5311,0.4651,"[-0.4837, -0.8123, -0.7266, 1.2033, 0.0669, 0.6202, 1.6072, -1.535]",Tech Summit 2022,0.6266,H2O,5.15.80,0.5657,682108078,"[0.4744, 0.0091, -0.4974, 0.7726, -0.78, -0.4368, -0.4489, -0.1004]",1565,AUD,8786,10-81,-0.4173,Bonjour,7959-2151,32.2697,0,14.45,51.63,Aiden,7.3519,sales.orders,Non-conformance: access control,1623,tenant=acme,0,7320 Oak Ave,1662.0139,"[6.58, 62.1]",Fe2O3,0,39.2007,7652,"[-0.0663, -0.8235, -0.1883, -0.8082, -0.1201, -0.0865, 0.7358, 0.5203]","[0.1595, -0.12, -0.8735, -0.5417, 0.5141, -0.005, -0.2893, 0.3016]",tenant=us-east,Steel,22-54,0.0577,7878,0.5561,75.4957,49881,"$179,512,318",28-89,Davis,36.2176,44.46%,0.8806,Sales Rep,0.5522,17271,8600.3318,47.14%,36.9947,"[12.51, 90.82]",2023-06-17 09:00:10,2-95,-89.3721,27-91,7276,5.6264,99.41,"$4,258,193",76.92,BP 114/88 HR 90,624,"[-0.2807, -0.9478, 0.9867, 0.0342, -0.2497, -0.4738, 0.512, 0.8313]",35.3037
-45.72%,539,5222,Water Lilies,active,4012,42.6084,-0.1461,"[1.0523, 0.0521, 1.159, -0.2238, -1.0209, 0.4697, 0.2033, -1.1176]",Global Expo 2025,0.8363,E. coli,5.20.78,0.2908,295668964,"[-0.1376, 0.2085, -1.6437, 0.098, -0.0566, 0.8182, -0.3366, 0.5106]",8493,EUR,3195,42-66,0.4954,Konnichiwa,7760-8562,27.2792,1,48.47,91.32,William,22.859,analytics.events,Major finding: data retention,7504,tenant=acme,1,9918 Pine Rd,6906.566,"[0.41, 95.27]",Homo sapiens,1,-90.6004,6128,"[-0.7053, -0.0508, -0.8771, 0.2014, 0.0605, 0.4373, -0.0232, -0.8969]","[-0.5973, -0.3486, 0.7477, 1.1505, 0.2201, 1.5919, -0.5257, 0.0886]",tenant=2024-01,Titanium,27-94,0.9849,369,0.5693,23.998,RD7 8KE,"$935,488,535",47-54,Robinson,46.4882,16.69%,0.7681,Data Analyst,0.383,61432,6036.3556,-2.68%,44.4203,"[7.94, 66.35]",2021-03-14 20:22:13,47-76,-11.6692,3-56,4213,7.5869,42.87,"$3,711,088",-26.7833,BP 141/62 HR 103,306,"[-0.0562, -0.5085, -0.1968, 0.1238, -0.3884, 0.351, 0.64, 0.083]",1.6929
38.56%,858,8281,The Persistence of Memory,rejected,1300,45.0552,-0.428,"[-0.3566, 0.6083, 1.4325, -0.6213, 0.4751, 1.5119, 0.6113, 0.3196]",Annual Expo 2025,0.4888,Homo sapiens,2.5.26,-0.5795,900745016,"[0.3333, 0.6818, -0.494, -0.4629, 0.2703, -0.0944, -0.1126, 0.1489]",7504,INR,3478,20-87,-0.5321,Konnichiwa,6007-2517,32.3375,1,3.95,9.31,Jessica,25.7964,sales.orders,Observation: backup schedule,8504,dt=us-east,0,1577 Maple Dr,5981.9169,"[4.07, 94.46]",NaCl,1,-4.215,9927,"[-0.3992, 0.479, -0.2574, 0.2624, 1.0539, 0.1305, 0.0455, 0.2344]","[-0.1948, 0.4778, -0.4414, -2.3878, 0.9467, -0.179, 0.3498, -0.1155]",tenant=2024-01,Steel,48-84,0.9682,524,0.9185,-30.4673,54135,"$7,024,408",5-52,Garcia,49.428,36.87%,-0.9332,CTO,0.6117,73841,8648.8096,48.61%,31.7028,"[39.76, 82.16]",2022-03-12T11:55:29Z,33-73,70.191,42-62,3858,5.7838,22.46,"$763,726",96.6991,BP 122/81 HR 55,795,"[0.5853, 0.7633, 0.1896, -0.8661, 0.0816, 0.9838, -0.0665, 0.3009]",6.8572
2.34%,670,9822,Starry Night,cancelled,7864,6.9914,0.128,"[-0.5457, 0.1095, 0.5659, -2.1415, -0.1901, -0.4994, 1.0891, 0.0553]",Annual Forum 2023,0.1283,E. coli,4.5.23,0.1925,681865355,"[-0.2184, 0.1405, -0.1893, -0.2646, 0.3581, 0.4528, 0.3014, 0.0178]",9146,INR,2323,22-52,0.1367,Guten Tag,8305-9959,6.5893,1,79.55,22.88,David,33.0524,sales.orders,Major finding: data retention,6328,region=us-east,1,2562 Elm St,7812.2811,"[37.69, 91.69]",Homo sapiens,1,-61.5399,2856,"[0.0762, -0.2518, 0.0854, 0.5572, -0.6089, 0.3667, -0.1951, 0.1874]","[0.2562, -1.4495, -0.5511, -1.1972, -0.9573, -0.44, 0.2438, 0.7674]",tenant=us-east,Steel,7-51,0.9339,6023,0.2689,-66.5833,99261,"$290,934,886",7-83,Martin,25.7098,-16.27%,0.8762,Sales Rep,0.342,3725,-13.5473,-0.01%,5.1667,"[2.54, 83.1]",2020-05-23 19:37:25,42-53,46.1796,8-97,7809,6.6688,97.28,"$2,090,715",-52.0973,BP 160/71 HR 106,743,"[-0.5095, -0.2621, -0.2072, -0.0963, 0.1173, -0.5548, 0.5062, 0.4755]",8.1602
-31.62%,428,4042,The Persistence of Memory,failed,9818,23.3813,0.1028,"[-0.9618, 0.289, -0.7185, -0.119, 1.4425, 1.0421, 0.5769, -0.7939]",Data Expo 2025,0.218,E. coli,4.5.45,-0.7451,386255423,"[-0.0669, -0.1855, -0.2865, -0.5434, -0.2235, -0.1309, -0.0635, -0.9833]",1581,USD,2090,11-69,0.9331,Bonjour,2160-8004,45.2019,0,41.94,8.55,Jessica,46.9406,hr.employees,Major finding: data retention,4377,dt=acme,0,2730 Oak Ave,614.1225,"[38.51, 95.01]",E. coli,0,-72.3244,2542,"[-0.6445, -0.9034, -0.744, 0.468, 0.9724, -0.0561, -0.0447, -0.388]","[-1.4667, -0.0534, -0.2879, -1.1393, 1.7856, 0.1214, 1.1666, 0.6279]",region=us-east,Steel,25-58,0.4914,1237,0.2404,-78.9946,IV7 3BB,"$492,502,714",40-78,Jones,0.3354,-41.5%,-0.4193,Designer,0.6716,15546,-852.2617,-41.64%,34.005,"[30.65, 82.54]",2021-03-13 16:09:11,23-94,-54.629,39-55,2783,5.2322,36.66,"$4,376,438",95.2504,BP 131/76 HR 92,355,"[-0.1477, 0.4146, 0.2756, 1.2726, -0.165, 0.174, -0.8853, -0.0956]",28.2043
-36.68%,611,1047,The Scream,completed,9039,18.4381,0.8718,"[1.782, 0.0592, -0.0168, 0.8159, 0.2626, 1.2821, -0.7165, 1.8575]",Global Summit 2021,0.7707,H2O,1.12.12,0.6517,344674999,"[0.3405, -0.3978, -0.4773, 0.3196, -0.0538, -0.3387, -1.1874, 0.4402]",9264,CHF,3740,10-79,-0.3634,Namaste,4831-8945,41.8638,1,0.14,44.74,Anna,24.452,public.users,Major finding: data retention,3159,dt=2024-01,0,623 Maple Dr,2161.0023,"[26.25, 95.21]",Fe2O3,0,69.1898,3339,"[-0.4755, -0.4349, 0.3382, 0.0766, -0.4886, -0.6222, -1.208, 1.1429]","[0.702, -1.8141, -0.7491, -2.3531, 0.7492, 0.2995, 1.3733, 0.4905]",tenant=acme,Polyethylene,8-95,0.7464,2486,0.4009,-25.9286,14698,"$537,312,383",38-90,Lewis,34.5028,-28.47%,-0.7265,Software Engineer,0.8327,39082,-250.5442,-25.93%,41.2986,"[27.58, 69.92]",2021-08-21 14:57:28,33-74,73.8874,40-74,6234,2.0582,26.61,"$4,143,848",84.6823,BP 165/98 HR 79,767,"[0.0549, 0.0602, 0.23, -0.0828, -0.9195, 0.0051, 0.6164, 0.0738]",39.4554
-22.98%,425,810,The Scream,rejected,8928,32.0457,0.3034,"[0.482, 0.1568, 1.4021, 1.0609, 1.0488, -1.4125, -1.403, -0.5731]",Annual Conference 2020,0.4294,C6H12O6,3.3.54,-0.409,867453301,"[-0.55, -1.2482, -0.3717, 0.3378, 0.5092, -0.5146, 1.2994, 0.6202]",5564,USD,1692,18-77,0.1535,Bonjour,9500-6733,34.3699,1,27.14,48.74,William,35.2351,analytics.events,Non-conformance: access control,1279,dt=2024-01,0,4495 Elm St,5772.3543,"[2.27, 62.99]",Homo sapiens,0,-56.8554,2297,"[-0.2526, -0.7493, -0.0538, 0.4267, -0.2362, 0.1609, 0.3604, 0.0488]","[-0.5638, 1.9594, -0.2645, 1.2085, -0.7685, 0.6405, -0.9807, -0.1772]",region=2024-01,Carbon Fiber,43-51,0.0911,9122,0.4519,-99.2133,YC2 3ZU,"$771,344,479",23-65,Taylor,38.1203,-46.9%,0.4434,CTO,0.0337,23657,-229.3118,-6.88%,27.2342,"[3.19, 77.97]",2026-10-10 20:44:29,20-80,53.9008,31-78,8381,0.9684,0.02,"$4,675,185",-4.8379,BP 170/66 HR 74,299,"[-0.3048, 0.5224, 0.0651, 0.7204, -0.1497, 0.3448, -0.2777, -0.6011]",43.4215
-49.3%,962,2280,Water Lilies,approved,3326,15.2133,-0.6618,"[-0.8687, -0.8589, -1.0968, 1.7297, 2.0815, -0.4698, -1.2768, 2.3316]",Global Conference 2020,0.7755,C6H12O6,1.2.68,0.5104,745024699,"[-0.4629, 0.229, -0.5481, -0.206, 0.2465, -0.0904, 0.2387, 0.4552]",7703,JPY,2463,44-81,-0.2941,Guten Tag,8300-1010,21.9446,0,70.23,38.77,Logan,7.0587,analytics.events,Observation: backup schedule,3634,region=acme,1,2459 Oak Ave,9520.7559,"[17.14, 99.78]",Fe2O3,1,-3.194,3650,"[0.3198, -0.9789, 0.7703, 0.4341, -0.1007, 0.1875, 0.236, -0.2795]","[-0.7421, -1.1832, 0.1904, -0.0867, 0.7696, 0.7955, -0.6451, 2.324]",dt=acme,Glass,11-80,0.2434,9864,0.1858,-75.7772,27182,"$82,784,120",42-53,Anderson,48.1654,49.56%,-0.4038,Software Engineer,0.6507,40858,4740.4006,-20.02%,17.4558,"[34.46, 62.05]",2018-09-26T17:30:45Z,44-69,-22.8693,7-65,4731,3.7682,26.45,"$1,613,950",-41.5991,BP 155/69 HR 99,352,"[-0.2381, -0.1335, 0.2269, 0.5725, -0.4162, 0.0569, -0.4456, -0.3852]",13.8228
3.96%,772,3588,Water Lilies,approved,356,3.3698,-0.5114,"[1.7238, -0.8087, -1.6562, 0.4326, -0.2277, -0.0134, 0.0335, 0.7626]",Annual Conference 2024,0.3131,Homo sapiens,5.12.76,0.8566,355370981,"[0.7552, -0.2256, 0.4869, -0.5572, 0.1469, 0.4191, 1.0636, -0.0641]",4742,JPY,4593,39-68,0.1198,Hola,3350-3287,32.3733,1,99.31,39.92,Jessica,2.6911,hr.employees,Non-conformance: access control,7253,region=us-east,1,8729 Elm St,-743.8861,"[20.71, 66.93]",Homo sapiens,1,68.9785,3622,"[0.6285, 0.1842, 0.1218, -0.8198, -1.0085, 0.1062, 0.0814, -0.4633]","[1.2299, 2.9057, 0.208, 0.482, 1.2986, -1.0537, -0.8489, 1.0241]",region=us-east,Carbon Fiber,12-91,0.3869,7263,0.9125,-16.439,GC3 8FV,"$871,366,507",2-53,Lee,45.6215,-20.78%,0.2729,Product Manager,0.3555,8465,4340.4746,40.49%,6.7958,"[6.31, 81.05]",2019-02-02T19:08:28Z,24-59,92.5689,1-85,494,7.5914,76.62,"$3,881,787",-17.3445,BP 167/85 HR 116,884,"[0.414, 0.2003, -0.4163, -0.0384, -0.4879, -0.7298, 0.6197, 0.0995]",17.2213
15.94%,827,1973,The Scream,approved,855,41.8036,-0.4835,"[0.4407, -0.0352, -0.2432, -0.2394, -0.3282, -0.1711, -0.1666, 0.0063]",Annual Expo 2021,0.8937,NaCl,4.18.13,-0.8434,094185292,"[-0.0876, 0.5282, 0.4633, 0.093, -0.3354, 0.4202, 0.3289, 0.699]",6525,GBP,2826,16-90,0.0314,Konnichiwa,1948-3330,42.3279,1,15.82,59.71,Robert,26.5392,sales.orders,Major finding: data retention,818,region=2024-01,0,7534 Cedar Ln,6857.3108,"[25.26, 71.87]",C6H12O6,1,-65.8732,9211,"[-0.7505, -0.1797, 0.5342, 0.1606, -0.1001, -0.6613, 0.3731, 0.7361]","[0.4363, 0.9046, 0.6248, 0.198, 0.3954, 0.802, -0.0635, -1.0916]",region=us-east,Polyethylene,11-85,0.7066,3418,0.9768,-30.8047,10710,"$733,417,917",50-81,Young,32.065,-9.17%,-0.6069,VP Engineering,0.3149,8386,2211.8256,15.85%,19.1491,"[35.58, 80.98]",2021-10-23T20:22:23Z,15-52,50.1867,36-90,5538,2.1503,35.06,"$1,389,940",-36.709,BP 111/101 HR 93,876,"[-0.2407, 1.3865, 0.3886, -0.1497, 0.6471, -0.4375, -0.0698, 0.6001]",5.9969
9.52%,717,2393,Starry Night,active,9402,25.0728,0.9327,"[1.5328, -0.1472, -1.0182, 0.8913, 0.6361, -0.7393, 0.3515, -1.1042]",Data Expo 2021,0.6212,NaCl,0.19.70,-0.7149,864124935,"[-1.1705, -0.2253, 0.9332, 0.688, -0.4059, 0.0284, 0.9533, -1.0135]",3007,CHF,3109,25-83,-0.4162,Hola,1445-8691,3.5687,1,9.77,9.26,Robert,21.8075,public.users,Non-conformance: access control,6784,tenant=us-east,0,6455 Pine Rd,8892.8952,"[3.24, 61.06]",E. coli,1,-67.3639,3312,"[0.2869, -0.437, -0.5256, -0.2964, -0.1049, -0.1776, 0.2578, -0.3904]","[1.6008, -1.7206, -0.0057, -0.668, -0.5527, -1.3987, 0.2898, 0.6986]",dt=us-east,Steel,23-55,0.8497,3668,0.4779,-18.0913,KI2 2GL,"$363,439,473",50-67,Martin,37.6116,2.01%,-0.7264,Product Manager,0.3507,42354,8407.9372,-44.84%,5.8024,"[29.08, 95.82]",2026-01-05 02:45:59,26-92,40.2451,20-52,1097,2.2102,13.22,"$939,498",55.9493,BP 159/76 HR 116,184,"[0.2426, 0.341, -1.2283, -0.673, -0.0782, 0.0479, -0.1753, -0.0493]",30.7407
9.29%,974,2087,Water Lilies,failed,1465,19.7129,0.9689,"[0.3253, -0.4547, -1.1107, 0.7398, 1.1015, 0.2007, -1.0336, -0.6484]",Data Conference 2026,0.062,Homo sapiens,3.9.29,-0.2266,958443379,"[-0.1991, -0.0224, -0.2119, -0.6363, 0.3906, 0.202, -0.8823, -0.2354]",8373,CAD,8509,29-88,-0.812,Guten Tag,5464-9695,14.0903,1,0.13,86.02,Logan,13.5615,hr.employees,Non-conformance: access control,3881,region=2024-01,1,1145 Pine Rd,7390.4952,"[1.97, 70.56]",NaCl,1,-54.3305,1609,"[-0.3721, 0.2468, -0.6509, -0.3491, 0.114, 0.9475, -0.2664, -0.5372]","[0.0593, -0.5284, 0.084, 1.2158, 1.6129, 2.157, -0.0728, 0.0074]",dt=us-east,Carbon Fiber,39-73,0.7427,9469,0.9299,89.2238,20170,"$88,547,207",40-90,Jones,37.7977,-28.55%,-0.9691,Data Analyst,0.2322,72830,6482.133,25.44%,20.2636,"[35.7, 97.14]",2019-01-07 06:07:58,26-69,-3.6357,0-56,7117,3.1872,24.22,"$3,464,351",-88.3613,BP 174/75 HR 62,4,"[0.6304, -0.7382, -0.802, -0.7685, 0.2522, 0.4692, -0.0992, 0.7792]",45.1192
-7.32%,772,8715,Starry Night,inactive,8987,31.7578,0.6444,"[-0.0727, 0.2578, -1.4573, 1.8197, -0.6564, -0.3158, 0.0614, -0.5823]",Global Conference 2022,0.197,Fe2O3,0.11.11,-0.4507,953905722,"[0.1748, 0.4163, 0.3239, -1.1142, -0.6776, 0.5243, -0.2982, -1.0012]",2357,CNY,1162,24-83,-0.1721,Guten Tag,7572-4214,16.6183,0,43.25,65.56,Linda,35.3923,analytics.events,Observation: backup schedule,1077,tenant=acme,0,2269 Park Blvd,375.3723,"[39.68, 87.73]",H2O,1,-3.4349,6114,"[0.521, 0.1526, -0.5139, 0.138, -0.2802, 0.1706, -0.0042, 0.6464]","[0.8283, 0.6475, -1.5446, -1.4429, 0.7588, 0.969, -0.4193, -0.4446]",region=acme,Glass,17-96,0.5805,4212,0.6332,-64.4227,PG7 2FT,"$143,725,209",14-100,White,25.0479,23.6%,0.9241,Data Analyst,0.4196,18757,4173.9944,25.24%,46.1558,"[4.78, 74.81]",2020-02-08 02:46:30,16-81,36.837,7-64,3234,3.6299,39.14,"$3,137,629",-92.1423,BP 179/64 HR 114,648,"[0.1704, 1.066, 0.5267, -0.0788, -0.4725, -0.0744, 0.0887, 0.5176]",14.6294
34.08%,634,6865,Starry Night,rejected,6658,3.835,-0.6298,"[2.0461, 0.24, 1.2264, 0.0586, 0.9172, -0.7014, -0.4538, -0.8477]",Global Expo 2023,0.095,C6H12O6,2.10.13,0.3379,242934569,"[-1.3075, 0.1669, -0.8969, 0.3862, -0.5018, -0.8884, -0.2198, -0.5526]",7016,CNY,7665,8-80,0.2918,Konnichiwa,6512-2907,42.6284,1,37.56,20.43,Emily,21.3413,sales.orders,Observation: backup schedule,3763,region=2024-01,1,1569 Pine Rd,725.0956,"[3.12, 77.04]",C6H12O6,1,-92.3113,6993,"[0.0987, 0.4824, 0.6677, -0.7145, 0.2071, -0.7463, 0.6714, 0.4083]","[-0.6354, 0.2491, -0.0543, -0.6381, 0.6596, -1.3947, -2.6413, -0.0737]",region=2024-01,Carbon Fiber,9-92,0.0865,4876,0.903,-12.9502,24139,"$681,543,575",46-81,Thompson,22.883,24.2%,-0.8252,CTO,0.9731,17595,3507.4687,-4.39%,30.4945,"[11.85, 60.55]",2019-09-28T07:01:58Z,32-52,-12.8216,32-89,6497,2.0241,94.72,"$277,256",65.6782,BP 172/108 HR 79,361,"[-0.3981, -0.5409, 0.234, 0.024, 0.1343, 0.1665, 0.0507, -0.0982]",21.74
26.79%,455,7059,The Scream,pending,1077,25.6441,-0.7372,"[-0.975, -1.2094, 1.7186, -0.3892, -0.1409, -0.4835, -1.3109, 0.978]",Global Summit 2023,0.0969,Homo sapiens,0.8.4,0.8137,882696841,"[-0.0553, -0.3289, 0.078, -0.2091, 0.2152, -0.3409, -0.2615, 0.3739]",5007,CHF,6389,21-72,-0.7261,Namaste,4677-9168,25.0234,0,23.82,34.5,Ethan,14.5119,analytics.events,Observation: backup schedule,2351,region=us-east,0,2384 Cedar Ln,7834.2984,"[14.3, 97.64]",Fe2O3,1,15.0549,7953,"[0.1498, -0.4218, -0.0621, 1.1209, -0.6141, 0.606, -0.081, 0.4211]","[-1.7266, -0.1396, 0.6307, 0.381, -0.4896, 0.2918, -1.5505, -1.2999]",region=acme,Aluminum,45-89,0.86,3210,0.7287,-87.5747,92660,"$683,039,057",3-93,King,42.1564,49.78%,-0.0138,Product Manager,0.0127,6309,6548.913,-26.77%,30.4963,"[36.39, 85.3]",2020-11-13 04:17:02,2-80,59.1317,23-80,7852,8.8472,54.86,"$923,898",-24.7202,BP 128/103 HR 107,129,"[-1.19, -0.0076, -0.3711, -0.1431, -0.0742, -0.0801, 0.0866, 0.3572]",2.7431
23.19%,594,22,The Persistence of Memory,inactive,7629,9.0327,0.414,"[-1.1647, 1.0481, 0.9039, 2.4752, 1.1848, -1.7352, 0.2898, -2.7835]",Data Forum 2026,0.5294,E. coli,3.5.97,-0.285,027873079,"[-0.2245, 0.035, 0.401, -0.111, -0.2263, -0.6504, -0.6704, -0.2934]",5854,GBP,7227,24-67,-0.6467,Namaste,3170-3283,38.8462,1,2.03,49.71,Linda,45.1356,public.users,Major finding: data retention,3242,region=us-east,1,1300 Maple Dr,-968.5376,"[6.9, 76.25]",C6H12O6,1,-45.5582,774,"[0.5535, 0.3967, 0.5512, -0.3342, -0.2653, 0.5829, 0.9663, 0.439]","[-1.6732, 1.2132, 1.9228, -0.9683, 1.3766, 1.2423, -0.5018, -0.5819]",dt=acme,Glass,40-90,0.5908,8381,0.3607,-58.3676,14777,"$952,628,585",42-91,Martinez,30.3354,25.44%,-0.2651,Data Analyst,0.9424,65271,3272.7766,-47.57%,12.2232,"[32.45, 80.66]",2021-02-10T19:34:24Z,27-90,-56.4476,35-93,7292,0.5122,34.96,"$2,315,224",94.1214,BP 123/81 HR 76,247,"[-0.0796, -0.2055, 0.6196, 0.4325, -0.0235, 0.5537, -0.4691, 0.1638]",49.2074
-8.46%,320,7044,The Scream,failed,6063,14.739,0.8109,"[0.6103, 0.4462, 0.1897, 0.8428, -0.7076, -1.845, 0.4948, -0.2435]",Tech Summit 2023,0.7329,NaCl,4.19.31,-0.1986,253713062,"[-0.2904, -0.2868, 0.4091, 0.3932, -1.0488, -0.3387, -0.5138, 0.8701]",7416,GBP,9907,29-89,-0.6359,Guten Tag,1279-1872,12.0512,1,60.78,92.03,Logan,36.1768,public.users,Non-conformance: access control,1693,tenant=2024-01,0,3963 Cedar Ln,6889.2442,"[36.85, 87.72]",Fe2O3,0,61.6464,1553,"[-0.1166, 0.524, -0.7221, -0.1017, 0.3563, 0.3378, -0.0505, 1.0321]","[0.5934, 0.3381, -1.9673, 0.5126, 0.1842, 0.8137, 1.0482, 1.0715]",region=us-east,Steel,28-52,0.8512,4025,0.1234,-46.6063,88985,"$751,461,442",8-64,Harris,31.4248,5.16%,0.1559,Designer,0.6436,59777,9060.5835,-19.9%,17.9403,"[16.96, 89.18]",2021-01-03T03:56:55Z,11-91,-74.8696,34-96,1131,9.2681,8.93,"$2,618,673",56.797,BP 142/74 HR 81,368,"[0.5934, 0.7992, 0.4743, 0.8165, 0.0669, 0.0712, -0.4653, -0.0926]",23.4352
15.8%,10,5756,The Scream,rejected,4767,7.2477,0.6917,"[-0.5112, -1.5137, 0.0481, -0.2594, -0.4201, 1.1176, 1.3674, 0.8037]",Global Forum 2026,0.224,NaCl,2.8.48,-0.7305,912509113,"[-0.5401, 0.834, 0.2053, 0.2866, -0.2789, -0.614, -0.4313, 0.4648]",8587,GBP,325,5-53,0.1088,Namaste,9638-1852,45.6738,0,6.83,25.57,Logan,39.0655,analytics.events,Non-conformance: access control,3378,region=acme,0,4929 Cedar Ln,2028.6286,"[10.16, 89.08]",C6H12O6,1,-46.5371,3411,"[-0.6912, -0.3356, 0.183, 0.6627, 0.8192, 0.0233, 0.9993, -0.4031]","[-0.0267, 0.5284, 0.7229, 0.0203, 1.6417, 0.6407, -1.4285, -1.4582]",dt=acme,Steel,24-56,0.203,5762,0.5983,14.211,17509,"$284,217,613",45-84,Lee,7.0623,10.54%,0.0462,Designer,0.5319,5862,5899.3598,29.72%,46.7375,"[12.71, 71.84]",2022-01-02 00:42:41,7-84,-42.2078,18-64,7186,9.5534,8.71,"$4,939,045",-43.8353,BP 166/108 HR 85,897,"[0.3825, 0.6095, -0.2394, 0.4053, -0.5816, 0.2366, 0.5596, -0.2731]",34.6411
44.94%,906,6455,Water Lilies,rejected,4076,42.2959,-0.1935,"[-2.1848, -0.986, 0.1747, -0.045, -0.7439, 0.1384, 0.1451, -0.0085]",Data Forum 2024,0.7945,H2O,3.12.42,-0.9755,731158366,"[0.556, 0.6521, 0.6392, -0.2945, -0.0587, 0.2968, -0.4432, 0.4474]",4305,INR,9211,33-63,-0.2764,Hola,4627-4102,4.1006,0,16.59,21.02,Emma,20.7311,sales.orders,Non-conformance: access control,9227,dt=2024-01,1,8133 Elm St,9283.073,"[38.05, 78.29]",H2O,0,25.1558,419,"[0.2423, -0.9019, 0.1295, -0.3477, 0.4574, 0.1379, -0.5262, 0.0899]","[-0.9665, 0.5034, -0.1, -1.0751, 0.6838, 0.4509, 1.0053, -1.8408]",dt=2024-01,Carbon Fiber,32-62,0.5239,205,0.6327,-86.274,ML7 7EV,"$291,532,771",44-91,Moore,10.8861,-40.18%,-0.2365,Data Analyst,0.587,5218,6172.445,25.45%,21.5417,"[0.12, 69.5]",2026-09-14T09:40:57Z,32-87,80.8829,11-81,2049,5.8324,80.07,"$4,891,828",26.3066,BP 146/90 HR 109,759,"[-0.8647, -0.3802, 0.1888, 1.046, 0.8748, 0.5331, 0.2291, 0.9505]",27.6913
29.2%,630,4463,The Scream,cancelled,7328,13.1535,-0.5403,"[2.0523, 1.4759, 0.3801, -0.6845, -1.239, -0.1446, 0.9604, -0.0268]",Global Expo 2025,0.3885,H2O,5.6.24,-0.3448,694994866,"[0.2439, 0.274, 0.0614, -0.6434, 1.08, 0.2898, 0.2393, 0.0724]",5201,EUR,1642,32-79,-0.0734,Hola,6622-4168,25.2693,1,52.8,74.23,Ethan,16.8567,hr.employees,Non-conformance: access control,1112,tenant=us-east,1,9395 Oak Ave,-43.7191,"[5.06, 77.86]",Homo sapiens,1,83.8171,3076,"[-0.1185, 0.0894, -0.1634, -1.0802, 0.4624, 0.4177, 0.2347, 0.2912]","[0.7672, -0.992, -2.47, 1.487, -0.7188, 0.5652, -0.5221, -0.8636]",dt=2024-01,Glass,24-97,0.7818,7519,0.4128,37.3377,HB1 8FP,"$416,102,153",16-65,Brown,18.2501,-21.65%,0.0753,Designer,0.7121,66986,4886.8443,8.21%,21.1363,"[37.48, 75.5]",2025-11-17T08:28:46Z,42-81,53.2147,32-95,4125,1.0226,30.01,"$2,770,432",46.4198,BP 133/82 HR 75,268,"[-0.2554, 0.3753, -1.0773, -0.5161, 1.0725, -0.3233, -0.1818, 0.5591]",10.0803
48.66%,16,6556,Starry Night,failed,4961,39.6693,0.0613,"[-3.0026, -0.4148, -0.3697, -0.2447, -0.2604, -0.0039, -0.4167, 0.1018]",Global Forum 2023,0.4262,H2O,4.11.42,0.6075,731195923,"[-0.0413, 0.1924, -0.2776, -0.1276, 0.0703, -1.4619, 0.4172, 0.5408]",9119,CHF,9944,43-61,-0.4218,Hola,2014-7826,9.0938,0,32.88,91.17,Logan,4.1563,public.users,Non-conformance: access control,9269,tenant=2024-01,1,5155 Main St,7440.0327,"[25.61, 63.78]",NaCl,1,94.3628,5055,"[0.4453, 0.772, 0.4389, 0.2263, -0.3815, -0.1185, -0.0149, -0.0247]","[0.8636, 0.7626, 0.4116, 1.1822, 0.1898, 0.2183, -0.2031, 0.4843]",region=2024-01,Carbon Fiber,14-81,0.6509,9847,0.8347,-65.5635,TB1 4JW,"$330,605,629",46-87,Lewis,23.0451,-26.47%,0.1454,VP Engineering,0.5567,4461,6585.9693,-39.9%,26.9763,"[21.27, 86.35]",2026-12-03 15:32:56,31-79,-85.7135,42-55,576,4.8131,41.93,"$199,768",-94.5537,BP 127/97 HR 87,512,"[0.042, 0.4818, 0.1231, 0.1954, 0.2565, -0.591, -0.8681, 0.752]",32.7774
-37.02%,387,7247,The Scream,inactive,9641,17.8035,-0.7358,"[-0.526, 1.4942, 0.8674, 0.0928, -0.8141, -0.498, -0.9108, 1.4629]",Data Conference 2026,0.2199,E. coli,2.19.46,-0.4033,578776321,"[-0.3593, -0.1408, 0.2737, -0.25, 0.5777, 0.0128, 0.4152, -0.2619]",7135,INR,8136,7-75,0.5454,Guten Tag,2871-7260,29.1297,0,65.02,28.63,David,3.6488,hr.employees,Non-conformance: access control,6582,dt=acme,1,8964 Maple Dr,1933.6697,"[36.59, 87.31]",E. coli,0,-38.805,4194,"[-0.3236, -0.0962, -0.492, 0.6496, -0.4593, -0.5574, 0.2834, -0.3999]","[-0.0926, -0.0562, 0.6703, -0.1644, -0.7924, 0.3191, 0.9849, 0.8633]",region=acme,Carbon Fiber,31-64,0.5183,6925,0.1943,79.2993,AE5 4HY,"$55,844,617",16-68,Robinson,10.8238,-8.34%,-0.5513,Product Manager,0.98,48207,3551.966,-8.31%,32.9893,"[19.96, 89.62]",2019-02-05 01:43:00,41-57,-52.9586,10-89,348,7.6637,76.47,"$2,886,593",54.5251,BP 165/63 HR 110,194,"[-0.3994, -1.0887, 0.255, 0.8821, 1.0464, 0.1807, -0.3659, 0.0225]",46.9597
